# File exported by ZBrush version 2021
# www.zbrush.com
#Vertex Count 3200
#Face Count 3200
#Auto scale x=1.000000 y=1.000000 z=1.000000
#Auto offset x=0.000000 y=0.000000 z=0.000000
v 0.98167002 -2.75710201 0.13054099
v 0.92297297 -2.74557089 0.13054099
v 0.92012101 -2.8509221 0.13054099
v 0.88347297 -2.776335 0.13054099
v 0.74047601 -2.73289394 0.13054099
v 0.84479397 -2.70178294 0.13054099
v 0.89857202 -2.68606209 0.13054099
v 0.96460801 -2.66721797 0.13054099
v 1.03847503 -2.64562988 0.13054099
v 1.10875594 -2.62924099 0.13054099
v 1.03146004 -2.76667499 0.13054099
v 1.08706295 -2.77456498 0.13054099
v 0.94891899 -2.88547492 0.13054099
v 0.98316001 -2.91652298 0.13054099
v 0.803065 -2.98272395 0.13054099
v 0.80019998 -3.03586602 0.13054099
v 0.80165702 -2.93001699 0.13054099
v 0.789218 -2.81588101 0.13054099
v 0.66746497 -3.02656793 0.13054099
v 0.69399398 -2.96578908 0.13054099
v 0.72386497 -2.83605694 0.13054099
v 0.67339497 -2.75066804 0.13054099
v 0.62800401 -3.0888319 0.13054099
v 0.86121398 -2.64200401 0.13054099
v 0.93202501 -2.61914992 0.13054099
v 0.62779599 -2.7051289 0.13054099
v 0.69723498 -2.68836307 0.13054099
v 0.80381 -2.65900611 0.13054099
v 1.00948298 -2.59166598 0.13054099
v 1.06997597 -2.56576395 0.13054099
v 0.59276002 -2.71280908 0.13054099
v 0.64009302 -2.75668311 0.13054099
v 0.69089001 -2.84401702 0.13054099
v 0.660815 -2.97179389 0.13054099
v 0.63193798 -3.03362107 0.13054099
v 0.58205997 -3.0977261 0.13054099
v 0.99841797 -2.56529808 0.13054099
v 0.91559302 -2.59604692 0.13054099
v 0.83998501 -2.62128806 0.13054099
v 0.77963399 -2.64007401 0.13054099
v 0.66332501 -2.67155909 0.13054099
v 0.58734697 -2.6889081 0.13054099
v 0.55117797 -2.69648194 0.13054099
v 0.98504197 -2.53041005 0.13054099
v 0.903539 -2.56066489 0.13054099
v 0.82883697 -2.58560609 0.13054099
v 0.76923698 -2.60416007 0.13054099
v 0.65479397 -2.63514804 0.13054099
v 0.579737 -2.65261101 0.13054099
v 0.54373097 -2.66036295 0.13054099
v 0.42682099 -2.89609289 0.13054099
v 0.371506 -2.87329793 0.13054099
v 0.34873899 -2.97613 0.13054099
v 0.326965 -2.89577388 0.13054099
v 0.195075 -2.82519793 0.13054099
v 0.30322098 -2.8150649 0.13054099
v 0.358902 -2.81014609 0.13054099
v 0.42717799 -2.80455803 0.13054099
v 0.50363498 -2.79781007 0.13054099
v 0.57558101 -2.79544901 0.13054099
v 0.47377699 -2.9152081 0.13054099
v 0.526739 -2.93382 0.13054099
v 0.37041598 -3.01565408 0.13054099
v 0.39808899 -3.05283188 0.13054099
v 0.209102 -3.08259606 0.13054099
v 0.196263 -3.13419008 0.13054099
v 0.217682 -3.03058695 0.13054099
v 0.227098 -2.9161601 0.13054099
v 0.067892 -3.09911799 0.13054099
v 0.105382 -3.04465389 0.13054099
v 0.15921799 -2.92317891 0.13054099
v 0.125946 -2.82951998 0.13054099
v 0.017455 -3.15250206 0.13054099
v 0.33067798 -2.75959992 0.13054099
v 0.40440499 -2.75101995 0.13054099
v 0.089896 -2.77591705 0.13054099
v 0.16115699 -2.77303504 0.13054099
v 0.27119401 -2.7650671 0.13054099
v 0.48550999 -2.73918795 0.13054099
v 0.54969 -2.72558903 0.13054099
v 0.054087 -2.77661609 0.13054099
v 0.09215299 -2.82891392 0.13054099
v 0.125384 -2.92455196 0.13054099
v 0.071718 -3.04405593 0.13054099
v 0.031725 -3.0990951 0.13054099
v -0.029277 -3.15224289 0.13054099
v 0.017006 -2.71553301 0.13054099
v 0.47969499 -2.71115589 0.13054099
v 0.39270499 -2.72514104 0.13054099
v 0.313822 -2.73513007 0.13054099
v 0.25110501 -2.74176788 0.13054099
v 0.13111299 -2.74993109 0.13054099
v 0.053325 -2.75210809 0.13054099
v 0.017346 -2.75262904 0.13054099
v 0.473246 -2.6743071 0.13054099
v 0.38763898 -2.68806409 0.13054099
v 0.309695 -2.69793701 0.13054099
v 0.247755 -2.70450091 0.13054099
v 0.129682 -2.71254205 0.13054099
v 0.05182699 -2.71501898 0.13054099
v 1.96224403 -2.17261409 0.13054099
v 1.90320396 -2.18445491 0.13054099
v 1.94009804 -2.28305888 0.13054099
v 1.87795603 -2.22808408 0.13054099
v 1.72845995 -2.24271988 0.13054099
v 1.81391203 -2.1739149 0.13054099
v 1.85809397 -2.13874507 0.13054099
v 1.91251897 -2.09597611 0.13054099
v 1.97322201 -2.04766893 0.13054099
v 2.03254509 -2.00553298 0.13054099
v 2.01225304 -2.16237306 0.13054099
v 2.06706404 -2.14833903 0.13054099
v 1.97989594 -2.30399107 0.13054099
v 2.02346301 -2.31961703 0.13054099
v 1.88033497 -2.44999408 0.13054099
v 1.89751005 -2.50030398 0.13054099
v 1.85931694 -2.4017229 0.13054099
v 1.80498695 -2.30084204 0.13054099
v 1.770352 -2.54260397 0.13054099
v 1.77238202 -2.47614693 0.13054099
v 1.75167799 -2.34457302 0.13054099
v 1.67267704 -2.28488206 0.13054099
v 1.75679099 -2.61539506 0.13054099
v 1.80671203 -2.11230397 0.13054099
v 1.86405599 -2.06399393 0.13054099
v 1.61314904 -2.26022505 0.13054099
v 1.67147696 -2.21808195 0.13054099
v 1.75965702 -2.15004992 0.13054099
v 1.92585194 -2.00886511 0.13054099
v 1.97244 -1.96168899 0.13054099
v 1.58343195 -2.28075599 0.13054099
v 1.64393699 -2.30322289 0.13054099
v 1.723953 -2.36459589 0.13054099
v 1.74371802 -2.49441599 0.13054099
v 1.73988699 -2.56276202 0.13054099
v 1.71730005 -2.64124107 0.13054099
v 1.90559196 -1.98870694 0.13054099
v 1.84003996 -2.048918 0.13054099
v 1.77914094 -2.10126304 0.13054099
v 1.73002398 -2.14179205 0.13054099
v 1.633605 -2.21553397 0.13054099
v 1.56942498 -2.26071 0.13054099
v 1.53861796 -2.28158497 0.13054099
v 1.87995505 -1.96156001 0.13054099
v 1.81547105 -2.02080988 0.13054099
v 1.75531804 -2.07252502 0.13054099
v 1.70682704 -2.11255097 0.13054099
v 1.611979 -2.18509507 0.13054099
v 1.54871296 -2.23002696 0.13054099
v 1.51812994 -2.25100088 0.13054099
v 1.49764204 -2.5140419 0.13054099
v 1.43767905 -2.51413703 0.13054099
v 1.45484805 -2.6180849 0.13054099
v 1.40464603 -2.55201005 0.13054099
v 1.25571095 -2.53720307 0.13054099
v 1.35243403 -2.48637604 0.13054099
v 1.40236604 -2.46050095 0.13054099
v 1.46376705 -2.42915201 0.13054099
v 1.53236401 -2.39359593 0.13054099
v 1.59842598 -2.36384105 0.13054099
v 1.54846704 -2.51374888 0.13054099
v 1.60470402 -2.51066899 0.13054099
v 1.48973405 -2.64638805 0.13054099
v 1.52931594 -2.67020297 0.13054099
v 1.36456596 -2.77020502 0.13054099
v 1.37176895 -2.8229289 0.13054099
v 1.35322701 -2.71874308 0.13054099
v 1.31939697 -2.60916495 0.13054099
v 1.239416 -2.83962106 0.13054099
v 1.25405395 -2.77480292 0.13054099
v 1.25892102 -2.64167809 0.13054099
v 1.19309699 -2.56768488 0.13054099
v 1.21231901 -2.90840911 0.13054099
v 1.35722696 -2.42452311 0.13054099
v 1.42255497 -2.3883109 0.13054099
v 1.13961195 -2.53186607 0.13054099
v 1.20472204 -2.50190305 0.13054099
v 1.30398201 -2.45237398 0.13054099
v 1.49354994 -2.3462851 0.13054099
v 1.54815304 -2.30910491 0.13054099
v 1.10661494 -2.54622006 0.13054099
v 1.161484 -2.58006811 0.13054099
v 1.22799003 -2.65590405 0.13054099
v 1.22254598 -2.7871499 0.13054099
v 1.205796 -2.85345792 0.13054099
v 1.16879594 -2.92607092 0.13054099
v 1.04937899 -2.50388407 0.13054099
v 1.47763204 -2.32256794 0.13054099
v 1.40198504 -2.36884093 0.13054099
v 1.33239805 -2.40832591 0.13054099
v 1.27659797 -2.43849396 0.13054099
v 1.16817998 -2.49200701 0.13054099
v 1.09675502 -2.52381491 0.13054099
v 1.06355202 -2.5380969 0.13054099
v 1.45781505 -2.29092598 0.13054099
v 1.38338303 -2.33647298 0.13054099
v 1.31463694 -2.37547206 0.13054099
v 1.259539 -2.40528106 0.13054099
v 1.15286898 -2.45794796 0.13054099
v 1.08150994 -2.49005508 0.13054099
v 2.6552999 -1.25566494 0.13054099
v 2.60469508 -1.28928196 0.13054099
v 2.676898 -1.36626303 0.13054099
v 2.59782099 -1.33930003 0.13054099
v 2.46384 -1.41023898 0.13054099
v 2.51728701 -1.31382405 0.13054099
v 2.54505896 -1.26435995 0.13054099
v 2.57946491 -1.20392096 0.13054099
v 2.61758494 -1.13598799 0.13054099
v 2.65677404 -1.07426405 0.13054099
v 2.69808793 -1.22700095 0.13054099
v 2.74391102 -1.19297504 0.13054099
v 2.72209191 -1.37033605 0.13054099
v 2.7687819 -1.36803603 0.13054099
v 2.68476796 -1.54355001 0.13054099
v 2.71997594 -1.58347904 0.13054099
v 2.64673399 -1.50699496 0.13054099
v 2.55749201 -1.43458199 0.13054099
v 2.61722207 -1.67144298 0.13054099
v 2.59385395 -1.60920095 0.13054099
v 2.5244019 -1.49549794 0.13054099
v 2.42787504 -1.47062099 0.13054099
v 2.63217711 -1.74397194 0.13054099
v 2.48695802 -1.25964105 0.13054099
v 2.52194595 -1.192981 0.13054099
v 2.36291289 -1.47067904 0.13054099
v 2.40124201 -1.40933394 0.13054099
v 2.45750498 -1.31259203 0.13054099
v 2.55843997 -1.11830294 0.13054099
v 2.58377599 -1.056836 0.13054099
v 2.34302592 -1.50107097 0.13054099
v 2.40805196 -1.49861598 0.13054099
v 2.50614404 -1.52464294 0.13054099
v 2.5740261 -1.63710904 0.13054099
v 2.59641003 -1.70178496 0.13054099
v 2.60507106 -1.78306102 0.13054099
v 2.53177595 -1.10746204 0.13054099
v 2.49374198 -1.18827199 0.13054099
v 2.45699691 -1.26003396 0.13054099
v 2.42669105 -1.31635105 0.13054099
v 2.3649311 -1.42150998 0.13054099
v 2.32230806 -1.48791801 0.13054099
v 2.30153107 -1.51904201 0.13054099
v 2.497406 -1.09221303 0.13054099
v 2.46001601 -1.17171895 0.13054099
v 2.42374396 -1.24260795 0.13054099
v 2.39384603 -1.29820895 0.13054099
v 2.33312702 -1.40167796 0.13054099
v 2.29127788 -1.46749603 0.13054099
v 2.27075791 -1.49863302 0.13054099
v 2.35170197 -1.74973094 0.13054099
v 2.29578208 -1.77283299 0.13054099
v 2.35117197 -1.862396 0.13054099
v 2.27930998 -1.82055103 0.13054099
v 2.13478088 -1.86400294 0.13054099
v 2.20572996 -1.77988004 0.13054099
v 2.24248695 -1.73677599 0.13054099
v 2.28786706 -1.68421995 0.13054099
v 2.33835792 -1.62501204 0.13054099
v 2.38867807 -1.57213795 0.13054099
v 2.39903092 -1.72995197 0.13054099
v 2.45036792 -1.705513 0.13054099
v 2.39444804 -1.87518596 0.13054099
v 2.44041991 -1.88203597 0.13054099
v 2.32434511 -2.03780198 0.13054099
v 2.35092806 -2.08383607 0.13054099
v 2.29435396 -1.99454402 0.13054099
v 2.22140002 -1.90613699 0.13054099
v 2.23365807 -2.15009498 0.13054099
v 2.222929 -2.08447408 0.13054099
v 2.17726707 -1.95942902 0.13054099
v 2.08792495 -1.916224 0.13054099
v 2.2342081 -2.22414898 0.13054099
v 2.18673396 -1.72082805 0.13054099
v 2.23391008 -1.66227698 0.13054099
v 2.02452492 -1.90360701 0.13054099
v 2.073879 -1.85091805 0.13054099
v 2.14765095 -1.76701402 0.13054099
v 2.28414011 -1.596156 0.13054099
v 2.32091403 -1.54080998 0.13054099
v 1.99919998 -1.92955398 0.13054099
v 2.0631349 -1.939821 0.13054099
v 2.15378689 -1.98446095 0.13054099
v 2.1981759 -2.10800099 0.13054099
v 2.2074821 -2.17579388 0.13054099
v 2.2002151 -2.25719094 0.13054099
v 1.92985594 -1.91232502 0.13054099
v 2.26026105 -1.58033704 0.13054099
v 2.20731902 -1.652161 0.13054099
v 2.15742802 -1.71536696 0.13054099
v 2.11685609 -1.76468896 0.13054099
v 2.03607201 -1.85579097 0.13054099
v 1.98154103 -1.91260194 0.13054099
v 1.95599794 -1.93854498 0.13054099
v 2.22972703 -1.55868196 0.13054099
v 2.17766094 -1.62935602 0.13054099
v 2.12839508 -1.69180595 0.13054099
v 2.0883491 -1.74051404 0.13054099
v 2.00890088 -1.83013594 0.13054099
v 1.95456802 -1.88722598 0.13054099
v 2.94676709 -0.14266 0.13054099
v 2.91270899 -0.19311399 0.13054099
v 3.0103271 -0.23642399 0.13054099
v 2.92590189 -0.241925 0.13054099
v 2.82856106 -0.35884198 0.13054099
v 2.84072399 -0.249345 0.13054099
v 2.84725308 -0.19302499 0.13054099
v 2.85564494 -0.12404499 0.13054099
v 2.86450791 -0.04670599 0.13054099
v 2.87677693 0.025272 0.13054099
v 2.975461 -0.09976699 0.13054099
v 3.00487589 -0.05077 0.13054099
v 3.05414509 -0.22282199 0.13054099
v 3.0968759 -0.20275999 0.13054099
v 3.08703804 -0.397046 0.13054099
v 3.1355431 -0.42037099 0.13054099
v 3.03720998 -0.37791201 0.13054099
v 2.92553496 -0.345362 0.13054099
v 3.07375502 -0.54107099 0.13054099
v 3.02766704 -0.49257499 0.13054099
v 2.91842007 -0.41428101 0.13054099
v 2.81857204 -0.428415 0.13054099
v 3.11595988 -0.60231 0.13054099
v 2.79117488 -0.210986 0.13054099
v 2.79766202 -0.13603499 0.13054099
v 2.75794792 -0.453408 0.13054099
v 2.76976895 -0.38205701 0.13054099
v 2.78444194 -0.27116501 0.13054099
v 2.802356 -0.053119 0.13054099
v 2.8017869 0.013317 0.13054099
v 2.7512381 -0.48910701 0.13054099
v 2.81098699 -0.46187201 0.13054099
v 2.91274595 -0.44820499 0.13054099
v 3.02000999 -0.52597302 0.13054099
v 3.06610393 -0.57708597 0.13054099
v 3.10579705 -0.64881598 0.13054099
v 2.773211 -0.053351 0.13054099
v 2.76949501 -0.142513 0.13054099
v 2.76336693 -0.22285699 0.13054099
v 2.75715303 -0.286466 0.13054099
v 2.74063897 -0.40725201 0.13054099
v 2.72676992 -0.484923 0.13054099
v 2.71950602 -0.52162897 0.13054099
v 2.73515009 -0.052494 0.13054099
v 2.7315309 -0.14022199 0.13054099
v 2.72551107 -0.219549 0.13054099
v 2.71940803 -0.28235301 0.13054099
v 2.70321393 -0.401158 0.13054099
v 2.68985009 -0.47798499 0.13054099
v 2.6828351 -0.51460099 0.13054099
v 2.85603499 -0.71538001 0.13054099
v 2.81275391 -0.758192 0.13054099
v 2.89918804 -0.81963902 0.13054099
v 2.81585001 -0.80859601 0.13054099
v 2.69766306 -0.90424597 0.13054099
v 2.73137497 -0.79929101 0.13054099
v 2.74899911 -0.74536502 0.13054099
v 2.77098989 -0.67940402 0.13054099
v 2.79513502 -0.60532701 0.13054099
v 2.82154703 -0.53718 0.13054099
v 2.89257693 -0.67893499 0.13054099
v 2.93105411 -0.63664901 0.13054099
v 2.94458603 -0.81484097 0.13054099
v 2.99021101 -0.80350297 0.13054099
v 2.9418621 -0.99201101 0.13054099
v 2.98445701 -1.024315 0.13054099
v 2.89714002 -0.96355599 0.13054099
v 2.79484009 -0.90989702 0.13054099
v 2.90029501 -1.13059103 0.13054099
v 2.86502909 -1.07409799 0.13054099
v 2.77417802 -0.97608 0.13054099
v 2.67407202 -0.97047799 0.13054099
v 2.9292531 -1.19884097 0.13054099
v 2.69076395 -0.752043 0.13054099
v 2.71208906 -0.67985302 0.13054099
v 2.61001396 -0.98317402 0.13054099
v 2.635746 -0.91554498 0.13054099
v 2.67216992 -0.80971097 0.13054099
v 2.73329305 -0.59951102 0.13054099
v 2.74608397 -0.53429698 0.13054099
v 2.59637308 -1.01685595 0.13054099
v 2.66002202 -1.001791 0.13054099
v 2.76189589 -1.00822198 0.13054099
v 2.85093998 -1.10533094 0.13054099
v 2.88569307 -1.16441595 0.13054099
v 2.91014099 -1.24244797 0.13054099
v 2.52501702 -1.02757096 0.13054099
v 2.7048459 -0.59406799 0.13054099
v 2.68334102 -0.680718 0.13054099
v 2.66129088 -0.75825297 0.13054099
v 2.64252305 -0.81938397 0.13054099
v 2.60233688 -0.934556 0.13054099
v 2.57335901 -1.007995 0.13054099
v 2.55951404 -1.04176199 0.13054099
v 2.66792798 -0.58580398 0.13054099
v 2.6468091 -0.67106002 0.13054099
v 2.62506103 -0.74764102 0.13054099
v 2.60655498 -0.808007 0.13054099
v 2.5670731 -0.92129498 0.13054099
v 2.53840088 -0.99489402 0.13054099
v -2.76664209 -0.99512302 0.13054099
v -2.75597095 -0.93544799 0.13054099
v -2.86213398 -0.93431401 0.13054099
v -2.78758788 -0.89590102 0.13054099
v -2.7458589 -0.75032597 0.13054099
v -2.71302294 -0.85556197 0.13054099
v -2.69640088 -0.909792 0.13054099
v -2.67642498 -0.97636997 0.13054099
v -2.65354895 -1.05080401 0.13054099
v -2.63591599 -1.12166297 0.13054099
v -2.77543091 -1.04575002 0.13054099
v -2.78238391 -1.10225296 0.13054099
v -2.89643311 -0.96415102 0.13054099
v -2.92708897 -0.999489 0.13054099
v -2.99697995 -0.81775897 0.13054099
v -3.0506401 -0.81580197 0.13054099
v -2.94383788 -0.81543099 0.13054099
v -2.82890892 -0.80096197 0.13054099
v -3.04348492 -0.680682 0.13054099
v -2.98166799 -0.70666599 0.13054099
v -2.85022306 -0.73496401 0.13054099
v -2.76467394 -0.68258297 0.13054099
v -3.10703206 -0.641595 0.13054099
v -2.6525321 -0.87132799 0.13054099
v -2.62850499 -0.94266498 0.13054099
v -2.71922993 -0.63578999 0.13054099
v -2.70144796 -0.70591098 0.13054099
v -2.67045211 -0.81344598 0.13054099
v -2.59970307 -1.02062094 0.13054099
v -2.5727241 -1.08140194 0.13054099
v -2.72740507 -0.60040098 0.13054099
v -2.77118492 -0.64891398 0.13054099
v -2.85873389 -0.70163703 0.13054099
v -2.9882431 -0.67304801 0.13054099
v -3.05117392 -0.64468199 0.13054099
v -3.1167519 -0.59499102 0.13054099
v -2.57332706 -1.00901997 0.13054099
v -2.60546398 -0.92569202 0.13054099
v -2.63193011 -0.84954601 0.13054099
v -2.65167093 -0.78872102 0.13054099
v -2.68489003 -0.67137199 0.13054099
v -2.70329594 -0.59464198 0.13054099
v -2.71134901 -0.55808401 0.13054099
v -2.53840088 -0.99498397 0.13054099
v -2.5699861 -0.91300201 0.13054099
v -2.59609794 -0.83778798 0.13054099
v -2.6155641 -0.777731 0.13054099
v -2.64820003 -0.66229099 0.13054099
v -2.66667008 -0.58651298 0.13054099
v -2.67488408 -0.55014401 0.13054099
v -2.91479897 -0.434336 0.13054099
v -2.8923161 -0.377909 0.13054099
v -2.9968059 -0.35600099 0.13054099
v -2.91556596 -0.33295199 0.13054099
v -2.84515309 -0.19839599 0.13054099
v -2.83393001 -0.30800399 0.13054099
v -2.82842302 -0.36443299 0.13054099
v -2.82206606 -0.433622 0.13054099
v -2.81440091 -0.511074 0.13054099
v -2.81116604 -0.58401298 0.13054099
v -2.9336009 -0.48225298 0.13054099
v -2.95175695 -0.53628301 0.13054099
v -3.03662705 -0.378531 0.13054099
v -3.07395792 -0.40716499 0.13054099
v -3.106426 -0.215304 0.13054099
v -3.15897488 -0.202858 0.13054099
v -3.05352401 -0.22342599 0.13054099
v -2.93724203 -0.231765 0.13054099
v -3.12468004 -0.07181199 0.13054099
v -3.06893611 -0.109384 0.13054099
v -2.9449861 -0.16289499 0.13054099
v -2.85005807 -0.128314 0.13054099
v -3.17948103 -0.021017 0.13054099
v -2.77744889 -0.33530899 0.13054099
v -2.76805901 -0.40995299 0.13054099
v -2.79581499 -0.09133499 0.13054099
v -2.7924211 -0.16357199 0.13054099
v -2.78349304 -0.27506199 0.13054099
v -2.75526595 -0.492033 0.13054099
v -2.74081111 -0.55690902 0.13054099
v -2.79672598 -0.05503299 0.13054099
v -2.84968709 -0.09403099 0.13054099
v -2.94666099 -0.128552 0.13054099
v -3.06863498 -0.075138 0.13054099
v -3.12499189 -0.03500099 0.13054099
v -3.17964792 0.026569 0.13054099
v -2.72694206 -0.48583498 0.13054099
v -2.74194192 -0.397843 0.13054099
v -2.75276207 -0.31799501 0.13054099
v -2.76000404 -0.25450301 0.13054099
v -2.76913404 -0.13293899 0.13054099
v -2.77179503 -0.054106 0.13054099
v -2.68969702 -0.478924 0.13054099
v -2.70442199 -0.39234799 0.13054099
v -2.71507406 -0.31348401 0.13054099
v -2.72219991 -0.25079301 0.13054099
v -2.73113203 -0.13123199 0.13054099
v -2.73408508 -0.052363 0.13054099
v -2.16307091 -1.97435796 0.13054099
v -2.1760919 -1.91517996 0.13054099
v -2.27348995 -1.95445597 0.13054099
v -2.22007393 -1.89065897 0.13054099
v -2.23766708 -1.74037003 0.13054099
v -2.16737699 -1.82508194 0.13054099
v -2.13145899 -1.86885595 0.13054099
v -2.0877819 -1.92276501 0.13054099
v -2.0384891 -1.98284304 0.13054099
v -1.99538803 -2.04160594 0.13054099
v -2.15181088 -2.02447605 0.13054099
v -2.13666105 -2.079319 0.13054099
v -2.29343295 -1.99503004 0.13054099
v -2.30796098 -2.03931903 0.13054099
v -2.44109797 -1.89797997 0.13054099
v -2.49080395 -1.91653001 0.13054099
v -2.39349389 -1.87565398 0.13054099
v -2.29411411 -1.81865799 0.13054099
v -2.53598594 -1.78904902 0.13054099
v -2.46964907 -1.78957295 0.13054099
v -2.33884501 -1.765823 0.13054099
v -2.2808299 -1.68496894 0.13054099
v -2.60892295 -1.77706205 0.13054099
v -2.1060791 -1.81666004 0.13054099
v -2.05685305 -1.87341797 0.13054099
v -2.25730299 -1.62452304 0.13054099
v -2.21413588 -1.68251001 0.13054099
v -2.14460206 -1.77002096 0.13054099
v -2.00076699 -1.93448698 0.13054099
v -1.95292699 -1.980394 0.13054099
v -2.27837395 -1.594944 0.13054099
v -2.29970097 -1.65636003 0.13054099
v -2.35939192 -1.73827099 0.13054099
v -2.48853111 -1.76102697 0.13054099
v -2.55679988 -1.75873005 0.13054099
v -2.63565897 -1.73773205 0.13054099
v -1.98107194 -1.91376102 0.13054099
v -2.04227304 -1.84900295 0.13054099
v -2.09558391 -1.78871703 0.13054099
v -2.13691496 -1.740049 0.13054099
v -2.21227693 -1.64431595 0.13054099
v -2.25857901 -1.58046603 0.13054099
v -2.27999591 -1.54979097 0.13054099
v -1.95448899 -1.887519 0.13054099
v -2.01468896 -1.82379496 0.13054099
v -2.06733894 -1.76424694 0.13054099
v -2.10813593 -1.71618294 0.13054099
v -2.18225288 -1.62200105 0.13054099
v -2.22825789 -1.55906605 0.13054099
v -2.24975895 -1.52861499 0.13054099
v -2.51331806 -1.51281201 0.13054099
v -2.51458001 -1.45222497 0.13054099
v -2.61830806 -1.47165894 0.13054099
v -2.55314588 -1.41956102 0.13054099
v -2.54100298 -1.26871895 0.13054099
v -2.48833608 -1.36557102 0.13054099
v -2.46150708 -1.41553199 0.13054099
v -2.429003 -1.47696197 0.13054099
v -2.39215707 -1.54553103 0.13054099
v -2.36114001 -1.61161804 0.13054099
v -2.51200509 -1.56417202 0.13054099
v -2.50776791 -1.62093198 0.13054099
v -2.64591288 -1.50755095 0.13054099
v -2.66889596 -1.54813194 0.13054099
v -2.77257299 -1.38343703 0.13054099
v -2.82524704 -1.39188897 0.13054099
v -2.72123289 -1.37085998 0.13054099
v -2.61203908 -1.33443999 0.13054099
v -2.84479999 -1.25801694 0.13054099
v -2.77945709 -1.27152597 0.13054099
v -2.64577198 -1.27386295 0.13054099
v -2.57266593 -1.20594298 0.13054099
v -2.9144051 -1.23197102 0.13054099
v -2.42625808 -1.369313 0.13054099
v -2.38885688 -1.43462503 0.13054099
v -2.53756403 -1.151268 0.13054099
v -2.50642705 -1.216591 0.13054099
v -2.45508003 -1.31603705 0.13054099
v -2.34552693 -1.50550103 0.13054099
v -2.30734491 -1.55989801 0.13054099
v -2.55250811 -1.11813402 0.13054099
v -2.585639 -1.17418098 0.13054099
v -2.66061806 -1.24281895 0.13054099
v -2.79246902 -1.23983597 0.13054099
v -2.85936999 -1.22420001 0.13054099
v -2.93304801 -1.18815505 0.13054099
v -2.51078295 -1.05963099 0.13054099
v -2.3220601 -1.48903203 0.13054099
v -2.3697021 -1.41352903 0.13054099
v -2.4104321 -1.34397196 0.13054099
v -2.44161605 -1.28814804 0.13054099
v -2.49707889 -1.17949497 0.13054099
v -2.5301361 -1.10782301 0.13054099
v -2.54499101 -1.07447397 0.13054099
v -2.29073 -1.46850204 0.13054099
v -2.33758091 -1.39421403 0.13054099
v -2.37778902 -1.32550501 0.13054099
v -2.40855908 -1.27037894 0.13054099
v -2.46308302 -1.16349697 0.13054099
v -2.49642705 -1.09188902 0.13054099
v -1.24026203 -2.65029597 0.13054099
v -1.274392 -2.60048103 0.13054099
v -1.349056 -2.67390489 0.13054099
v -1.323951 -2.59454202 0.13054099
v -1.39655602 -2.46218895 0.13054099
v -1.30021596 -2.51380109 0.13054099
v -1.250808 -2.54063201 0.13054099
v -1.19047701 -2.57388305 0.13054099
v -1.12268602 -2.61069989 0.13054099
v -1.06107699 -2.64867711 0.13054099
v -1.21116304 -2.69239497 0.13054099
v -1.17673897 -2.73739004 0.13054099
v -1.35216295 -2.71906089 0.13054099
v -1.34893703 -2.76557588 0.13054099
v -1.52392602 -2.68542909 0.13054099
v -1.56254601 -2.72150707 0.13054099
v -1.48864805 -2.64665699 0.13054099
v -1.41889703 -2.55610609 0.13054099
v -1.65173101 -2.62072992 0.13054099
v -1.59074902 -2.59597396 0.13054099
v -1.47976803 -2.52423191 0.13054099
v -1.45699298 -2.42737507 0.13054099
v -1.72303998 -2.63736891 0.13054099
v -1.247123 -2.48268604 0.13054099
v -1.18060195 -2.51644206 0.13054099
v -1.45820903 -2.36249995 0.13054099
v -1.39676296 -2.39970588 0.13054099
v -1.30001902 -2.45419192 0.13054099
v -1.10616803 -2.55158591 0.13054099
v -1.04500103 -2.57583999 0.13054099
v -1.48868405 -2.34318208 0.13054099
v -1.48508 -2.40808606 0.13054099
v -1.50896298 -2.5065701 0.13054099
v -1.61876797 -2.57674789 0.13054099
v -1.68218398 -2.60058307 0.13054099
v -1.76229 -2.6111381 0.13054099
v -1.09585595 -2.52490496 0.13054099
v -1.176391 -2.48828792 0.13054099
v -1.24799704 -2.45282602 0.13054099
v -1.30424594 -2.42354488 0.13054099
v -1.40945494 -2.36368608 0.13054099
v -1.476004 -2.32224988 0.13054099
v -1.50722003 -2.30203199 0.13054099
v -1.08129394 -2.49050211 0.13054099
v -1.160537 -2.45447897 0.13054099
v -1.23127996 -2.41943407 0.13054099
v -1.28682601 -2.39050698 0.13054099
v -1.39033603 -2.33161592 0.13054099
v -1.45628798 -2.29092001 0.13054099
v -1.48750603 -2.27094006 0.13054099
v -1.73494899 -2.35659098 0.13054099
v -1.75899505 -2.30103492 0.13054099
v -1.84660196 -2.35844492 0.13054099
v -1.80665004 -2.28549289 0.13054099
v -1.852687 -2.14144992 0.13054099
v -1.76776194 -2.21093988 0.13054099
v -1.72427797 -2.24694109 0.13054099
v -1.67127502 -2.29137206 0.13054099
v -1.61161196 -2.34076499 0.13054099
v -1.55825805 -2.39008307 0.13054099
v -1.714365 -2.40357494 0.13054099
v -1.68909001 -2.45447111 0.13054099
v -1.85831403 -2.40213799 0.13054099
v -1.86404204 -2.44839501 0.13054099
v -2.02106094 -2.33550095 0.13054099
v -2.06602907 -2.36332392 0.13054099
v -1.97886502 -2.30436301 0.13054099
v -1.89276599 -2.22919988 0.13054099
v -2.13456296 -2.246984 0.13054099
v -2.06971693 -2.23465609 0.13054099
v -1.94658803 -2.18601608 0.13054099
v -1.90549397 -2.09545588 0.13054099
v -2.20804095 -2.24934601 0.13054099
v -1.70950198 -2.19080495 0.13054099
v -1.65051698 -2.23695397 0.13054099
v -1.89416897 -2.03158402 0.13054099
v -1.84084296 -2.08012104 0.13054099
v -1.75609302 -2.15249991 0.13054099
v -1.58401095 -2.28601503 0.13054099
v -1.52847302 -2.32178592 0.13054099
v -1.92044699 -2.00665211 0.13054099
v -1.92943298 -2.07103991 0.13054099
v -1.97194302 -2.16296601 0.13054099
v -2.09362793 -2.2102971 0.13054099
v -2.16070103 -2.22126007 0.13054099
v -2.241683 -2.21592211 0.13054099
v -1.90456795 -1.93673598 0.13054099
v -1.56873703 -2.26184892 0.13054099
v -1.64095795 -2.21017408 0.13054099
v -1.70461499 -2.16134905 0.13054099
v -1.75434804 -2.12160992 0.13054099
v -1.84638595 -2.04229092 0.13054099
v -1.90391302 -1.98861694 0.13054099
v -1.930202 -1.96345198 0.13054099
v -1.547791 -2.23095989 0.13054099
v -1.61884605 -2.1800971 0.13054099
v -1.68172705 -2.13187003 0.13054099
v -1.730829 -2.09262299 0.13054099
v -1.82136499 -2.01457309 0.13054099
v -1.87914001 -1.96109104 0.13054099
v -0.138757 -2.92424511 0.13054099
v -0.188754 -2.89114189 0.13054099
v -0.23041099 -2.98765611 0.13054099
v -0.23669199 -2.90456295 0.13054099
v -0.35287699 -2.80969905 0.13054099
v -0.244808 -2.82072711 0.13054099
v -0.18923799 -2.82670211 0.13054099
v -0.121187 -2.83446002 0.13054099
v -0.044902 -2.842664 0.13054099
v 0.02611799 -2.85431003 0.13054099
v -0.096276 -2.95212507 0.13054099
v -0.047805 -2.98066091 0.13054099
v -0.21654999 -3.03066301 0.13054099
v -0.19635699 -3.07253289 0.13054099
v -0.38744899 -3.06507611 0.13054099
v -0.409711 -3.1132369 0.13054099
v -0.36928001 -3.01569104 0.13054099
v -0.338555 -2.90520405 0.13054099
v -0.52921599 -3.05389308 0.13054099
v -0.48219001 -3.00770711 0.13054099
v -0.40652 -2.898916 0.13054099
v -0.421561 -2.80052208 0.13054099
v -0.58875197 -3.0965209 0.13054099
v -0.207411 -2.77162194 0.13054099
v -0.13344399 -2.7775011 0.13054099
v -0.44685599 -2.74092888 0.13054099
v -0.37634399 -2.75192689 0.13054099
v -0.26682201 -2.76544904 0.13054099
v -0.051638 -2.78161406 0.13054099
v 0.013884 -2.78071093 0.13054099
v -0.482151 -2.73464989 0.13054099
v -0.45463201 -2.79338502 0.13054099
v -0.43999901 -2.89368891 0.13054099
v -0.51513999 -3.00058794 0.13054099
v -0.56473702 -3.04685711 0.13054099
v -0.63461297 -3.08719301 0.13054099
v -0.052053 -2.75296902 0.13054099
v -0.14004099 -2.74981689 0.13054099
v -0.219336 -2.74432992 0.13054099
v -0.28214499 -2.73868203 0.13054099
v -0.40148198 -2.72340488 0.13054099
v -0.478273 -2.71044588 0.13054099
v -0.51458299 -2.70363402 0.13054099
v -0.051424 -2.71554994 0.13054099
v -0.138015 -2.71245193 0.13054099
v -0.21636499 -2.70703005 0.13054099
v -0.278398 -2.7014451 0.13054099
v -0.39582499 -2.68641996 0.13054099
v -0.47180599 -2.6739161 0.13054099
v -0.50803101 -2.66733908 0.13054099
v -0.70395797 -2.84099292 0.13054099
v -0.74678802 -2.79872989 0.13054099
v -0.80602198 -2.88529491 0.13054099
v -0.79643201 -2.80252099 0.13054099
v -0.89255899 -2.68671393 0.13054099
v -0.78847199 -2.71866703 0.13054099
v -0.73501801 -2.73541688 0.13054099
v -0.66965097 -2.75633692 0.13054099
v -0.59629297 -2.7793219 0.13054099
v -0.52876699 -2.80463409 0.13054099
v -0.66751897 -2.87666297 0.13054099
v -0.62532097 -2.9141581 0.13054099
v -0.80055099 -2.93020796 0.13054099
v -0.78863102 -2.97524309 0.13054099
v -0.97501099 -2.93053102 0.13054099
v -1.00600504 -2.97342896 0.13054099
v -0.94779998 -2.88562393 0.13054099
v -0.89664298 -2.78320407 0.13054099
v -1.11226403 -2.89181089 0.13054099
v -1.05727601 -2.85569 0.13054099
v -0.96224498 -2.76374888 0.13054099
v -0.95831 -2.6642661 0.13054099
v -1.17887795 -2.92196798 0.13054099
v -0.74238902 -2.67780995 0.13054099
v -0.67085301 -2.6980431 0.13054099
v -0.97181201 -2.60083508 0.13054099
v -0.904612 -2.62542796 0.13054099
v -0.79957699 -2.66012907 0.13054099
v -0.59129899 -2.71809291 0.13054099
v -0.52679002 -2.73002505 0.13054099
v -1.005306 -2.58777403 0.13054099
v -0.98945301 -2.650779 0.13054099
v -0.99415803 -2.75207209 0.13054099
v -1.08832097 -2.84225392 0.13054099
v -1.14585602 -2.87793803 0.13054099
v -1.22221505 -2.90384101 0.13054099
v -1.01694202 -2.51702094 0.13054099
v -0.58625298 -2.68990588 0.13054099
v -0.67206299 -2.66960907 0.13054099
v -0.74890297 -2.64870309 0.13054099
v -0.80953097 -2.6308701 0.13054099
v -0.923877 -2.5925281 0.13054099
v -0.99687397 -2.56478905 0.13054099
v -1.03047001 -2.55151391 0.13054099
v -0.57850801 -2.65331792 0.13054099
v -0.662952 -2.63333511 0.13054099
v -0.73887401 -2.61267399 0.13054099
v -0.79874801 -2.59507107 0.13054099
v -0.91125899 -2.55735111 0.13054099
v -0.98443198 -2.52987289 0.13054099
v -0.98166501 2.75710105 0.13054099
v -0.92296797 2.74557089 0.13054099
v -0.920116 2.850914 0.13054099
v -0.88346797 2.77633404 0.13054099
v -0.740471 2.73289799 0.13054099
v -0.84478902 2.70178294 0.13054099
v -0.89856702 2.68606209 0.13054099
v -0.964603 2.66722106 0.13054099
v -1.03847003 2.64562988 0.13054099
v -1.10875105 2.62924099 0.13054099
v -1.03145504 2.76667904 0.13054099
v -1.08705794 2.77456688 0.13054099
v -0.948915 2.88546896 0.13054099
v -0.98315501 2.91652703 0.13054099
v -0.80305999 2.98272395 0.13054099
v -0.80019497 3.03586697 0.13054099
v -0.80165201 2.93001699 0.13054099
v -0.78921198 2.81588411 0.13054099
v -0.66746002 3.02657103 0.13054099
v -0.69398897 2.96578598 0.13054099
v -0.72385901 2.83605599 0.13054099
v -0.67339098 2.75066709 0.13054099
v -0.627999 3.0888319 0.13054099
v -0.86120802 2.64200305 0.13054099
v -0.93202 2.61914897 0.13054099
v -0.62778997 2.7051351 0.13054099
v -0.69722998 2.68836307 0.13054099
v -0.80380499 2.65900611 0.13054099
v -1.00947797 2.59166598 0.13054099
v -1.06997096 2.56576395 0.13054099
v -0.59275502 2.71280598 0.13054099
v -0.64008802 2.75668406 0.13054099
v -0.690885 2.84401607 0.13054099
v -0.66080999 2.97179102 0.13054099
v -0.63193297 3.03361797 0.13054099
v -0.58205401 3.0977211 0.13054099
v -0.99841302 2.56529998 0.13054099
v -0.91558802 2.59604692 0.13054099
v -0.83998 2.62128496 0.13054099
v -0.77962899 2.64007306 0.13054099
v -0.66332 2.6715579 0.13054099
v -0.58734101 2.6889069 0.13054099
v -0.55117201 2.69648408 0.13054099
v -0.98503702 2.53041005 0.13054099
v -0.90353399 2.56066489 0.13054099
v -0.82883197 2.58560609 0.13054099
v -0.76923197 2.60415911 0.13054099
v -0.65478897 2.63514804 0.13054099
v -0.579732 2.65261101 0.13054099
v -0.54372501 2.66036295 0.13054099
v -0.426815 2.89609193 0.13054099
v -0.37149998 2.87329697 0.13054099
v -0.34873399 2.97613 0.13054099
v -0.32695901 2.89577388 0.13054099
v -0.195069 2.82519793 0.13054099
v -0.30321601 2.81506109 0.13054099
v -0.35889598 2.81014609 0.13054099
v -0.427172 2.80455493 0.13054099
v -0.50362902 2.79781007 0.13054099
v -0.575576 2.79544901 0.13054099
v -0.473771 2.9152081 0.13054099
v -0.52673399 2.93382191 0.13054099
v -0.370411 3.01565599 0.13054099
v -0.398083 3.05283188 0.13054099
v -0.209096 3.08259296 0.13054099
v -0.19625699 3.13419008 0.13054099
v -0.21767699 3.03058695 0.13054099
v -0.22709199 2.9161601 0.13054099
v -0.067886 3.09912109 0.13054099
v -0.10537599 3.04465389 0.13054099
v -0.15921199 2.92317795 0.13054099
v -0.12594099 2.82951998 0.13054099
v -0.017449 3.15250206 0.13054099
v -0.330673 2.75960207 0.13054099
v -0.404399 2.75101804 0.13054099
v -0.089891 2.77591395 0.13054099
v -0.161151 2.77303695 0.13054099
v -0.271189 2.76506304 0.13054099
v -0.485504 2.73918795 0.13054099
v -0.54968398 2.72558999 0.13054099
v -0.054081 2.77661109 0.13054099
v -0.09214799 2.82891392 0.13054099
v -0.12537899 2.92454695 0.13054099
v -0.071712 3.04405188 0.13054099
v -0.03172 3.09909391 0.13054099
v 0.029282 3.15224194 0.13054099
v -0.017 2.71553111 0.13054099
v -0.47968998 2.71115589 0.13054099
v -0.39269998 2.725142 0.13054099
v -0.31381601 2.73513007 0.13054099
v -0.25109899 2.74177002 0.13054099
v -0.131107 2.74993109 0.13054099
v -0.05332 2.75210809 0.13054099
v -0.01734 2.7526369 0.13054099
v -0.47323998 2.6743071 0.13054099
v -0.38763299 2.68806695 0.13054099
v -0.30968999 2.69793605 0.13054099
v -0.247749 2.70449996 0.13054099
v -0.12967699 2.71253609 0.13054099
v -0.051821 2.71501994 0.13054099
v -1.96223902 2.172616 0.13054099
v -1.90319895 2.18445491 0.13054099
v -1.94009196 2.28305888 0.13054099
v -1.87795102 2.22808289 0.13054099
v -1.72845494 2.24271988 0.13054099
v -1.81390595 2.1739149 0.13054099
v -1.85808801 2.13874697 0.13054099
v -1.91251504 2.09597611 0.13054099
v -1.97321701 2.04766893 0.13054099
v -2.03254008 2.00553107 0.13054099
v -2.01224803 2.16237306 0.13054099
v -2.06705904 2.14833807 0.13054099
v -1.97989094 2.30399107 0.13054099
v -2.023458 2.31961989 0.13054099
v -1.88032996 2.44999289 0.13054099
v -1.89750504 2.50030303 0.13054099
v -1.85931205 2.4017229 0.13054099
v -1.80498302 2.30084204 0.13054099
v -1.77034699 2.54260397 0.13054099
v -1.77237594 2.47614693 0.13054099
v -1.75167405 2.34457302 0.13054099
v -1.67267 2.28488206 0.13054099
v -1.75678598 2.61539506 0.13054099
v -1.80670797 2.11230301 0.13054099
v -1.86405098 2.06399393 0.13054099
v -1.61314404 2.26022195 0.13054099
v -1.67147195 2.21808195 0.13054099
v -1.75965094 2.15004611 0.13054099
v -1.92584705 2.00886511 0.13054099
v -1.97243499 1.96168899 0.13054099
v -1.58342695 2.28075599 0.13054099
v -1.64393198 2.30322289 0.13054099
v -1.723948 2.36459589 0.13054099
v -1.74371194 2.49442005 0.13054099
v -1.73988294 2.56276106 0.13054099
v -1.71729397 2.64124202 0.13054099
v -1.905586 1.98870694 0.13054099
v -1.84003496 2.04891705 0.13054099
v -1.77913594 2.10126304 0.13054099
v -1.73002004 2.14179205 0.13054099
v -1.63359904 2.21553206 0.13054099
v -1.56941902 2.26070904 0.13054099
v -1.53861296 2.28158807 0.13054099
v -1.879951 1.96156001 0.13054099
v -1.81546604 2.02080798 0.13054099
v -1.75531303 2.07252407 0.13054099
v -1.70682096 2.11255097 0.13054099
v -1.611974 2.18509507 0.13054099
v -1.54870796 2.2300291 0.13054099
v -1.51812505 2.25100088 0.13054099
v -1.49763596 2.51404404 0.13054099
v -1.43767595 2.51413703 0.13054099
v -1.45484304 2.6180849 0.13054099
v -1.40463995 2.55201292 0.13054099
v -1.25570702 2.53720307 0.13054099
v -1.35242903 2.48637604 0.13054099
v -1.40235996 2.46050095 0.13054099
v -1.46376204 2.42915201 0.13054099
v -1.532359 2.39359688 0.13054099
v -1.59842205 2.3638401 0.13054099
v -1.54846203 2.51374888 0.13054099
v -1.60469901 2.51066994 0.13054099
v -1.48972797 2.64638805 0.13054099
v -1.52930998 2.67020893 0.13054099
v -1.36456096 2.77020502 0.13054099
v -1.37176394 2.8229289 0.13054099
v -1.35322296 2.71874594 0.13054099
v -1.31939196 2.60916495 0.13054099
v -1.23941099 2.83962297 0.13054099
v -1.25404894 2.77480292 0.13054099
v -1.25891494 2.64167189 0.13054099
v -1.19309103 2.56768488 0.13054099
v -1.21231401 2.90840411 0.13054099
v -1.35722196 2.42452192 0.13054099
v -1.42254996 2.38831305 0.13054099
v -1.13960695 2.53186488 0.13054099
v -1.20471799 2.50190305 0.13054099
v -1.30397701 2.45237398 0.13054099
v -1.49354505 2.3462851 0.13054099
v -1.54814696 2.30910491 0.13054099
v -1.10660994 2.54622197 0.13054099
v -1.16147899 2.58006691 0.13054099
v -1.22798502 2.6559019 0.13054099
v -1.22254097 2.78714895 0.13054099
v -1.20579004 2.85345792 0.13054099
v -1.16879105 2.92606496 0.13054099
v -1.04937303 2.50388097 0.13054099
v -1.47762799 2.32256507 0.13054099
v -1.40198004 2.36884093 0.13054099
v -1.33239197 2.40832305 0.13054099
v -1.27659404 2.43849396 0.13054099
v -1.16817402 2.49200701 0.13054099
v -1.09675002 2.52381491 0.13054099
v -1.06354796 2.5380969 0.13054099
v -1.45780897 2.29092598 0.13054099
v -1.38337802 2.33647298 0.13054099
v -1.31463205 2.37547397 0.13054099
v -1.259534 2.40528106 0.13054099
v -1.15286397 2.45795106 0.13054099
v -1.08150494 2.49005699 0.13054099
v -2.65529704 1.25566494 0.13054099
v -2.60469293 1.28928196 0.13054099
v -2.67689895 1.36626303 0.13054099
v -2.59781909 1.33929896 0.13054099
v -2.4638369 1.41023898 0.13054099
v -2.51728391 1.31382405 0.13054099
v -2.54505705 1.26435995 0.13054099
v -2.579463 1.20392096 0.13054099
v -2.61758303 1.13598501 0.13054099
v -2.65677404 1.07426405 0.13054099
v -2.69808602 1.22700095 0.13054099
v -2.74390792 1.19297504 0.13054099
v -2.72209 1.37033605 0.13054099
v -2.76878309 1.36803603 0.13054099
v -2.68476891 1.54354894 0.13054099
v -2.71997499 1.58347904 0.13054099
v -2.64673304 1.50699794 0.13054099
v -2.55749106 1.43458104 0.13054099
v -2.61721992 1.67144298 0.13054099
v -2.59385108 1.60920095 0.13054099
v -2.52440094 1.49549698 0.13054099
v -2.42787194 1.47061801 0.13054099
v -2.63217711 1.74397099 0.13054099
v -2.48695588 1.25963997 0.13054099
v -2.5219419 1.19298005 0.13054099
v -2.36291003 1.47067904 0.13054099
v -2.40123701 1.40933394 0.13054099
v -2.45750093 1.31259203 0.13054099
v -2.55843806 1.11830103 0.13054099
v -2.58377003 1.05683398 0.13054099
v -2.343019 1.50107097 0.13054099
v -2.40804696 1.49861502 0.13054099
v -2.5061419 1.52464294 0.13054099
v -2.57402491 1.63710701 0.13054099
v -2.59640789 1.70178401 0.13054099
v -2.60507011 1.78306102 0.13054099
v -2.53177309 1.10746204 0.13054099
v -2.49373793 1.18827199 0.13054099
v -2.45699405 1.26003396 0.13054099
v -2.42668795 1.31635105 0.13054099
v -2.364928 1.42150902 0.13054099
v -2.32230305 1.48791801 0.13054099
v -2.30152893 1.51903903 0.13054099
v -2.49740505 1.09221005 0.13054099
v -2.46001291 1.17171895 0.13054099
v -2.42373991 1.24260795 0.13054099
v -2.39384293 1.29820895 0.13054099
v -2.33312392 1.40167701 0.13054099
v -2.29127502 1.46749401 0.13054099
v -2.27075409 1.49863302 0.13054099
v -2.35169911 1.74973094 0.13054099
v -2.29577803 1.77283299 0.13054099
v -2.35116696 1.862396 0.13054099
v -2.27930808 1.82055103 0.13054099
v -2.13477706 1.86400795 0.13054099
v -2.2057259 1.77987694 0.13054099
v -2.24248194 1.73677599 0.13054099
v -2.28786492 1.68421995 0.13054099
v -2.33835291 1.62501204 0.13054099
v -2.38867402 1.57213795 0.13054099
v -2.39902806 1.72994804 0.13054099
v -2.45036506 1.705513 0.13054099
v -2.39444494 1.87518596 0.13054099
v -2.44041609 1.88203597 0.13054099
v -2.32433891 2.03780198 0.13054099
v -2.35092496 2.08383607 0.13054099
v -2.2943499 1.994547 0.13054099
v -2.2213931 1.90613699 0.13054099
v -2.23365402 2.15009498 0.13054099
v -2.22292304 2.08447408 0.13054099
v -2.17726206 1.95942902 0.13054099
v -2.08791995 1.916224 0.13054099
v -2.2342031 2.22414898 0.13054099
v -2.1867299 1.72082495 0.13054099
v -2.23390293 1.66227304 0.13054099
v -2.02452111 1.90360701 0.13054099
v -2.07387399 1.85091495 0.13054099
v -2.14764404 1.76701605 0.13054099
v -2.28413701 1.596156 0.13054099
v -2.32090997 1.54080998 0.13054099
v -1.99919498 1.92955696 0.13054099
v -2.0631299 1.93982005 0.13054099
v -2.15378189 1.98445797 0.13054099
v -2.19816899 2.10799908 0.13054099
v -2.20747709 2.17579388 0.13054099
v -2.20021009 2.25719404 0.13054099
v -1.92984998 1.91232204 0.13054099
v -2.260257 1.58033704 0.13054099
v -2.20731496 1.65215897 0.13054099
v -2.15742397 1.71536302 0.13054099
v -2.11685109 1.76468896 0.13054099
v -2.036067 1.85578703 0.13054099
v -1.98153698 1.91260194 0.13054099
v -1.95599198 1.93854796 0.13054099
v -2.22972393 1.55867898 0.13054099
v -2.17765593 1.62935602 0.13054099
v -2.12839007 1.69180595 0.13054099
v -2.0883429 1.74051296 0.13054099
v -2.00889492 1.83013594 0.13054099
v -1.95456397 1.88722503 0.13054099
v -2.94676709 0.14266 0.13054099
v -2.91270804 0.19311399 0.13054099
v -3.0103259 0.236423 0.13054099
v -2.92590189 0.241924 0.13054099
v -2.82855892 0.35884299 0.13054099
v -2.84072303 0.249345 0.13054099
v -2.84725308 0.19302499 0.13054099
v -2.85564494 0.12404499 0.13054099
v -2.86450791 0.04670599 0.13054099
v -2.87677693 -0.025272 0.13054099
v -2.9754579 0.09976699 0.13054099
v -3.00487494 0.05077 0.13054099
v -3.05414509 0.22281999 0.13054099
v -3.09687709 0.20275999 0.13054099
v -3.08703708 0.397046 0.13054099
v -3.13554191 0.42037099 0.13054099
v -3.03720903 0.377909 0.13054099
v -2.9255321 0.345362 0.13054099
v -3.07375598 0.54107099 0.13054099
v -3.02766609 0.49257499 0.13054099
v -2.91842198 0.41428101 0.13054099
v -2.81856989 0.428411 0.13054099
v -3.11595797 0.60231 0.13054099
v -2.79117488 0.210986 0.13054099
v -2.79766106 0.13603499 0.13054099
v -2.75794601 0.453408 0.13054099
v -2.76976895 0.38205701 0.13054099
v -2.78443789 0.271164 0.13054099
v -2.80235695 0.053119 0.13054099
v -2.80178594 -0.013319 0.13054099
v -2.751235 0.48910599 0.13054099
v -2.81098604 0.46187201 0.13054099
v -2.91274404 0.44820499 0.13054099
v -3.02000999 0.52597099 0.13054099
v -3.06610488 0.57708597 0.13054099
v -3.10579395 0.64881598 0.13054099
v -2.77383995 -0.020336 0.13054099
v -2.77320909 0.053351 0.13054099
v -2.76949405 0.142513 0.13054099
v -2.76336598 0.22285699 0.13054099
v -2.75715208 0.286466 0.13054099
v -2.74063611 0.40725201 0.13054099
v -2.72676801 0.484923 0.13054099
v -2.71950507 0.52162897 0.13054099
v -2.73574209 -0.019595 0.13054099
v -2.7351489 0.052494 0.13054099
v -2.73152709 0.14022 0.13054099
v -2.72550988 0.219547 0.13054099
v -2.71940493 0.28235098 0.13054099
v -2.70321297 0.40115401 0.13054099
v -2.68984794 0.47798499 0.13054099
v -2.68283391 0.51460099 0.13054099
v -2.85603189 0.71538001 0.13054099
v -2.8127501 0.758192 0.13054099
v -2.89918494 0.819637 0.13054099
v -2.81584405 0.80859601 0.13054099
v -2.69766211 0.90424197 0.13054099
v -2.73137211 0.79928898 0.13054099
v -2.74899911 0.74536502 0.13054099
v -2.77098989 0.67940402 0.13054099
v -2.79513311 0.60532701 0.13054099
v -2.82154798 0.53717798 0.13054099
v -2.89257693 0.67893397 0.13054099
v -2.93105292 0.63664698 0.13054099
v -2.94458508 0.814839 0.13054099
v -2.9902091 0.80350297 0.13054099
v -2.9418621 0.99201101 0.13054099
v -2.98445391 1.02431297 0.13054099
v -2.89714098 0.96355497 0.13054099
v -2.7948389 0.90989702 0.13054099
v -2.90029096 1.13059103 0.13054099
v -2.86502695 1.07409799 0.13054099
v -2.77417588 0.97608 0.13054099
v -2.67406702 0.97047799 0.13054099
v -2.9292519 1.19884002 0.13054099
v -2.69076204 0.752043 0.13054099
v -2.7120881 0.679852 0.13054099
v -2.6100099 0.98317402 0.13054099
v -2.6357429 0.91554397 0.13054099
v -2.6721661 0.80970901 0.13054099
v -2.73328995 0.59951102 0.13054099
v -2.74608111 0.53429698 0.13054099
v -2.59637093 1.01685595 0.13054099
v -2.66002011 1.001791 0.13054099
v -2.76189303 1.00822198 0.13054099
v -2.85093689 1.10533094 0.13054099
v -2.88569402 1.164415 0.13054099
v -2.91014003 1.24244797 0.13054099
v -2.52501201 1.02757096 0.13054099
v -2.70484304 0.59406799 0.13054099
v -2.68333792 0.680718 0.13054099
v -2.66128897 0.75825297 0.13054099
v -2.64252209 0.81938201 0.13054099
v -2.60233497 0.934556 0.13054099
v -2.5733571 1.007995 0.13054099
v -2.5595119 1.04176199 0.13054099
v -2.66792607 0.58580398 0.13054099
v -2.6468079 0.67106002 0.13054099
v -2.62505698 0.74764102 0.13054099
v -2.60655188 0.80800497 0.13054099
v -2.56707096 0.92129498 0.13054099
v -2.53839802 0.99489402 0.13054099
v 2.766644 0.99512302 0.13054099
v 2.7559731 0.93544799 0.13054099
v 2.86213588 0.93431401 0.13054099
v 2.78758907 0.89590102 0.13054099
v 2.74586391 0.75032597 0.13054099
v 2.7130239 0.85556197 0.13054099
v 2.69640493 0.909792 0.13054099
v 2.67642808 0.97636997 0.13054099
v 2.653553 1.05080401 0.13054099
v 2.63592004 1.12166297 0.13054099
v 2.77543306 1.04575002 0.13054099
v 2.78238606 1.10225296 0.13054099
v 2.89643502 0.96415102 0.13054099
v 2.92709088 0.999489 0.13054099
v 2.996984 0.81775897 0.13054099
v 3.05064201 0.81580299 0.13054099
v 2.94384002 0.81543099 0.13054099
v 2.82890892 0.80096197 0.13054099
v 3.04348707 0.680682 0.13054099
v 2.9816699 0.70666801 0.13054099
v 2.85022592 0.73496401 0.13054099
v 2.76467609 0.68258297 0.13054099
v 3.10703396 0.641595 0.13054099
v 2.65253305 0.87132799 0.13054099
v 2.62850809 0.94266301 0.13054099
v 2.71923089 0.63578999 0.13054099
v 2.7014501 0.70591098 0.13054099
v 2.67045497 0.81344598 0.13054099
v 2.59970498 1.02062094 0.13054099
v 2.57272911 1.08140003 0.13054099
v 2.72740507 0.60040098 0.13054099
v 2.77118706 0.64891398 0.13054099
v 2.85873794 0.70163703 0.13054099
v 2.98824501 0.67304801 0.13054099
v 3.05117392 0.64468199 0.13054099
v 3.1167519 0.59499102 0.13054099
v 2.57332992 1.00901997 0.13054099
v 2.60546708 0.92569202 0.13054099
v 2.63193202 0.84954601 0.13054099
v 2.65167403 0.78872102 0.13054099
v 2.68489289 0.67137199 0.13054099
v 2.70329809 0.59464198 0.13054099
v 2.71135091 0.55808401 0.13054099
v 2.53840398 0.99498397 0.13054099
v 2.56998801 0.91300201 0.13054099
v 2.59610199 0.83778798 0.13054099
v 2.61556792 0.777731 0.13054099
v 2.64820289 0.66229099 0.13054099
v 2.66667294 0.58651298 0.13054099
v 2.67488598 0.55014401 0.13054099
v 2.91479992 0.434336 0.13054099
v 2.89231896 0.377909 0.13054099
v 2.996809 0.35600099 0.13054099
v 2.91556811 0.33295199 0.13054099
v 2.84515595 0.198394 0.13054099
v 2.83393311 0.30800399 0.13054099
v 2.82842493 0.36443299 0.13054099
v 2.82206797 0.433622 0.13054099
v 2.81440401 0.51107502 0.13054099
v 2.8111689 0.58401298 0.13054099
v 2.9336009 0.48225399 0.13054099
v 2.95175695 0.53628301 0.13054099
v 3.03662896 0.378531 0.13054099
v 3.07395911 0.40716499 0.13054099
v 3.1064279 0.215304 0.13054099
v 3.15897607 0.202858 0.13054099
v 3.05352711 0.22342599 0.13054099
v 2.93724393 0.231765 0.13054099
v 3.12468004 0.07181199 0.13054099
v 3.06893706 0.109384 0.13054099
v 2.94498705 0.16289499 0.13054099
v 2.85006094 0.128312 0.13054099
v 3.17948293 0.021017 0.13054099
v 2.77745103 0.33530899 0.13054099
v 2.76806092 0.40995299 0.13054099
v 2.79581689 0.09133499 0.13054099
v 2.79242396 0.16357199 0.13054099
v 2.78349399 0.27506199 0.13054099
v 2.7552669 0.492033 0.13054099
v 2.74081492 0.55690902 0.13054099
v 2.79673099 0.05503299 0.13054099
v 2.84968805 0.09403099 0.13054099
v 2.94666194 0.128552 0.13054099
v 3.06863904 0.07513599 0.13054099
v 3.12499308 0.03500099 0.13054099
v 3.17964792 -0.026569 0.13054099
v 2.73477506 0.017082 0.13054099
v 2.72694206 0.48583498 0.13054099
v 2.74194502 0.397841 0.13054099
v 2.75276708 0.31799501 0.13054099
v 2.76000809 0.25450301 0.13054099
v 2.76913499 0.13293799 0.13054099
v 2.77179908 0.054106 0.13054099
v 2.77252793 0.017648 0.13054099
v 2.68969988 0.478924 0.13054099
v 2.70442199 0.39234799 0.13054099
v 2.71507811 0.31348198 0.13054099
v 2.72220301 0.25079301 0.13054099
v 2.73113393 0.13123199 0.13054099
v 2.73408794 0.052363 0.13054099
v 2.16307711 1.97435903 0.13054099
v 2.17609691 1.91517996 0.13054099
v 2.273494 1.95446002 0.13054099
v 2.22007894 1.890661 0.13054099
v 2.23767304 1.74037003 0.13054099
v 2.16738295 1.82507896 0.13054099
v 2.13146591 1.86885595 0.13054099
v 2.08778595 1.92276394 0.13054099
v 2.03849506 1.98284304 0.13054099
v 1.99539399 2.04160904 0.13054099
v 2.15181803 2.02447605 0.13054099
v 2.13666605 2.07931804 0.13054099
v 2.29343605 1.99503302 0.13054099
v 2.30796599 2.03931903 0.13054099
v 2.44110202 1.89797997 0.13054099
v 2.49080801 1.91653001 0.13054099
v 2.39349699 1.87565398 0.13054099
v 2.29411792 1.81865799 0.13054099
v 2.53599 1.78904902 0.13054099
v 2.46965098 1.78957498 0.13054099
v 2.33884811 1.765823 0.13054099
v 2.280833 1.68497097 0.13054099
v 2.60892605 1.77706205 0.13054099
v 2.10608601 1.81665897 0.13054099
v 2.05685806 1.87341797 0.13054099
v 2.257308 1.62451803 0.13054099
v 2.21414303 1.68250894 0.13054099
v 2.14460802 1.77001798 0.13054099
v 2.00077199 1.93448698 0.13054099
v 1.95293295 1.980394 0.13054099
v 2.27837896 1.59494304 0.13054099
v 2.29970502 1.65636003 0.13054099
v 2.35939502 1.73827099 0.13054099
v 2.48853111 1.76102697 0.13054099
v 2.55680489 1.75873005 0.13054099
v 2.63566398 1.73773205 0.13054099
v 1.98107695 1.91376304 0.13054099
v 2.04227709 1.84900295 0.13054099
v 2.09559011 1.78871703 0.13054099
v 2.13692092 1.740049 0.13054099
v 2.21228289 1.644315 0.13054099
v 2.25858306 1.58046603 0.13054099
v 2.28000211 1.54979002 0.13054099
v 1.95449495 1.88751804 0.13054099
v 2.01469492 1.82379198 0.13054099
v 2.06734299 1.76424694 0.13054099
v 2.10814309 1.71618604 0.13054099
v 2.18225789 1.62200105 0.13054099
v 2.22826409 1.55906403 0.13054099
v 2.24976301 1.52861499 0.13054099
v 2.51332211 1.51281201 0.13054099
v 2.51458311 1.45222497 0.13054099
v 2.61831092 1.47165894 0.13054099
v 2.55314993 1.41956102 0.13054099
v 2.54100704 1.26871895 0.13054099
v 2.48834109 1.36556994 0.13054099
v 2.46151208 1.41553199 0.13054099
v 2.42900705 1.47696197 0.13054099
v 2.39215898 1.54553103 0.13054099
v 2.36114502 1.61161804 0.13054099
v 2.5120089 1.56417202 0.13054099
v 2.5077691 1.62093198 0.13054099
v 2.64591598 1.50755095 0.13054099
v 2.66889691 1.54813098 0.13054099
v 2.77257394 1.38343799 0.13054099
v 2.82524704 1.39188802 0.13054099
v 2.72123503 1.37085998 0.13054099
v 2.61204099 1.33443999 0.13054099
v 2.8448019 1.25801396 0.13054099
v 2.7794559 1.27152597 0.13054099
v 2.64577508 1.27386295 0.13054099
v 2.57266807 1.20594298 0.13054099
v 2.91440606 1.23197102 0.13054099
v 2.42626094 1.369313 0.13054099
v 2.38886094 1.43462395 0.13054099
v 2.53756904 1.151268 0.13054099
v 2.50642895 1.216591 0.13054099
v 2.45508408 1.31603705 0.13054099
v 2.34553003 1.50549995 0.13054099
v 2.30734801 1.55989801 0.13054099
v 2.55251097 1.11813402 0.13054099
v 2.58564209 1.17418003 0.13054099
v 2.66062188 1.24281895 0.13054099
v 2.79247188 1.23983597 0.13054099
v 2.8593719 1.22420001 0.13054099
v 2.93304801 1.18815398 0.13054099
v 2.51078605 1.05963099 0.13054099
v 2.32206392 1.48903501 0.13054099
v 2.36970591 1.41353094 0.13054099
v 2.4104371 1.34397196 0.13054099
v 2.44162106 1.28814697 0.13054099
v 2.49708199 1.17949497 0.13054099
v 2.53014111 1.10782301 0.13054099
v 2.54499411 1.07447302 0.13054099
v 2.290735 1.46850001 0.13054099
v 2.33758306 1.39421296 0.13054099
v 2.37779188 1.32550501 0.13054099
v 2.40856289 1.27037894 0.13054099
v 2.46308589 1.16349697 0.13054099
v 2.49642992 1.09188902 0.13054099
v 1.24026596 2.65029406 0.13054099
v 1.27439701 2.60048008 0.13054099
v 1.34906101 2.67390394 0.13054099
v 1.32395696 2.59454202 0.13054099
v 1.39656198 2.46218895 0.13054099
v 1.30022096 2.51380395 0.13054099
v 1.250813 2.54063105 0.13054099
v 1.19048297 2.57388305 0.13054099
v 1.12269103 2.61070489 0.13054099
v 1.06108295 2.64867711 0.13054099
v 1.21116805 2.69239497 0.13054099
v 1.17674505 2.73738694 0.13054099
v 1.35216796 2.71905994 0.13054099
v 1.34894299 2.76557588 0.13054099
v 1.52393198 2.68542909 0.13054099
v 1.56255102 2.72150707 0.13054099
v 1.48865294 2.64665389 0.13054099
v 1.41890299 2.55610489 0.13054099
v 1.65173602 2.62072992 0.13054099
v 1.59075403 2.59597611 0.13054099
v 1.47977399 2.52423191 0.13054099
v 1.45699894 2.42737507 0.13054099
v 1.72304594 2.63736891 0.13054099
v 1.24712705 2.48268294 0.13054099
v 1.18060696 2.51644206 0.13054099
v 1.45821404 2.36249899 0.13054099
v 1.39676797 2.39970994 0.13054099
v 1.30002403 2.45419192 0.13054099
v 1.10617303 2.55159091 0.13054099
v 1.04500603 2.57583999 0.13054099
v 1.48869001 2.34317994 0.13054099
v 1.48508405 2.4080851 0.13054099
v 1.50896894 2.50657391 0.13054099
v 1.61877298 2.57674408 0.13054099
v 1.68218994 2.60058188 0.13054099
v 1.762295 2.61113905 0.13054099
v 1.09586203 2.52490711 0.13054099
v 1.17639601 2.48828792 0.13054099
v 1.24800205 2.45282602 0.13054099
v 1.30425095 2.42354798 0.13054099
v 1.40946102 2.36368393 0.13054099
v 1.47600805 2.32224988 0.13054099
v 1.50722599 2.30203199 0.13054099
v 1.08129799 2.49049902 0.13054099
v 1.16054296 2.45447802 0.13054099
v 1.23128497 2.41943407 0.13054099
v 1.28683197 2.39050889 0.13054099
v 1.39034104 2.33161807 0.13054099
v 1.45629394 2.29091906 0.13054099
v 1.48750996 2.27094197 0.13054099
v 1.73495304 2.35659098 0.13054099
v 1.75899994 2.30103492 0.13054099
v 1.84660804 2.35844206 0.13054099
v 1.80665504 2.2854979 0.13054099
v 1.85269296 2.14145493 0.13054099
v 1.76776897 2.21093988 0.13054099
v 1.72428405 2.24694109 0.13054099
v 1.67128098 2.29137206 0.13054099
v 1.61161804 2.34076809 0.13054099
v 1.55826401 2.39008307 0.13054099
v 1.71437096 2.40357494 0.13054099
v 1.68909597 2.45447111 0.13054099
v 1.85831904 2.40213298 0.13054099
v 1.86404705 2.44839501 0.13054099
v 2.0210669 2.33550095 0.13054099
v 2.06603407 2.36332392 0.13054099
v 1.97887194 2.30436492 0.13054099
v 1.892771 2.22919607 0.13054099
v 2.13456988 2.24698591 0.13054099
v 2.06972193 2.2346549 0.13054099
v 1.94659304 2.18601608 0.13054099
v 1.90549898 2.09545588 0.13054099
v 2.20804691 2.24934291 0.13054099
v 1.70950698 2.19080495 0.13054099
v 1.65052294 2.23695111 0.13054099
v 1.89417505 2.03158402 0.13054099
v 1.84084796 2.08012104 0.13054099
v 1.75609803 2.1524949 0.13054099
v 1.58401703 2.28601408 0.13054099
v 1.52847802 2.32178592 0.13054099
v 1.92045199 2.00665211 0.13054099
v 1.92943799 2.07103991 0.13054099
v 1.97194802 2.16296601 0.13054099
v 2.09363293 2.21029996 0.13054099
v 2.16070795 2.22125697 0.13054099
v 2.24168896 2.21592211 0.13054099
v 1.90457499 1.93673598 0.13054099
v 1.56874299 2.26185107 0.13054099
v 1.64096295 2.21017289 0.13054099
v 1.70462095 2.1613481 0.13054099
v 1.75435304 2.12160706 0.13054099
v 1.84639096 2.04228806 0.13054099
v 1.90391802 1.98861694 0.13054099
v 1.93020701 1.96345198 0.13054099
v 1.54779696 2.23095893 0.13054099
v 1.61885297 2.18009901 0.13054099
v 1.68173098 2.13187003 0.13054099
v 1.73083496 2.09262299 0.13054099
v 1.82137095 2.01457309 0.13054099
v 1.87914598 1.96108901 0.13054099
v 0.13876299 2.92424511 0.13054099
v 0.18875899 2.89114093 0.13054099
v 0.23041699 2.98765492 0.13054099
v 0.236698 2.90456199 0.13054099
v 0.35288199 2.80970192 0.13054099
v 0.24481399 2.82072401 0.13054099
v 0.189244 2.82670211 0.13054099
v 0.121192 2.83445596 0.13054099
v 0.04490799 2.842664 0.13054099
v -0.026112 2.85431194 0.13054099
v 0.09628099 2.95212507 0.13054099
v 0.047811 2.98066401 0.13054099
v 0.21655599 3.03066802 0.13054099
v 0.196362 3.07252907 0.13054099
v 0.387454 3.06507396 0.13054099
v 0.40971601 3.11323905 0.13054099
v 0.36928498 3.01569104 0.13054099
v 0.33856099 2.90520191 0.13054099
v 0.52922099 3.05389595 0.13054099
v 0.482196 3.00770711 0.13054099
v 0.40652498 2.898916 0.13054099
v 0.42156699 2.80051994 0.13054099
v 0.58875697 3.09651804 0.13054099
v 0.20741699 2.77162098 0.13054099
v 0.133449 2.7775011 0.13054099
v 0.44686201 2.74092888 0.13054099
v 0.37634998 2.75192809 0.13054099
v 0.26682698 2.76545 0.13054099
v 0.05164299 2.78161406 0.13054099
v -0.013878 2.78070807 0.13054099
v 0.48215699 2.73464989 0.13054099
v 0.45463699 2.79338097 0.13054099
v 0.44000399 2.89369297 0.13054099
v 0.515145 3.00058794 0.13054099
v 0.56474202 3.04685592 0.13054099
v 0.63461899 3.087188 0.13054099
v 0.052058 2.75296998 0.13054099
v 0.140046 2.74981999 0.13054099
v 0.21934199 2.74432992 0.13054099
v 0.28215101 2.73868203 0.13054099
v 0.401488 2.72340893 0.13054099
v 0.47827801 2.71044588 0.13054099
v 0.51458901 2.70363593 0.13054099
v 0.051429 2.71554994 0.13054099
v 0.13801999 2.71245098 0.13054099
v 0.216371 2.70703005 0.13054099
v 0.27840301 2.7014451 0.13054099
v 0.39583 2.68641996 0.13054099
v 0.47181099 2.673918 0.13054099
v 0.50803697 2.66733503 0.13054099
v 0.70396399 2.84099292 0.13054099
v 0.74679297 2.79873609 0.13054099
v 0.806028 2.88529205 0.13054099
v 0.79643702 2.80252099 0.13054099
v 0.89256399 2.68670988 0.13054099
v 0.788477 2.71866607 0.13054099
v 0.73502397 2.73541808 0.13054099
v 0.66965502 2.75633788 0.13054099
v 0.59629797 2.7793219 0.13054099
v 0.52877199 2.80463409 0.13054099
v 0.66752398 2.87666297 0.13054099
v 0.62532597 2.91416096 0.13054099
v 0.800556 2.93020796 0.13054099
v 0.78863501 2.97523999 0.13054099
v 0.97501498 2.93053293 0.13054099
v 1.00601005 2.97342896 0.13054099
v 0.94780498 2.88562297 0.13054099
v 0.89664799 2.78320407 0.13054099
v 1.11226999 2.89180994 0.13054099
v 1.05728101 2.85569 0.13054099
v 0.96224898 2.76375293 0.13054099
v 0.95831501 2.66425895 0.13054099
v 1.17888402 2.92196703 0.13054099
v 0.74239397 2.67780995 0.13054099
v 0.67085897 2.69804596 0.13054099
v 0.97181701 2.60083293 0.13054099
v 0.90461802 2.62542796 0.13054099
v 0.799582 2.66012907 0.13054099
v 0.591304 2.71809291 0.13054099
v 0.52679598 2.73002409 0.13054099
v 1.00531196 2.58777403 0.13054099
v 0.98945802 2.65077495 0.13054099
v 0.99416297 2.7520709 0.13054099
v 1.08832597 2.84225392 0.13054099
v 1.14586198 2.87794089 0.13054099
v 1.22222101 2.90384101 0.13054099
v 1.01694703 2.51702189 0.13054099
v 0.586259 2.68990588 0.13054099
v 0.672068 2.66960907 0.13054099
v 0.74890899 2.64869999 0.13054099
v 0.80953598 2.63086891 0.13054099
v 0.923882 2.5925281 0.13054099
v 0.99687898 2.56478595 0.13054099
v 1.03047597 2.55151391 0.13054099
v 0.57851302 2.65331697 0.13054099
v 0.66295701 2.63333296 0.13054099
v 0.73887902 2.61267709 0.13054099
v 0.79875302 2.59506988 0.13054099
v 0.911264 2.55735111 0.13054099
v 0.98443698 2.52987289 0.13054099
v 0.67339497 -2.75066804 -0.13054099
v 0.74047601 -2.73289394 -0.13054099
v 0.789218 -2.81588101 -0.13054099
v 0.72386497 -2.83605694 -0.13054099
v 0.96460801 -2.66721797 -0.13054099
v 0.98167002 -2.75710201 -0.13054099
v 0.92297297 -2.74557089 -0.13054099
v 0.89857202 -2.68606209 -0.13054099
v 0.80165702 -2.93001699 -0.13054099
v 0.92012101 -2.8509221 -0.13054099
v 0.94891899 -2.88547492 -0.13054099
v 0.803065 -2.98272395 -0.13054099
v 1.03847503 -2.64562988 -0.13054099
v 1.03146004 -2.76667499 -0.13054099
v 0.80019998 -3.03586602 -0.13054099
v 0.62800401 -3.0888319 -0.13054099
v 0.66746497 -3.02656793 -0.13054099
v 0.88347297 -2.776335 -0.13054099
v 0.84479397 -2.70178294 -0.13054099
v 0.69399398 -2.96578908 -0.13054099
v 0.98316001 -2.91652298 -0.13054099
v 1.08706295 -2.77456498 -0.13054099
v 1.10875594 -2.62924099 -0.13054099
v 0.93202501 -2.61914992 -0.13054099
v 0.86121398 -2.64200401 -0.13054099
v 0.80381 -2.65900611 -0.13054099
v 0.69723498 -2.68836307 -0.13054099
v 1.00948298 -2.59166598 -0.13054099
v 1.06997597 -2.56576395 -0.13054099
v 0.62779599 -2.7051289 -0.13054099
v 0.58205997 -3.0977261 -0.13054099
v 0.63193798 -3.03362107 -0.13054099
v 0.660815 -2.97179389 -0.13054099
v 0.69089001 -2.84401702 -0.13054099
v 0.64009302 -2.75668311 -0.13054099
v 0.59276002 -2.71280908 -0.13054099
v 0.58734697 -2.6889081 -0.13054099
v 0.66332501 -2.67155909 -0.13054099
v 0.77963399 -2.64007401 -0.13054099
v 0.83998501 -2.62128806 -0.13054099
v 0.91559302 -2.59604692 -0.13054099
v 0.99841797 -2.56529808 -0.13054099
v 0.579737 -2.65261101 -0.13054099
v 0.65479397 -2.63514804 -0.13054099
v 0.76923698 -2.60416007 -0.13054099
v 0.82883697 -2.58560609 -0.13054099
v 0.903539 -2.56066489 -0.13054099
v 0.98504197 -2.53041005 -0.13054099
v 0.125946 -2.82951998 -0.13054099
v 0.195075 -2.82519793 -0.13054099
v 0.227098 -2.9161601 -0.13054099
v 0.15921799 -2.92317891 -0.13054099
v 0.42717799 -2.80455803 -0.13054099
v 0.42682099 -2.89609289 -0.13054099
v 0.371506 -2.87329793 -0.13054099
v 0.358902 -2.81014609 -0.13054099
v 0.217682 -3.03058695 -0.13054099
v 0.34873899 -2.97613 -0.13054099
v 0.37041598 -3.01565408 -0.13054099
v 0.209102 -3.08259606 -0.13054099
v 0.50363498 -2.79781007 -0.13054099
v 0.47377699 -2.9152081 -0.13054099
v 0.196263 -3.13419008 -0.13054099
v 0.017455 -3.15250206 -0.13054099
v 0.067892 -3.09911799 -0.13054099
v 0.326965 -2.89577388 -0.13054099
v 0.30322098 -2.8150649 -0.13054099
v 0.105382 -3.04465389 -0.13054099
v 0.39808899 -3.05283188 -0.13054099
v 0.526739 -2.93382 -0.13054099
v 0.57558101 -2.79544901 -0.13054099
v 0.40440499 -2.75101995 -0.13054099
v 0.33067798 -2.75959992 -0.13054099
v 0.27119401 -2.7650671 -0.13054099
v 0.16115699 -2.77303504 -0.13054099
v 0.48550999 -2.73918795 -0.13054099
v 0.54969 -2.72558903 -0.13054099
v 0.089896 -2.77591705 -0.13054099
v -0.029277 -3.15224289 -0.13054099
v 0.031725 -3.0990951 -0.13054099
v 0.071718 -3.04405593 -0.13054099
v 0.125384 -2.92455196 -0.13054099
v 0.09215299 -2.82891392 -0.13054099
v 0.054087 -2.77661609 -0.13054099
v 0.017346 -2.75262904 -0.13054099
v 0.053325 -2.75210809 -0.13054099
v 0.13111299 -2.74993109 -0.13054099
v 0.25110501 -2.74176788 -0.13054099
v 0.313822 -2.73513007 -0.13054099
v 0.39270499 -2.72514104 -0.13054099
v 0.47969499 -2.71115589 -0.13054099
v 0.017006 -2.71553301 -0.13054099
v 0.05182699 -2.71501898 -0.13054099
v 0.129682 -2.71254205 -0.13054099
v 0.247755 -2.70450091 -0.13054099
v 0.309695 -2.69793701 -0.13054099
v 0.38763898 -2.68806409 -0.13054099
v 0.473246 -2.6743071 -0.13054099
v 0.54373097 -2.66036295 -0.13054099
v 0.55117797 -2.69648194 -0.13054099
v 1.67267704 -2.28488206 -0.13054099
v 1.72845995 -2.24271988 -0.13054099
v 1.80498695 -2.30084204 -0.13054099
v 1.75167799 -2.34457302 -0.13054099
v 1.91251897 -2.09597611 -0.13054099
v 1.96224403 -2.17261409 -0.13054099
v 1.90320396 -2.18445491 -0.13054099
v 1.85809397 -2.13874507 -0.13054099
v 1.85931694 -2.4017229 -0.13054099
v 1.94009804 -2.28305888 -0.13054099
v 1.97989594 -2.30399107 -0.13054099
v 1.88033497 -2.44999408 -0.13054099
v 1.97322201 -2.04766893 -0.13054099
v 2.01225304 -2.16237306 -0.13054099
v 1.89751005 -2.50030398 -0.13054099
v 1.75679099 -2.61539506 -0.13054099
v 1.770352 -2.54260397 -0.13054099
v 1.87795603 -2.22808408 -0.13054099
v 1.81391203 -2.1739149 -0.13054099
v 1.77238202 -2.47614693 -0.13054099
v 2.02346301 -2.31961703 -0.13054099
v 2.06706404 -2.14833903 -0.13054099
v 2.03254509 -2.00553298 -0.13054099
v 1.86405599 -2.06399393 -0.13054099
v 1.80671203 -2.11230397 -0.13054099
v 1.75965702 -2.15004992 -0.13054099
v 1.67147696 -2.21808195 -0.13054099
v 1.92585194 -2.00886511 -0.13054099
v 1.97244 -1.96168899 -0.13054099
v 1.61314904 -2.26022505 -0.13054099
v 1.71730005 -2.64124107 -0.13054099
v 1.73988699 -2.56276202 -0.13054099
v 1.74371802 -2.49441599 -0.13054099
v 1.723953 -2.36459589 -0.13054099
v 1.64393699 -2.30322289 -0.13054099
v 1.58343195 -2.28075599 -0.13054099
v 1.56942498 -2.26071 -0.13054099
v 1.633605 -2.21553397 -0.13054099
v 1.73002398 -2.14179205 -0.13054099
v 1.77914094 -2.10126304 -0.13054099
v 1.84003996 -2.048918 -0.13054099
v 1.90559196 -1.98870694 -0.13054099
v 1.54871296 -2.23002696 -0.13054099
v 1.611979 -2.18509507 -0.13054099
v 1.70682704 -2.11255097 -0.13054099
v 1.75531804 -2.07252502 -0.13054099
v 1.81547105 -2.02080988 -0.13054099
v 1.87995505 -1.96156001 -0.13054099
v 1.19309699 -2.56768488 -0.13054099
v 1.25571095 -2.53720307 -0.13054099
v 1.31939697 -2.60916495 -0.13054099
v 1.25892102 -2.64167809 -0.13054099
v 1.46376705 -2.42915201 -0.13054099
v 1.49764204 -2.5140419 -0.13054099
v 1.43767905 -2.51413703 -0.13054099
v 1.40236604 -2.46050095 -0.13054099
v 1.35322701 -2.71874308 -0.13054099
v 1.45484805 -2.6180849 -0.13054099
v 1.48973405 -2.64638805 -0.13054099
v 1.36456596 -2.77020502 -0.13054099
v 1.53236401 -2.39359593 -0.13054099
v 1.54846704 -2.51374888 -0.13054099
v 1.37176895 -2.8229289 -0.13054099
v 1.21231901 -2.90840911 -0.13054099
v 1.239416 -2.83962106 -0.13054099
v 1.40464603 -2.55201005 -0.13054099
v 1.35243403 -2.48637604 -0.13054099
v 1.25405395 -2.77480292 -0.13054099
v 1.52931594 -2.67020297 -0.13054099
v 1.60470402 -2.51066899 -0.13054099
v 1.59842598 -2.36384105 -0.13054099
v 1.42255497 -2.3883109 -0.13054099
v 1.35722696 -2.42452311 -0.13054099
v 1.30398201 -2.45237398 -0.13054099
v 1.20472204 -2.50190305 -0.13054099
v 1.49354994 -2.3462851 -0.13054099
v 1.54815304 -2.30910491 -0.13054099
v 1.13961195 -2.53186607 -0.13054099
v 1.16879594 -2.92607092 -0.13054099
v 1.205796 -2.85345792 -0.13054099
v 1.22254598 -2.7871499 -0.13054099
v 1.22799003 -2.65590405 -0.13054099
v 1.161484 -2.58006811 -0.13054099
v 1.10661494 -2.54622006 -0.13054099
v 1.06355202 -2.5380969 -0.13054099
v 1.09675502 -2.52381491 -0.13054099
v 1.16817998 -2.49200701 -0.13054099
v 1.27659797 -2.43849396 -0.13054099
v 1.33239805 -2.40832591 -0.13054099
v 1.40198504 -2.36884093 -0.13054099
v 1.47763204 -2.32256794 -0.13054099
v 1.04937899 -2.50388407 -0.13054099
v 1.08150994 -2.49005508 -0.13054099
v 1.15286898 -2.45794796 -0.13054099
v 1.259539 -2.40528106 -0.13054099
v 1.31463694 -2.37547206 -0.13054099
v 1.38338303 -2.33647298 -0.13054099
v 1.45781505 -2.29092598 -0.13054099
v 1.51812994 -2.25100088 -0.13054099
v 1.53861796 -2.28158497 -0.13054099
v 2.42787504 -1.47062099 -0.13054099
v 2.46384 -1.41023898 -0.13054099
v 2.55749201 -1.43458199 -0.13054099
v 2.5244019 -1.49549794 -0.13054099
v 2.57946491 -1.20392096 -0.13054099
v 2.6552999 -1.25566494 -0.13054099
v 2.60469508 -1.28928196 -0.13054099
v 2.54505896 -1.26435995 -0.13054099
v 2.64673399 -1.50699496 -0.13054099
v 2.676898 -1.36626303 -0.13054099
v 2.72209191 -1.37033605 -0.13054099
v 2.68476796 -1.54355001 -0.13054099
v 2.61758494 -1.13598799 -0.13054099
v 2.69808793 -1.22700095 -0.13054099
v 2.71997594 -1.58347904 -0.13054099
v 2.63217711 -1.74397194 -0.13054099
v 2.61722207 -1.67144298 -0.13054099
v 2.59782099 -1.33930003 -0.13054099
v 2.51728701 -1.31382405 -0.13054099
v 2.59385395 -1.60920095 -0.13054099
v 2.7687819 -1.36803603 -0.13054099
v 2.74391102 -1.19297504 -0.13054099
v 2.65677404 -1.07426405 -0.13054099
v 2.52194595 -1.192981 -0.13054099
v 2.48695802 -1.25964105 -0.13054099
v 2.45750498 -1.31259203 -0.13054099
v 2.40124201 -1.40933394 -0.13054099
v 2.55843997 -1.11830294 -0.13054099
v 2.58377599 -1.056836 -0.13054099
v 2.36291289 -1.47067904 -0.13054099
v 2.60507106 -1.78306102 -0.13054099
v 2.59641003 -1.70178496 -0.13054099
v 2.5740261 -1.63710904 -0.13054099
v 2.50614404 -1.52464294 -0.13054099
v 2.40805196 -1.49861598 -0.13054099
v 2.34302592 -1.50107097 -0.13054099
v 2.32230806 -1.48791801 -0.13054099
v 2.3649311 -1.42150998 -0.13054099
v 2.42669105 -1.31635105 -0.13054099
v 2.45699691 -1.26003396 -0.13054099
v 2.49374198 -1.18827199 -0.13054099
v 2.53177595 -1.10746204 -0.13054099
v 2.29127788 -1.46749603 -0.13054099
v 2.33312702 -1.40167796 -0.13054099
v 2.39384603 -1.29820895 -0.13054099
v 2.42374396 -1.24260795 -0.13054099
v 2.46001601 -1.17171895 -0.13054099
v 2.497406 -1.09221303 -0.13054099
v 2.08792495 -1.916224 -0.13054099
v 2.13478088 -1.86400294 -0.13054099
v 2.22140002 -1.90613699 -0.13054099
v 2.17726707 -1.95942902 -0.13054099
v 2.28786706 -1.68421995 -0.13054099
v 2.35170197 -1.74973094 -0.13054099
v 2.29578208 -1.77283299 -0.13054099
v 2.24248695 -1.73677599 -0.13054099
v 2.29435396 -1.99454402 -0.13054099
v 2.35117197 -1.862396 -0.13054099
v 2.39444804 -1.87518596 -0.13054099
v 2.32434511 -2.03780198 -0.13054099
v 2.33835792 -1.62501204 -0.13054099
v 2.39903092 -1.72995197 -0.13054099
v 2.35092806 -2.08383607 -0.13054099
v 2.2342081 -2.22414898 -0.13054099
v 2.23365807 -2.15009498 -0.13054099
v 2.27930998 -1.82055103 -0.13054099
v 2.20572996 -1.77988004 -0.13054099
v 2.222929 -2.08447408 -0.13054099
v 2.44041991 -1.88203597 -0.13054099
v 2.45036792 -1.705513 -0.13054099
v 2.38867807 -1.57213795 -0.13054099
v 2.23391008 -1.66227698 -0.13054099
v 2.18673396 -1.72082805 -0.13054099
v 2.14765095 -1.76701402 -0.13054099
v 2.073879 -1.85091805 -0.13054099
v 2.28414011 -1.596156 -0.13054099
v 2.32091403 -1.54080998 -0.13054099
v 2.02452492 -1.90360701 -0.13054099
v 2.2002151 -2.25719094 -0.13054099
v 2.2074821 -2.17579388 -0.13054099
v 2.1981759 -2.10800099 -0.13054099
v 2.15378689 -1.98446095 -0.13054099
v 2.0631349 -1.939821 -0.13054099
v 1.99919998 -1.92955398 -0.13054099
v 1.95599794 -1.93854498 -0.13054099
v 1.98154103 -1.91260194 -0.13054099
v 2.03607201 -1.85579097 -0.13054099
v 2.11685609 -1.76468896 -0.13054099
v 2.15742802 -1.71536696 -0.13054099
v 2.20731902 -1.652161 -0.13054099
v 2.26026105 -1.58033704 -0.13054099
v 1.92985594 -1.91232502 -0.13054099
v 1.95456802 -1.88722598 -0.13054099
v 2.00890088 -1.83013594 -0.13054099
v 2.0883491 -1.74051404 -0.13054099
v 2.12839508 -1.69180595 -0.13054099
v 2.17766094 -1.62935602 -0.13054099
v 2.22972703 -1.55868196 -0.13054099
v 2.27075791 -1.49863302 -0.13054099
v 2.30153107 -1.51904201 -0.13054099
v 2.81857204 -0.428415 -0.13054099
v 2.82856106 -0.35884198 -0.13054099
v 2.92553496 -0.345362 -0.13054099
v 2.91842007 -0.41428101 -0.13054099
v 2.85564494 -0.12404499 -0.13054099
v 2.94676709 -0.14266 -0.13054099
v 2.91270899 -0.19311399 -0.13054099
v 2.84725308 -0.19302499 -0.13054099
v 3.03720998 -0.37791201 -0.13054099
v 3.0103271 -0.23642399 -0.13054099
v 3.05414509 -0.22282199 -0.13054099
v 3.08703804 -0.397046 -0.13054099
v 2.86450791 -0.04670599 -0.13054099
v 2.975461 -0.09976699 -0.13054099
v 3.1355431 -0.42037099 -0.13054099
v 3.11595988 -0.60231 -0.13054099
v 3.07375502 -0.54107099 -0.13054099
v 2.92590189 -0.241925 -0.13054099
v 2.84072399 -0.249345 -0.13054099
v 3.02766704 -0.49257499 -0.13054099
v 3.0968759 -0.20275999 -0.13054099
v 3.00487589 -0.05077 -0.13054099
v 2.87677693 0.025272 -0.13054099
v 2.79766202 -0.13603499 -0.13054099
v 2.79117488 -0.210986 -0.13054099
v 2.78444194 -0.27116501 -0.13054099
v 2.76976895 -0.38205701 -0.13054099
v 2.802356 -0.053119 -0.13054099
v 2.8017869 0.013317 -0.13054099
v 2.75794792 -0.453408 -0.13054099
v 3.10579705 -0.64881598 -0.13054099
v 3.06610393 -0.57708597 -0.13054099
v 3.02000999 -0.52597302 -0.13054099
v 2.91274595 -0.44820499 -0.13054099
v 2.81098699 -0.46187201 -0.13054099
v 2.7512381 -0.48910701 -0.13054099
v 2.72676992 -0.484923 -0.13054099
v 2.74063897 -0.40725201 -0.13054099
v 2.75715303 -0.286466 -0.13054099
v 2.76336693 -0.22285699 -0.13054099
v 2.76949501 -0.142513 -0.13054099
v 2.773211 -0.053351 -0.13054099
v 2.68985009 -0.47798499 -0.13054099
v 2.70321393 -0.401158 -0.13054099
v 2.71940803 -0.28235301 -0.13054099
v 2.72551107 -0.219549 -0.13054099
v 2.7315309 -0.14022199 -0.13054099
v 2.73515009 -0.052494 -0.13054099
v 2.67407202 -0.97047799 -0.13054099
v 2.69766306 -0.90424597 -0.13054099
v 2.79484009 -0.90989702 -0.13054099
v 2.77417802 -0.97608 -0.13054099
v 2.77098989 -0.67940402 -0.13054099
v 2.85603499 -0.71538001 -0.13054099
v 2.81275391 -0.758192 -0.13054099
v 2.74899911 -0.74536502 -0.13054099
v 2.89714002 -0.96355599 -0.13054099
v 2.89918804 -0.81963902 -0.13054099
v 2.94458603 -0.81484097 -0.13054099
v 2.9418621 -0.99201101 -0.13054099
v 2.79513502 -0.60532701 -0.13054099
v 2.89257693 -0.67893499 -0.13054099
v 2.98445701 -1.024315 -0.13054099
v 2.9292531 -1.19884097 -0.13054099
v 2.90029501 -1.13059103 -0.13054099
v 2.81585001 -0.80859601 -0.13054099
v 2.73137497 -0.79929101 -0.13054099
v 2.86502909 -1.07409799 -0.13054099
v 2.99021101 -0.80350297 -0.13054099
v 2.93105411 -0.63664901 -0.13054099
v 2.82154703 -0.53718 -0.13054099
v 2.71208906 -0.67985302 -0.13054099
v 2.69076395 -0.752043 -0.13054099
v 2.67216992 -0.80971097 -0.13054099
v 2.635746 -0.91554498 -0.13054099
v 2.73329305 -0.59951102 -0.13054099
v 2.74608397 -0.53429698 -0.13054099
v 2.61001396 -0.98317402 -0.13054099
v 2.91014099 -1.24244797 -0.13054099
v 2.88569307 -1.16441595 -0.13054099
v 2.85093998 -1.10533094 -0.13054099
v 2.76189589 -1.00822198 -0.13054099
v 2.66002202 -1.001791 -0.13054099
v 2.59637308 -1.01685595 -0.13054099
v 2.55951404 -1.04176199 -0.13054099
v 2.57335901 -1.007995 -0.13054099
v 2.60233688 -0.934556 -0.13054099
v 2.64252305 -0.81938397 -0.13054099
v 2.66129088 -0.75825297 -0.13054099
v 2.68334102 -0.680718 -0.13054099
v 2.7048459 -0.59406799 -0.13054099
v 2.52501702 -1.02757096 -0.13054099
v 2.53840088 -0.99489402 -0.13054099
v 2.5670731 -0.92129498 -0.13054099
v 2.60655498 -0.808007 -0.13054099
v 2.62506103 -0.74764102 -0.13054099
v 2.6468091 -0.67106002 -0.13054099
v 2.66792798 -0.58580398 -0.13054099
v 2.6828351 -0.51460099 -0.13054099
v 2.71950602 -0.52162897 -0.13054099
v -2.76467394 -0.68258297 -0.13054099
v -2.7458589 -0.75032597 -0.13054099
v -2.82890892 -0.80096197 -0.13054099
v -2.85022306 -0.73496401 -0.13054099
v -2.67642498 -0.97636997 -0.13054099
v -2.76664209 -0.99512302 -0.13054099
v -2.75597095 -0.93544799 -0.13054099
v -2.69640088 -0.909792 -0.13054099
v -2.94383788 -0.81543099 -0.13054099
v -2.86213398 -0.93431401 -0.13054099
v -2.89643311 -0.96415102 -0.13054099
v -2.99697995 -0.81775897 -0.13054099
v -2.65354895 -1.05080401 -0.13054099
v -2.77543091 -1.04575002 -0.13054099
v -3.0506401 -0.81580197 -0.13054099
v -3.10703206 -0.641595 -0.13054099
v -3.04348492 -0.680682 -0.13054099
v -2.78758788 -0.89590102 -0.13054099
v -2.71302294 -0.85556197 -0.13054099
v -2.98166799 -0.70666599 -0.13054099
v -2.92708897 -0.999489 -0.13054099
v -2.78238391 -1.10225296 -0.13054099
v -2.63591599 -1.12166297 -0.13054099
v -2.62850499 -0.94266498 -0.13054099
v -2.6525321 -0.87132799 -0.13054099
v -2.67045211 -0.81344598 -0.13054099
v -2.70144796 -0.70591098 -0.13054099
v -2.59970307 -1.02062094 -0.13054099
v -2.5727241 -1.08140194 -0.13054099
v -2.71922993 -0.63578999 -0.13054099
v -3.1167519 -0.59499102 -0.13054099
v -3.05117392 -0.64468199 -0.13054099
v -2.9882431 -0.67304801 -0.13054099
v -2.85873389 -0.70163703 -0.13054099
v -2.77118492 -0.64891398 -0.13054099
v -2.72740507 -0.60040098 -0.13054099
v -2.70329594 -0.59464198 -0.13054099
v -2.68489003 -0.67137199 -0.13054099
v -2.65167093 -0.78872102 -0.13054099
v -2.63193011 -0.84954601 -0.13054099
v -2.60546398 -0.92569202 -0.13054099
v -2.57332706 -1.00901997 -0.13054099
v -2.66667008 -0.58651298 -0.13054099
v -2.64820003 -0.66229099 -0.13054099
v -2.6155641 -0.777731 -0.13054099
v -2.59609794 -0.83778798 -0.13054099
v -2.5699861 -0.91300201 -0.13054099
v -2.53840088 -0.99498397 -0.13054099
v -2.85005807 -0.128314 -0.13054099
v -2.84515309 -0.19839599 -0.13054099
v -2.93724203 -0.231765 -0.13054099
v -2.9449861 -0.16289499 -0.13054099
v -2.82206606 -0.433622 -0.13054099
v -2.91479897 -0.434336 -0.13054099
v -2.8923161 -0.377909 -0.13054099
v -2.82842302 -0.36443299 -0.13054099
v -3.05352401 -0.22342599 -0.13054099
v -2.9968059 -0.35600099 -0.13054099
v -3.03662705 -0.378531 -0.13054099
v -3.106426 -0.215304 -0.13054099
v -2.81440091 -0.511074 -0.13054099
v -2.9336009 -0.48225298 -0.13054099
v -3.15897488 -0.202858 -0.13054099
v -3.17948103 -0.021017 -0.13054099
v -3.12468004 -0.07181199 -0.13054099
v -2.91556596 -0.33295199 -0.13054099
v -2.83393001 -0.30800399 -0.13054099
v -3.06893611 -0.109384 -0.13054099
v -3.07395792 -0.40716499 -0.13054099
v -2.95175695 -0.53628301 -0.13054099
v -2.81116604 -0.58401298 -0.13054099
v -2.76805901 -0.40995299 -0.13054099
v -2.77744889 -0.33530899 -0.13054099
v -2.78349304 -0.27506199 -0.13054099
v -2.7924211 -0.16357199 -0.13054099
v -2.75526595 -0.492033 -0.13054099
v -2.74081111 -0.55690902 -0.13054099
v -2.79581499 -0.09133499 -0.13054099
v -3.17964792 0.026569 -0.13054099
v -3.12499189 -0.03500099 -0.13054099
v -3.06863498 -0.075138 -0.13054099
v -2.94666099 -0.128552 -0.13054099
v -2.84968709 -0.09403099 -0.13054099
v -2.79672598 -0.05503299 -0.13054099
v -2.77179503 -0.054106 -0.13054099
v -2.76913404 -0.13293899 -0.13054099
v -2.76000404 -0.25450301 -0.13054099
v -2.75276207 -0.31799501 -0.13054099
v -2.74194192 -0.397843 -0.13054099
v -2.72694206 -0.48583498 -0.13054099
v -2.73408508 -0.052363 -0.13054099
v -2.73113203 -0.13123199 -0.13054099
v -2.72219991 -0.25079301 -0.13054099
v -2.71507406 -0.31348401 -0.13054099
v -2.70442199 -0.39234799 -0.13054099
v -2.68969702 -0.478924 -0.13054099
v -2.67488408 -0.55014401 -0.13054099
v -2.71134901 -0.55808401 -0.13054099
v -2.2808299 -1.68496894 -0.13054099
v -2.23766708 -1.74037003 -0.13054099
v -2.29411411 -1.81865799 -0.13054099
v -2.33884501 -1.765823 -0.13054099
v -2.0877819 -1.92276501 -0.13054099
v -2.16307091 -1.97435796 -0.13054099
v -2.1760919 -1.91517996 -0.13054099
v -2.13145899 -1.86885595 -0.13054099
v -2.39349389 -1.87565398 -0.13054099
v -2.27348995 -1.95445597 -0.13054099
v -2.29343295 -1.99503004 -0.13054099
v -2.44109797 -1.89797997 -0.13054099
v -2.0384891 -1.98284304 -0.13054099
v -2.15181088 -2.02447605 -0.13054099
v -2.49080395 -1.91653001 -0.13054099
v -2.60892295 -1.77706205 -0.13054099
v -2.53598594 -1.78904902 -0.13054099
v -2.22007393 -1.89065897 -0.13054099
v -2.16737699 -1.82508194 -0.13054099
v -2.46964907 -1.78957295 -0.13054099
v -2.30796098 -2.03931903 -0.13054099
v -2.13666105 -2.079319 -0.13054099
v -1.99538803 -2.04160594 -0.13054099
v -2.05685305 -1.87341797 -0.13054099
v -2.1060791 -1.81666004 -0.13054099
v -2.14460206 -1.77002096 -0.13054099
v -2.21413588 -1.68251001 -0.13054099
v -2.00076699 -1.93448698 -0.13054099
v -1.95292699 -1.980394 -0.13054099
v -2.25730299 -1.62452304 -0.13054099
v -2.63565897 -1.73773205 -0.13054099
v -2.55679988 -1.75873005 -0.13054099
v -2.48853111 -1.76102697 -0.13054099
v -2.35939192 -1.73827099 -0.13054099
v -2.29970097 -1.65636003 -0.13054099
v -2.27837395 -1.594944 -0.13054099
v -2.25857901 -1.58046603 -0.13054099
v -2.21227693 -1.64431595 -0.13054099
v -2.13691496 -1.740049 -0.13054099
v -2.09558391 -1.78871703 -0.13054099
v -2.04227304 -1.84900295 -0.13054099
v -1.98107194 -1.91376102 -0.13054099
v -2.22825789 -1.55906605 -0.13054099
v -2.18225288 -1.62200105 -0.13054099
v -2.10813593 -1.71618294 -0.13054099
v -2.06733894 -1.76424694 -0.13054099
v -2.01468896 -1.82379496 -0.13054099
v -1.95448899 -1.887519 -0.13054099
v -2.57266593 -1.20594298 -0.13054099
v -2.54100298 -1.26871895 -0.13054099
v -2.61203908 -1.33443999 -0.13054099
v -2.64577198 -1.27386295 -0.13054099
v -2.429003 -1.47696197 -0.13054099
v -2.51331806 -1.51281201 -0.13054099
v -2.51458001 -1.45222497 -0.13054099
v -2.46150708 -1.41553199 -0.13054099
v -2.72123289 -1.37085998 -0.13054099
v -2.61830806 -1.47165894 -0.13054099
v -2.64591288 -1.50755095 -0.13054099
v -2.77257299 -1.38343703 -0.13054099
v -2.39215707 -1.54553103 -0.13054099
v -2.51200509 -1.56417202 -0.13054099
v -2.82524704 -1.39188897 -0.13054099
v -2.9144051 -1.23197102 -0.13054099
v -2.84479999 -1.25801694 -0.13054099
v -2.55314588 -1.41956102 -0.13054099
v -2.48833608 -1.36557102 -0.13054099
v -2.77945709 -1.27152597 -0.13054099
v -2.66889596 -1.54813194 -0.13054099
v -2.50776791 -1.62093198 -0.13054099
v -2.36114001 -1.61161804 -0.13054099
v -2.38885688 -1.43462503 -0.13054099
v -2.42625808 -1.369313 -0.13054099
v -2.45508003 -1.31603705 -0.13054099
v -2.50642705 -1.216591 -0.13054099
v -2.34552693 -1.50550103 -0.13054099
v -2.30734491 -1.55989801 -0.13054099
v -2.53756403 -1.151268 -0.13054099
v -2.93304801 -1.18815505 -0.13054099
v -2.85936999 -1.22420001 -0.13054099
v -2.79246902 -1.23983597 -0.13054099
v -2.66061806 -1.24281895 -0.13054099
v -2.585639 -1.17418098 -0.13054099
v -2.55250811 -1.11813402 -0.13054099
v -2.54499101 -1.07447397 -0.13054099
v -2.5301361 -1.10782301 -0.13054099
v -2.49707889 -1.17949497 -0.13054099
v -2.44161605 -1.28814804 -0.13054099
v -2.4104321 -1.34397196 -0.13054099
v -2.3697021 -1.41352903 -0.13054099
v -2.3220601 -1.48903203 -0.13054099
v -2.51078295 -1.05963099 -0.13054099
v -2.49642705 -1.09188902 -0.13054099
v -2.46308302 -1.16349697 -0.13054099
v -2.40855908 -1.27037894 -0.13054099
v -2.37778902 -1.32550501 -0.13054099
v -2.33758091 -1.39421403 -0.13054099
v -2.29073 -1.46850204 -0.13054099
v -2.24975895 -1.52861499 -0.13054099
v -2.27999591 -1.54979097 -0.13054099
v -1.45699298 -2.42737507 -0.13054099
v -1.39655602 -2.46218895 -0.13054099
v -1.41889703 -2.55610609 -0.13054099
v -1.47976803 -2.52423191 -0.13054099
v -1.19047701 -2.57388305 -0.13054099
v -1.24026203 -2.65029597 -0.13054099
v -1.274392 -2.60048103 -0.13054099
v -1.250808 -2.54063201 -0.13054099
v -1.48864805 -2.64665699 -0.13054099
v -1.349056 -2.67390489 -0.13054099
v -1.35216295 -2.71906089 -0.13054099
v -1.52392602 -2.68542909 -0.13054099
v -1.12268602 -2.61069989 -0.13054099
v -1.21116304 -2.69239497 -0.13054099
v -1.56254601 -2.72150707 -0.13054099
v -1.72303998 -2.63736891 -0.13054099
v -1.65173101 -2.62072992 -0.13054099
v -1.323951 -2.59454202 -0.13054099
v -1.30021596 -2.51380109 -0.13054099
v -1.59074902 -2.59597396 -0.13054099
v -1.34893703 -2.76557588 -0.13054099
v -1.17673897 -2.73739004 -0.13054099
v -1.06107699 -2.64867711 -0.13054099
v -1.18060195 -2.51644206 -0.13054099
v -1.247123 -2.48268604 -0.13054099
v -1.30001902 -2.45419192 -0.13054099
v -1.39676296 -2.39970588 -0.13054099
v -1.10616803 -2.55158591 -0.13054099
v -1.04500103 -2.57583999 -0.13054099
v -1.45820903 -2.36249995 -0.13054099
v -1.76229 -2.6111381 -0.13054099
v -1.68218398 -2.60058307 -0.13054099
v -1.61876797 -2.57674789 -0.13054099
v -1.50896298 -2.5065701 -0.13054099
v -1.48508 -2.40808606 -0.13054099
v -1.48868405 -2.34318208 -0.13054099
v -1.476004 -2.32224988 -0.13054099
v -1.40945494 -2.36368608 -0.13054099
v -1.30424594 -2.42354488 -0.13054099
v -1.24799704 -2.45282602 -0.13054099
v -1.176391 -2.48828792 -0.13054099
v -1.09585595 -2.52490496 -0.13054099
v -1.45628798 -2.29092001 -0.13054099
v -1.39033603 -2.33161592 -0.13054099
v -1.28682601 -2.39050698 -0.13054099
v -1.23127996 -2.41943407 -0.13054099
v -1.160537 -2.45447897 -0.13054099
v -1.08129394 -2.49050211 -0.13054099
v -1.90549397 -2.09545588 -0.13054099
v -1.852687 -2.14144992 -0.13054099
v -1.89276599 -2.22919988 -0.13054099
v -1.94658803 -2.18601608 -0.13054099
v -1.67127502 -2.29137206 -0.13054099
v -1.73494899 -2.35659098 -0.13054099
v -1.75899505 -2.30103492 -0.13054099
v -1.72427797 -2.24694109 -0.13054099
v -1.97886502 -2.30436301 -0.13054099
v -1.84660196 -2.35844492 -0.13054099
v -1.85831403 -2.40213799 -0.13054099
v -2.02106094 -2.33550095 -0.13054099
v -1.61161196 -2.34076499 -0.13054099
v -1.714365 -2.40357494 -0.13054099
v -2.06602907 -2.36332392 -0.13054099
v -2.20804095 -2.24934601 -0.13054099
v -2.13456296 -2.246984 -0.13054099
v -1.80665004 -2.28549289 -0.13054099
v -1.76776194 -2.21093988 -0.13054099
v -2.06971693 -2.23465609 -0.13054099
v -1.86404204 -2.44839501 -0.13054099
v -1.68909001 -2.45447111 -0.13054099
v -1.55825805 -2.39008307 -0.13054099
v -1.65051698 -2.23695397 -0.13054099
v -1.70950198 -2.19080495 -0.13054099
v -1.75609302 -2.15249991 -0.13054099
v -1.84084296 -2.08012104 -0.13054099
v -1.58401095 -2.28601503 -0.13054099
v -1.52847302 -2.32178592 -0.13054099
v -1.89416897 -2.03158402 -0.13054099
v -2.241683 -2.21592211 -0.13054099
v -2.16070103 -2.22126007 -0.13054099
v -2.09362793 -2.2102971 -0.13054099
v -1.97194302 -2.16296601 -0.13054099
v -1.92943298 -2.07103991 -0.13054099
v -1.92044699 -2.00665211 -0.13054099
v -1.930202 -1.96345198 -0.13054099
v -1.90391302 -1.98861694 -0.13054099
v -1.84638595 -2.04229092 -0.13054099
v -1.75434804 -2.12160992 -0.13054099
v -1.70461499 -2.16134905 -0.13054099
v -1.64095795 -2.21017408 -0.13054099
v -1.56873703 -2.26184892 -0.13054099
v -1.90456795 -1.93673598 -0.13054099
v -1.87914001 -1.96109104 -0.13054099
v -1.82136499 -2.01457309 -0.13054099
v -1.730829 -2.09262299 -0.13054099
v -1.68172705 -2.13187003 -0.13054099
v -1.61884605 -2.1800971 -0.13054099
v -1.547791 -2.23095989 -0.13054099
v -1.48750603 -2.27094006 -0.13054099
v -1.50722003 -2.30203199 -0.13054099
v -0.421561 -2.80052208 -0.13054099
v -0.35287699 -2.80969905 -0.13054099
v -0.338555 -2.90520405 -0.13054099
v -0.40652 -2.898916 -0.13054099
v -0.121187 -2.83446002 -0.13054099
v -0.138757 -2.92424511 -0.13054099
v -0.188754 -2.89114189 -0.13054099
v -0.18923799 -2.82670211 -0.13054099
v -0.36928001 -3.01569104 -0.13054099
v -0.23041099 -2.98765611 -0.13054099
v -0.21654999 -3.03066301 -0.13054099
v -0.38744899 -3.06507611 -0.13054099
v -0.044902 -2.842664 -0.13054099
v -0.096276 -2.95212507 -0.13054099
v -0.409711 -3.1132369 -0.13054099
v -0.58875197 -3.0965209 -0.13054099
v -0.52921599 -3.05389308 -0.13054099
v -0.23669199 -2.90456295 -0.13054099
v -0.244808 -2.82072711 -0.13054099
v -0.48219001 -3.00770711 -0.13054099
v -0.19635699 -3.07253289 -0.13054099
v -0.047805 -2.98066091 -0.13054099
v 0.02611799 -2.85431003 -0.13054099
v -0.13344399 -2.7775011 -0.13054099
v -0.207411 -2.77162194 -0.13054099
v -0.26682201 -2.76544904 -0.13054099
v -0.37634399 -2.75192689 -0.13054099
v -0.051638 -2.78161406 -0.13054099
v 0.013884 -2.78071093 -0.13054099
v -0.44685599 -2.74092888 -0.13054099
v -0.63461297 -3.08719301 -0.13054099
v -0.56473702 -3.04685711 -0.13054099
v -0.51513999 -3.00058794 -0.13054099
v -0.43999901 -2.89368891 -0.13054099
v -0.45463201 -2.79338502 -0.13054099
v -0.482151 -2.73464989 -0.13054099
v -0.478273 -2.71044588 -0.13054099
v -0.40148198 -2.72340488 -0.13054099
v -0.28214499 -2.73868203 -0.13054099
v -0.219336 -2.74432992 -0.13054099
v -0.14004099 -2.74981689 -0.13054099
v -0.052053 -2.75296902 -0.13054099
v -0.47180599 -2.6739161 -0.13054099
v -0.39582499 -2.68641996 -0.13054099
v -0.278398 -2.7014451 -0.13054099
v -0.21636499 -2.70703005 -0.13054099
v -0.138015 -2.71245193 -0.13054099
v -0.051424 -2.71554994 -0.13054099
v -0.95831 -2.6642661 -0.13054099
v -0.89255899 -2.68671393 -0.13054099
v -0.89664298 -2.78320407 -0.13054099
v -0.96224498 -2.76374888 -0.13054099
v -0.66965097 -2.75633692 -0.13054099
v -0.70395797 -2.84099292 -0.13054099
v -0.74678802 -2.79872989 -0.13054099
v -0.73501801 -2.73541688 -0.13054099
v -0.94779998 -2.88562393 -0.13054099
v -0.80602198 -2.88529491 -0.13054099
v -0.80055099 -2.93020796 -0.13054099
v -0.97501099 -2.93053102 -0.13054099
v -0.59629297 -2.7793219 -0.13054099
v -0.66751897 -2.87666297 -0.13054099
v -1.00600504 -2.97342896 -0.13054099
v -1.17887795 -2.92196798 -0.13054099
v -1.11226403 -2.89181089 -0.13054099
v -0.79643201 -2.80252099 -0.13054099
v -0.78847199 -2.71866703 -0.13054099
v -1.05727601 -2.85569 -0.13054099
v -0.78863102 -2.97524309 -0.13054099
v -0.62532097 -2.9141581 -0.13054099
v -0.52876699 -2.80463409 -0.13054099
v -0.67085301 -2.6980431 -0.13054099
v -0.74238902 -2.67780995 -0.13054099
v -0.79957699 -2.66012907 -0.13054099
v -0.904612 -2.62542796 -0.13054099
v -0.59129899 -2.71809291 -0.13054099
v -0.52679002 -2.73002505 -0.13054099
v -0.97181201 -2.60083508 -0.13054099
v -1.22221505 -2.90384101 -0.13054099
v -1.14585602 -2.87793803 -0.13054099
v -1.08832097 -2.84225392 -0.13054099
v -0.99415803 -2.75207209 -0.13054099
v -0.98945301 -2.650779 -0.13054099
v -1.005306 -2.58777403 -0.13054099
v -1.03047001 -2.55151391 -0.13054099
v -0.99687397 -2.56478905 -0.13054099
v -0.923877 -2.5925281 -0.13054099
v -0.80953097 -2.6308701 -0.13054099
v -0.74890297 -2.64870309 -0.13054099
v -0.67206299 -2.66960907 -0.13054099
v -0.58625298 -2.68990588 -0.13054099
v -1.01694202 -2.51702094 -0.13054099
v -0.98443198 -2.52987289 -0.13054099
v -0.91125899 -2.55735111 -0.13054099
v -0.79874801 -2.59507107 -0.13054099
v -0.73887401 -2.61267399 -0.13054099
v -0.662952 -2.63333511 -0.13054099
v -0.57850801 -2.65331792 -0.13054099
v -0.50803101 -2.66733908 -0.13054099
v -0.51458299 -2.70363402 -0.13054099
v -0.67339098 2.75066709 -0.13054099
v -0.740471 2.73289799 -0.13054099
v -0.78921198 2.81588411 -0.13054099
v -0.72385901 2.83605599 -0.13054099
v -0.964603 2.66722106 -0.13054099
v -0.98166501 2.75710105 -0.13054099
v -0.92296797 2.74557089 -0.13054099
v -0.89856702 2.68606209 -0.13054099
v -0.80165201 2.93001699 -0.13054099
v -0.920116 2.850914 -0.13054099
v -0.948915 2.88546896 -0.13054099
v -0.80305999 2.98272395 -0.13054099
v -1.03847003 2.64562988 -0.13054099
v -1.03145504 2.76667904 -0.13054099
v -0.80019497 3.03586697 -0.13054099
v -0.627999 3.0888319 -0.13054099
v -0.66746002 3.02657103 -0.13054099
v -0.88346797 2.77633404 -0.13054099
v -0.84478902 2.70178294 -0.13054099
v -0.69398897 2.96578598 -0.13054099
v -0.98315501 2.91652703 -0.13054099
v -1.08705794 2.77456688 -0.13054099
v -1.10875105 2.62924099 -0.13054099
v -0.93202 2.61914897 -0.13054099
v -0.86120802 2.64200305 -0.13054099
v -0.80380499 2.65900611 -0.13054099
v -0.69722998 2.68836307 -0.13054099
v -1.00947797 2.59166598 -0.13054099
v -1.06997096 2.56576395 -0.13054099
v -0.62778997 2.7051351 -0.13054099
v -0.58205401 3.0977211 -0.13054099
v -0.63193297 3.03361797 -0.13054099
v -0.66080999 2.97179102 -0.13054099
v -0.690885 2.84401607 -0.13054099
v -0.64008802 2.75668406 -0.13054099
v -0.59275502 2.71280598 -0.13054099
v -0.58734101 2.6889069 -0.13054099
v -0.66332 2.6715579 -0.13054099
v -0.77962899 2.64007306 -0.13054099
v -0.83998 2.62128496 -0.13054099
v -0.91558802 2.59604692 -0.13054099
v -0.99841302 2.56529998 -0.13054099
v -0.579732 2.65261101 -0.13054099
v -0.65478897 2.63514804 -0.13054099
v -0.76923197 2.60415911 -0.13054099
v -0.82883197 2.58560609 -0.13054099
v -0.90353399 2.56066489 -0.13054099
v -0.98503702 2.53041005 -0.13054099
v -0.12594099 2.82951998 -0.13054099
v -0.195069 2.82519793 -0.13054099
v -0.22709199 2.9161601 -0.13054099
v -0.15921199 2.92317795 -0.13054099
v -0.427172 2.80455493 -0.13054099
v -0.426815 2.89609193 -0.13054099
v -0.37149998 2.87329697 -0.13054099
v -0.35889598 2.81014609 -0.13054099
v -0.21767699 3.03058695 -0.13054099
v -0.34873399 2.97613 -0.13054099
v -0.370411 3.01565599 -0.13054099
v -0.209096 3.08259296 -0.13054099
v -0.50362902 2.79781007 -0.13054099
v -0.473771 2.9152081 -0.13054099
v -0.19625699 3.13419008 -0.13054099
v -0.017449 3.15250206 -0.13054099
v -0.067886 3.09912109 -0.13054099
v -0.32695901 2.89577388 -0.13054099
v -0.30321601 2.81506109 -0.13054099
v -0.10537599 3.04465389 -0.13054099
v -0.398083 3.05283188 -0.13054099
v -0.52673399 2.93382191 -0.13054099
v -0.575576 2.79544901 -0.13054099
v -0.404399 2.75101804 -0.13054099
v -0.330673 2.75960207 -0.13054099
v -0.271189 2.76506304 -0.13054099
v -0.161151 2.77303695 -0.13054099
v -0.485504 2.73918795 -0.13054099
v -0.54968398 2.72558999 -0.13054099
v -0.089891 2.77591395 -0.13054099
v 0.029282 3.15224194 -0.13054099
v -0.03172 3.09909391 -0.13054099
v -0.071712 3.04405188 -0.13054099
v -0.12537899 2.92454695 -0.13054099
v -0.09214799 2.82891392 -0.13054099
v -0.054081 2.77661109 -0.13054099
v -0.01734 2.7526369 -0.13054099
v -0.05332 2.75210809 -0.13054099
v -0.131107 2.74993109 -0.13054099
v -0.25109899 2.74177002 -0.13054099
v -0.31381601 2.73513007 -0.13054099
v -0.39269998 2.725142 -0.13054099
v -0.47968998 2.71115589 -0.13054099
v -0.017 2.71553111 -0.13054099
v -0.051821 2.71501994 -0.13054099
v -0.12967699 2.71253609 -0.13054099
v -0.247749 2.70449996 -0.13054099
v -0.30968999 2.69793605 -0.13054099
v -0.38763299 2.68806695 -0.13054099
v -0.47323998 2.6743071 -0.13054099
v -0.54372501 2.66036295 -0.13054099
v -0.55117201 2.69648408 -0.13054099
v -1.67267 2.28488206 -0.13054099
v -1.72845494 2.24271988 -0.13054099
v -1.80498302 2.30084204 -0.13054099
v -1.75167405 2.34457302 -0.13054099
v -1.91251504 2.09597611 -0.13054099
v -1.96223902 2.172616 -0.13054099
v -1.90319895 2.18445491 -0.13054099
v -1.85808801 2.13874697 -0.13054099
v -1.85931205 2.4017229 -0.13054099
v -1.94009196 2.28305888 -0.13054099
v -1.97989094 2.30399107 -0.13054099
v -1.88032996 2.44999289 -0.13054099
v -1.97321701 2.04766893 -0.13054099
v -2.01224803 2.16237306 -0.13054099
v -1.89750504 2.50030303 -0.13054099
v -1.75678598 2.61539506 -0.13054099
v -1.77034699 2.54260397 -0.13054099
v -1.87795102 2.22808289 -0.13054099
v -1.81390595 2.1739149 -0.13054099
v -1.77237594 2.47614693 -0.13054099
v -2.023458 2.31961989 -0.13054099
v -2.06705904 2.14833807 -0.13054099
v -2.03254008 2.00553107 -0.13054099
v -1.86405098 2.06399393 -0.13054099
v -1.80670797 2.11230301 -0.13054099
v -1.75965094 2.15004611 -0.13054099
v -1.67147195 2.21808195 -0.13054099
v -1.92584705 2.00886511 -0.13054099
v -1.97243499 1.96168899 -0.13054099
v -1.61314404 2.26022195 -0.13054099
v -1.71729397 2.64124202 -0.13054099
v -1.73988294 2.56276106 -0.13054099
v -1.74371194 2.49442005 -0.13054099
v -1.723948 2.36459589 -0.13054099
v -1.64393198 2.30322289 -0.13054099
v -1.58342695 2.28075599 -0.13054099
v -1.56941902 2.26070904 -0.13054099
v -1.63359904 2.21553206 -0.13054099
v -1.73002004 2.14179205 -0.13054099
v -1.77913594 2.10126304 -0.13054099
v -1.84003496 2.04891705 -0.13054099
v -1.905586 1.98870694 -0.13054099
v -1.54870796 2.2300291 -0.13054099
v -1.611974 2.18509507 -0.13054099
v -1.70682096 2.11255097 -0.13054099
v -1.75531303 2.07252407 -0.13054099
v -1.81546604 2.02080798 -0.13054099
v -1.879951 1.96156001 -0.13054099
v -1.19309103 2.56768488 -0.13054099
v -1.25570702 2.53720307 -0.13054099
v -1.31939196 2.60916495 -0.13054099
v -1.25891494 2.64167189 -0.13054099
v -1.46376204 2.42915201 -0.13054099
v -1.49763596 2.51404404 -0.13054099
v -1.43767595 2.51413703 -0.13054099
v -1.40235996 2.46050095 -0.13054099
v -1.35322296 2.71874594 -0.13054099
v -1.45484304 2.6180849 -0.13054099
v -1.48972797 2.64638805 -0.13054099
v -1.36456096 2.77020502 -0.13054099
v -1.532359 2.39359688 -0.13054099
v -1.54846203 2.51374888 -0.13054099
v -1.37176394 2.8229289 -0.13054099
v -1.21231401 2.90840411 -0.13054099
v -1.23941099 2.83962297 -0.13054099
v -1.40463995 2.55201292 -0.13054099
v -1.35242903 2.48637604 -0.13054099
v -1.25404894 2.77480292 -0.13054099
v -1.52930998 2.67020893 -0.13054099
v -1.60469901 2.51066994 -0.13054099
v -1.59842205 2.3638401 -0.13054099
v -1.42254996 2.38831305 -0.13054099
v -1.35722196 2.42452192 -0.13054099
v -1.30397701 2.45237398 -0.13054099
v -1.20471799 2.50190305 -0.13054099
v -1.49354505 2.3462851 -0.13054099
v -1.54814696 2.30910491 -0.13054099
v -1.13960695 2.53186488 -0.13054099
v -1.16879105 2.92606496 -0.13054099
v -1.20579004 2.85345792 -0.13054099
v -1.22254097 2.78714895 -0.13054099
v -1.22798502 2.6559019 -0.13054099
v -1.16147899 2.58006691 -0.13054099
v -1.10660994 2.54622197 -0.13054099
v -1.06354796 2.5380969 -0.13054099
v -1.09675002 2.52381491 -0.13054099
v -1.16817402 2.49200701 -0.13054099
v -1.27659404 2.43849396 -0.13054099
v -1.33239197 2.40832305 -0.13054099
v -1.40198004 2.36884093 -0.13054099
v -1.47762799 2.32256507 -0.13054099
v -1.04937303 2.50388097 -0.13054099
v -1.08150494 2.49005699 -0.13054099
v -1.15286397 2.45795106 -0.13054099
v -1.259534 2.40528106 -0.13054099
v -1.31463205 2.37547397 -0.13054099
v -1.38337802 2.33647298 -0.13054099
v -1.45780897 2.29092598 -0.13054099
v -1.51812505 2.25100088 -0.13054099
v -1.53861296 2.28158807 -0.13054099
v -2.42787194 1.47061801 -0.13054099
v -2.4638369 1.41023898 -0.13054099
v -2.55749106 1.43458104 -0.13054099
v -2.52440094 1.49549698 -0.13054099
v -2.579463 1.20392096 -0.13054099
v -2.65529704 1.25566494 -0.13054099
v -2.60469293 1.28928196 -0.13054099
v -2.54505705 1.26435995 -0.13054099
v -2.64673304 1.50699794 -0.13054099
v -2.67689895 1.36626303 -0.13054099
v -2.72209 1.37033605 -0.13054099
v -2.68476891 1.54354894 -0.13054099
v -2.61758303 1.13598501 -0.13054099
v -2.69808602 1.22700095 -0.13054099
v -2.71997499 1.58347904 -0.13054099
v -2.63217711 1.74397099 -0.13054099
v -2.61721992 1.67144298 -0.13054099
v -2.59781909 1.33929896 -0.13054099
v -2.51728391 1.31382405 -0.13054099
v -2.59385108 1.60920095 -0.13054099
v -2.76878309 1.36803603 -0.13054099
v -2.74390792 1.19297504 -0.13054099
v -2.65677404 1.07426405 -0.13054099
v -2.5219419 1.19298005 -0.13054099
v -2.48695588 1.25963997 -0.13054099
v -2.45750093 1.31259203 -0.13054099
v -2.40123701 1.40933394 -0.13054099
v -2.55843806 1.11830103 -0.13054099
v -2.58377003 1.05683398 -0.13054099
v -2.36291003 1.47067904 -0.13054099
v -2.60507011 1.78306102 -0.13054099
v -2.59640789 1.70178401 -0.13054099
v -2.57402491 1.63710701 -0.13054099
v -2.5061419 1.52464294 -0.13054099
v -2.40804696 1.49861502 -0.13054099
v -2.343019 1.50107097 -0.13054099
v -2.32230305 1.48791801 -0.13054099
v -2.364928 1.42150902 -0.13054099
v -2.42668795 1.31635105 -0.13054099
v -2.45699405 1.26003396 -0.13054099
v -2.49373793 1.18827199 -0.13054099
v -2.53177309 1.10746204 -0.13054099
v -2.29127502 1.46749401 -0.13054099
v -2.33312392 1.40167701 -0.13054099
v -2.39384293 1.29820895 -0.13054099
v -2.42373991 1.24260795 -0.13054099
v -2.46001291 1.17171895 -0.13054099
v -2.49740505 1.09221005 -0.13054099
v -2.08791995 1.916224 -0.13054099
v -2.13477706 1.86400795 -0.13054099
v -2.2213931 1.90613699 -0.13054099
v -2.17726206 1.95942902 -0.13054099
v -2.28786492 1.68421995 -0.13054099
v -2.35169911 1.74973094 -0.13054099
v -2.29577803 1.77283299 -0.13054099
v -2.24248194 1.73677599 -0.13054099
v -2.2943499 1.994547 -0.13054099
v -2.35116696 1.862396 -0.13054099
v -2.39444494 1.87518596 -0.13054099
v -2.32433891 2.03780198 -0.13054099
v -2.33835291 1.62501204 -0.13054099
v -2.39902806 1.72994804 -0.13054099
v -2.35092496 2.08383607 -0.13054099
v -2.2342031 2.22414898 -0.13054099
v -2.23365402 2.15009498 -0.13054099
v -2.27930808 1.82055103 -0.13054099
v -2.2057259 1.77987694 -0.13054099
v -2.22292304 2.08447408 -0.13054099
v -2.44041609 1.88203597 -0.13054099
v -2.45036506 1.705513 -0.13054099
v -2.38867402 1.57213795 -0.13054099
v -2.23390293 1.66227304 -0.13054099
v -2.1867299 1.72082495 -0.13054099
v -2.14764404 1.76701605 -0.13054099
v -2.07387399 1.85091495 -0.13054099
v -2.28413701 1.596156 -0.13054099
v -2.32090997 1.54080998 -0.13054099
v -2.02452111 1.90360701 -0.13054099
v -2.20021009 2.25719404 -0.13054099
v -2.20747709 2.17579388 -0.13054099
v -2.19816899 2.10799908 -0.13054099
v -2.15378189 1.98445797 -0.13054099
v -2.0631299 1.93982005 -0.13054099
v -1.99919498 1.92955696 -0.13054099
v -1.95599198 1.93854796 -0.13054099
v -1.98153698 1.91260194 -0.13054099
v -2.036067 1.85578703 -0.13054099
v -2.11685109 1.76468896 -0.13054099
v -2.15742397 1.71536302 -0.13054099
v -2.20731496 1.65215897 -0.13054099
v -2.260257 1.58033704 -0.13054099
v -1.92984998 1.91232204 -0.13054099
v -1.95456397 1.88722503 -0.13054099
v -2.00889492 1.83013594 -0.13054099
v -2.0883429 1.74051296 -0.13054099
v -2.12839007 1.69180595 -0.13054099
v -2.17765593 1.62935602 -0.13054099
v -2.22972393 1.55867898 -0.13054099
v -2.27075409 1.49863302 -0.13054099
v -2.30152893 1.51903903 -0.13054099
v -2.81856989 0.428411 -0.13054099
v -2.82855892 0.35884299 -0.13054099
v -2.9255321 0.345362 -0.13054099
v -2.91842198 0.41428101 -0.13054099
v -2.85564494 0.12404499 -0.13054099
v -2.94676709 0.14266 -0.13054099
v -2.91270804 0.19311399 -0.13054099
v -2.84725308 0.19302499 -0.13054099
v -3.03720903 0.377909 -0.13054099
v -3.0103259 0.236423 -0.13054099
v -3.05414509 0.22281999 -0.13054099
v -3.08703708 0.397046 -0.13054099
v -2.86450791 0.04670599 -0.13054099
v -2.9754579 0.09976699 -0.13054099
v -3.13554191 0.42037099 -0.13054099
v -3.11595797 0.60231 -0.13054099
v -3.07375598 0.54107099 -0.13054099
v -2.92590189 0.241924 -0.13054099
v -2.84072303 0.249345 -0.13054099
v -3.02766609 0.49257499 -0.13054099
v -3.09687709 0.20275999 -0.13054099
v -3.00487494 0.05077 -0.13054099
v -2.87677693 -0.025272 -0.13054099
v -2.79766106 0.13603499 -0.13054099
v -2.79117488 0.210986 -0.13054099
v -2.78443789 0.271164 -0.13054099
v -2.76976895 0.38205701 -0.13054099
v -2.80235695 0.053119 -0.13054099
v -2.80178594 -0.013319 -0.13054099
v -2.75794601 0.453408 -0.13054099
v -3.10579395 0.64881598 -0.13054099
v -3.06610488 0.57708597 -0.13054099
v -3.02000999 0.52597099 -0.13054099
v -2.91274404 0.44820499 -0.13054099
v -2.81098604 0.46187201 -0.13054099
v -2.751235 0.48910599 -0.13054099
v -2.72676801 0.484923 -0.13054099
v -2.74063611 0.40725201 -0.13054099
v -2.75715208 0.286466 -0.13054099
v -2.76336598 0.22285699 -0.13054099
v -2.76949405 0.142513 -0.13054099
v -2.77320909 0.053351 -0.13054099
v -2.77383995 -0.020336 -0.13054099
v -2.68984794 0.47798499 -0.13054099
v -2.70321297 0.40115401 -0.13054099
v -2.71940493 0.28235098 -0.13054099
v -2.72550988 0.219547 -0.13054099
v -2.73152709 0.14022 -0.13054099
v -2.7351489 0.052494 -0.13054099
v -2.73574209 -0.019595 -0.13054099
v -2.67406702 0.97047799 -0.13054099
v -2.69766211 0.90424197 -0.13054099
v -2.7948389 0.90989702 -0.13054099
v -2.77417588 0.97608 -0.13054099
v -2.77098989 0.67940402 -0.13054099
v -2.85603189 0.71538001 -0.13054099
v -2.8127501 0.758192 -0.13054099
v -2.74899911 0.74536502 -0.13054099
v -2.89714098 0.96355497 -0.13054099
v -2.89918494 0.819637 -0.13054099
v -2.94458508 0.814839 -0.13054099
v -2.9418621 0.99201101 -0.13054099
v -2.79513311 0.60532701 -0.13054099
v -2.89257693 0.67893397 -0.13054099
v -2.98445391 1.02431297 -0.13054099
v -2.9292519 1.19884002 -0.13054099
v -2.90029096 1.13059103 -0.13054099
v -2.81584405 0.80859601 -0.13054099
v -2.73137211 0.79928898 -0.13054099
v -2.86502695 1.07409799 -0.13054099
v -2.9902091 0.80350297 -0.13054099
v -2.93105292 0.63664698 -0.13054099
v -2.82154798 0.53717798 -0.13054099
v -2.7120881 0.679852 -0.13054099
v -2.69076204 0.752043 -0.13054099
v -2.6721661 0.80970901 -0.13054099
v -2.6357429 0.91554397 -0.13054099
v -2.73328995 0.59951102 -0.13054099
v -2.74608111 0.53429698 -0.13054099
v -2.6100099 0.98317402 -0.13054099
v -2.91014003 1.24244797 -0.13054099
v -2.88569402 1.164415 -0.13054099
v -2.85093689 1.10533094 -0.13054099
v -2.76189303 1.00822198 -0.13054099
v -2.66002011 1.001791 -0.13054099
v -2.59637093 1.01685595 -0.13054099
v -2.5595119 1.04176199 -0.13054099
v -2.5733571 1.007995 -0.13054099
v -2.60233497 0.934556 -0.13054099
v -2.64252209 0.81938201 -0.13054099
v -2.66128897 0.75825297 -0.13054099
v -2.68333792 0.680718 -0.13054099
v -2.70484304 0.59406799 -0.13054099
v -2.52501201 1.02757096 -0.13054099
v -2.53839802 0.99489402 -0.13054099
v -2.56707096 0.92129498 -0.13054099
v -2.60655188 0.80800497 -0.13054099
v -2.62505698 0.74764102 -0.13054099
v -2.6468079 0.67106002 -0.13054099
v -2.66792607 0.58580398 -0.13054099
v -2.68283391 0.51460099 -0.13054099
v -2.71950507 0.52162897 -0.13054099
v 2.76467609 0.68258297 -0.13054099
v 2.74586391 0.75032597 -0.13054099
v 2.82890892 0.80096197 -0.13054099
v 2.85022592 0.73496401 -0.13054099
v 2.67642808 0.97636997 -0.13054099
v 2.766644 0.99512302 -0.13054099
v 2.7559731 0.93544799 -0.13054099
v 2.69640493 0.909792 -0.13054099
v 2.94384002 0.81543099 -0.13054099
v 2.86213588 0.93431401 -0.13054099
v 2.89643502 0.96415102 -0.13054099
v 2.996984 0.81775897 -0.13054099
v 2.653553 1.05080401 -0.13054099
v 2.77543306 1.04575002 -0.13054099
v 3.05064201 0.81580299 -0.13054099
v 3.10703396 0.641595 -0.13054099
v 3.04348707 0.680682 -0.13054099
v 2.78758907 0.89590102 -0.13054099
v 2.7130239 0.85556197 -0.13054099
v 2.9816699 0.70666801 -0.13054099
v 2.92709088 0.999489 -0.13054099
v 2.78238606 1.10225296 -0.13054099
v 2.63592004 1.12166297 -0.13054099
v 2.62850809 0.94266301 -0.13054099
v 2.65253305 0.87132799 -0.13054099
v 2.67045497 0.81344598 -0.13054099
v 2.7014501 0.70591098 -0.13054099
v 2.59970498 1.02062094 -0.13054099
v 2.57272911 1.08140003 -0.13054099
v 2.71923089 0.63578999 -0.13054099
v 3.1167519 0.59499102 -0.13054099
v 3.05117392 0.64468199 -0.13054099
v 2.98824501 0.67304801 -0.13054099
v 2.85873794 0.70163703 -0.13054099
v 2.77118706 0.64891398 -0.13054099
v 2.72740507 0.60040098 -0.13054099
v 2.70329809 0.59464198 -0.13054099
v 2.68489289 0.67137199 -0.13054099
v 2.65167403 0.78872102 -0.13054099
v 2.63193202 0.84954601 -0.13054099
v 2.60546708 0.92569202 -0.13054099
v 2.57332992 1.00901997 -0.13054099
v 2.66667294 0.58651298 -0.13054099
v 2.64820289 0.66229099 -0.13054099
v 2.61556792 0.777731 -0.13054099
v 2.59610199 0.83778798 -0.13054099
v 2.56998801 0.91300201 -0.13054099
v 2.53840398 0.99498397 -0.13054099
v 2.85006094 0.128312 -0.13054099
v 2.84515595 0.198394 -0.13054099
v 2.93724393 0.231765 -0.13054099
v 2.94498705 0.16289499 -0.13054099
v 2.82206797 0.433622 -0.13054099
v 2.91479992 0.434336 -0.13054099
v 2.89231896 0.377909 -0.13054099
v 2.82842493 0.36443299 -0.13054099
v 3.05352711 0.22342599 -0.13054099
v 2.996809 0.35600099 -0.13054099
v 3.03662896 0.378531 -0.13054099
v 3.1064279 0.215304 -0.13054099
v 2.81440401 0.51107502 -0.13054099
v 2.9336009 0.48225399 -0.13054099
v 3.15897607 0.202858 -0.13054099
v 3.17948293 0.021017 -0.13054099
v 3.12468004 0.07181199 -0.13054099
v 2.91556811 0.33295199 -0.13054099
v 2.83393311 0.30800399 -0.13054099
v 3.06893706 0.109384 -0.13054099
v 3.07395911 0.40716499 -0.13054099
v 2.95175695 0.53628301 -0.13054099
v 2.8111689 0.58401298 -0.13054099
v 2.76806092 0.40995299 -0.13054099
v 2.77745103 0.33530899 -0.13054099
v 2.78349399 0.27506199 -0.13054099
v 2.79242396 0.16357199 -0.13054099
v 2.7552669 0.492033 -0.13054099
v 2.74081492 0.55690902 -0.13054099
v 2.79581689 0.09133499 -0.13054099
v 3.17964792 -0.026569 -0.13054099
v 3.12499308 0.03500099 -0.13054099
v 3.06863904 0.07513599 -0.13054099
v 2.94666194 0.128552 -0.13054099
v 2.84968805 0.09403099 -0.13054099
v 2.79673099 0.05503299 -0.13054099
v 2.77252793 0.017648 -0.13054099
v 2.77179908 0.054106 -0.13054099
v 2.76913499 0.13293799 -0.13054099
v 2.76000809 0.25450301 -0.13054099
v 2.75276708 0.31799501 -0.13054099
v 2.74194502 0.397841 -0.13054099
v 2.72694206 0.48583498 -0.13054099
v 2.73477506 0.017082 -0.13054099
v 2.73408794 0.052363 -0.13054099
v 2.73113393 0.13123199 -0.13054099
v 2.72220301 0.25079301 -0.13054099
v 2.71507811 0.31348198 -0.13054099
v 2.70442199 0.39234799 -0.13054099
v 2.68969988 0.478924 -0.13054099
v 2.67488598 0.55014401 -0.13054099
v 2.71135091 0.55808401 -0.13054099
v 2.280833 1.68497097 -0.13054099
v 2.23767304 1.74037003 -0.13054099
v 2.29411792 1.81865799 -0.13054099
v 2.33884811 1.765823 -0.13054099
v 2.08778595 1.92276394 -0.13054099
v 2.16307711 1.97435903 -0.13054099
v 2.17609691 1.91517996 -0.13054099
v 2.13146591 1.86885595 -0.13054099
v 2.39349699 1.87565398 -0.13054099
v 2.273494 1.95446002 -0.13054099
v 2.29343605 1.99503302 -0.13054099
v 2.44110202 1.89797997 -0.13054099
v 2.03849506 1.98284304 -0.13054099
v 2.15181803 2.02447605 -0.13054099
v 2.49080801 1.91653001 -0.13054099
v 2.60892605 1.77706205 -0.13054099
v 2.53599 1.78904902 -0.13054099
v 2.22007894 1.890661 -0.13054099
v 2.16738295 1.82507896 -0.13054099
v 2.46965098 1.78957498 -0.13054099
v 2.30796599 2.03931903 -0.13054099
v 2.13666605 2.07931804 -0.13054099
v 1.99539399 2.04160904 -0.13054099
v 2.05685806 1.87341797 -0.13054099
v 2.10608601 1.81665897 -0.13054099
v 2.14460802 1.77001798 -0.13054099
v 2.21414303 1.68250894 -0.13054099
v 2.00077199 1.93448698 -0.13054099
v 1.95293295 1.980394 -0.13054099
v 2.257308 1.62451803 -0.13054099
v 2.63566398 1.73773205 -0.13054099
v 2.55680489 1.75873005 -0.13054099
v 2.48853111 1.76102697 -0.13054099
v 2.35939502 1.73827099 -0.13054099
v 2.29970502 1.65636003 -0.13054099
v 2.27837896 1.59494304 -0.13054099
v 2.25858306 1.58046603 -0.13054099
v 2.21228289 1.644315 -0.13054099
v 2.13692092 1.740049 -0.13054099
v 2.09559011 1.78871703 -0.13054099
v 2.04227709 1.84900295 -0.13054099
v 1.98107695 1.91376304 -0.13054099
v 2.22826409 1.55906403 -0.13054099
v 2.18225789 1.62200105 -0.13054099
v 2.10814309 1.71618604 -0.13054099
v 2.06734299 1.76424694 -0.13054099
v 2.01469492 1.82379198 -0.13054099
v 1.95449495 1.88751804 -0.13054099
v 2.57266807 1.20594298 -0.13054099
v 2.54100704 1.26871895 -0.13054099
v 2.61204099 1.33443999 -0.13054099
v 2.64577508 1.27386295 -0.13054099
v 2.42900705 1.47696197 -0.13054099
v 2.51332211 1.51281201 -0.13054099
v 2.51458311 1.45222497 -0.13054099
v 2.46151208 1.41553199 -0.13054099
v 2.72123503 1.37085998 -0.13054099
v 2.61831092 1.47165894 -0.13054099
v 2.64591598 1.50755095 -0.13054099
v 2.77257394 1.38343799 -0.13054099
v 2.39215898 1.54553103 -0.13054099
v 2.5120089 1.56417202 -0.13054099
v 2.82524704 1.39188802 -0.13054099
v 2.91440606 1.23197102 -0.13054099
v 2.8448019 1.25801396 -0.13054099
v 2.55314993 1.41956102 -0.13054099
v 2.48834109 1.36556994 -0.13054099
v 2.7794559 1.27152597 -0.13054099
v 2.66889691 1.54813098 -0.13054099
v 2.5077691 1.62093198 -0.13054099
v 2.36114502 1.61161804 -0.13054099
v 2.38886094 1.43462395 -0.13054099
v 2.42626094 1.369313 -0.13054099
v 2.45508408 1.31603705 -0.13054099
v 2.50642895 1.216591 -0.13054099
v 2.34553003 1.50549995 -0.13054099
v 2.30734801 1.55989801 -0.13054099
v 2.53756904 1.151268 -0.13054099
v 2.93304801 1.18815398 -0.13054099
v 2.8593719 1.22420001 -0.13054099
v 2.79247188 1.23983597 -0.13054099
v 2.66062188 1.24281895 -0.13054099
v 2.58564209 1.17418003 -0.13054099
v 2.55251097 1.11813402 -0.13054099
v 2.54499411 1.07447302 -0.13054099
v 2.53014111 1.10782301 -0.13054099
v 2.49708199 1.17949497 -0.13054099
v 2.44162106 1.28814697 -0.13054099
v 2.4104371 1.34397196 -0.13054099
v 2.36970591 1.41353094 -0.13054099
v 2.32206392 1.48903501 -0.13054099
v 2.51078605 1.05963099 -0.13054099
v 2.49642992 1.09188902 -0.13054099
v 2.46308589 1.16349697 -0.13054099
v 2.40856289 1.27037894 -0.13054099
v 2.37779188 1.32550501 -0.13054099
v 2.33758306 1.39421296 -0.13054099
v 2.290735 1.46850001 -0.13054099
v 2.24976301 1.52861499 -0.13054099
v 2.28000211 1.54979002 -0.13054099
v 1.45699894 2.42737507 -0.13054099
v 1.39656198 2.46218895 -0.13054099
v 1.41890299 2.55610489 -0.13054099
v 1.47977399 2.52423191 -0.13054099
v 1.19048297 2.57388305 -0.13054099
v 1.24026596 2.65029406 -0.13054099
v 1.27439701 2.60048008 -0.13054099
v 1.250813 2.54063105 -0.13054099
v 1.48865294 2.64665389 -0.13054099
v 1.34906101 2.67390394 -0.13054099
v 1.35216796 2.71905994 -0.13054099
v 1.52393198 2.68542909 -0.13054099
v 1.12269103 2.61070489 -0.13054099
v 1.21116805 2.69239497 -0.13054099
v 1.56255102 2.72150707 -0.13054099
v 1.72304594 2.63736891 -0.13054099
v 1.65173602 2.62072992 -0.13054099
v 1.32395696 2.59454202 -0.13054099
v 1.30022096 2.51380395 -0.13054099
v 1.59075403 2.59597611 -0.13054099
v 1.34894299 2.76557588 -0.13054099
v 1.17674505 2.73738694 -0.13054099
v 1.06108295 2.64867711 -0.13054099
v 1.18060696 2.51644206 -0.13054099
v 1.24712705 2.48268294 -0.13054099
v 1.30002403 2.45419192 -0.13054099
v 1.39676797 2.39970994 -0.13054099
v 1.10617303 2.55159091 -0.13054099
v 1.04500603 2.57583999 -0.13054099
v 1.45821404 2.36249899 -0.13054099
v 1.762295 2.61113905 -0.13054099
v 1.68218994 2.60058188 -0.13054099
v 1.61877298 2.57674408 -0.13054099
v 1.50896894 2.50657391 -0.13054099
v 1.48508405 2.4080851 -0.13054099
v 1.48869001 2.34317994 -0.13054099
v 1.47600805 2.32224988 -0.13054099
v 1.40946102 2.36368393 -0.13054099
v 1.30425095 2.42354798 -0.13054099
v 1.24800205 2.45282602 -0.13054099
v 1.17639601 2.48828792 -0.13054099
v 1.09586203 2.52490711 -0.13054099
v 1.45629394 2.29091906 -0.13054099
v 1.39034104 2.33161807 -0.13054099
v 1.28683197 2.39050889 -0.13054099
v 1.23128497 2.41943407 -0.13054099
v 1.16054296 2.45447802 -0.13054099
v 1.08129799 2.49049902 -0.13054099
v 1.90549898 2.09545588 -0.13054099
v 1.85269296 2.14145493 -0.13054099
v 1.892771 2.22919607 -0.13054099
v 1.94659304 2.18601608 -0.13054099
v 1.67128098 2.29137206 -0.13054099
v 1.73495304 2.35659098 -0.13054099
v 1.75899994 2.30103492 -0.13054099
v 1.72428405 2.24694109 -0.13054099
v 1.97887194 2.30436492 -0.13054099
v 1.84660804 2.35844206 -0.13054099
v 1.85831904 2.40213298 -0.13054099
v 2.0210669 2.33550095 -0.13054099
v 1.61161804 2.34076809 -0.13054099
v 1.71437096 2.40357494 -0.13054099
v 2.06603407 2.36332392 -0.13054099
v 2.20804691 2.24934291 -0.13054099
v 2.13456988 2.24698591 -0.13054099
v 1.80665504 2.2854979 -0.13054099
v 1.76776897 2.21093988 -0.13054099
v 2.06972193 2.2346549 -0.13054099
v 1.86404705 2.44839501 -0.13054099
v 1.68909597 2.45447111 -0.13054099
v 1.55826401 2.39008307 -0.13054099
v 1.65052294 2.23695111 -0.13054099
v 1.70950698 2.19080495 -0.13054099
v 1.75609803 2.1524949 -0.13054099
v 1.84084796 2.08012104 -0.13054099
v 1.58401703 2.28601408 -0.13054099
v 1.52847802 2.32178592 -0.13054099
v 1.89417505 2.03158402 -0.13054099
v 2.24168896 2.21592211 -0.13054099
v 2.16070795 2.22125697 -0.13054099
v 2.09363293 2.21029996 -0.13054099
v 1.97194802 2.16296601 -0.13054099
v 1.92943799 2.07103991 -0.13054099
v 1.92045199 2.00665211 -0.13054099
v 1.93020701 1.96345198 -0.13054099
v 1.90391802 1.98861694 -0.13054099
v 1.84639096 2.04228806 -0.13054099
v 1.75435304 2.12160706 -0.13054099
v 1.70462095 2.1613481 -0.13054099
v 1.64096295 2.21017289 -0.13054099
v 1.56874299 2.26185107 -0.13054099
v 1.90457499 1.93673598 -0.13054099
v 1.87914598 1.96108901 -0.13054099
v 1.82137095 2.01457309 -0.13054099
v 1.73083496 2.09262299 -0.13054099
v 1.68173098 2.13187003 -0.13054099
v 1.61885297 2.18009901 -0.13054099
v 1.54779696 2.23095893 -0.13054099
v 1.48750996 2.27094197 -0.13054099
v 1.50722599 2.30203199 -0.13054099
v 0.42156699 2.80051994 -0.13054099
v 0.35288199 2.80970192 -0.13054099
v 0.33856099 2.90520191 -0.13054099
v 0.40652498 2.898916 -0.13054099
v 0.121192 2.83445596 -0.13054099
v 0.13876299 2.92424511 -0.13054099
v 0.18875899 2.89114093 -0.13054099
v 0.189244 2.82670211 -0.13054099
v 0.36928498 3.01569104 -0.13054099
v 0.23041699 2.98765492 -0.13054099
v 0.21655599 3.03066802 -0.13054099
v 0.387454 3.06507396 -0.13054099
v 0.04490799 2.842664 -0.13054099
v 0.09628099 2.95212507 -0.13054099
v 0.40971601 3.11323905 -0.13054099
v 0.58875697 3.09651804 -0.13054099
v 0.52922099 3.05389595 -0.13054099
v 0.236698 2.90456199 -0.13054099
v 0.24481399 2.82072401 -0.13054099
v 0.482196 3.00770711 -0.13054099
v 0.196362 3.07252907 -0.13054099
v 0.047811 2.98066401 -0.13054099
v -0.026112 2.85431194 -0.13054099
v 0.133449 2.7775011 -0.13054099
v 0.20741699 2.77162098 -0.13054099
v 0.26682698 2.76545 -0.13054099
v 0.37634998 2.75192809 -0.13054099
v 0.05164299 2.78161406 -0.13054099
v -0.013878 2.78070807 -0.13054099
v 0.44686201 2.74092888 -0.13054099
v 0.63461899 3.087188 -0.13054099
v 0.56474202 3.04685592 -0.13054099
v 0.515145 3.00058794 -0.13054099
v 0.44000399 2.89369297 -0.13054099
v 0.45463699 2.79338097 -0.13054099
v 0.48215699 2.73464989 -0.13054099
v 0.47827801 2.71044588 -0.13054099
v 0.401488 2.72340893 -0.13054099
v 0.28215101 2.73868203 -0.13054099
v 0.21934199 2.74432992 -0.13054099
v 0.140046 2.74981999 -0.13054099
v 0.052058 2.75296998 -0.13054099
v 0.47181099 2.673918 -0.13054099
v 0.39583 2.68641996 -0.13054099
v 0.27840301 2.7014451 -0.13054099
v 0.216371 2.70703005 -0.13054099
v 0.13801999 2.71245098 -0.13054099
v 0.051429 2.71554994 -0.13054099
v 0.95831501 2.66425895 -0.13054099
v 0.89256399 2.68670988 -0.13054099
v 0.89664799 2.78320407 -0.13054099
v 0.96224898 2.76375293 -0.13054099
v 0.66965502 2.75633788 -0.13054099
v 0.70396399 2.84099292 -0.13054099
v 0.74679297 2.79873609 -0.13054099
v 0.73502397 2.73541808 -0.13054099
v 0.94780498 2.88562297 -0.13054099
v 0.806028 2.88529205 -0.13054099
v 0.800556 2.93020796 -0.13054099
v 0.97501498 2.93053293 -0.13054099
v 0.59629797 2.7793219 -0.13054099
v 0.66752398 2.87666297 -0.13054099
v 1.00601005 2.97342896 -0.13054099
v 1.17888402 2.92196703 -0.13054099
v 1.11226999 2.89180994 -0.13054099
v 0.79643702 2.80252099 -0.13054099
v 0.788477 2.71866607 -0.13054099
v 1.05728101 2.85569 -0.13054099
v 0.78863501 2.97523999 -0.13054099
v 0.62532597 2.91416096 -0.13054099
v 0.52877199 2.80463409 -0.13054099
v 0.67085897 2.69804596 -0.13054099
v 0.74239397 2.67780995 -0.13054099
v 0.799582 2.66012907 -0.13054099
v 0.90461802 2.62542796 -0.13054099
v 0.591304 2.71809291 -0.13054099
v 0.52679598 2.73002409 -0.13054099
v 0.97181701 2.60083293 -0.13054099
v 1.22222101 2.90384101 -0.13054099
v 1.14586198 2.87794089 -0.13054099
v 1.08832597 2.84225392 -0.13054099
v 0.99416297 2.7520709 -0.13054099
v 0.98945802 2.65077495 -0.13054099
v 1.00531196 2.58777403 -0.13054099
v 1.03047597 2.55151391 -0.13054099
v 0.99687898 2.56478595 -0.13054099
v 0.923882 2.5925281 -0.13054099
v 0.80953598 2.63086891 -0.13054099
v 0.74890899 2.64869999 -0.13054099
v 0.672068 2.66960907 -0.13054099
v 0.586259 2.68990588 -0.13054099
v 1.01694703 2.51702189 -0.13054099
v 0.98443698 2.52987289 -0.13054099
v 0.911264 2.55735111 -0.13054099
v 0.79875302 2.59506988 -0.13054099
v 0.73887902 2.61267709 -0.13054099
v 0.66295701 2.63333296 -0.13054099
v 0.57851302 2.65331697 -0.13054099
v 0.50803697 2.66733503 -0.13054099
v 0.51458901 2.70363593 -0.13054099
g Group32941
f 1604 1603 1602 1601
g Group47011
f 21 22 5 18
g Group32941
f 1608 1607 1606 1605
g Group47011
f 7 8 1 2
g Group32941
f 1612 1611 1610 1609
g Group47011
f 15 17 3 13
g Group32941
f 1605 1606 1614 1613
g Group47011
f 8 9 11 1
g Group32941
f 1612 1617 1616 1615
g Group32944
f 23 16 1615 1616
g Group47011
f 15 16 23 19
g Group32941
f 1607 1618 1610 1606
g Group47011
f 2 1 3 4
g Group32941
f 1619 1618 1607 1608
g Group47011
f 6 7 2 4
g Group32941
f 1617 1612 1609 1620
g Group47011
f 19 20 17 15
g Group32941
f 1603 1618 1619 1602
g Group47011
f 18 5 6 4
g Group32941
f 1620 1609 1603 1604
g Group47011
f 20 21 18 17
g Group32941
f 1611 1614 1606 1610
g Group47011
f 13 3 1 11
g Group32941
f 1622 1614 1611 1621
g Group32944
f 14 12 1622 1621
g Group47011
f 12 14 13 11
g Group32941
f 1621 1611 1612 1615
g Group32944
f 16 14 1621 1615
g Group47011
f 14 16 15 13
g Group32941
f 1623 1613 1614 1622
g Group32944
f 12 10 1623 1622
g Group47011
f 10 12 11 9
g Group32941
f 1609 1610 1618 1603
g Group47011
f 17 18 4 3
g Group32941
f 1625 1608 1605 1624
g Group47011
f 24 25 8 7
g Group32941
f 1627 1602 1619 1626
g Group47011
f 27 28 6 5
g Group32941
f 1624 1605 1613 1628
g Group47011
f 25 29 9 8
g Group32941
f 1626 1619 1608 1625
g Group47011
f 28 24 7 6
g Group32941
f 1628 1613 1623 1629
g Group32944
f 10 30 1629 1623
g Group47011
f 29 30 10 9
g Group32941
f 1602 1627 1630 1601
g Group47011
f 5 22 26 27
g Group32941
f 1616 1617 1632 1631
g Group32944
f 36 23 1616 1631
f 35 36 1631 1632
g Group47011
f 23 36 35 19
g Group32941
f 1617 1620 1633 1632
g Group32944
f 34 35 1632 1633
g Group47011
f 19 35 34 20
g Group32941
f 1620 1604 1634 1633
g Group32944
f 33 34 1633 1634
g Group47011
f 20 34 33 21
g Group32941
f 1604 1601 1635 1634
g Group32944
f 32 33 1634 1635
g Group47011
f 21 33 32 22
g Group32941
f 1601 1630 1636 1635
g Group32944
f 31 32 1635 1636
g Group47011
f 22 32 31 26
g Group32941
f 1630 1627 1638 1637
g Group47011
f 26 42 41 27
g Group32941
f 1627 1626 1639 1638
g Group47011
f 27 41 40 28
g Group32941
f 1626 1625 1640 1639
g Group47011
f 28 40 39 24
g Group32941
f 1625 1624 1641 1640
g Group47011
f 24 39 38 25
g Group32941
f 1624 1628 1642 1641
g Group47011
f 25 38 37 29
g Group32941
f 1637 1638 1644 1643
g Group32944
f 48 49 1643 1644
g Group47011
f 42 49 48 41
g Group32941
f 1638 1639 1645 1644
g Group32944
f 47 48 1644 1645
g Group47011
f 41 48 47 40
g Group32941
f 1639 1640 1646 1645
g Group32944
f 46 47 1645 1646
g Group47011
f 40 47 46 39
g Group32941
f 1640 1641 1647 1646
g Group32944
f 45 46 1646 1647
g Group47011
f 39 46 45 38
g Group32941
f 1641 1642 1648 1647
g Group32944
f 44 45 1647 1648
g Group47011
f 38 45 44 37
g Group32941
f 1652 1651 1650 1649
g Group47011
f 71 72 55 68
g Group32941
f 1656 1655 1654 1653
g Group47011
f 57 58 51 52
g Group32941
f 1660 1659 1658 1657
g Group47011
f 65 67 53 63
g Group32941
f 1653 1654 1662 1661
g Group47011
f 58 59 61 51
g Group32941
f 1660 1665 1664 1663
g Group32944
f 73 66 1663 1664
g Group47011
f 65 66 73 69
g Group32941
f 1655 1666 1658 1654
g Group47011
f 52 51 53 54
g Group32941
f 1667 1666 1655 1656
g Group47011
f 56 57 52 54
g Group32941
f 1665 1660 1657 1668
g Group47011
f 69 70 67 65
g Group32941
f 1651 1666 1667 1650
g Group47011
f 68 55 56 54
g Group32941
f 1668 1657 1651 1652
g Group47011
f 70 71 68 67
g Group32941
f 1659 1662 1654 1658
g Group47011
f 63 53 51 61
g Group32941
f 1670 1662 1659 1669
g Group32944
f 64 62 1670 1669
g Group47011
f 62 64 63 61
g Group32941
f 1669 1659 1660 1663
g Group32944
f 66 64 1669 1663
g Group47011
f 64 66 65 63
g Group32941
f 1671 1661 1662 1670
g Group32944
f 62 60 1671 1670
g Group47011
f 60 62 61 59
g Group32941
f 1657 1658 1666 1651
g Group47011
f 67 68 54 53
g Group32941
f 1673 1656 1653 1672
g Group47011
f 74 75 58 57
g Group32941
f 1675 1650 1667 1674
g Group47011
f 77 78 56 55
g Group32941
f 1672 1653 1661 1676
g Group47011
f 75 79 59 58
g Group32941
f 1674 1667 1656 1673
g Group47011
f 78 74 57 56
g Group32941
f 1676 1661 1671 1677
g Group32944
f 60 80 1677 1671
g Group47011
f 79 80 60 59
g Group32941
f 1650 1675 1678 1649
g Group47011
f 55 72 76 77
g Group32941
f 1664 1665 1680 1679
g Group32944
f 86 73 1664 1679
f 85 86 1679 1680
g Group47011
f 73 86 85 69
g Group32941
f 1665 1668 1681 1680
g Group32944
f 84 85 1680 1681
g Group47011
f 69 85 84 70
g Group32941
f 1668 1652 1682 1681
g Group32944
f 83 84 1681 1682
g Group47011
f 70 84 83 71
g Group32941
f 1652 1649 1683 1682
g Group32944
f 82 83 1682 1683
g Group47011
f 71 83 82 72
g Group32941
f 1649 1678 1684 1683
g Group32944
f 81 82 1683 1684
g Group47011
f 72 82 81 76
g Group32941
f 1684 1678 1686 1685
g Group32944
f 94 81 1684 1685
g Group47011
f 81 94 93 76
g Group32941
f 1678 1675 1687 1686
g Group47011
f 76 93 92 77
g Group32941
f 1675 1674 1688 1687
g Group47011
f 77 92 91 78
g Group32941
f 1674 1673 1689 1688
g Group47011
f 78 91 90 74
g Group32941
f 1673 1672 1690 1689
g Group47011
f 74 90 89 75
g Group32941
f 1672 1676 1691 1690
g Group47011
f 75 89 88 79
g Group32941
f 1685 1686 1693 1692
g Group32944
f 100 87 1692 1693
g Group47011
f 94 87 100 93
g Group32941
f 1686 1687 1694 1693
g Group32944
f 99 100 1693 1694
g Group47011
f 93 100 99 92
g Group32941
f 1687 1688 1695 1694
g Group32944
f 98 99 1694 1695
g Group47011
f 92 99 98 91
g Group32941
f 1688 1689 1696 1695
g Group32944
f 97 98 1695 1696
g Group47011
f 91 98 97 90
g Group32941
f 1689 1690 1697 1696
g Group32944
f 96 97 1696 1697
g Group47011
f 90 97 96 89
g Group32941
f 1690 1691 1698 1697
g Group32944
f 95 96 1697 1698
g Group47011
f 89 96 95 88
g Group32941
f 1700 1699 1698 1691
g Group32944
f 50 95 1698 1699
g Group47011
f 43 88 95 50
g Group32941
f 1676 1677 1700 1691
g Group32944
f 80 43 1700 1677
g Group47011
f 79 88 43 80
g Group32941
f 1636 1630 1637 1700
g Group32944
f 43 31 1636 1700
g Group47011
f 31 43 42 26
g Group32941
f 1637 1643 1699 1700
g Group32944
f 49 50 1699 1643
g Group47011
f 42 43 50 49
g Group32941
f 1704 1703 1702 1701
g Group47011
f 121 122 105 118
g Group32941
f 1708 1707 1706 1705
g Group47011
f 107 108 101 102
g Group32941
f 1712 1711 1710 1709
g Group47011
f 115 117 103 113
g Group32941
f 1705 1706 1714 1713
g Group47011
f 108 109 111 101
g Group32941
f 1712 1717 1716 1715
g Group32944
f 123 116 1715 1716
g Group47011
f 115 116 123 119
g Group32941
f 1707 1718 1710 1706
g Group47011
f 102 101 103 104
g Group32941
f 1719 1718 1707 1708
g Group47011
f 106 107 102 104
g Group32941
f 1717 1712 1709 1720
g Group47011
f 119 120 117 115
g Group32941
f 1703 1718 1719 1702
g Group47011
f 118 105 106 104
g Group32941
f 1720 1709 1703 1704
g Group47011
f 120 121 118 117
g Group32941
f 1711 1714 1706 1710
g Group47011
f 113 103 101 111
g Group32941
f 1722 1714 1711 1721
g Group32944
f 114 112 1722 1721
g Group47011
f 112 114 113 111
g Group32941
f 1721 1711 1712 1715
g Group32944
f 116 114 1721 1715
g Group47011
f 114 116 115 113
g Group32941
f 1723 1713 1714 1722
g Group32944
f 112 110 1723 1722
g Group47011
f 110 112 111 109
g Group32941
f 1709 1710 1718 1703
g Group47011
f 117 118 104 103
g Group32941
f 1725 1708 1705 1724
g Group47011
f 124 125 108 107
g Group32941
f 1727 1702 1719 1726
g Group47011
f 127 128 106 105
g Group32941
f 1724 1705 1713 1728
g Group47011
f 125 129 109 108
g Group32941
f 1726 1719 1708 1725
g Group47011
f 128 124 107 106
g Group32941
f 1728 1713 1723 1729
g Group32944
f 110 130 1729 1723
g Group47011
f 129 130 110 109
g Group32941
f 1702 1727 1730 1701
g Group47011
f 105 122 126 127
g Group32941
f 1716 1717 1732 1731
g Group32944
f 136 123 1716 1731
f 135 136 1731 1732
g Group47011
f 123 136 135 119
g Group32941
f 1717 1720 1733 1732
g Group32944
f 134 135 1732 1733
g Group47011
f 119 135 134 120
g Group32941
f 1720 1704 1734 1733
g Group32944
f 133 134 1733 1734
g Group47011
f 120 134 133 121
g Group32941
f 1704 1701 1735 1734
g Group32944
f 132 133 1734 1735
g Group47011
f 121 133 132 122
g Group32941
f 1701 1730 1736 1735
g Group32944
f 131 132 1735 1736
g Group47011
f 122 132 131 126
g Group32941
f 1730 1727 1738 1737
g Group47011
f 126 142 141 127
g Group32941
f 1727 1726 1739 1738
g Group47011
f 127 141 140 128
g Group32941
f 1726 1725 1740 1739
g Group47011
f 128 140 139 124
g Group32941
f 1725 1724 1741 1740
g Group47011
f 124 139 138 125
g Group32941
f 1724 1728 1742 1741
g Group47011
f 125 138 137 129
g Group32941
f 1737 1738 1744 1743
g Group32944
f 148 149 1743 1744
g Group47011
f 142 149 148 141
g Group32941
f 1738 1739 1745 1744
g Group32944
f 147 148 1744 1745
g Group47011
f 141 148 147 140
g Group32941
f 1739 1740 1746 1745
g Group32944
f 146 147 1745 1746
g Group47011
f 140 147 146 139
g Group32941
f 1740 1741 1747 1746
g Group32944
f 145 146 1746 1747
g Group47011
f 139 146 145 138
g Group32941
f 1741 1742 1748 1747
g Group32944
f 144 145 1747 1748
g Group47011
f 138 145 144 137
g Group32941
f 1752 1751 1750 1749
g Group47011
f 171 172 155 168
g Group32941
f 1756 1755 1754 1753
g Group47011
f 157 158 151 152
g Group32941
f 1760 1759 1758 1757
g Group47011
f 165 167 153 163
g Group32941
f 1753 1754 1762 1761
g Group47011
f 158 159 161 151
g Group32941
f 1760 1765 1764 1763
g Group32944
f 173 166 1763 1764
g Group47011
f 165 166 173 169
g Group32941
f 1755 1766 1758 1754
g Group47011
f 152 151 153 154
g Group32941
f 1767 1766 1755 1756
g Group47011
f 156 157 152 154
g Group32941
f 1765 1760 1757 1768
g Group47011
f 169 170 167 165
g Group32941
f 1751 1766 1767 1750
g Group47011
f 168 155 156 154
g Group32941
f 1768 1757 1751 1752
g Group47011
f 170 171 168 167
g Group32941
f 1759 1762 1754 1758
g Group47011
f 163 153 151 161
g Group32941
f 1770 1762 1759 1769
g Group32944
f 164 162 1770 1769
g Group47011
f 162 164 163 161
g Group32941
f 1769 1759 1760 1763
g Group32944
f 166 164 1769 1763
g Group47011
f 164 166 165 163
g Group32941
f 1771 1761 1762 1770
g Group32944
f 162 160 1771 1770
g Group47011
f 160 162 161 159
g Group32941
f 1757 1758 1766 1751
g Group47011
f 167 168 154 153
g Group32941
f 1773 1756 1753 1772
g Group47011
f 174 175 158 157
g Group32941
f 1775 1750 1767 1774
g Group47011
f 177 178 156 155
g Group32941
f 1772 1753 1761 1776
g Group47011
f 175 179 159 158
g Group32941
f 1774 1767 1756 1773
g Group47011
f 178 174 157 156
g Group32941
f 1776 1761 1771 1777
g Group32944
f 160 180 1777 1771
g Group47011
f 179 180 160 159
g Group32941
f 1750 1775 1778 1749
g Group47011
f 155 172 176 177
g Group32941
f 1764 1765 1780 1779
g Group32944
f 186 173 1764 1779
f 185 186 1779 1780
g Group47011
f 173 186 185 169
g Group32941
f 1765 1768 1781 1780
g Group32944
f 184 185 1780 1781
g Group47011
f 169 185 184 170
g Group32941
f 1768 1752 1782 1781
g Group32944
f 183 184 1781 1782
g Group47011
f 170 184 183 171
g Group32941
f 1752 1749 1783 1782
g Group32944
f 182 183 1782 1783
g Group47011
f 171 183 182 172
g Group32941
f 1749 1778 1784 1783
g Group32944
f 181 182 1783 1784
g Group47011
f 172 182 181 176
g Group32941
f 1784 1778 1786 1785
g Group32944
f 194 181 1784 1785
g Group47011
f 181 194 193 176
g Group32941
f 1778 1775 1787 1786
g Group47011
f 176 193 192 177
g Group32941
f 1775 1774 1788 1787
g Group47011
f 177 192 191 178
g Group32941
f 1774 1773 1789 1788
g Group47011
f 178 191 190 174
g Group32941
f 1773 1772 1790 1789
g Group47011
f 174 190 189 175
g Group32941
f 1772 1776 1791 1790
g Group47011
f 175 189 188 179
g Group32941
f 1785 1786 1793 1792
g Group32944
f 200 187 1792 1793
g Group47011
f 194 187 200 193
g Group32941
f 1786 1787 1794 1793
g Group32944
f 199 200 1793 1794
g Group47011
f 193 200 199 192
g Group32941
f 1787 1788 1795 1794
g Group32944
f 198 199 1794 1795
g Group47011
f 192 199 198 191
g Group32941
f 1788 1789 1796 1795
g Group32944
f 197 198 1795 1796
g Group47011
f 191 198 197 190
g Group32941
f 1789 1790 1797 1796
g Group32944
f 196 197 1796 1797
g Group47011
f 190 197 196 189
g Group32941
f 1790 1791 1798 1797
g Group32944
f 195 196 1797 1798
g Group47011
f 189 196 195 188
g Group32941
f 1800 1799 1798 1791
g Group32944
f 150 195 1798 1799
g Group47011
f 143 188 195 150
g Group32941
f 1776 1777 1800 1791
g Group32944
f 180 143 1800 1777
g Group47011
f 179 188 143 180
g Group32941
f 1736 1730 1737 1800
g Group32944
f 143 131 1736 1800
g Group47011
f 131 143 142 126
g Group32941
f 1737 1743 1799 1800
g Group32944
f 149 150 1799 1743
g Group47011
f 142 143 150 149
g Group32941
f 1804 1803 1802 1801
g Group47011
f 221 222 205 218
g Group32941
f 1808 1807 1806 1805
g Group47011
f 207 208 201 202
g Group32941
f 1812 1811 1810 1809
g Group47011
f 215 217 203 213
g Group32941
f 1805 1806 1814 1813
g Group47011
f 208 209 211 201
g Group32941
f 1812 1817 1816 1815
g Group32944
f 223 216 1815 1816
g Group47011
f 215 216 223 219
g Group32941
f 1807 1818 1810 1806
g Group47011
f 202 201 203 204
g Group32941
f 1819 1818 1807 1808
g Group47011
f 206 207 202 204
g Group32941
f 1817 1812 1809 1820
g Group47011
f 219 220 217 215
g Group32941
f 1803 1818 1819 1802
g Group47011
f 218 205 206 204
g Group32941
f 1820 1809 1803 1804
g Group47011
f 220 221 218 217
g Group32941
f 1811 1814 1806 1810
g Group47011
f 213 203 201 211
g Group32941
f 1822 1814 1811 1821
g Group32944
f 214 212 1822 1821
g Group47011
f 212 214 213 211
g Group32941
f 1821 1811 1812 1815
g Group32944
f 216 214 1821 1815
g Group47011
f 214 216 215 213
g Group32941
f 1823 1813 1814 1822
g Group32944
f 212 210 1823 1822
g Group47011
f 210 212 211 209
g Group32941
f 1809 1810 1818 1803
g Group47011
f 217 218 204 203
g Group32941
f 1825 1808 1805 1824
g Group47011
f 224 225 208 207
g Group32941
f 1827 1802 1819 1826
g Group47011
f 227 228 206 205
g Group32941
f 1824 1805 1813 1828
g Group47011
f 225 229 209 208
g Group32941
f 1826 1819 1808 1825
g Group47011
f 228 224 207 206
g Group32941
f 1828 1813 1823 1829
g Group32944
f 210 230 1829 1823
g Group47011
f 229 230 210 209
g Group32941
f 1802 1827 1830 1801
g Group47011
f 205 222 226 227
g Group32941
f 1816 1817 1832 1831
g Group32944
f 236 223 1816 1831
f 235 236 1831 1832
g Group47011
f 223 236 235 219
g Group32941
f 1817 1820 1833 1832
g Group32944
f 234 235 1832 1833
g Group47011
f 219 235 234 220
g Group32941
f 1820 1804 1834 1833
g Group32944
f 233 234 1833 1834
g Group47011
f 220 234 233 221
g Group32941
f 1804 1801 1835 1834
g Group32944
f 232 233 1834 1835
g Group47011
f 221 233 232 222
g Group32941
f 1801 1830 1836 1835
g Group32944
f 231 232 1835 1836
g Group47011
f 222 232 231 226
g Group32941
f 1830 1827 1838 1837
g Group47011
f 226 242 241 227
g Group32941
f 1827 1826 1839 1838
g Group47011
f 227 241 240 228
g Group32941
f 1826 1825 1840 1839
g Group47011
f 228 240 239 224
g Group32941
f 1825 1824 1841 1840
g Group47011
f 224 239 238 225
g Group32941
f 1824 1828 1842 1841
g Group47011
f 225 238 237 229
g Group32941
f 1837 1838 1844 1843
g Group32944
f 248 249 1843 1844
g Group47011
f 242 249 248 241
g Group32941
f 1838 1839 1845 1844
g Group32944
f 247 248 1844 1845
g Group47011
f 241 248 247 240
g Group32941
f 1839 1840 1846 1845
g Group32944
f 246 247 1845 1846
g Group47011
f 240 247 246 239
g Group32941
f 1840 1841 1847 1846
g Group32944
f 245 246 1846 1847
g Group47011
f 239 246 245 238
g Group32941
f 1841 1842 1848 1847
g Group32944
f 244 245 1847 1848
g Group47011
f 238 245 244 237
g Group32941
f 1852 1851 1850 1849
g Group47011
f 271 272 255 268
g Group32941
f 1856 1855 1854 1853
g Group47011
f 257 258 251 252
g Group32941
f 1860 1859 1858 1857
g Group47011
f 265 267 253 263
g Group32941
f 1853 1854 1862 1861
g Group47011
f 258 259 261 251
g Group32941
f 1860 1865 1864 1863
g Group32944
f 273 266 1863 1864
g Group47011
f 265 266 273 269
g Group32941
f 1855 1866 1858 1854
g Group47011
f 252 251 253 254
g Group32941
f 1867 1866 1855 1856
g Group47011
f 256 257 252 254
g Group32941
f 1865 1860 1857 1868
g Group47011
f 269 270 267 265
g Group32941
f 1851 1866 1867 1850
g Group47011
f 268 255 256 254
g Group32941
f 1868 1857 1851 1852
g Group47011
f 270 271 268 267
g Group32941
f 1859 1862 1854 1858
g Group47011
f 263 253 251 261
g Group32941
f 1870 1862 1859 1869
g Group32944
f 264 262 1870 1869
g Group47011
f 262 264 263 261
g Group32941
f 1869 1859 1860 1863
g Group32944
f 266 264 1869 1863
g Group47011
f 264 266 265 263
g Group32941
f 1871 1861 1862 1870
g Group32944
f 262 260 1871 1870
g Group47011
f 260 262 261 259
g Group32941
f 1857 1858 1866 1851
g Group47011
f 267 268 254 253
g Group32941
f 1873 1856 1853 1872
g Group47011
f 274 275 258 257
g Group32941
f 1875 1850 1867 1874
g Group47011
f 277 278 256 255
g Group32941
f 1872 1853 1861 1876
g Group47011
f 275 279 259 258
g Group32941
f 1874 1867 1856 1873
g Group47011
f 278 274 257 256
g Group32941
f 1876 1861 1871 1877
g Group32944
f 260 280 1877 1871
g Group47011
f 279 280 260 259
g Group32941
f 1850 1875 1878 1849
g Group47011
f 255 272 276 277
g Group32941
f 1864 1865 1880 1879
g Group32944
f 286 273 1864 1879
f 285 286 1879 1880
g Group47011
f 273 286 285 269
g Group32941
f 1865 1868 1881 1880
g Group32944
f 284 285 1880 1881
g Group47011
f 269 285 284 270
g Group32941
f 1868 1852 1882 1881
g Group32944
f 283 284 1881 1882
g Group47011
f 270 284 283 271
g Group32941
f 1852 1849 1883 1882
g Group32944
f 282 283 1882 1883
g Group47011
f 271 283 282 272
g Group32941
f 1849 1878 1884 1883
g Group32944
f 281 282 1883 1884
g Group47011
f 272 282 281 276
g Group32941
f 1884 1878 1886 1885
g Group32944
f 294 281 1884 1885
g Group47011
f 281 294 293 276
g Group32941
f 1878 1875 1887 1886
g Group47011
f 276 293 292 277
g Group32941
f 1875 1874 1888 1887
g Group47011
f 277 292 291 278
g Group32941
f 1874 1873 1889 1888
g Group47011
f 278 291 290 274
g Group32941
f 1873 1872 1890 1889
g Group47011
f 274 290 289 275
g Group32941
f 1872 1876 1891 1890
g Group47011
f 275 289 288 279
g Group32941
f 1885 1886 1893 1892
g Group32944
f 300 287 1892 1893
g Group47011
f 294 287 300 293
g Group32941
f 1886 1887 1894 1893
g Group32944
f 299 300 1893 1894
g Group47011
f 293 300 299 292
g Group32941
f 1887 1888 1895 1894
g Group32944
f 298 299 1894 1895
g Group47011
f 292 299 298 291
g Group32941
f 1888 1889 1896 1895
g Group32944
f 297 298 1895 1896
g Group47011
f 291 298 297 290
g Group32941
f 1889 1890 1897 1896
g Group32944
f 296 297 1896 1897
g Group47011
f 290 297 296 289
g Group32941
f 1890 1891 1898 1897
g Group32944
f 295 296 1897 1898
g Group47011
f 289 296 295 288
g Group32941
f 1900 1899 1898 1891
g Group32944
f 250 295 1898 1899
g Group47011
f 243 288 295 250
g Group32941
f 1876 1877 1900 1891
g Group32944
f 280 243 1900 1877
g Group47011
f 279 288 243 280
g Group32941
f 1836 1830 1837 1900
g Group32944
f 243 231 1836 1900
g Group47011
f 231 243 242 226
g Group32941
f 1837 1843 1899 1900
g Group32944
f 249 250 1899 1843
g Group47011
f 242 243 250 249
g Group32941
f 1904 1903 1902 1901
g Group47011
f 321 322 305 318
g Group32941
f 1908 1907 1906 1905
g Group47011
f 307 308 301 302
g Group32941
f 1912 1911 1910 1909
g Group47011
f 315 317 303 313
g Group32941
f 1905 1906 1914 1913
g Group47011
f 308 309 311 301
g Group32941
f 1912 1917 1916 1915
g Group32944
f 323 316 1915 1916
g Group47011
f 315 316 323 319
g Group32941
f 1907 1918 1910 1906
g Group47011
f 302 301 303 304
g Group32941
f 1919 1918 1907 1908
g Group47011
f 306 307 302 304
g Group32941
f 1917 1912 1909 1920
g Group47011
f 319 320 317 315
g Group32941
f 1903 1918 1919 1902
g Group47011
f 318 305 306 304
g Group32941
f 1920 1909 1903 1904
g Group47011
f 320 321 318 317
g Group32941
f 1911 1914 1906 1910
g Group47011
f 313 303 301 311
g Group32941
f 1922 1914 1911 1921
g Group32944
f 314 312 1922 1921
g Group47011
f 312 314 313 311
g Group32941
f 1921 1911 1912 1915
g Group32944
f 316 314 1921 1915
g Group47011
f 314 316 315 313
g Group32941
f 1923 1913 1914 1922
g Group32944
f 312 310 1923 1922
g Group47011
f 310 312 311 309
g Group32941
f 1909 1910 1918 1903
g Group47011
f 317 318 304 303
g Group32941
f 1925 1908 1905 1924
g Group47011
f 324 325 308 307
g Group32941
f 1927 1902 1919 1926
g Group47011
f 327 328 306 305
g Group32941
f 1924 1905 1913 1928
g Group47011
f 325 329 309 308
g Group32941
f 1926 1919 1908 1925
g Group47011
f 328 324 307 306
g Group32941
f 1928 1913 1923 1929
g Group32944
f 310 330 1929 1923
g Group47011
f 329 330 310 309
g Group32941
f 1902 1927 1930 1901
g Group47011
f 305 322 326 327
g Group32941
f 1916 1917 1932 1931
g Group32944
f 336 323 1916 1931
f 335 336 1931 1932
g Group47011
f 323 336 335 319
g Group32941
f 1917 1920 1933 1932
g Group32944
f 334 335 1932 1933
g Group47011
f 319 335 334 320
g Group32941
f 1920 1904 1934 1933
g Group32944
f 333 334 1933 1934
g Group47011
f 320 334 333 321
g Group32941
f 1904 1901 1935 1934
g Group32944
f 332 333 1934 1935
g Group47011
f 321 333 332 322
g Group32941
f 1901 1930 1936 1935
g Group32944
f 331 332 1935 1936
g Group47011
f 322 332 331 326
g Group32941
f 1930 1927 1938 1937
g Group47011
f 326 342 341 327
g Group32941
f 1927 1926 1939 1938
g Group47011
f 327 341 340 328
g Group32941
f 1926 1925 1940 1939
g Group47011
f 328 340 339 324
g Group32941
f 1925 1924 1941 1940
g Group47011
f 324 339 338 325
g Group32941
f 1924 1928 1942 1941
g Group47011
f 325 338 337 329
g Group32941
f 1937 1938 1944 1943
g Group32944
f 348 349 1943 1944
g Group47011
f 342 349 348 341
g Group32941
f 1938 1939 1945 1944
g Group32944
f 347 348 1944 1945
g Group47011
f 341 348 347 340
g Group32941
f 1939 1940 1946 1945
g Group32944
f 346 347 1945 1946
g Group47011
f 340 347 346 339
g Group32941
f 1940 1941 1947 1946
g Group32944
f 345 346 1946 1947
g Group47011
f 339 346 345 338
g Group32941
f 1941 1942 1948 1947
g Group32944
f 344 345 1947 1948
g Group47011
f 338 345 344 337
g Group32941
f 1952 1951 1950 1949
g Group47011
f 371 372 355 368
g Group32941
f 1956 1955 1954 1953
g Group47011
f 357 358 351 352
g Group32941
f 1960 1959 1958 1957
g Group47011
f 365 367 353 363
g Group32941
f 1953 1954 1962 1961
g Group47011
f 358 359 361 351
g Group32941
f 1960 1965 1964 1963
g Group32944
f 373 366 1963 1964
g Group47011
f 365 366 373 369
g Group32941
f 1955 1966 1958 1954
g Group47011
f 352 351 353 354
g Group32941
f 1967 1966 1955 1956
g Group47011
f 356 357 352 354
g Group32941
f 1965 1960 1957 1968
g Group47011
f 369 370 367 365
g Group32941
f 1951 1966 1967 1950
g Group47011
f 368 355 356 354
g Group32941
f 1968 1957 1951 1952
g Group47011
f 370 371 368 367
g Group32941
f 1959 1962 1954 1958
g Group47011
f 363 353 351 361
g Group32941
f 1970 1962 1959 1969
g Group32944
f 364 362 1970 1969
g Group47011
f 362 364 363 361
g Group32941
f 1969 1959 1960 1963
g Group32944
f 366 364 1969 1963
g Group47011
f 364 366 365 363
g Group32941
f 1971 1961 1962 1970
g Group32944
f 362 360 1971 1970
g Group47011
f 360 362 361 359
g Group32941
f 1957 1958 1966 1951
g Group47011
f 367 368 354 353
g Group32941
f 1973 1956 1953 1972
g Group47011
f 374 375 358 357
g Group32941
f 1975 1950 1967 1974
g Group47011
f 377 378 356 355
g Group32941
f 1972 1953 1961 1976
g Group47011
f 375 379 359 358
g Group32941
f 1974 1967 1956 1973
g Group47011
f 378 374 357 356
g Group32941
f 1976 1961 1971 1977
g Group32944
f 360 380 1977 1971
g Group47011
f 379 380 360 359
g Group32941
f 1950 1975 1978 1949
g Group47011
f 355 372 376 377
g Group32941
f 1964 1965 1980 1979
g Group32944
f 386 373 1964 1979
f 385 386 1979 1980
g Group47011
f 373 386 385 369
g Group32941
f 1965 1968 1981 1980
g Group32944
f 384 385 1980 1981
g Group47011
f 369 385 384 370
g Group32941
f 1968 1952 1982 1981
g Group32944
f 383 384 1981 1982
g Group47011
f 370 384 383 371
g Group32941
f 1952 1949 1983 1982
g Group32944
f 382 383 1982 1983
g Group47011
f 371 383 382 372
g Group32941
f 1949 1978 1984 1983
g Group32944
f 381 382 1983 1984
g Group47011
f 372 382 381 376
g Group32941
f 1984 1978 1986 1985
g Group32944
f 394 381 1984 1985
g Group47011
f 381 394 393 376
g Group32941
f 1978 1975 1987 1986
g Group47011
f 376 393 392 377
g Group32941
f 1975 1974 1988 1987
g Group47011
f 377 392 391 378
g Group32941
f 1974 1973 1989 1988
g Group47011
f 378 391 390 374
g Group32941
f 1973 1972 1990 1989
g Group47011
f 374 390 389 375
g Group32941
f 1972 1976 1991 1990
g Group47011
f 375 389 388 379
g Group32941
f 1985 1986 1993 1992
g Group32944
f 400 387 1992 1993
g Group47011
f 394 387 400 393
g Group32941
f 1986 1987 1994 1993
g Group32944
f 399 400 1993 1994
g Group47011
f 393 400 399 392
g Group32941
f 1987 1988 1995 1994
g Group32944
f 398 399 1994 1995
g Group47011
f 392 399 398 391
g Group32941
f 1988 1989 1996 1995
g Group32944
f 397 398 1995 1996
g Group47011
f 391 398 397 390
g Group32941
f 1989 1990 1997 1996
g Group32944
f 396 397 1996 1997
g Group47011
f 390 397 396 389
g Group32941
f 1990 1991 1998 1997
g Group32944
f 395 396 1997 1998
g Group47011
f 389 396 395 388
g Group32941
f 2000 1999 1998 1991
g Group32944
f 350 395 1998 1999
g Group47011
f 343 388 395 350
g Group32941
f 1976 1977 2000 1991
g Group32944
f 380 343 2000 1977
g Group47011
f 379 388 343 380
g Group32941
f 1936 1930 1937 2000
g Group32944
f 343 331 1936 2000
g Group47011
f 331 343 342 326
g Group32941
f 1937 1943 1999 2000
g Group32944
f 349 350 1999 1943
g Group47011
f 342 343 350 349
g Group32941
f 1848 1842 1985 1992
g Group32944
f 387 244 1848 1992
g Group47011
f 244 387 394 237
g Group32941
f 1828 1829 1985 1842
g Group32944
f 230 394 1985 1829
g Group47011
f 229 237 394 230
g Group32941
f 1748 1742 1885 1892
g Group32944
f 287 144 1748 1892
g Group47011
f 144 287 294 137
g Group32941
f 1728 1729 1885 1742
g Group32944
f 130 294 1885 1729
g Group47011
f 129 137 294 130
g Group32941
f 1648 1642 1785 1792
g Group32944
f 187 44 1648 1792
g Group47011
f 44 187 194 37
g Group32941
f 1628 1629 1785 1642
g Group32944
f 30 194 1785 1629
g Group47011
f 29 37 194 30
g Group32941
f 2004 2003 2002 2001
g Group47011
f 421 422 405 418
g Group32941
f 2008 2007 2006 2005
g Group47011
f 407 408 401 402
g Group32941
f 2012 2011 2010 2009
g Group47011
f 415 417 403 413
g Group32941
f 2005 2006 2014 2013
g Group47011
f 408 409 411 401
g Group32941
f 2012 2017 2016 2015
g Group32944
f 423 416 2015 2016
g Group47011
f 415 416 423 419
g Group32941
f 2007 2018 2010 2006
g Group47011
f 402 401 403 404
g Group32941
f 2019 2018 2007 2008
g Group47011
f 406 407 402 404
g Group32941
f 2017 2012 2009 2020
g Group47011
f 419 420 417 415
g Group32941
f 2003 2018 2019 2002
g Group47011
f 418 405 406 404
g Group32941
f 2020 2009 2003 2004
g Group47011
f 420 421 418 417
g Group32941
f 2011 2014 2006 2010
g Group47011
f 413 403 401 411
g Group32941
f 2022 2014 2011 2021
g Group32944
f 414 412 2022 2021
g Group47011
f 412 414 413 411
g Group32941
f 2021 2011 2012 2015
g Group32944
f 416 414 2021 2015
g Group47011
f 414 416 415 413
g Group32941
f 2023 2013 2014 2022
g Group32944
f 412 410 2023 2022
g Group47011
f 410 412 411 409
g Group32941
f 2009 2010 2018 2003
g Group47011
f 417 418 404 403
g Group32941
f 2025 2008 2005 2024
g Group47011
f 424 425 408 407
g Group32941
f 2027 2002 2019 2026
g Group47011
f 427 428 406 405
g Group32941
f 2024 2005 2013 2028
g Group47011
f 425 429 409 408
g Group32941
f 2026 2019 2008 2025
g Group47011
f 428 424 407 406
g Group32941
f 2028 2013 2023 2029
g Group32944
f 410 430 2029 2023
g Group47011
f 429 430 410 409
g Group32941
f 2002 2027 2030 2001
g Group47011
f 405 422 426 427
g Group32941
f 2016 2017 2032 2031
g Group32944
f 436 423 2016 2031
f 435 436 2031 2032
g Group47011
f 423 436 435 419
g Group32941
f 2017 2020 2033 2032
g Group32944
f 434 435 2032 2033
g Group47011
f 419 435 434 420
g Group32941
f 2020 2004 2034 2033
g Group32944
f 433 434 2033 2034
g Group47011
f 420 434 433 421
g Group32941
f 2004 2001 2035 2034
g Group32944
f 432 433 2034 2035
g Group47011
f 421 433 432 422
g Group32941
f 2001 2030 2036 2035
g Group32944
f 431 432 2035 2036
g Group47011
f 422 432 431 426
g Group32941
f 2030 2027 2038 2037
g Group47011
f 426 442 441 427
g Group32941
f 2027 2026 2039 2038
g Group47011
f 427 441 440 428
g Group32941
f 2026 2025 2040 2039
g Group47011
f 428 440 439 424
g Group32941
f 2025 2024 2041 2040
g Group47011
f 424 439 438 425
g Group32941
f 2024 2028 2042 2041
g Group47011
f 425 438 437 429
g Group32941
f 2037 2038 2044 2043
g Group32944
f 448 449 2043 2044
g Group47011
f 442 449 448 441
g Group32941
f 2038 2039 2045 2044
g Group32944
f 447 448 2044 2045
g Group47011
f 441 448 447 440
g Group32941
f 2039 2040 2046 2045
g Group32944
f 446 447 2045 2046
g Group47011
f 440 447 446 439
g Group32941
f 2040 2041 2047 2046
g Group32944
f 445 446 2046 2047
g Group47011
f 439 446 445 438
g Group32941
f 2041 2042 2048 2047
g Group32944
f 444 445 2047 2048
g Group47011
f 438 445 444 437
g Group32941
f 2052 2051 2050 2049
g Group47011
f 471 472 455 468
g Group32941
f 2056 2055 2054 2053
g Group47011
f 457 458 451 452
g Group32941
f 2060 2059 2058 2057
g Group47011
f 465 467 453 463
g Group32941
f 2053 2054 2062 2061
g Group47011
f 458 459 461 451
g Group32941
f 2060 2065 2064 2063
g Group32944
f 473 466 2063 2064
g Group47011
f 465 466 473 469
g Group32941
f 2055 2066 2058 2054
g Group47011
f 452 451 453 454
g Group32941
f 2067 2066 2055 2056
g Group47011
f 456 457 452 454
g Group32941
f 2065 2060 2057 2068
g Group47011
f 469 470 467 465
g Group32941
f 2051 2066 2067 2050
g Group47011
f 468 455 456 454
g Group32941
f 2068 2057 2051 2052
g Group47011
f 470 471 468 467
g Group32941
f 2059 2062 2054 2058
g Group47011
f 463 453 451 461
g Group32941
f 2070 2062 2059 2069
g Group32944
f 464 462 2070 2069
g Group47011
f 462 464 463 461
g Group32941
f 2069 2059 2060 2063
g Group32944
f 466 464 2069 2063
g Group47011
f 464 466 465 463
g Group32941
f 2071 2061 2062 2070
g Group32944
f 462 460 2071 2070
g Group47011
f 460 462 461 459
g Group32941
f 2057 2058 2066 2051
g Group47011
f 467 468 454 453
g Group32941
f 2073 2056 2053 2072
g Group47011
f 474 475 458 457
g Group32941
f 2075 2050 2067 2074
g Group47011
f 477 478 456 455
g Group32941
f 2072 2053 2061 2076
g Group47011
f 475 479 459 458
g Group32941
f 2074 2067 2056 2073
g Group47011
f 478 474 457 456
g Group32941
f 2076 2061 2071 2077
g Group32944
f 460 480 2077 2071
g Group47011
f 479 480 460 459
g Group32941
f 2050 2075 2078 2049
g Group47011
f 455 472 476 477
g Group32941
f 2064 2065 2080 2079
g Group32944
f 486 473 2064 2079
f 485 486 2079 2080
g Group47011
f 473 486 485 469
g Group32941
f 2065 2068 2081 2080
g Group32944
f 484 485 2080 2081
g Group47011
f 469 485 484 470
g Group32941
f 2068 2052 2082 2081
g Group32944
f 483 484 2081 2082
g Group47011
f 470 484 483 471
g Group32941
f 2052 2049 2083 2082
g Group32944
f 482 483 2082 2083
g Group47011
f 471 483 482 472
g Group32941
f 2049 2078 2084 2083
g Group32944
f 481 482 2083 2084
g Group47011
f 472 482 481 476
g Group32941
f 2078 2075 2086 2085
g Group47011
f 476 492 491 477
g Group32941
f 2075 2074 2087 2086
g Group47011
f 477 491 490 478
g Group32941
f 2074 2073 2088 2087
g Group47011
f 478 490 489 474
g Group32941
f 2073 2072 2089 2088
g Group47011
f 474 489 488 475
g Group32941
f 2072 2076 2090 2089
g Group47011
f 475 488 487 479
g Group32941
f 2085 2086 2092 2091
g Group32944
f 497 498 2091 2092
g Group47011
f 492 498 497 491
g Group32941
f 2086 2087 2093 2092
g Group32944
f 496 497 2092 2093
g Group47011
f 491 497 496 490
g Group32941
f 2087 2088 2094 2093
g Group32944
f 495 496 2093 2094
g Group47011
f 490 496 495 489
g Group32941
f 2088 2089 2095 2094
g Group32944
f 494 495 2094 2095
g Group47011
f 489 495 494 488
g Group32941
f 2089 2090 2096 2095
g Group32944
f 493 494 2095 2096
g Group47011
f 488 494 493 487
g Group32941
f 2098 2097 2096 2090
g Group32944
f 450 493 2096 2097
g Group47011
f 443 487 493 450
g Group32941
f 2076 2077 2098 2090
g Group32944
f 480 443 2098 2077
g Group47011
f 479 487 443 480
g Group32941
f 2036 2030 2037 2098
g Group32944
f 443 431 2036 2098
g Group47011
f 431 443 442 426
g Group32941
f 2037 2043 2097 2098
g Group32944
f 449 450 2097 2043
g Group47011
f 442 443 450 449
g Group32941
f 2102 2101 2100 2099
g Group47011
f 519 520 503 516
g Group32941
f 2106 2105 2104 2103
g Group47011
f 505 506 499 500
g Group32941
f 2110 2109 2108 2107
g Group47011
f 513 515 501 511
g Group32941
f 2103 2104 2112 2111
g Group47011
f 506 507 509 499
g Group32941
f 2110 2115 2114 2113
g Group32944
f 521 514 2113 2114
g Group47011
f 513 514 521 517
g Group32941
f 2105 2116 2108 2104
g Group47011
f 500 499 501 502
g Group32941
f 2117 2116 2105 2106
g Group47011
f 504 505 500 502
g Group32941
f 2115 2110 2107 2118
g Group47011
f 517 518 515 513
g Group32941
f 2101 2116 2117 2100
g Group47011
f 516 503 504 502
g Group32941
f 2118 2107 2101 2102
g Group47011
f 518 519 516 515
g Group32941
f 2109 2112 2104 2108
g Group47011
f 511 501 499 509
g Group32941
f 2120 2112 2109 2119
g Group32944
f 512 510 2120 2119
g Group47011
f 510 512 511 509
g Group32941
f 2119 2109 2110 2113
g Group32944
f 514 512 2119 2113
g Group47011
f 512 514 513 511
g Group32941
f 2121 2111 2112 2120
g Group32944
f 510 508 2121 2120
g Group47011
f 508 510 509 507
g Group32941
f 2107 2108 2116 2101
g Group47011
f 515 516 502 501
g Group32941
f 2123 2106 2103 2122
g Group47011
f 522 523 506 505
g Group32941
f 2125 2100 2117 2124
g Group47011
f 525 526 504 503
g Group32941
f 2122 2103 2111 2126
g Group47011
f 523 527 507 506
g Group32941
f 2124 2117 2106 2123
g Group47011
f 526 522 505 504
g Group32941
f 2126 2111 2121 2127
g Group32944
f 508 528 2127 2121
g Group47011
f 527 528 508 507
g Group32941
f 2100 2125 2128 2099
g Group47011
f 503 520 524 525
g Group32941
f 2114 2115 2130 2129
g Group32944
f 534 521 2114 2129
f 533 534 2129 2130
g Group47011
f 521 534 533 517
g Group32941
f 2115 2118 2131 2130
g Group32944
f 532 533 2130 2131
g Group47011
f 517 533 532 518
g Group32941
f 2118 2102 2132 2131
g Group32944
f 531 532 2131 2132
g Group47011
f 518 532 531 519
g Group32941
f 2102 2099 2133 2132
g Group32944
f 530 531 2132 2133
g Group47011
f 519 531 530 520
g Group32941
f 2099 2128 2134 2133
g Group32944
f 529 530 2133 2134
g Group47011
f 520 530 529 524
g Group32941
f 2128 2125 2136 2135
g Group47011
f 524 540 539 525
g Group32941
f 2125 2124 2137 2136
g Group47011
f 525 539 538 526
g Group32941
f 2124 2123 2138 2137
g Group47011
f 526 538 537 522
g Group32941
f 2123 2122 2139 2138
g Group47011
f 522 537 536 523
g Group32941
f 2122 2126 2140 2139
g Group47011
f 523 536 535 527
g Group32941
f 2135 2136 2142 2141
g Group32944
f 546 547 2141 2142
g Group47011
f 540 547 546 539
g Group32941
f 2136 2137 2143 2142
g Group32944
f 545 546 2142 2143
g Group47011
f 539 546 545 538
g Group32941
f 2137 2138 2144 2143
g Group32944
f 544 545 2143 2144
g Group47011
f 538 545 544 537
g Group32941
f 2138 2139 2145 2144
g Group32944
f 543 544 2144 2145
g Group47011
f 537 544 543 536
g Group32941
f 2139 2140 2146 2145
g Group32944
f 542 543 2145 2146
g Group47011
f 536 543 542 535
g Group32941
f 2150 2149 2148 2147
g Group47011
f 569 570 553 566
g Group32941
f 2154 2153 2152 2151
g Group47011
f 555 556 549 550
g Group32941
f 2158 2157 2156 2155
g Group47011
f 563 565 551 561
g Group32941
f 2151 2152 2160 2159
g Group47011
f 556 557 559 549
g Group32941
f 2158 2163 2162 2161
g Group32944
f 571 564 2161 2162
g Group47011
f 563 564 571 567
g Group32941
f 2153 2164 2156 2152
g Group47011
f 550 549 551 552
g Group32941
f 2165 2164 2153 2154
g Group47011
f 554 555 550 552
g Group32941
f 2163 2158 2155 2166
g Group47011
f 567 568 565 563
g Group32941
f 2149 2164 2165 2148
g Group47011
f 566 553 554 552
g Group32941
f 2166 2155 2149 2150
g Group47011
f 568 569 566 565
g Group32941
f 2157 2160 2152 2156
g Group47011
f 561 551 549 559
g Group32941
f 2168 2160 2157 2167
g Group32944
f 562 560 2168 2167
g Group47011
f 560 562 561 559
g Group32941
f 2167 2157 2158 2161
g Group32944
f 564 562 2167 2161
g Group47011
f 562 564 563 561
g Group32941
f 2169 2159 2160 2168
g Group32944
f 560 558 2169 2168
g Group47011
f 558 560 559 557
g Group32941
f 2155 2156 2164 2149
g Group47011
f 565 566 552 551
g Group32941
f 2171 2154 2151 2170
g Group47011
f 572 573 556 555
g Group32941
f 2173 2148 2165 2172
g Group47011
f 575 576 554 553
g Group32941
f 2170 2151 2159 2174
g Group47011
f 573 577 557 556
g Group32941
f 2172 2165 2154 2171
g Group47011
f 576 572 555 554
g Group32941
f 2174 2159 2169 2175
g Group32944
f 558 578 2175 2169
g Group47011
f 577 578 558 557
g Group32941
f 2148 2173 2176 2147
g Group47011
f 553 570 574 575
g Group32941
f 2162 2163 2178 2177
g Group32944
f 584 571 2162 2177
f 583 584 2177 2178
g Group47011
f 571 584 583 567
g Group32941
f 2163 2166 2179 2178
g Group32944
f 582 583 2178 2179
g Group47011
f 567 583 582 568
g Group32941
f 2166 2150 2180 2179
g Group32944
f 581 582 2179 2180
g Group47011
f 568 582 581 569
g Group32941
f 2150 2147 2181 2180
g Group32944
f 580 581 2180 2181
g Group47011
f 569 581 580 570
g Group32941
f 2147 2176 2182 2181
g Group32944
f 579 580 2181 2182
g Group47011
f 570 580 579 574
g Group32941
f 2182 2176 2184 2183
g Group32944
f 592 579 2182 2183
g Group47011
f 579 592 591 574
g Group32941
f 2176 2173 2185 2184
g Group47011
f 574 591 590 575
g Group32941
f 2173 2172 2186 2185
g Group47011
f 575 590 589 576
g Group32941
f 2172 2171 2187 2186
g Group47011
f 576 589 588 572
g Group32941
f 2171 2170 2188 2187
g Group47011
f 572 588 587 573
g Group32941
f 2170 2174 2189 2188
g Group47011
f 573 587 586 577
g Group32941
f 2183 2184 2191 2190
g Group32944
f 598 585 2190 2191
g Group47011
f 592 585 598 591
g Group32941
f 2184 2185 2192 2191
g Group32944
f 597 598 2191 2192
g Group47011
f 591 598 597 590
g Group32941
f 2185 2186 2193 2192
g Group32944
f 596 597 2192 2193
g Group47011
f 590 597 596 589
g Group32941
f 2186 2187 2194 2193
g Group32944
f 595 596 2193 2194
g Group47011
f 589 596 595 588
g Group32941
f 2187 2188 2195 2194
g Group32944
f 594 595 2194 2195
g Group47011
f 588 595 594 587
g Group32941
f 2188 2189 2196 2195
g Group32944
f 593 594 2195 2196
g Group47011
f 587 594 593 586
g Group32941
f 2198 2197 2196 2189
g Group32944
f 548 593 2196 2197
g Group47011
f 541 586 593 548
g Group32941
f 2174 2175 2198 2189
g Group32944
f 578 541 2198 2175
g Group47011
f 577 586 541 578
g Group32941
f 2134 2128 2135 2198
g Group32944
f 541 529 2134 2198
g Group47011
f 529 541 540 524
g Group32941
f 2135 2141 2197 2198
g Group32944
f 547 548 2197 2141
g Group47011
f 540 541 548 547
g Group32941
f 2202 2201 2200 2199
g Group47011
f 619 620 603 616
g Group32941
f 2206 2205 2204 2203
g Group47011
f 605 606 599 600
g Group32941
f 2210 2209 2208 2207
g Group47011
f 613 615 601 611
g Group32941
f 2203 2204 2212 2211
g Group47011
f 606 607 609 599
g Group32941
f 2210 2215 2214 2213
g Group32944
f 621 614 2213 2214
g Group47011
f 613 614 621 617
g Group32941
f 2205 2216 2208 2204
g Group47011
f 600 599 601 602
g Group32941
f 2217 2216 2205 2206
g Group47011
f 604 605 600 602
g Group32941
f 2215 2210 2207 2218
g Group47011
f 617 618 615 613
g Group32941
f 2201 2216 2217 2200
g Group47011
f 616 603 604 602
g Group32941
f 2218 2207 2201 2202
g Group47011
f 618 619 616 615
g Group32941
f 2209 2212 2204 2208
g Group47011
f 611 601 599 609
g Group32941
f 2220 2212 2209 2219
g Group32944
f 612 610 2220 2219
g Group47011
f 610 612 611 609
g Group32941
f 2219 2209 2210 2213
g Group32944
f 614 612 2219 2213
g Group47011
f 612 614 613 611
g Group32941
f 2221 2211 2212 2220
g Group32944
f 610 608 2221 2220
g Group47011
f 608 610 609 607
g Group32941
f 2207 2208 2216 2201
g Group47011
f 615 616 602 601
g Group32941
f 2223 2206 2203 2222
g Group47011
f 622 623 606 605
g Group32941
f 2225 2200 2217 2224
g Group47011
f 625 626 604 603
g Group32941
f 2222 2203 2211 2226
g Group47011
f 623 627 607 606
g Group32941
f 2224 2217 2206 2223
g Group47011
f 626 622 605 604
g Group32941
f 2226 2211 2221 2227
g Group32944
f 608 628 2227 2221
g Group47011
f 627 628 608 607
g Group32941
f 2200 2225 2228 2199
g Group47011
f 603 620 624 625
g Group32941
f 2214 2215 2230 2229
g Group32944
f 634 621 2214 2229
f 633 634 2229 2230
g Group47011
f 621 634 633 617
g Group32941
f 2215 2218 2231 2230
g Group32944
f 632 633 2230 2231
g Group47011
f 617 633 632 618
g Group32941
f 2218 2202 2232 2231
g Group32944
f 631 632 2231 2232
g Group47011
f 618 632 631 619
g Group32941
f 2202 2199 2233 2232
g Group32944
f 630 631 2232 2233
g Group47011
f 619 631 630 620
g Group32941
f 2199 2228 2234 2233
g Group32944
f 629 630 2233 2234
g Group47011
f 620 630 629 624
g Group32941
f 2228 2225 2236 2235
g Group47011
f 624 640 639 625
g Group32941
f 2225 2224 2237 2236
g Group47011
f 625 639 638 626
g Group32941
f 2224 2223 2238 2237
g Group47011
f 626 638 637 622
g Group32941
f 2223 2222 2239 2238
g Group47011
f 622 637 636 623
g Group32941
f 2222 2226 2240 2239
g Group47011
f 623 636 635 627
g Group32941
f 2235 2236 2242 2241
g Group32944
f 646 647 2241 2242
g Group47011
f 640 647 646 639
g Group32941
f 2236 2237 2243 2242
g Group32944
f 645 646 2242 2243
g Group47011
f 639 646 645 638
g Group32941
f 2237 2238 2244 2243
g Group32944
f 644 645 2243 2244
g Group47011
f 638 645 644 637
g Group32941
f 2238 2239 2245 2244
g Group32944
f 643 644 2244 2245
g Group47011
f 637 644 643 636
g Group32941
f 2239 2240 2246 2245
g Group32944
f 642 643 2245 2246
g Group47011
f 636 643 642 635
g Group32941
f 2250 2249 2248 2247
g Group47011
f 669 670 653 666
g Group32941
f 2254 2253 2252 2251
g Group47011
f 655 656 649 650
g Group32941
f 2258 2257 2256 2255
g Group47011
f 663 665 651 661
g Group32941
f 2251 2252 2260 2259
g Group47011
f 656 657 659 649
g Group32941
f 2258 2263 2262 2261
g Group32944
f 671 664 2261 2262
g Group47011
f 663 664 671 667
g Group32941
f 2253 2264 2256 2252
g Group47011
f 650 649 651 652
g Group32941
f 2265 2264 2253 2254
g Group47011
f 654 655 650 652
g Group32941
f 2263 2258 2255 2266
g Group47011
f 667 668 665 663
g Group32941
f 2249 2264 2265 2248
g Group47011
f 666 653 654 652
g Group32941
f 2266 2255 2249 2250
g Group47011
f 668 669 666 665
g Group32941
f 2257 2260 2252 2256
g Group47011
f 661 651 649 659
g Group32941
f 2268 2260 2257 2267
g Group32944
f 662 660 2268 2267
g Group47011
f 660 662 661 659
g Group32941
f 2267 2257 2258 2261
g Group32944
f 664 662 2267 2261
g Group47011
f 662 664 663 661
g Group32941
f 2269 2259 2260 2268
g Group32944
f 660 658 2269 2268
g Group47011
f 658 660 659 657
g Group32941
f 2255 2256 2264 2249
g Group47011
f 665 666 652 651
g Group32941
f 2271 2254 2251 2270
g Group47011
f 672 673 656 655
g Group32941
f 2273 2248 2265 2272
g Group47011
f 675 676 654 653
g Group32941
f 2270 2251 2259 2274
g Group47011
f 673 677 657 656
g Group32941
f 2272 2265 2254 2271
g Group47011
f 676 672 655 654
g Group32941
f 2274 2259 2269 2275
g Group32944
f 658 678 2275 2269
g Group47011
f 677 678 658 657
g Group32941
f 2248 2273 2276 2247
g Group47011
f 653 670 674 675
g Group32941
f 2262 2263 2278 2277
g Group32944
f 684 671 2262 2277
f 683 684 2277 2278
g Group47011
f 671 684 683 667
g Group32941
f 2263 2266 2279 2278
g Group32944
f 682 683 2278 2279
g Group47011
f 667 683 682 668
g Group32941
f 2266 2250 2280 2279
g Group32944
f 681 682 2279 2280
g Group47011
f 668 682 681 669
g Group32941
f 2250 2247 2281 2280
g Group32944
f 680 681 2280 2281
g Group47011
f 669 681 680 670
g Group32941
f 2247 2276 2282 2281
g Group32944
f 679 680 2281 2282
g Group47011
f 670 680 679 674
g Group32941
f 2282 2276 2284 2283
g Group32944
f 692 679 2282 2283
g Group47011
f 679 692 691 674
g Group32941
f 2276 2273 2285 2284
g Group47011
f 674 691 690 675
g Group32941
f 2273 2272 2286 2285
g Group47011
f 675 690 689 676
g Group32941
f 2272 2271 2287 2286
g Group47011
f 676 689 688 672
g Group32941
f 2271 2270 2288 2287
g Group47011
f 672 688 687 673
g Group32941
f 2270 2274 2289 2288
g Group47011
f 673 687 686 677
g Group32941
f 2283 2284 2291 2290
g Group32944
f 698 685 2290 2291
g Group47011
f 692 685 698 691
g Group32941
f 2284 2285 2292 2291
g Group32944
f 697 698 2291 2292
g Group47011
f 691 698 697 690
g Group32941
f 2285 2286 2293 2292
g Group32944
f 696 697 2292 2293
g Group47011
f 690 697 696 689
g Group32941
f 2286 2287 2294 2293
g Group32944
f 695 696 2293 2294
g Group47011
f 689 696 695 688
g Group32941
f 2287 2288 2295 2294
g Group32944
f 694 695 2294 2295
g Group47011
f 688 695 694 687
g Group32941
f 2288 2289 2296 2295
g Group32944
f 693 694 2295 2296
g Group47011
f 687 694 693 686
g Group32941
f 2298 2297 2296 2289
g Group32944
f 648 693 2296 2297
g Group47011
f 641 686 693 648
g Group32941
f 2274 2275 2298 2289
g Group32944
f 678 641 2298 2275
g Group47011
f 677 686 641 678
g Group32941
f 2234 2228 2235 2298
g Group32944
f 641 629 2234 2298
g Group47011
f 629 641 640 624
g Group32941
f 2235 2241 2297 2298
g Group32944
f 647 648 2297 2241
g Group47011
f 640 641 648 647
g Group32941
f 2302 2301 2300 2299
g Group47011
f 719 720 703 716
g Group32941
f 2306 2305 2304 2303
g Group47011
f 705 706 699 700
g Group32941
f 2310 2309 2308 2307
g Group47011
f 713 715 701 711
g Group32941
f 2303 2304 2312 2311
g Group47011
f 706 707 709 699
g Group32941
f 2310 2315 2314 2313
g Group32944
f 721 714 2313 2314
g Group47011
f 713 714 721 717
g Group32941
f 2305 2316 2308 2304
g Group47011
f 700 699 701 702
g Group32941
f 2317 2316 2305 2306
g Group47011
f 704 705 700 702
g Group32941
f 2315 2310 2307 2318
g Group47011
f 717 718 715 713
g Group32941
f 2301 2316 2317 2300
g Group47011
f 716 703 704 702
g Group32941
f 2318 2307 2301 2302
g Group47011
f 718 719 716 715
g Group32941
f 2309 2312 2304 2308
g Group47011
f 711 701 699 709
g Group32941
f 2320 2312 2309 2319
g Group32944
f 712 710 2320 2319
g Group47011
f 710 712 711 709
g Group32941
f 2319 2309 2310 2313
g Group32944
f 714 712 2319 2313
g Group47011
f 712 714 713 711
g Group32941
f 2321 2311 2312 2320
g Group32944
f 710 708 2321 2320
g Group47011
f 708 710 709 707
g Group32941
f 2307 2308 2316 2301
g Group47011
f 715 716 702 701
g Group32941
f 2323 2306 2303 2322
g Group47011
f 722 723 706 705
g Group32941
f 2325 2300 2317 2324
g Group47011
f 725 726 704 703
g Group32941
f 2322 2303 2311 2326
g Group47011
f 723 727 707 706
g Group32941
f 2324 2317 2306 2323
g Group47011
f 726 722 705 704
g Group32941
f 2326 2311 2321 2327
g Group32944
f 708 728 2327 2321
g Group47011
f 727 728 708 707
g Group32941
f 2300 2325 2328 2299
g Group47011
f 703 720 724 725
g Group32941
f 2314 2315 2330 2329
g Group32944
f 734 721 2314 2329
f 733 734 2329 2330
g Group47011
f 721 734 733 717
g Group32941
f 2315 2318 2331 2330
g Group32944
f 732 733 2330 2331
g Group47011
f 717 733 732 718
g Group32941
f 2318 2302 2332 2331
g Group32944
f 731 732 2331 2332
g Group47011
f 718 732 731 719
g Group32941
f 2302 2299 2333 2332
g Group32944
f 730 731 2332 2333
g Group47011
f 719 731 730 720
g Group32941
f 2299 2328 2334 2333
g Group32944
f 729 730 2333 2334
g Group47011
f 720 730 729 724
g Group32941
f 2328 2325 2336 2335
g Group47011
f 724 740 739 725
g Group32941
f 2325 2324 2337 2336
g Group47011
f 725 739 738 726
g Group32941
f 2324 2323 2338 2337
g Group47011
f 726 738 737 722
g Group32941
f 2323 2322 2339 2338
g Group47011
f 722 737 736 723
g Group32941
f 2322 2326 2340 2339
g Group47011
f 723 736 735 727
g Group32941
f 2335 2336 2342 2341
g Group32944
f 746 747 2341 2342
g Group47011
f 740 747 746 739
g Group32941
f 2336 2337 2343 2342
g Group32944
f 745 746 2342 2343
g Group47011
f 739 746 745 738
g Group32941
f 2337 2338 2344 2343
g Group32944
f 744 745 2343 2344
g Group47011
f 738 745 744 737
g Group32941
f 2338 2339 2345 2344
g Group32944
f 743 744 2344 2345
g Group47011
f 737 744 743 736
g Group32941
f 2339 2340 2346 2345
g Group32944
f 742 743 2345 2346
g Group47011
f 736 743 742 735
g Group32941
f 2350 2349 2348 2347
g Group47011
f 769 770 753 766
g Group32941
f 2354 2353 2352 2351
g Group47011
f 755 756 749 750
g Group32941
f 2358 2357 2356 2355
g Group47011
f 763 765 751 761
g Group32941
f 2351 2352 2360 2359
g Group47011
f 756 757 759 749
g Group32941
f 2358 2363 2362 2361
g Group32944
f 771 764 2361 2362
g Group47011
f 763 764 771 767
g Group32941
f 2353 2364 2356 2352
g Group47011
f 750 749 751 752
g Group32941
f 2365 2364 2353 2354
g Group47011
f 754 755 750 752
g Group32941
f 2363 2358 2355 2366
g Group47011
f 767 768 765 763
g Group32941
f 2349 2364 2365 2348
g Group47011
f 766 753 754 752
g Group32941
f 2366 2355 2349 2350
g Group47011
f 768 769 766 765
g Group32941
f 2357 2360 2352 2356
g Group47011
f 761 751 749 759
g Group32941
f 2368 2360 2357 2367
g Group32944
f 762 760 2368 2367
g Group47011
f 760 762 761 759
g Group32941
f 2367 2357 2358 2361
g Group32944
f 764 762 2367 2361
g Group47011
f 762 764 763 761
g Group32941
f 2369 2359 2360 2368
g Group32944
f 760 758 2369 2368
g Group47011
f 758 760 759 757
g Group32941
f 2355 2356 2364 2349
g Group47011
f 765 766 752 751
g Group32941
f 2371 2354 2351 2370
g Group47011
f 772 773 756 755
g Group32941
f 2373 2348 2365 2372
g Group47011
f 775 776 754 753
g Group32941
f 2370 2351 2359 2374
g Group47011
f 773 777 757 756
g Group32941
f 2372 2365 2354 2371
g Group47011
f 776 772 755 754
g Group32941
f 2374 2359 2369 2375
g Group32944
f 758 778 2375 2369
g Group47011
f 777 778 758 757
g Group32941
f 2348 2373 2376 2347
g Group47011
f 753 770 774 775
g Group32941
f 2362 2363 2378 2377
g Group32944
f 784 771 2362 2377
f 783 784 2377 2378
g Group47011
f 771 784 783 767
g Group32941
f 2363 2366 2379 2378
g Group32944
f 782 783 2378 2379
g Group47011
f 767 783 782 768
g Group32941
f 2366 2350 2380 2379
g Group32944
f 781 782 2379 2380
g Group47011
f 768 782 781 769
g Group32941
f 2350 2347 2381 2380
g Group32944
f 780 781 2380 2381
g Group47011
f 769 781 780 770
g Group32941
f 2347 2376 2382 2381
g Group32944
f 779 780 2381 2382
g Group47011
f 770 780 779 774
g Group32941
f 2382 2376 2384 2383
g Group32944
f 792 779 2382 2383
g Group47011
f 779 792 791 774
g Group32941
f 2376 2373 2385 2384
g Group47011
f 774 791 790 775
g Group32941
f 2373 2372 2386 2385
g Group47011
f 775 790 789 776
g Group32941
f 2372 2371 2387 2386
g Group47011
f 776 789 788 772
g Group32941
f 2371 2370 2388 2387
g Group47011
f 772 788 787 773
g Group32941
f 2370 2374 2389 2388
g Group47011
f 773 787 786 777
g Group32941
f 2383 2384 2391 2390
g Group32944
f 798 785 2390 2391
g Group47011
f 792 785 798 791
g Group32941
f 2384 2385 2392 2391
g Group32944
f 797 798 2391 2392
g Group47011
f 791 798 797 790
g Group32941
f 2385 2386 2393 2392
g Group32944
f 796 797 2392 2393
g Group47011
f 790 797 796 789
g Group32941
f 2386 2387 2394 2393
g Group32944
f 795 796 2393 2394
g Group47011
f 789 796 795 788
g Group32941
f 2387 2388 2395 2394
g Group32944
f 794 795 2394 2395
g Group47011
f 788 795 794 787
g Group32941
f 2388 2389 2396 2395
g Group32944
f 793 794 2395 2396
g Group47011
f 787 794 793 786
g Group32941
f 2398 2397 2396 2389
g Group32944
f 748 793 2396 2397
g Group47011
f 741 786 793 748
g Group32941
f 2374 2375 2398 2389
g Group32944
f 778 741 2398 2375
g Group47011
f 777 786 741 778
g Group32941
f 2334 2328 2335 2398
g Group32944
f 741 729 2334 2398
g Group47011
f 729 741 740 724
g Group32941
f 2335 2341 2397 2398
g Group32944
f 747 748 2397 2341
g Group47011
f 740 741 748 747
g Group32941
f 2246 2240 2383 2390
g Group32944
f 785 642 2246 2390
g Group47011
f 642 785 792 635
g Group32941
f 2226 2227 2383 2240
g Group32944
f 628 792 2383 2227
g Group47011
f 627 635 792 628
g Group32941
f 2146 2140 2283 2290
g Group32944
f 685 542 2146 2290
g Group47011
f 542 685 692 535
g Group32941
f 2126 2127 2283 2140
g Group32944
f 528 692 2283 2127
g Group47011
f 527 535 692 528
g Group32941
f 2048 2042 2183 2190
g Group32944
f 585 444 2048 2190
g Group47011
f 444 585 592 437
g Group32941
f 2028 2029 2183 2042
g Group32944
f 430 592 2183 2029
g Group47011
f 429 437 592 430
g Group32941
f 2346 2340 1685 1692
g Group32944
f 87 742 2346 1692
g Group47011
f 742 87 94 735
g Group32941
f 2326 2327 1685 2340
g Group32944
f 728 94 1685 2327
g Group47011
f 727 735 94 728
g Group32941
f 2402 2401 2400 2399
g Group47011
f 819 820 803 816
g Group32941
f 2406 2405 2404 2403
g Group47011
f 805 806 799 800
g Group32941
f 2410 2409 2408 2407
g Group47011
f 813 815 801 811
g Group32941
f 2403 2404 2412 2411
g Group47011
f 806 807 809 799
g Group32941
f 2410 2415 2414 2413
g Group32944
f 821 814 2413 2414
g Group47011
f 813 814 821 817
g Group32941
f 2405 2416 2408 2404
g Group47011
f 800 799 801 802
g Group32941
f 2417 2416 2405 2406
g Group47011
f 804 805 800 802
g Group32941
f 2415 2410 2407 2418
g Group47011
f 817 818 815 813
g Group32941
f 2401 2416 2417 2400
g Group47011
f 816 803 804 802
g Group32941
f 2418 2407 2401 2402
g Group47011
f 818 819 816 815
g Group32941
f 2409 2412 2404 2408
g Group47011
f 811 801 799 809
g Group32941
f 2420 2412 2409 2419
g Group32944
f 812 810 2420 2419
g Group47011
f 810 812 811 809
g Group32941
f 2419 2409 2410 2413
g Group32944
f 814 812 2419 2413
g Group47011
f 812 814 813 811
g Group32941
f 2421 2411 2412 2420
g Group32944
f 810 808 2421 2420
g Group47011
f 808 810 809 807
g Group32941
f 2407 2408 2416 2401
g Group47011
f 815 816 802 801
g Group32941
f 2423 2406 2403 2422
g Group47011
f 822 823 806 805
g Group32941
f 2425 2400 2417 2424
g Group47011
f 825 826 804 803
g Group32941
f 2422 2403 2411 2426
g Group47011
f 823 827 807 806
g Group32941
f 2424 2417 2406 2423
g Group47011
f 826 822 805 804
g Group32941
f 2426 2411 2421 2427
g Group32944
f 808 828 2427 2421
g Group47011
f 827 828 808 807
g Group32941
f 2400 2425 2428 2399
g Group47011
f 803 820 824 825
g Group32941
f 2414 2415 2430 2429
g Group32944
f 834 821 2414 2429
f 833 834 2429 2430
g Group47011
f 821 834 833 817
g Group32941
f 2415 2418 2431 2430
g Group32944
f 832 833 2430 2431
g Group47011
f 817 833 832 818
g Group32941
f 2418 2402 2432 2431
g Group32944
f 831 832 2431 2432
g Group47011
f 818 832 831 819
g Group32941
f 2402 2399 2433 2432
g Group32944
f 830 831 2432 2433
g Group47011
f 819 831 830 820
g Group32941
f 2399 2428 2434 2433
g Group32944
f 829 830 2433 2434
g Group47011
f 820 830 829 824
g Group32941
f 2428 2425 2436 2435
g Group47011
f 824 840 839 825
g Group32941
f 2425 2424 2437 2436
g Group47011
f 825 839 838 826
g Group32941
f 2424 2423 2438 2437
g Group47011
f 826 838 837 822
g Group32941
f 2423 2422 2439 2438
g Group47011
f 822 837 836 823
g Group32941
f 2422 2426 2440 2439
g Group47011
f 823 836 835 827
g Group32941
f 2435 2436 2442 2441
g Group32944
f 846 847 2441 2442
g Group47011
f 840 847 846 839
g Group32941
f 2436 2437 2443 2442
g Group32944
f 845 846 2442 2443
g Group47011
f 839 846 845 838
g Group32941
f 2437 2438 2444 2443
g Group32944
f 844 845 2443 2444
g Group47011
f 838 845 844 837
g Group32941
f 2438 2439 2445 2444
g Group32944
f 843 844 2444 2445
g Group47011
f 837 844 843 836
g Group32941
f 2439 2440 2446 2445
g Group32944
f 842 843 2445 2446
g Group47011
f 836 843 842 835
g Group32941
f 2450 2449 2448 2447
g Group47011
f 869 870 853 866
g Group32941
f 2454 2453 2452 2451
g Group47011
f 855 856 849 850
g Group32941
f 2458 2457 2456 2455
g Group47011
f 863 865 851 861
g Group32941
f 2451 2452 2460 2459
g Group47011
f 856 857 859 849
g Group32941
f 2458 2463 2462 2461
g Group32944
f 871 864 2461 2462
g Group47011
f 863 864 871 867
g Group32941
f 2453 2464 2456 2452
g Group47011
f 850 849 851 852
g Group32941
f 2465 2464 2453 2454
g Group47011
f 854 855 850 852
g Group32941
f 2463 2458 2455 2466
g Group47011
f 867 868 865 863
g Group32941
f 2449 2464 2465 2448
g Group47011
f 866 853 854 852
g Group32941
f 2466 2455 2449 2450
g Group47011
f 868 869 866 865
g Group32941
f 2457 2460 2452 2456
g Group47011
f 861 851 849 859
g Group32941
f 2468 2460 2457 2467
g Group32944
f 862 860 2468 2467
g Group47011
f 860 862 861 859
g Group32941
f 2467 2457 2458 2461
g Group32944
f 864 862 2467 2461
g Group47011
f 862 864 863 861
g Group32941
f 2469 2459 2460 2468
g Group32944
f 860 858 2469 2468
g Group47011
f 858 860 859 857
g Group32941
f 2455 2456 2464 2449
g Group47011
f 865 866 852 851
g Group32941
f 2471 2454 2451 2470
g Group47011
f 872 873 856 855
g Group32941
f 2473 2448 2465 2472
g Group47011
f 875 876 854 853
g Group32941
f 2470 2451 2459 2474
g Group47011
f 873 877 857 856
g Group32941
f 2472 2465 2454 2471
g Group47011
f 876 872 855 854
g Group32941
f 2474 2459 2469 2475
g Group32944
f 858 878 2475 2469
g Group47011
f 877 878 858 857
g Group32941
f 2448 2473 2476 2447
g Group47011
f 853 870 874 875
g Group32941
f 2462 2463 2478 2477
g Group32944
f 884 871 2462 2477
f 883 884 2477 2478
g Group47011
f 871 884 883 867
g Group32941
f 2463 2466 2479 2478
g Group32944
f 882 883 2478 2479
g Group47011
f 867 883 882 868
g Group32941
f 2466 2450 2480 2479
g Group32944
f 881 882 2479 2480
g Group47011
f 868 882 881 869
g Group32941
f 2450 2447 2481 2480
g Group32944
f 880 881 2480 2481
g Group47011
f 869 881 880 870
g Group32941
f 2447 2476 2482 2481
g Group32944
f 879 880 2481 2482
g Group47011
f 870 880 879 874
g Group32941
f 2482 2476 2484 2483
g Group32944
f 892 879 2482 2483
g Group47011
f 879 892 891 874
g Group32941
f 2476 2473 2485 2484
g Group47011
f 874 891 890 875
g Group32941
f 2473 2472 2486 2485
g Group47011
f 875 890 889 876
g Group32941
f 2472 2471 2487 2486
g Group47011
f 876 889 888 872
g Group32941
f 2471 2470 2488 2487
g Group47011
f 872 888 887 873
g Group32941
f 2470 2474 2489 2488
g Group47011
f 873 887 886 877
g Group32941
f 2483 2484 2491 2490
g Group32944
f 898 885 2490 2491
g Group47011
f 892 885 898 891
g Group32941
f 2484 2485 2492 2491
g Group32944
f 897 898 2491 2492
g Group47011
f 891 898 897 890
g Group32941
f 2485 2486 2493 2492
g Group32944
f 896 897 2492 2493
g Group47011
f 890 897 896 889
g Group32941
f 2486 2487 2494 2493
g Group32944
f 895 896 2493 2494
g Group47011
f 889 896 895 888
g Group32941
f 2487 2488 2495 2494
g Group32944
f 894 895 2494 2495
g Group47011
f 888 895 894 887
g Group32941
f 2488 2489 2496 2495
g Group32944
f 893 894 2495 2496
g Group47011
f 887 894 893 886
g Group32941
f 2498 2497 2496 2489
g Group32944
f 848 893 2496 2497
g Group47011
f 841 886 893 848
g Group32941
f 2474 2475 2498 2489
g Group32944
f 878 841 2498 2475
g Group47011
f 877 886 841 878
g Group32941
f 2434 2428 2435 2498
g Group32944
f 841 829 2434 2498
g Group47011
f 829 841 840 824
g Group32941
f 2435 2441 2497 2498
g Group32944
f 847 848 2497 2441
g Group47011
f 840 841 848 847
g Group32941
f 2502 2501 2500 2499
g Group47011
f 919 920 903 916
g Group32941
f 2506 2505 2504 2503
g Group47011
f 905 906 899 900
g Group32941
f 2510 2509 2508 2507
g Group47011
f 913 915 901 911
g Group32941
f 2503 2504 2512 2511
g Group47011
f 906 907 909 899
g Group32941
f 2510 2515 2514 2513
g Group32944
f 921 914 2513 2514
g Group47011
f 913 914 921 917
g Group32941
f 2505 2516 2508 2504
g Group47011
f 900 899 901 902
g Group32941
f 2517 2516 2505 2506
g Group47011
f 904 905 900 902
g Group32941
f 2515 2510 2507 2518
g Group47011
f 917 918 915 913
g Group32941
f 2501 2516 2517 2500
g Group47011
f 916 903 904 902
g Group32941
f 2518 2507 2501 2502
g Group47011
f 918 919 916 915
g Group32941
f 2509 2512 2504 2508
g Group47011
f 911 901 899 909
g Group32941
f 2520 2512 2509 2519
g Group32944
f 912 910 2520 2519
g Group47011
f 910 912 911 909
g Group32941
f 2519 2509 2510 2513
g Group32944
f 914 912 2519 2513
g Group47011
f 912 914 913 911
g Group32941
f 2521 2511 2512 2520
g Group32944
f 910 908 2521 2520
g Group47011
f 908 910 909 907
g Group32941
f 2507 2508 2516 2501
g Group47011
f 915 916 902 901
g Group32941
f 2523 2506 2503 2522
g Group47011
f 922 923 906 905
g Group32941
f 2525 2500 2517 2524
g Group47011
f 925 926 904 903
g Group32941
f 2522 2503 2511 2526
g Group47011
f 923 927 907 906
g Group32941
f 2524 2517 2506 2523
g Group47011
f 926 922 905 904
g Group32941
f 2526 2511 2521 2527
g Group32944
f 908 928 2527 2521
g Group47011
f 927 928 908 907
g Group32941
f 2500 2525 2528 2499
g Group47011
f 903 920 924 925
g Group32941
f 2514 2515 2530 2529
g Group32944
f 934 921 2514 2529
f 933 934 2529 2530
g Group47011
f 921 934 933 917
g Group32941
f 2515 2518 2531 2530
g Group32944
f 932 933 2530 2531
g Group47011
f 917 933 932 918
g Group32941
f 2518 2502 2532 2531
g Group32944
f 931 932 2531 2532
g Group47011
f 918 932 931 919
g Group32941
f 2502 2499 2533 2532
g Group32944
f 930 931 2532 2533
g Group47011
f 919 931 930 920
g Group32941
f 2499 2528 2534 2533
g Group32944
f 929 930 2533 2534
g Group47011
f 920 930 929 924
g Group32941
f 2528 2525 2536 2535
g Group47011
f 924 940 939 925
g Group32941
f 2525 2524 2537 2536
g Group47011
f 925 939 938 926
g Group32941
f 2524 2523 2538 2537
g Group47011
f 926 938 937 922
g Group32941
f 2523 2522 2539 2538
g Group47011
f 922 937 936 923
g Group32941
f 2522 2526 2540 2539
g Group47011
f 923 936 935 927
g Group32941
f 2535 2536 2542 2541
g Group32944
f 946 947 2541 2542
g Group47011
f 940 947 946 939
g Group32941
f 2536 2537 2543 2542
g Group32944
f 945 946 2542 2543
g Group47011
f 939 946 945 938
g Group32941
f 2537 2538 2544 2543
g Group32944
f 944 945 2543 2544
g Group47011
f 938 945 944 937
g Group32941
f 2538 2539 2545 2544
g Group32944
f 943 944 2544 2545
g Group47011
f 937 944 943 936
g Group32941
f 2539 2540 2546 2545
g Group32944
f 942 943 2545 2546
g Group47011
f 936 943 942 935
g Group32941
f 2550 2549 2548 2547
g Group47011
f 969 970 953 966
g Group32941
f 2554 2553 2552 2551
g Group47011
f 955 956 949 950
g Group32941
f 2558 2557 2556 2555
g Group47011
f 963 965 951 961
g Group32941
f 2551 2552 2560 2559
g Group47011
f 956 957 959 949
g Group32941
f 2558 2563 2562 2561
g Group32944
f 971 964 2561 2562
g Group47011
f 963 964 971 967
g Group32941
f 2553 2564 2556 2552
g Group47011
f 950 949 951 952
g Group32941
f 2565 2564 2553 2554
g Group47011
f 954 955 950 952
g Group32941
f 2563 2558 2555 2566
g Group47011
f 967 968 965 963
g Group32941
f 2549 2564 2565 2548
g Group47011
f 966 953 954 952
g Group32941
f 2566 2555 2549 2550
g Group47011
f 968 969 966 965
g Group32941
f 2557 2560 2552 2556
g Group47011
f 961 951 949 959
g Group32941
f 2568 2560 2557 2567
g Group32944
f 962 960 2568 2567
g Group47011
f 960 962 961 959
g Group32941
f 2567 2557 2558 2561
g Group32944
f 964 962 2567 2561
g Group47011
f 962 964 963 961
g Group32941
f 2569 2559 2560 2568
g Group32944
f 960 958 2569 2568
g Group47011
f 958 960 959 957
g Group32941
f 2555 2556 2564 2549
g Group47011
f 965 966 952 951
g Group32941
f 2571 2554 2551 2570
g Group47011
f 972 973 956 955
g Group32941
f 2573 2548 2565 2572
g Group47011
f 975 976 954 953
g Group32941
f 2570 2551 2559 2574
g Group47011
f 973 977 957 956
g Group32941
f 2572 2565 2554 2571
g Group47011
f 976 972 955 954
g Group32941
f 2574 2559 2569 2575
g Group32944
f 958 978 2575 2569
g Group47011
f 977 978 958 957
g Group32941
f 2548 2573 2576 2547
g Group47011
f 953 970 974 975
g Group32941
f 2562 2563 2578 2577
g Group32944
f 984 971 2562 2577
f 983 984 2577 2578
g Group47011
f 971 984 983 967
g Group32941
f 2563 2566 2579 2578
g Group32944
f 982 983 2578 2579
g Group47011
f 967 983 982 968
g Group32941
f 2566 2550 2580 2579
g Group32944
f 981 982 2579 2580
g Group47011
f 968 982 981 969
g Group32941
f 2550 2547 2581 2580
g Group32944
f 980 981 2580 2581
g Group47011
f 969 981 980 970
g Group32941
f 2547 2576 2582 2581
g Group32944
f 979 980 2581 2582
g Group47011
f 970 980 979 974
g Group32941
f 2582 2576 2584 2583
g Group32944
f 992 979 2582 2583
g Group47011
f 979 992 991 974
g Group32941
f 2576 2573 2585 2584
g Group47011
f 974 991 990 975
g Group32941
f 2573 2572 2586 2585
g Group47011
f 975 990 989 976
g Group32941
f 2572 2571 2587 2586
g Group47011
f 976 989 988 972
g Group32941
f 2571 2570 2588 2587
g Group47011
f 972 988 987 973
g Group32941
f 2570 2574 2589 2588
g Group47011
f 973 987 986 977
g Group32941
f 2583 2584 2591 2590
g Group32944
f 998 985 2590 2591
g Group47011
f 992 985 998 991
g Group32941
f 2584 2585 2592 2591
g Group32944
f 997 998 2591 2592
g Group47011
f 991 998 997 990
g Group32941
f 2585 2586 2593 2592
g Group32944
f 996 997 2592 2593
g Group47011
f 990 997 996 989
g Group32941
f 2586 2587 2594 2593
g Group32944
f 995 996 2593 2594
g Group47011
f 989 996 995 988
g Group32941
f 2587 2588 2595 2594
g Group32944
f 994 995 2594 2595
g Group47011
f 988 995 994 987
g Group32941
f 2588 2589 2596 2595
g Group32944
f 993 994 2595 2596
g Group47011
f 987 994 993 986
g Group32941
f 2598 2597 2596 2589
g Group32944
f 948 993 2596 2597
g Group47011
f 941 986 993 948
g Group32941
f 2574 2575 2598 2589
g Group32944
f 978 941 2598 2575
g Group47011
f 977 986 941 978
g Group32941
f 2534 2528 2535 2598
g Group32944
f 941 929 2534 2598
g Group47011
f 929 941 940 924
g Group32941
f 2535 2541 2597 2598
g Group32944
f 947 948 2597 2541
g Group47011
f 940 941 948 947
g Group32941
f 2602 2601 2600 2599
g Group47011
f 1019 1020 1003 1016
g Group32941
f 2606 2605 2604 2603
g Group47011
f 1005 1006 999 1000
g Group32941
f 2610 2609 2608 2607
g Group47011
f 1013 1015 1001 1011
g Group32941
f 2603 2604 2612 2611
g Group47011
f 1006 1007 1009 999
g Group32941
f 2610 2615 2614 2613
g Group32944
f 1021 1014 2613 2614
g Group47011
f 1013 1014 1021 1017
g Group32941
f 2605 2616 2608 2604
g Group47011
f 1000 999 1001 1002
g Group32941
f 2617 2616 2605 2606
g Group47011
f 1004 1005 1000 1002
g Group32941
f 2615 2610 2607 2618
g Group47011
f 1017 1018 1015 1013
g Group32941
f 2601 2616 2617 2600
g Group47011
f 1016 1003 1004 1002
g Group32941
f 2618 2607 2601 2602
g Group47011
f 1018 1019 1016 1015
g Group32941
f 2609 2612 2604 2608
g Group47011
f 1011 1001 999 1009
g Group32941
f 2620 2612 2609 2619
g Group32944
f 1012 1010 2620 2619
g Group47011
f 1010 1012 1011 1009
g Group32941
f 2619 2609 2610 2613
g Group32944
f 1014 1012 2619 2613
g Group47011
f 1012 1014 1013 1011
g Group32941
f 2621 2611 2612 2620
g Group32944
f 1010 1008 2621 2620
g Group47011
f 1008 1010 1009 1007
g Group32941
f 2607 2608 2616 2601
g Group47011
f 1015 1016 1002 1001
g Group32941
f 2623 2606 2603 2622
g Group47011
f 1022 1023 1006 1005
g Group32941
f 2625 2600 2617 2624
g Group47011
f 1025 1026 1004 1003
g Group32941
f 2622 2603 2611 2626
g Group47011
f 1023 1027 1007 1006
g Group32941
f 2624 2617 2606 2623
g Group47011
f 1026 1022 1005 1004
g Group32941
f 2626 2611 2621 2627
g Group32944
f 1008 1028 2627 2621
g Group47011
f 1027 1028 1008 1007
g Group32941
f 2600 2625 2628 2599
g Group47011
f 1003 1020 1024 1025
g Group32941
f 2614 2615 2630 2629
g Group32944
f 1034 1021 2614 2629
f 1033 1034 2629 2630
g Group47011
f 1021 1034 1033 1017
g Group32941
f 2615 2618 2631 2630
g Group32944
f 1032 1033 2630 2631
g Group47011
f 1017 1033 1032 1018
g Group32941
f 2618 2602 2632 2631
g Group32944
f 1031 1032 2631 2632
g Group47011
f 1018 1032 1031 1019
g Group32941
f 2602 2599 2633 2632
g Group32944
f 1030 1031 2632 2633
g Group47011
f 1019 1031 1030 1020
g Group32941
f 2599 2628 2634 2633
g Group32944
f 1029 1030 2633 2634
g Group47011
f 1020 1030 1029 1024
g Group32941
f 2628 2625 2636 2635
g Group47011
f 1024 1040 1039 1025
g Group32941
f 2625 2624 2637 2636
g Group47011
f 1025 1039 1038 1026
g Group32941
f 2624 2623 2638 2637
g Group47011
f 1026 1038 1037 1022
g Group32941
f 2623 2622 2639 2638
g Group47011
f 1022 1037 1036 1023
g Group32941
f 2622 2626 2640 2639
g Group47011
f 1023 1036 1035 1027
g Group32941
f 2635 2636 2642 2641
g Group32944
f 1046 1047 2641 2642
g Group47011
f 1040 1047 1046 1039
g Group32941
f 2636 2637 2643 2642
g Group32944
f 1045 1046 2642 2643
g Group47011
f 1039 1046 1045 1038
g Group32941
f 2637 2638 2644 2643
g Group32944
f 1044 1045 2643 2644
g Group47011
f 1038 1045 1044 1037
g Group32941
f 2638 2639 2645 2644
g Group32944
f 1043 1044 2644 2645
g Group47011
f 1037 1044 1043 1036
g Group32941
f 2639 2640 2646 2645
g Group32944
f 1042 1043 2645 2646
g Group47011
f 1036 1043 1042 1035
g Group32941
f 2650 2649 2648 2647
g Group47011
f 1069 1070 1053 1066
g Group32941
f 2654 2653 2652 2651
g Group47011
f 1055 1056 1049 1050
g Group32941
f 2658 2657 2656 2655
g Group47011
f 1063 1065 1051 1061
g Group32941
f 2651 2652 2660 2659
g Group47011
f 1056 1057 1059 1049
g Group32941
f 2658 2663 2662 2661
g Group32944
f 1071 1064 2661 2662
g Group47011
f 1063 1064 1071 1067
g Group32941
f 2653 2664 2656 2652
g Group47011
f 1050 1049 1051 1052
g Group32941
f 2665 2664 2653 2654
g Group47011
f 1054 1055 1050 1052
g Group32941
f 2663 2658 2655 2666
g Group47011
f 1067 1068 1065 1063
g Group32941
f 2649 2664 2665 2648
g Group47011
f 1066 1053 1054 1052
g Group32941
f 2666 2655 2649 2650
g Group47011
f 1068 1069 1066 1065
g Group32941
f 2657 2660 2652 2656
g Group47011
f 1061 1051 1049 1059
g Group32941
f 2668 2660 2657 2667
g Group32944
f 1062 1060 2668 2667
g Group47011
f 1060 1062 1061 1059
g Group32941
f 2667 2657 2658 2661
g Group32944
f 1064 1062 2667 2661
g Group47011
f 1062 1064 1063 1061
g Group32941
f 2669 2659 2660 2668
g Group32944
f 1060 1058 2669 2668
g Group47011
f 1058 1060 1059 1057
g Group32941
f 2655 2656 2664 2649
g Group47011
f 1065 1066 1052 1051
g Group32941
f 2671 2654 2651 2670
g Group47011
f 1072 1073 1056 1055
g Group32941
f 2673 2648 2665 2672
g Group47011
f 1075 1076 1054 1053
g Group32941
f 2670 2651 2659 2674
g Group47011
f 1073 1077 1057 1056
g Group32941
f 2672 2665 2654 2671
g Group47011
f 1076 1072 1055 1054
g Group32941
f 2674 2659 2669 2675
g Group32944
f 1058 1078 2675 2669
g Group47011
f 1077 1078 1058 1057
g Group32941
f 2648 2673 2676 2647
g Group47011
f 1053 1070 1074 1075
g Group32941
f 2662 2663 2678 2677
g Group32944
f 1084 1071 2662 2677
f 1083 1084 2677 2678
g Group47011
f 1071 1084 1083 1067
g Group32941
f 2663 2666 2679 2678
g Group32944
f 1082 1083 2678 2679
g Group47011
f 1067 1083 1082 1068
g Group32941
f 2666 2650 2680 2679
g Group32944
f 1081 1082 2679 2680
g Group47011
f 1068 1082 1081 1069
g Group32941
f 2650 2647 2681 2680
g Group32944
f 1080 1081 2680 2681
g Group47011
f 1069 1081 1080 1070
g Group32941
f 2647 2676 2682 2681
g Group32944
f 1079 1080 2681 2682
g Group47011
f 1070 1080 1079 1074
g Group32941
f 2682 2676 2684 2683
g Group32944
f 1092 1079 2682 2683
g Group47011
f 1079 1092 1091 1074
g Group32941
f 2676 2673 2685 2684
g Group47011
f 1074 1091 1090 1075
g Group32941
f 2673 2672 2686 2685
g Group47011
f 1075 1090 1089 1076
g Group32941
f 2672 2671 2687 2686
g Group47011
f 1076 1089 1088 1072
g Group32941
f 2671 2670 2688 2687
g Group47011
f 1072 1088 1087 1073
g Group32941
f 2670 2674 2689 2688
g Group47011
f 1073 1087 1086 1077
g Group32941
f 2683 2684 2691 2690
g Group32944
f 1098 1085 2690 2691
g Group47011
f 1092 1085 1098 1091
g Group32941
f 2684 2685 2692 2691
g Group32944
f 1097 1098 2691 2692
g Group47011
f 1091 1098 1097 1090
g Group32941
f 2685 2686 2693 2692
g Group32944
f 1096 1097 2692 2693
g Group47011
f 1090 1097 1096 1089
g Group32941
f 2686 2687 2694 2693
g Group32944
f 1095 1096 2693 2694
g Group47011
f 1089 1096 1095 1088
g Group32941
f 2687 2688 2695 2694
g Group32944
f 1094 1095 2694 2695
g Group47011
f 1088 1095 1094 1087
g Group32941
f 2688 2689 2696 2695
g Group32944
f 1093 1094 2695 2696
g Group47011
f 1087 1094 1093 1086
g Group32941
f 2698 2697 2696 2689
g Group32944
f 1048 1093 2696 2697
g Group47011
f 1041 1086 1093 1048
g Group32941
f 2674 2675 2698 2689
g Group32944
f 1078 1041 2698 2675
g Group47011
f 1077 1086 1041 1078
g Group32941
f 2634 2628 2635 2698
g Group32944
f 1041 1029 2634 2698
g Group47011
f 1029 1041 1040 1024
g Group32941
f 2635 2641 2697 2698
g Group32944
f 1047 1048 2697 2641
g Group47011
f 1040 1041 1048 1047
g Group32941
f 2702 2701 2700 2699
g Group47011
f 1119 1120 1103 1116
g Group32941
f 2706 2705 2704 2703
g Group47011
f 1105 1106 1099 1100
g Group32941
f 2710 2709 2708 2707
g Group47011
f 1113 1115 1101 1111
g Group32941
f 2703 2704 2712 2711
g Group47011
f 1106 1107 1109 1099
g Group32941
f 2710 2715 2714 2713
g Group32944
f 1121 1114 2713 2714
g Group47011
f 1113 1114 1121 1117
g Group32941
f 2705 2716 2708 2704
g Group47011
f 1100 1099 1101 1102
g Group32941
f 2717 2716 2705 2706
g Group47011
f 1104 1105 1100 1102
g Group32941
f 2715 2710 2707 2718
g Group47011
f 1117 1118 1115 1113
g Group32941
f 2701 2716 2717 2700
g Group47011
f 1116 1103 1104 1102
g Group32941
f 2718 2707 2701 2702
g Group47011
f 1118 1119 1116 1115
g Group32941
f 2709 2712 2704 2708
g Group47011
f 1111 1101 1099 1109
g Group32941
f 2720 2712 2709 2719
g Group32944
f 1112 1110 2720 2719
g Group47011
f 1110 1112 1111 1109
g Group32941
f 2719 2709 2710 2713
g Group32944
f 1114 1112 2719 2713
g Group47011
f 1112 1114 1113 1111
g Group32941
f 2721 2711 2712 2720
g Group32944
f 1110 1108 2721 2720
g Group47011
f 1108 1110 1109 1107
g Group32941
f 2707 2708 2716 2701
g Group47011
f 1115 1116 1102 1101
g Group32941
f 2723 2706 2703 2722
g Group47011
f 1122 1123 1106 1105
g Group32941
f 2725 2700 2717 2724
g Group47011
f 1125 1126 1104 1103
g Group32941
f 2722 2703 2711 2726
g Group47011
f 1123 1127 1107 1106
g Group32941
f 2724 2717 2706 2723
g Group47011
f 1126 1122 1105 1104
g Group32941
f 2726 2711 2721 2727
g Group32944
f 1108 1128 2727 2721
g Group47011
f 1127 1128 1108 1107
g Group32941
f 2700 2725 2728 2699
g Group47011
f 1103 1120 1124 1125
g Group32941
f 2714 2715 2730 2729
g Group32944
f 1134 1121 2714 2729
f 1133 1134 2729 2730
g Group47011
f 1121 1134 1133 1117
g Group32941
f 2715 2718 2731 2730
g Group32944
f 1132 1133 2730 2731
g Group47011
f 1117 1133 1132 1118
g Group32941
f 2718 2702 2732 2731
g Group32944
f 1131 1132 2731 2732
g Group47011
f 1118 1132 1131 1119
g Group32941
f 2702 2699 2733 2732
g Group32944
f 1130 1131 2732 2733
g Group47011
f 1119 1131 1130 1120
g Group32941
f 2699 2728 2734 2733
g Group32944
f 1129 1130 2733 2734
g Group47011
f 1120 1130 1129 1124
g Group32941
f 2728 2725 2736 2735
g Group47011
f 1124 1141 1140 1125
g Group32941
f 2725 2724 2737 2736
g Group47011
f 1125 1140 1139 1126
g Group32941
f 2724 2723 2738 2737
g Group47011
f 1126 1139 1138 1122
g Group32941
f 2723 2722 2739 2738
g Group47011
f 1122 1138 1137 1123
g Group32941
f 2722 2726 2740 2739
g Group47011
f 1123 1137 1136 1127
g Group32941
f 2726 2727 2741 2740
g Group32944
f 1128 1135 2741 2727
g Group47011
f 1127 1136 1135 1128
g Group32941
f 2735 2736 2743 2742
g Group32944
f 1148 1149 2742 2743
g Group47011
f 1141 1149 1148 1140
g Group32941
f 2736 2737 2744 2743
g Group32944
f 1147 1148 2743 2744
g Group47011
f 1140 1148 1147 1139
g Group32941
f 2737 2738 2745 2744
g Group32944
f 1146 1147 2744 2745
g Group47011
f 1139 1147 1146 1138
g Group32941
f 2738 2739 2746 2745
g Group32944
f 1145 1146 2745 2746
g Group47011
f 1138 1146 1145 1137
g Group32941
f 2739 2740 2747 2746
g Group32944
f 1144 1145 2746 2747
g Group47011
f 1137 1145 1144 1136
g Group32941
f 2740 2741 2748 2747
g Group32944
f 1143 1144 2747 2748
g Group47011
f 1136 1144 1143 1135
g Group32941
f 2752 2751 2750 2749
g Group47011
f 1171 1172 1155 1168
g Group32941
f 2756 2755 2754 2753
g Group47011
f 1157 1158 1151 1152
g Group32941
f 2760 2759 2758 2757
g Group47011
f 1165 1167 1153 1163
g Group32941
f 2753 2754 2762 2761
g Group47011
f 1158 1159 1161 1151
g Group32941
f 2760 2765 2764 2763
g Group32944
f 1173 1166 2763 2764
g Group47011
f 1165 1166 1173 1169
g Group32941
f 2755 2766 2758 2754
g Group47011
f 1152 1151 1153 1154
g Group32941
f 2767 2766 2755 2756
g Group47011
f 1156 1157 1152 1154
g Group32941
f 2765 2760 2757 2768
g Group47011
f 1169 1170 1167 1165
g Group32941
f 2751 2766 2767 2750
g Group47011
f 1168 1155 1156 1154
g Group32941
f 2768 2757 2751 2752
g Group47011
f 1170 1171 1168 1167
g Group32941
f 2759 2762 2754 2758
g Group47011
f 1163 1153 1151 1161
g Group32941
f 2770 2762 2759 2769
g Group32944
f 1164 1162 2770 2769
g Group47011
f 1162 1164 1163 1161
g Group32941
f 2769 2759 2760 2763
g Group32944
f 1166 1164 2769 2763
g Group47011
f 1164 1166 1165 1163
g Group32941
f 2771 2761 2762 2770
g Group32944
f 1162 1160 2771 2770
g Group47011
f 1160 1162 1161 1159
g Group32941
f 2757 2758 2766 2751
g Group47011
f 1167 1168 1154 1153
g Group32941
f 2773 2756 2753 2772
g Group47011
f 1174 1175 1158 1157
g Group32941
f 2775 2750 2767 2774
g Group47011
f 1177 1178 1156 1155
g Group32941
f 2772 2753 2761 2776
g Group47011
f 1175 1179 1159 1158
g Group32941
f 2774 2767 2756 2773
g Group47011
f 1178 1174 1157 1156
g Group32941
f 2776 2761 2771 2777
g Group32944
f 1160 1180 2777 2771
g Group47011
f 1179 1180 1160 1159
g Group32941
f 2750 2775 2778 2749
g Group47011
f 1155 1172 1176 1177
g Group32941
f 2764 2765 2780 2779
g Group32944
f 1186 1173 2764 2779
f 1185 1186 2779 2780
g Group47011
f 1173 1186 1185 1169
g Group32941
f 2765 2768 2781 2780
g Group32944
f 1184 1185 2780 2781
g Group47011
f 1169 1185 1184 1170
g Group32941
f 2768 2752 2782 2781
g Group32944
f 1183 1184 2781 2782
g Group47011
f 1170 1184 1183 1171
g Group32941
f 2752 2749 2783 2782
g Group32944
f 1182 1183 2782 2783
g Group47011
f 1171 1183 1182 1172
g Group32941
f 2749 2778 2784 2783
g Group32944
f 1181 1182 2783 2784
g Group47011
f 1172 1182 1181 1176
g Group32941
f 2784 2778 2786 2785
g Group32944
f 1194 1181 2784 2785
g Group47011
f 1181 1194 1193 1176
g Group32941
f 2778 2775 2787 2786
g Group47011
f 1176 1193 1192 1177
g Group32941
f 2775 2774 2788 2787
g Group47011
f 1177 1192 1191 1178
g Group32941
f 2774 2773 2789 2788
g Group47011
f 1178 1191 1190 1174
g Group32941
f 2773 2772 2790 2789
g Group47011
f 1174 1190 1189 1175
g Group32941
f 2772 2776 2791 2790
g Group47011
f 1175 1189 1188 1179
g Group32941
f 2785 2786 2793 2792
g Group32944
f 1200 1187 2792 2793
g Group47011
f 1194 1187 1200 1193
g Group32941
f 2786 2787 2794 2793
g Group32944
f 1199 1200 2793 2794
g Group47011
f 1193 1200 1199 1192
g Group32941
f 2787 2788 2795 2794
g Group32944
f 1198 1199 2794 2795
g Group47011
f 1192 1199 1198 1191
g Group32941
f 2788 2789 2796 2795
g Group32944
f 1197 1198 2795 2796
g Group47011
f 1191 1198 1197 1190
g Group32941
f 2789 2790 2797 2796
g Group32944
f 1196 1197 2796 2797
g Group47011
f 1190 1197 1196 1189
g Group32941
f 2790 2791 2798 2797
g Group32944
f 1195 1196 2797 2798
g Group47011
f 1189 1196 1195 1188
g Group32941
f 2800 2799 2798 2791
g Group32944
f 1150 1195 2798 2799
g Group47011
f 1142 1188 1195 1150
g Group32941
f 2776 2777 2800 2791
g Group32944
f 1180 1142 2800 2777
g Group47011
f 1179 1188 1142 1180
g Group32941
f 2734 2728 2735 2800
g Group32944
f 1142 1129 2734 2800
g Group47011
f 1129 1142 1141 1124
g Group32941
f 2735 2742 2799 2800
g Group32944
f 1149 1150 2799 2742
g Group47011
f 1141 1142 1150 1149
g Group32941
f 2646 2640 2785 2792
g Group32944
f 1187 1042 2646 2792
g Group47011
f 1042 1187 1194 1035
g Group32941
f 2626 2627 2785 2640
g Group32944
f 1028 1194 2785 2627
g Group47011
f 1027 1035 1194 1028
g Group32941
f 2546 2540 2683 2690
g Group32944
f 1085 942 2546 2690
g Group47011
f 942 1085 1092 935
g Group32941
f 2526 2527 2683 2540
g Group32944
f 928 1092 2683 2527
g Group47011
f 927 935 1092 928
g Group32941
f 2446 2440 2583 2590
g Group32944
f 985 842 2446 2590
g Group47011
f 842 985 992 835
g Group32941
f 2426 2427 2583 2440
g Group32944
f 828 992 2583 2427
g Group47011
f 827 835 992 828
g Group32941
f 2804 2803 2802 2801
g Group47011
f 1221 1222 1205 1218
g Group32941
f 2808 2807 2806 2805
g Group47011
f 1207 1208 1201 1202
g Group32941
f 2812 2811 2810 2809
g Group47011
f 1215 1217 1203 1213
g Group32941
f 2805 2806 2814 2813
g Group47011
f 1208 1209 1211 1201
g Group32941
f 2812 2817 2816 2815
g Group32944
f 1223 1216 2815 2816
g Group47011
f 1215 1216 1223 1219
g Group32941
f 2807 2818 2810 2806
g Group47011
f 1202 1201 1203 1204
g Group32941
f 2819 2818 2807 2808
g Group47011
f 1206 1207 1202 1204
g Group32941
f 2817 2812 2809 2820
g Group47011
f 1219 1220 1217 1215
g Group32941
f 2803 2818 2819 2802
g Group47011
f 1218 1205 1206 1204
g Group32941
f 2820 2809 2803 2804
g Group47011
f 1220 1221 1218 1217
g Group32941
f 2811 2814 2806 2810
g Group47011
f 1213 1203 1201 1211
g Group32941
f 2822 2814 2811 2821
g Group32944
f 1214 1212 2822 2821
g Group47011
f 1212 1214 1213 1211
g Group32941
f 2821 2811 2812 2815
g Group32944
f 1216 1214 2821 2815
g Group47011
f 1214 1216 1215 1213
g Group32941
f 2823 2813 2814 2822
g Group32944
f 1212 1210 2823 2822
g Group47011
f 1210 1212 1211 1209
g Group32941
f 2809 2810 2818 2803
g Group47011
f 1217 1218 1204 1203
g Group32941
f 2825 2808 2805 2824
g Group47011
f 1224 1225 1208 1207
g Group32941
f 2827 2802 2819 2826
g Group47011
f 1227 1228 1206 1205
g Group32941
f 2824 2805 2813 2828
g Group47011
f 1225 1229 1209 1208
g Group32941
f 2826 2819 2808 2825
g Group47011
f 1228 1224 1207 1206
g Group32941
f 2828 2813 2823 2829
g Group32944
f 1210 1230 2829 2823
g Group47011
f 1229 1230 1210 1209
g Group32941
f 2802 2827 2830 2801
g Group47011
f 1205 1222 1226 1227
g Group32941
f 2816 2817 2832 2831
g Group32944
f 1236 1223 2816 2831
f 1235 1236 2831 2832
g Group47011
f 1223 1236 1235 1219
g Group32941
f 2817 2820 2833 2832
g Group32944
f 1234 1235 2832 2833
g Group47011
f 1219 1235 1234 1220
g Group32941
f 2820 2804 2834 2833
g Group32944
f 1233 1234 2833 2834
g Group47011
f 1220 1234 1233 1221
g Group32941
f 2804 2801 2835 2834
g Group32944
f 1232 1233 2834 2835
g Group47011
f 1221 1233 1232 1222
g Group32941
f 2801 2830 2836 2835
g Group32944
f 1231 1232 2835 2836
g Group47011
f 1222 1232 1231 1226
g Group32941
f 2830 2827 2838 2837
g Group47011
f 1226 1242 1241 1227
g Group32941
f 2827 2826 2839 2838
g Group47011
f 1227 1241 1240 1228
g Group32941
f 2826 2825 2840 2839
g Group47011
f 1228 1240 1239 1224
g Group32941
f 2825 2824 2841 2840
g Group47011
f 1224 1239 1238 1225
g Group32941
f 2824 2828 2842 2841
g Group47011
f 1225 1238 1237 1229
g Group32941
f 2837 2838 2844 2843
g Group32944
f 1248 1249 2843 2844
g Group47011
f 1242 1249 1248 1241
g Group32941
f 2838 2839 2845 2844
g Group32944
f 1247 1248 2844 2845
g Group47011
f 1241 1248 1247 1240
g Group32941
f 2839 2840 2846 2845
g Group32944
f 1246 1247 2845 2846
g Group47011
f 1240 1247 1246 1239
g Group32941
f 2840 2841 2847 2846
g Group32944
f 1245 1246 2846 2847
g Group47011
f 1239 1246 1245 1238
g Group32941
f 2841 2842 2848 2847
g Group32944
f 1244 1245 2847 2848
g Group47011
f 1238 1245 1244 1237
g Group32941
f 2852 2851 2850 2849
g Group47011
f 1271 1272 1255 1268
g Group32941
f 2856 2855 2854 2853
g Group47011
f 1257 1258 1251 1252
g Group32941
f 2860 2859 2858 2857
g Group47011
f 1265 1267 1253 1263
g Group32941
f 2853 2854 2862 2861
g Group47011
f 1258 1259 1261 1251
g Group32941
f 2860 2865 2864 2863
g Group32944
f 1273 1266 2863 2864
g Group47011
f 1265 1266 1273 1269
g Group32941
f 2855 2866 2858 2854
g Group47011
f 1252 1251 1253 1254
g Group32941
f 2867 2866 2855 2856
g Group47011
f 1256 1257 1252 1254
g Group32941
f 2865 2860 2857 2868
g Group47011
f 1269 1270 1267 1265
g Group32941
f 2851 2866 2867 2850
g Group47011
f 1268 1255 1256 1254
g Group32941
f 2868 2857 2851 2852
g Group47011
f 1270 1271 1268 1267
g Group32941
f 2859 2862 2854 2858
g Group47011
f 1263 1253 1251 1261
g Group32941
f 2870 2862 2859 2869
g Group32944
f 1264 1262 2870 2869
g Group47011
f 1262 1264 1263 1261
g Group32941
f 2869 2859 2860 2863
g Group32944
f 1266 1264 2869 2863
g Group47011
f 1264 1266 1265 1263
g Group32941
f 2871 2861 2862 2870
g Group32944
f 1262 1260 2871 2870
g Group47011
f 1260 1262 1261 1259
g Group32941
f 2857 2858 2866 2851
g Group47011
f 1267 1268 1254 1253
g Group32941
f 2873 2856 2853 2872
g Group47011
f 1274 1275 1258 1257
g Group32941
f 2875 2850 2867 2874
g Group47011
f 1277 1278 1256 1255
g Group32941
f 2872 2853 2861 2876
g Group47011
f 1275 1279 1259 1258
g Group32941
f 2874 2867 2856 2873
g Group47011
f 1278 1274 1257 1256
g Group32941
f 2876 2861 2871 2877
g Group32944
f 1260 1280 2877 2871
g Group47011
f 1279 1280 1260 1259
g Group32941
f 2850 2875 2878 2849
g Group47011
f 1255 1272 1276 1277
g Group32941
f 2864 2865 2880 2879
g Group32944
f 1286 1273 2864 2879
f 1285 1286 2879 2880
g Group47011
f 1273 1286 1285 1269
g Group32941
f 2865 2868 2881 2880
g Group32944
f 1284 1285 2880 2881
g Group47011
f 1269 1285 1284 1270
g Group32941
f 2868 2852 2882 2881
g Group32944
f 1283 1284 2881 2882
g Group47011
f 1270 1284 1283 1271
g Group32941
f 2852 2849 2883 2882
g Group32944
f 1282 1283 2882 2883
g Group47011
f 1271 1283 1282 1272
g Group32941
f 2849 2878 2884 2883
g Group32944
f 1281 1282 2883 2884
g Group47011
f 1272 1282 1281 1276
g Group32941
f 2884 2878 2886 2885
g Group32944
f 1294 1281 2884 2885
g Group47011
f 1281 1294 1293 1276
g Group32941
f 2878 2875 2887 2886
g Group47011
f 1276 1293 1292 1277
g Group32941
f 2875 2874 2888 2887
g Group47011
f 1277 1292 1291 1278
g Group32941
f 2874 2873 2889 2888
g Group47011
f 1278 1291 1290 1274
g Group32941
f 2873 2872 2890 2889
g Group47011
f 1274 1290 1289 1275
g Group32941
f 2872 2876 2891 2890
g Group47011
f 1275 1289 1288 1279
g Group32941
f 2885 2886 2893 2892
g Group32944
f 1300 1287 2892 2893
g Group47011
f 1294 1287 1300 1293
g Group32941
f 2886 2887 2894 2893
g Group32944
f 1299 1300 2893 2894
g Group47011
f 1293 1300 1299 1292
g Group32941
f 2887 2888 2895 2894
g Group32944
f 1298 1299 2894 2895
g Group47011
f 1292 1299 1298 1291
g Group32941
f 2888 2889 2896 2895
g Group32944
f 1297 1298 2895 2896
g Group47011
f 1291 1298 1297 1290
g Group32941
f 2889 2890 2897 2896
g Group32944
f 1296 1297 2896 2897
g Group47011
f 1290 1297 1296 1289
g Group32941
f 2890 2891 2898 2897
g Group32944
f 1295 1296 2897 2898
g Group47011
f 1289 1296 1295 1288
g Group32941
f 2900 2899 2898 2891
g Group32944
f 1250 1295 2898 2899
g Group47011
f 1243 1288 1295 1250
g Group32941
f 2876 2877 2900 2891
g Group32944
f 1280 1243 2900 2877
g Group47011
f 1279 1288 1243 1280
g Group32941
f 2836 2830 2837 2900
g Group32944
f 1243 1231 2836 2900
g Group47011
f 1231 1243 1242 1226
g Group32941
f 2837 2843 2899 2900
g Group32944
f 1249 1250 2899 2843
g Group47011
f 1242 1243 1250 1249
g Group32941
f 2904 2903 2902 2901
g Group47011
f 1321 1322 1305 1318
g Group32941
f 2908 2907 2906 2905
g Group47011
f 1307 1308 1301 1302
g Group32941
f 2912 2911 2910 2909
g Group47011
f 1315 1317 1303 1313
g Group32941
f 2905 2906 2914 2913
g Group47011
f 1308 1309 1311 1301
g Group32941
f 2912 2917 2916 2915
g Group32944
f 1323 1316 2915 2916
g Group47011
f 1315 1316 1323 1319
g Group32941
f 2907 2918 2910 2906
g Group47011
f 1302 1301 1303 1304
g Group32941
f 2919 2918 2907 2908
g Group47011
f 1306 1307 1302 1304
g Group32941
f 2917 2912 2909 2920
g Group47011
f 1319 1320 1317 1315
g Group32941
f 2903 2918 2919 2902
g Group47011
f 1318 1305 1306 1304
g Group32941
f 2920 2909 2903 2904
g Group47011
f 1320 1321 1318 1317
g Group32941
f 2911 2914 2906 2910
g Group47011
f 1313 1303 1301 1311
g Group32941
f 2922 2914 2911 2921
g Group32944
f 1314 1312 2922 2921
g Group47011
f 1312 1314 1313 1311
g Group32941
f 2921 2911 2912 2915
g Group32944
f 1316 1314 2921 2915
g Group47011
f 1314 1316 1315 1313
g Group32941
f 2923 2913 2914 2922
g Group32944
f 1312 1310 2923 2922
g Group47011
f 1310 1312 1311 1309
g Group32941
f 2909 2910 2918 2903
g Group47011
f 1317 1318 1304 1303
g Group32941
f 2925 2908 2905 2924
g Group47011
f 1324 1325 1308 1307
g Group32941
f 2927 2902 2919 2926
g Group47011
f 1327 1328 1306 1305
g Group32941
f 2924 2905 2913 2928
g Group47011
f 1325 1329 1309 1308
g Group32941
f 2926 2919 2908 2925
g Group47011
f 1328 1324 1307 1306
g Group32941
f 2928 2913 2923 2929
g Group32944
f 1310 1330 2929 2923
g Group47011
f 1329 1330 1310 1309
g Group32941
f 2902 2927 2930 2901
g Group47011
f 1305 1322 1326 1327
g Group32941
f 2916 2917 2932 2931
g Group32944
f 1336 1323 2916 2931
f 1335 1336 2931 2932
g Group47011
f 1323 1336 1335 1319
g Group32941
f 2917 2920 2933 2932
g Group32944
f 1334 1335 2932 2933
g Group47011
f 1319 1335 1334 1320
g Group32941
f 2920 2904 2934 2933
g Group32944
f 1333 1334 2933 2934
g Group47011
f 1320 1334 1333 1321
g Group32941
f 2904 2901 2935 2934
g Group32944
f 1332 1333 2934 2935
g Group47011
f 1321 1333 1332 1322
g Group32941
f 2901 2930 2936 2935
g Group32944
f 1331 1332 2935 2936
g Group47011
f 1322 1332 1331 1326
g Group32941
f 2930 2927 2938 2937
g Group47011
f 1326 1342 1341 1327
g Group32941
f 2927 2926 2939 2938
g Group47011
f 1327 1341 1340 1328
g Group32941
f 2926 2925 2940 2939
g Group47011
f 1328 1340 1339 1324
g Group32941
f 2925 2924 2941 2940
g Group47011
f 1324 1339 1338 1325
g Group32941
f 2924 2928 2942 2941
g Group47011
f 1325 1338 1337 1329
g Group32941
f 2937 2938 2944 2943
g Group32944
f 1348 1349 2943 2944
g Group47011
f 1342 1349 1348 1341
g Group32941
f 2938 2939 2945 2944
g Group32944
f 1347 1348 2944 2945
g Group47011
f 1341 1348 1347 1340
g Group32941
f 2939 2940 2946 2945
g Group32944
f 1346 1347 2945 2946
g Group47011
f 1340 1347 1346 1339
g Group32941
f 2940 2941 2947 2946
g Group32944
f 1345 1346 2946 2947
g Group47011
f 1339 1346 1345 1338
g Group32941
f 2941 2942 2948 2947
g Group32944
f 1344 1345 2947 2948
g Group47011
f 1338 1345 1344 1337
g Group32941
f 2952 2951 2950 2949
g Group47011
f 1371 1372 1355 1368
g Group32941
f 2956 2955 2954 2953
g Group47011
f 1357 1358 1351 1352
g Group32941
f 2960 2959 2958 2957
g Group47011
f 1365 1367 1353 1363
g Group32941
f 2953 2954 2962 2961
g Group47011
f 1358 1359 1361 1351
g Group32941
f 2960 2965 2964 2963
g Group32944
f 1373 1366 2963 2964
g Group47011
f 1365 1366 1373 1369
g Group32941
f 2955 2966 2958 2954
g Group47011
f 1352 1351 1353 1354
g Group32941
f 2967 2966 2955 2956
g Group47011
f 1356 1357 1352 1354
g Group32941
f 2965 2960 2957 2968
g Group47011
f 1369 1370 1367 1365
g Group32941
f 2951 2966 2967 2950
g Group47011
f 1368 1355 1356 1354
g Group32941
f 2968 2957 2951 2952
g Group47011
f 1370 1371 1368 1367
g Group32941
f 2959 2962 2954 2958
g Group47011
f 1363 1353 1351 1361
g Group32941
f 2970 2962 2959 2969
g Group32944
f 1364 1362 2970 2969
g Group47011
f 1362 1364 1363 1361
g Group32941
f 2969 2959 2960 2963
g Group32944
f 1366 1364 2969 2963
g Group47011
f 1364 1366 1365 1363
g Group32941
f 2971 2961 2962 2970
g Group32944
f 1362 1360 2971 2970
g Group47011
f 1360 1362 1361 1359
g Group32941
f 2957 2958 2966 2951
g Group47011
f 1367 1368 1354 1353
g Group32941
f 2973 2956 2953 2972
g Group47011
f 1374 1375 1358 1357
g Group32941
f 2975 2950 2967 2974
g Group47011
f 1377 1378 1356 1355
g Group32941
f 2972 2953 2961 2976
g Group47011
f 1375 1379 1359 1358
g Group32941
f 2974 2967 2956 2973
g Group47011
f 1378 1374 1357 1356
g Group32941
f 2976 2961 2971 2977
g Group32944
f 1360 1380 2977 2971
g Group47011
f 1379 1380 1360 1359
g Group32941
f 2950 2975 2978 2949
g Group47011
f 1355 1372 1376 1377
g Group32941
f 2964 2965 2980 2979
g Group32944
f 1386 1373 2964 2979
f 1385 1386 2979 2980
g Group47011
f 1373 1386 1385 1369
g Group32941
f 2965 2968 2981 2980
g Group32944
f 1384 1385 2980 2981
g Group47011
f 1369 1385 1384 1370
g Group32941
f 2968 2952 2982 2981
g Group32944
f 1383 1384 2981 2982
g Group47011
f 1370 1384 1383 1371
g Group32941
f 2952 2949 2983 2982
g Group32944
f 1382 1383 2982 2983
g Group47011
f 1371 1383 1382 1372
g Group32941
f 2949 2978 2984 2983
g Group32944
f 1381 1382 2983 2984
g Group47011
f 1372 1382 1381 1376
g Group32941
f 2984 2978 2986 2985
g Group32944
f 1394 1381 2984 2985
g Group47011
f 1381 1394 1393 1376
g Group32941
f 2978 2975 2987 2986
g Group47011
f 1376 1393 1392 1377
g Group32941
f 2975 2974 2988 2987
g Group47011
f 1377 1392 1391 1378
g Group32941
f 2974 2973 2989 2988
g Group47011
f 1378 1391 1390 1374
g Group32941
f 2973 2972 2990 2989
g Group47011
f 1374 1390 1389 1375
g Group32941
f 2972 2976 2991 2990
g Group47011
f 1375 1389 1388 1379
g Group32941
f 2985 2986 2993 2992
g Group32944
f 1400 1387 2992 2993
g Group47011
f 1394 1387 1400 1393
g Group32941
f 2986 2987 2994 2993
g Group32944
f 1399 1400 2993 2994
g Group47011
f 1393 1400 1399 1392
g Group32941
f 2987 2988 2995 2994
g Group32944
f 1398 1399 2994 2995
g Group47011
f 1392 1399 1398 1391
g Group32941
f 2988 2989 2996 2995
g Group32944
f 1397 1398 2995 2996
g Group47011
f 1391 1398 1397 1390
g Group32941
f 2989 2990 2997 2996
g Group32944
f 1396 1397 2996 2997
g Group47011
f 1390 1397 1396 1389
g Group32941
f 2990 2991 2998 2997
g Group32944
f 1395 1396 2997 2998
g Group47011
f 1389 1396 1395 1388
g Group32941
f 3000 2999 2998 2991
g Group32944
f 1350 1395 2998 2999
g Group47011
f 1343 1388 1395 1350
g Group32941
f 2976 2977 3000 2991
g Group32944
f 1380 1343 3000 2977
g Group47011
f 1379 1388 1343 1380
g Group32941
f 2936 2930 2937 3000
g Group32944
f 1343 1331 2936 3000
g Group47011
f 1331 1343 1342 1326
g Group32941
f 2937 2943 2999 3000
g Group32944
f 1349 1350 2999 2943
g Group47011
f 1342 1343 1350 1349
g Group32941
f 3004 3003 3002 3001
g Group47011
f 1421 1422 1405 1418
g Group32941
f 3008 3007 3006 3005
g Group47011
f 1407 1408 1401 1402
g Group32941
f 3012 3011 3010 3009
g Group47011
f 1415 1417 1403 1413
g Group32941
f 3005 3006 3014 3013
g Group47011
f 1408 1409 1411 1401
g Group32941
f 3012 3017 3016 3015
g Group32944
f 1423 1416 3015 3016
g Group47011
f 1415 1416 1423 1419
g Group32941
f 3007 3018 3010 3006
g Group47011
f 1402 1401 1403 1404
g Group32941
f 3019 3018 3007 3008
g Group47011
f 1406 1407 1402 1404
g Group32941
f 3017 3012 3009 3020
g Group47011
f 1419 1420 1417 1415
g Group32941
f 3003 3018 3019 3002
g Group47011
f 1418 1405 1406 1404
g Group32941
f 3020 3009 3003 3004
g Group47011
f 1420 1421 1418 1417
g Group32941
f 3011 3014 3006 3010
g Group47011
f 1413 1403 1401 1411
g Group32941
f 3022 3014 3011 3021
g Group32944
f 1414 1412 3022 3021
g Group47011
f 1412 1414 1413 1411
g Group32941
f 3021 3011 3012 3015
g Group32944
f 1416 1414 3021 3015
g Group47011
f 1414 1416 1415 1413
g Group32941
f 3023 3013 3014 3022
g Group32944
f 1412 1410 3023 3022
g Group47011
f 1410 1412 1411 1409
g Group32941
f 3009 3010 3018 3003
g Group47011
f 1417 1418 1404 1403
g Group32941
f 3025 3008 3005 3024
g Group47011
f 1424 1425 1408 1407
g Group32941
f 3027 3002 3019 3026
g Group47011
f 1427 1428 1406 1405
g Group32941
f 3024 3005 3013 3028
g Group47011
f 1425 1429 1409 1408
g Group32941
f 3026 3019 3008 3025
g Group47011
f 1428 1424 1407 1406
g Group32941
f 3028 3013 3023 3029
g Group32944
f 1410 1430 3029 3023
g Group47011
f 1429 1430 1410 1409
g Group32941
f 3002 3027 3030 3001
g Group47011
f 1405 1422 1426 1427
g Group32941
f 3016 3017 3032 3031
g Group32944
f 1436 1423 3016 3031
f 1435 1436 3031 3032
g Group47011
f 1423 1436 1435 1419
g Group32941
f 3017 3020 3033 3032
g Group32944
f 1434 1435 3032 3033
g Group47011
f 1419 1435 1434 1420
g Group32941
f 3020 3004 3034 3033
g Group32944
f 1433 1434 3033 3034
g Group47011
f 1420 1434 1433 1421
g Group32941
f 3004 3001 3035 3034
g Group32944
f 1432 1433 3034 3035
g Group47011
f 1421 1433 1432 1422
g Group32941
f 3001 3030 3036 3035
g Group32944
f 1431 1432 3035 3036
g Group47011
f 1422 1432 1431 1426
g Group32941
f 3030 3027 3038 3037
g Group47011
f 1426 1442 1441 1427
g Group32941
f 3027 3026 3039 3038
g Group47011
f 1427 1441 1440 1428
g Group32941
f 3026 3025 3040 3039
g Group47011
f 1428 1440 1439 1424
g Group32941
f 3025 3024 3041 3040
g Group47011
f 1424 1439 1438 1425
g Group32941
f 3024 3028 3042 3041
g Group47011
f 1425 1438 1437 1429
g Group32941
f 3037 3038 3044 3043
g Group32944
f 1448 1449 3043 3044
g Group47011
f 1442 1449 1448 1441
g Group32941
f 3038 3039 3045 3044
g Group32944
f 1447 1448 3044 3045
g Group47011
f 1441 1448 1447 1440
g Group32941
f 3039 3040 3046 3045
g Group32944
f 1446 1447 3045 3046
g Group47011
f 1440 1447 1446 1439
g Group32941
f 3040 3041 3047 3046
g Group32944
f 1445 1446 3046 3047
g Group47011
f 1439 1446 1445 1438
g Group32941
f 3041 3042 3048 3047
g Group32944
f 1444 1445 3047 3048
g Group47011
f 1438 1445 1444 1437
g Group32941
f 3052 3051 3050 3049
g Group47011
f 1471 1472 1455 1468
g Group32941
f 3056 3055 3054 3053
g Group47011
f 1457 1458 1451 1452
g Group32941
f 3060 3059 3058 3057
g Group47011
f 1465 1467 1453 1463
g Group32941
f 3053 3054 3062 3061
g Group47011
f 1458 1459 1461 1451
g Group32941
f 3060 3065 3064 3063
g Group32944
f 1473 1466 3063 3064
g Group47011
f 1465 1466 1473 1469
g Group32941
f 3055 3066 3058 3054
g Group47011
f 1452 1451 1453 1454
g Group32941
f 3067 3066 3055 3056
g Group47011
f 1456 1457 1452 1454
g Group32941
f 3065 3060 3057 3068
g Group47011
f 1469 1470 1467 1465
g Group32941
f 3051 3066 3067 3050
g Group47011
f 1468 1455 1456 1454
g Group32941
f 3068 3057 3051 3052
g Group47011
f 1470 1471 1468 1467
g Group32941
f 3059 3062 3054 3058
g Group47011
f 1463 1453 1451 1461
g Group32941
f 3070 3062 3059 3069
g Group32944
f 1464 1462 3070 3069
g Group47011
f 1462 1464 1463 1461
g Group32941
f 3069 3059 3060 3063
g Group32944
f 1466 1464 3069 3063
g Group47011
f 1464 1466 1465 1463
g Group32941
f 3071 3061 3062 3070
g Group32944
f 1462 1460 3071 3070
g Group47011
f 1460 1462 1461 1459
g Group32941
f 3057 3058 3066 3051
g Group47011
f 1467 1468 1454 1453
g Group32941
f 3073 3056 3053 3072
g Group47011
f 1474 1475 1458 1457
g Group32941
f 3075 3050 3067 3074
g Group47011
f 1477 1478 1456 1455
g Group32941
f 3072 3053 3061 3076
g Group47011
f 1475 1479 1459 1458
g Group32941
f 3074 3067 3056 3073
g Group47011
f 1478 1474 1457 1456
g Group32941
f 3076 3061 3071 3077
g Group32944
f 1460 1480 3077 3071
g Group47011
f 1479 1480 1460 1459
g Group32941
f 3050 3075 3078 3049
g Group47011
f 1455 1472 1476 1477
g Group32941
f 3064 3065 3080 3079
g Group32944
f 1486 1473 3064 3079
f 1485 1486 3079 3080
g Group47011
f 1473 1486 1485 1469
g Group32941
f 3065 3068 3081 3080
g Group32944
f 1484 1485 3080 3081
g Group47011
f 1469 1485 1484 1470
g Group32941
f 3068 3052 3082 3081
g Group32944
f 1483 1484 3081 3082
g Group47011
f 1470 1484 1483 1471
g Group32941
f 3052 3049 3083 3082
g Group32944
f 1482 1483 3082 3083
g Group47011
f 1471 1483 1482 1472
g Group32941
f 3049 3078 3084 3083
g Group32944
f 1481 1482 3083 3084
g Group47011
f 1472 1482 1481 1476
g Group32941
f 3084 3078 3086 3085
g Group32944
f 1494 1481 3084 3085
g Group47011
f 1481 1494 1493 1476
g Group32941
f 3078 3075 3087 3086
g Group47011
f 1476 1493 1492 1477
g Group32941
f 3075 3074 3088 3087
g Group47011
f 1477 1492 1491 1478
g Group32941
f 3074 3073 3089 3088
g Group47011
f 1478 1491 1490 1474
g Group32941
f 3073 3072 3090 3089
g Group47011
f 1474 1490 1489 1475
g Group32941
f 3072 3076 3091 3090
g Group47011
f 1475 1489 1488 1479
g Group32941
f 3085 3086 3093 3092
g Group32944
f 1500 1487 3092 3093
g Group47011
f 1494 1487 1500 1493
g Group32941
f 3086 3087 3094 3093
g Group32944
f 1499 1500 3093 3094
g Group47011
f 1493 1500 1499 1492
g Group32941
f 3087 3088 3095 3094
g Group32944
f 1498 1499 3094 3095
g Group47011
f 1492 1499 1498 1491
g Group32941
f 3088 3089 3096 3095
g Group32944
f 1497 1498 3095 3096
g Group47011
f 1491 1498 1497 1490
g Group32941
f 3089 3090 3097 3096
g Group32944
f 1496 1497 3096 3097
g Group47011
f 1490 1497 1496 1489
g Group32941
f 3090 3091 3098 3097
g Group32944
f 1495 1496 3097 3098
g Group47011
f 1489 1496 1495 1488
g Group32941
f 3100 3099 3098 3091
g Group32944
f 1450 1495 3098 3099
g Group47011
f 1443 1488 1495 1450
g Group32941
f 3076 3077 3100 3091
g Group32944
f 1480 1443 3100 3077
g Group47011
f 1479 1488 1443 1480
g Group32941
f 3036 3030 3037 3100
g Group32944
f 1443 1431 3036 3100
g Group47011
f 1431 1443 1442 1426
g Group32941
f 3037 3043 3099 3100
g Group32944
f 1449 1450 3099 3043
g Group47011
f 1442 1443 1450 1449
g Group32941
f 3104 3103 3102 3101
g Group47011
f 1521 1522 1505 1518
g Group32941
f 3108 3107 3106 3105
g Group47011
f 1507 1508 1501 1502
g Group32941
f 3112 3111 3110 3109
g Group47011
f 1515 1517 1503 1513
g Group32941
f 3105 3106 3114 3113
g Group47011
f 1508 1509 1511 1501
g Group32941
f 3112 3117 3116 3115
g Group32944
f 1523 1516 3115 3116
g Group47011
f 1515 1516 1523 1519
g Group32941
f 3107 3118 3110 3106
g Group47011
f 1502 1501 1503 1504
g Group32941
f 3119 3118 3107 3108
g Group47011
f 1506 1507 1502 1504
g Group32941
f 3117 3112 3109 3120
g Group47011
f 1519 1520 1517 1515
g Group32941
f 3103 3118 3119 3102
g Group47011
f 1518 1505 1506 1504
g Group32941
f 3120 3109 3103 3104
g Group47011
f 1520 1521 1518 1517
g Group32941
f 3111 3114 3106 3110
g Group47011
f 1513 1503 1501 1511
g Group32941
f 3122 3114 3111 3121
g Group32944
f 1514 1512 3122 3121
g Group47011
f 1512 1514 1513 1511
g Group32941
f 3121 3111 3112 3115
g Group32944
f 1516 1514 3121 3115
g Group47011
f 1514 1516 1515 1513
g Group32941
f 3123 3113 3114 3122
g Group32944
f 1512 1510 3123 3122
g Group47011
f 1510 1512 1511 1509
g Group32941
f 3109 3110 3118 3103
g Group47011
f 1517 1518 1504 1503
g Group32941
f 3125 3108 3105 3124
g Group47011
f 1524 1525 1508 1507
g Group32941
f 3127 3102 3119 3126
g Group47011
f 1527 1528 1506 1505
g Group32941
f 3124 3105 3113 3128
g Group47011
f 1525 1529 1509 1508
g Group32941
f 3126 3119 3108 3125
g Group47011
f 1528 1524 1507 1506
g Group32941
f 3128 3113 3123 3129
g Group32944
f 1510 1530 3129 3123
g Group47011
f 1529 1530 1510 1509
g Group32941
f 3102 3127 3130 3101
g Group47011
f 1505 1522 1526 1527
g Group32941
f 3116 3117 3132 3131
g Group32944
f 1536 1523 3116 3131
f 1535 1536 3131 3132
g Group47011
f 1523 1536 1535 1519
g Group32941
f 3117 3120 3133 3132
g Group32944
f 1534 1535 3132 3133
g Group47011
f 1519 1535 1534 1520
g Group32941
f 3120 3104 3134 3133
g Group32944
f 1533 1534 3133 3134
g Group47011
f 1520 1534 1533 1521
g Group32941
f 3104 3101 3135 3134
g Group32944
f 1532 1533 3134 3135
g Group47011
f 1521 1533 1532 1522
g Group32941
f 3101 3130 3136 3135
g Group32944
f 1531 1532 3135 3136
g Group47011
f 1522 1532 1531 1526
g Group32941
f 3130 3127 3138 3137
g Group47011
f 1526 1542 1541 1527
g Group32941
f 3127 3126 3139 3138
g Group47011
f 1527 1541 1540 1528
g Group32941
f 3126 3125 3140 3139
g Group47011
f 1528 1540 1539 1524
g Group32941
f 3125 3124 3141 3140
g Group47011
f 1524 1539 1538 1525
g Group32941
f 3124 3128 3142 3141
g Group47011
f 1525 1538 1537 1529
g Group32941
f 3137 3138 3144 3143
g Group32944
f 1548 1549 3143 3144
g Group47011
f 1542 1549 1548 1541
g Group32941
f 3138 3139 3145 3144
g Group32944
f 1547 1548 3144 3145
g Group47011
f 1541 1548 1547 1540
g Group32941
f 3139 3140 3146 3145
g Group32944
f 1546 1547 3145 3146
g Group47011
f 1540 1547 1546 1539
g Group32941
f 3140 3141 3147 3146
g Group32944
f 1545 1546 3146 3147
g Group47011
f 1539 1546 1545 1538
g Group32941
f 3141 3142 3148 3147
g Group32944
f 1544 1545 3147 3148
g Group47011
f 1538 1545 1544 1537
g Group32941
f 3152 3151 3150 3149
g Group47011
f 1571 1572 1555 1568
g Group32941
f 3156 3155 3154 3153
g Group47011
f 1557 1558 1551 1552
g Group32941
f 3160 3159 3158 3157
g Group47011
f 1565 1567 1553 1563
g Group32941
f 3153 3154 3162 3161
g Group47011
f 1558 1559 1561 1551
g Group32941
f 3160 3165 3164 3163
g Group32944
f 1573 1566 3163 3164
g Group47011
f 1565 1566 1573 1569
g Group32941
f 3155 3166 3158 3154
g Group47011
f 1552 1551 1553 1554
g Group32941
f 3167 3166 3155 3156
g Group47011
f 1556 1557 1552 1554
g Group32941
f 3165 3160 3157 3168
g Group47011
f 1569 1570 1567 1565
g Group32941
f 3151 3166 3167 3150
g Group47011
f 1568 1555 1556 1554
g Group32941
f 3168 3157 3151 3152
g Group47011
f 1570 1571 1568 1567
g Group32941
f 3159 3162 3154 3158
g Group47011
f 1563 1553 1551 1561
g Group32941
f 3170 3162 3159 3169
g Group32944
f 1564 1562 3170 3169
g Group47011
f 1562 1564 1563 1561
g Group32941
f 3169 3159 3160 3163
g Group32944
f 1566 1564 3169 3163
g Group47011
f 1564 1566 1565 1563
g Group32941
f 3171 3161 3162 3170
g Group32944
f 1562 1560 3171 3170
g Group47011
f 1560 1562 1561 1559
g Group32941
f 3157 3158 3166 3151
g Group47011
f 1567 1568 1554 1553
g Group32941
f 3173 3156 3153 3172
g Group47011
f 1574 1575 1558 1557
g Group32941
f 3175 3150 3167 3174
g Group47011
f 1577 1578 1556 1555
g Group32941
f 3172 3153 3161 3176
g Group47011
f 1575 1579 1559 1558
g Group32941
f 3174 3167 3156 3173
g Group47011
f 1578 1574 1557 1556
g Group32941
f 3176 3161 3171 3177
g Group32944
f 1560 1580 3177 3171
g Group47011
f 1579 1580 1560 1559
g Group32941
f 3150 3175 3178 3149
g Group47011
f 1555 1572 1576 1577
g Group32941
f 3164 3165 3180 3179
g Group32944
f 1586 1573 3164 3179
f 1585 1586 3179 3180
g Group47011
f 1573 1586 1585 1569
g Group32941
f 3165 3168 3181 3180
g Group32944
f 1584 1585 3180 3181
g Group47011
f 1569 1585 1584 1570
g Group32941
f 3168 3152 3182 3181
g Group32944
f 1583 1584 3181 3182
g Group47011
f 1570 1584 1583 1571
g Group32941
f 3152 3149 3183 3182
g Group32944
f 1582 1583 3182 3183
g Group47011
f 1571 1583 1582 1572
g Group32941
f 3149 3178 3184 3183
g Group32944
f 1581 1582 3183 3184
g Group47011
f 1572 1582 1581 1576
g Group32941
f 3184 3178 3186 3185
g Group32944
f 1594 1581 3184 3185
g Group47011
f 1581 1594 1593 1576
g Group32941
f 3178 3175 3187 3186
g Group47011
f 1576 1593 1592 1577
g Group32941
f 3175 3174 3188 3187
g Group47011
f 1577 1592 1591 1578
g Group32941
f 3174 3173 3189 3188
g Group47011
f 1578 1591 1590 1574
g Group32941
f 3173 3172 3190 3189
g Group47011
f 1574 1590 1589 1575
g Group32941
f 3172 3176 3191 3190
g Group47011
f 1575 1589 1588 1579
g Group32941
f 3185 3186 3193 3192
g Group32944
f 1600 1587 3192 3193
g Group47011
f 1594 1587 1600 1593
g Group32941
f 3186 3187 3194 3193
g Group32944
f 1599 1600 3193 3194
g Group47011
f 1593 1600 1599 1592
g Group32941
f 3187 3188 3195 3194
g Group32944
f 1598 1599 3194 3195
g Group47011
f 1592 1599 1598 1591
g Group32941
f 3188 3189 3196 3195
g Group32944
f 1597 1598 3195 3196
g Group47011
f 1591 1598 1597 1590
g Group32941
f 3189 3190 3197 3196
g Group32944
f 1596 1597 3196 3197
g Group47011
f 1590 1597 1596 1589
g Group32941
f 3190 3191 3198 3197
g Group32944
f 1595 1596 3197 3198
g Group47011
f 1589 1596 1595 1588
g Group32941
f 3200 3199 3198 3191
g Group32944
f 1550 1595 3198 3199
g Group47011
f 1543 1588 1595 1550
g Group32941
f 3176 3177 3200 3191
g Group32944
f 1580 1543 3200 3177
g Group47011
f 1579 1588 1543 1580
g Group32941
f 3136 3130 3137 3200
g Group32944
f 1543 1531 3136 3200
g Group47011
f 1531 1543 1542 1526
g Group32941
f 3137 3143 3199 3200
g Group32944
f 1549 1550 3199 3143
g Group47011
f 1542 1543 1550 1549
g Group32941
f 3048 3042 3185 3192
g Group32944
f 1587 1444 3048 3192
g Group47011
f 1444 1587 1594 1437
g Group32941
f 3028 3029 3185 3042
g Group32944
f 1430 1594 3185 3029
g Group47011
f 1429 1437 1594 1430
g Group32941
f 2948 2942 3085 3092
g Group32944
f 1487 1344 2948 3092
g Group47011
f 1344 1487 1494 1337
g Group32941
f 2928 2929 3085 2942
g Group32944
f 1330 1494 3085 2929
g Group47011
f 1329 1337 1494 1330
g Group32941
f 2848 2842 2985 2992
g Group32944
f 1387 1244 2848 2992
g Group47011
f 1244 1387 1394 1237
g Group32941
f 2828 2829 2985 2842
g Group32944
f 1230 1394 2985 2829
g Group47011
f 1229 1237 1394 1230
g Group32941
f 3148 3142 2483 2490
g Group32944
f 885 1544 3148 2490
g Group47011
f 1544 885 892 1537
g Group32941
f 3128 3129 2483 3142
g Group32944
f 1530 892 2483 3129
g Group47011
f 1529 1537 892 1530
g Group32941
f 1948 1942 2885 2892
g Group32944
f 1287 344 1948 2892
g Group47011
f 344 1287 1294 337
g Group32941
f 1928 1929 2885 1942
g Group32944
f 330 1294 2885 1929
g Group47011
f 329 337 1294 330
g Group32941
f 2085 2091 2748 2741
g Group32944
f 498 1143 2748 2091
g Group47011
f 492 1135 1143 498
g Group32941
f 2084 2078 2085 2741
g Group32944
f 1135 481 2084 2741
g Group47011
f 481 1135 492 476

 