# File exported by ZBrush version 2021
# www.zbrush.com
#Vertex Count 2952
#Face Count 2952
#Auto scale x=1.000000 y=1.000000 z=1.000000
#Auto offset x=0.000000 y=0.000000 z=0.000000
v -0.97533702 -2.66252851 0.124337
v -0.98474699 -2.68731761 0.124337
v -0.96586197 -2.63852047 0.124337
v -0.823852 -2.80485653 0.124337
v -0.86278599 -2.75530743 0.124337
v -0.81425398 -2.85726261 0.124337
v -0.79177802 -2.88919353 0.124337
v -0.77114599 -2.86718845 0.124337
v -0.78020799 -2.89947557 0.124337
v -0.78716898 -2.80252862 0.124337
v -0.752671 -2.79800152 0.124337
v -0.83492797 -2.74250841 0.124337
v -0.80682402 -2.73009443 0.124337
v -0.90799802 -2.69139456 0.124337
v -0.89053398 -2.67090153 0.124337
v -0.92600899 -2.71208858 0.124337
v -0.69550299 -2.83878254 0.124337
v -0.637169 -2.81491351 0.124337
v -0.72851002 -2.88027644 0.124337
v -0.76428198 -2.89616346 0.124337
v -0.72624701 -2.81862163 0.124337
v -0.65507197 -2.79002642 0.124337
v -0.67337697 -2.76536154 0.124337
v -0.56629401 -2.78168749 0.124337
v -0.57135099 -2.75523948 0.124337
v -0.560853 -2.80858349 0.124337
v -0.494266 -2.78971147 0.124337
v -0.49927601 -2.81576156 0.124337
v -0.489057 -2.76444244 0.124337
v -0.77932101 -2.83487057 0.124337
v -0.81914997 -2.83105564 0.124337
v -0.49165999 -2.77707862 0.124337
v -0.56884497 -2.7684586 0.124337
v -0.66426897 -2.77771449 0.124337
v -0.73950201 -2.80834054 0.124337
v -0.97059798 -2.65052843 0.124337
v -0.820845 -2.73633742 0.124337
v -0.76989597 -2.80031251 0.124337
v -0.89924699 -2.68116545 0.124337
v -0.71192401 -2.85956049 0.124337
v -0.74855899 -2.84298443 0.124337
v -0.75932997 -2.82166743 0.124337
v -0.77567601 -2.88333058 0.124337
v -0.80308598 -2.87324857 0.124337
v -0.74634701 -2.88826942 0.124337
v -1.30285704 -2.62070059 0.124337
v -1.33269298 -2.56519842 0.124337
v -1.30241 -2.67397761 0.124337
v -1.28575897 -2.70930862 0.124337
v -1.26165103 -2.69117641 0.124337
v -1.27612602 -2.72141552 0.124337
v -1.26631999 -2.62471342 0.124337
v -1.23155701 -2.62618541 0.124337
v -1.30305194 -2.55738353 0.124337
v -1.27323198 -2.54998445 0.124337
v -1.36624705 -2.49447155 0.124337
v -1.34552097 -2.47727847 0.124337
v -1.38754797 -2.51175141 0.124337
v -1.18224799 -2.67617464 0.124337
v -1.12068104 -2.66270446 0.124337
v -1.22189903 -2.71138358 0.124337
v -1.25987005 -2.72089648 0.124337
v -1.20907104 -2.65105247 0.124337
v -1.13404095 -2.63511657 0.124337
v -1.14783299 -2.60765957 0.124337
v -1.04515099 -2.6421566 0.124337
v -1.04558503 -2.6152296 0.124337
v -1.04441094 -2.66958046 0.124337
v -1.26414799 -2.65792059 0.124337
v -1.30272901 -2.64732146 0.124337
v -1.04539001 -2.62868762 0.124337
v -1.14098298 -2.62138843 0.124337
v -1.22036302 -2.63863444 0.124337
v -1.28811597 -2.55372142 0.124337
v -1.24892401 -2.62550544 0.124337
v -1.35586798 -2.48588752 0.124337
v -1.20199894 -2.69384145 0.124337
v -1.23523902 -2.67121243 0.124337
v -1.24218499 -2.64835763 0.124337
v -1.26888597 -2.70629262 0.124337
v -1.29415595 -2.69164657 0.124337
v -1.24084401 -2.71620845 0.124337
v -0.32152101 -2.90379452 0.124337
v -0.368377 -2.8616476 0.124337
v -0.303079 -2.95378947 0.124337
v -0.27546 -2.98138952 0.124337
v -0.25890699 -2.95618248 0.124337
v -0.262297 -2.98953056 0.124337
v -0.28578099 -2.89521741 0.124337
v -0.25257098 -2.88483142 0.124337
v -0.34312599 -2.84427142 0.124337
v -0.317566 -2.8272295 0.124337
v -0.423877 -2.80645561 0.124337
v -0.41018798 -2.78326559 0.124337
v -0.438075 -2.82992148 0.124337
v -0.18925599 -2.91520357 0.124337
v -0.13587799 -2.88169455 0.124337
v -0.214658 -2.9617486 0.124337
v -0.24717399 -2.98354649 0.124337
v -0.223 -2.90062761 0.124337
v -0.157783 -2.86024856 0.124337
v -0.180049 -2.83908963 0.124337
v -0.07175 -2.83680653 0.124337
v -0.08126799 -2.81162142 0.124337
v -0.061779 -2.86235952 0.124337
v -0.272504 -2.92571854 0.124337
v -0.31239599 -2.92880344 0.124337
v -0.07653199 -2.82421255 0.124337
v -0.16895699 -2.84968853 0.124337
v -0.23782299 -2.89276957 0.124337
v -0.330309 -2.83579158 0.124337
v -0.26914399 -2.89007759 0.124337
v -0.41701299 -2.79486751 0.124337
v -0.20186999 -2.93849945 0.124337
v -0.240804 -2.92845344 0.124337
v -0.25507301 -2.9092946 0.124337
v -0.26060101 -2.97285342 0.124337
v -0.28933399 -2.96761846 0.124337
v -0.23085799 -2.97268652 0.124337
v -2.83337903 -0.49288553 0.124337
v -2.85950088 -0.49742952 0.124337
v -2.80789589 -0.48879751 0.124337
v -2.87854909 -0.6957705 0.124337
v -2.85577297 -0.63701051 0.124337
v -2.91872906 -0.7307595 0.124337
v -2.93473506 -0.76637053 0.124337
v -2.90528607 -0.77290451 0.124337
v -2.93767595 -0.78157651 0.124337
v -2.8578341 -0.72615253 0.124337
v -2.83634591 -0.75350451 0.124337
v -2.83056688 -0.65445154 0.124337
v -2.80555605 -0.67229652 0.124337
v -2.82386899 -0.56554055 0.124337
v -2.79732894 -0.57010752 0.124337
v -2.85085105 -0.56058752 0.124337
v -2.84226107 -0.8234815 0.124337
v -2.79199004 -0.86148953 0.124337
v -2.89479398 -0.81624954 0.124337
v -2.92671299 -0.79358249 0.124337
v -2.84061408 -0.78675949 0.124337
v -2.77972006 -0.83339852 0.124337
v -2.76782894 -0.8050695 0.124337
v -2.72726702 -0.9055075 0.124337
v -2.70709395 -0.88767153 0.124337
v -2.747617 -0.92390453 0.124337
v -2.697438 -0.97156351 0.124337
v -2.72238898 -0.98052853 0.124337
v -2.6730349 -0.96314454 0.124337
v -2.88164496 -0.74938553 0.124337
v -2.89868593 -0.71318852 0.124337
v -2.68523597 -0.96735149 0.124337
v -2.71719098 -0.89657354 0.124337
v -2.77380991 -0.81919854 0.124337
v -2.83852911 -0.7701115 0.124337
v -2.82063794 -0.49084451 0.124337
v -2.81807589 -0.66341555 0.124337
v -2.84712195 -0.73987352 0.124337
v -2.81059908 -0.56784051 0.124337
v -2.86852192 -0.8199535 0.124337
v -2.87294602 -0.77999454 0.124337
v -2.86009907 -0.7598465 0.124337
v -2.92147994 -0.77724051 0.124337
v -2.92678499 -0.74851852 0.124337
v -2.91077399 -0.80499655 0.124337
v -2.96443605 -0.18983152 0.124337
v -2.93190097 -0.13585951 0.124337
v -3.01003503 -0.21738553 0.124337
v -3.031924 -0.24972751 0.124337
v -3.00403308 -0.26122352 0.124337
v -3.0374329 -0.26419252 0.124337
v -2.94925403 -0.22330252 0.124337
v -2.93278694 -0.25395652 0.124337
v -2.91006803 -0.15737052 0.124337
v -2.88849711 -0.17924551 0.124337
v -2.88818597 -0.07093252 0.124337
v -2.86282396 -0.07998052 0.124337
v -2.91391396 -0.06142152 0.124337
v -2.9506421 -0.32186353 0.124337
v -2.90765309 -0.36795553 0.124337
v -3.00115108 -0.30571553 0.124337
v -3.02869796 -0.27791053 0.124337
v -2.94270706 -0.2859705 0.124337
v -2.89073491 -0.34239751 0.124337
v -2.87415289 -0.31652453 0.124337
v -2.85145807 -0.42244452 0.124337
v -2.8285191 -0.40833452 0.124337
v -2.87466788 -0.43706053 0.124337
v -2.97670102 -0.24211552 0.124337
v -2.98726606 -0.20351852 0.124337
v -2.83999705 -0.41536653 0.124337
v -2.88247394 -0.32942953 0.124337
v -2.93778896 -0.2699415 0.124337
v -2.899302 -0.16834951 0.124337
v -2.94106006 -0.23867853 0.124337
v -2.87550807 -0.07547752 0.124337
v -2.97590494 -0.31388452 0.124337
v -2.97339296 -0.27374753 0.124337
v -2.95727896 -0.25612053 0.124337
v -3.02073407 -0.26270052 0.124337
v -3.02102303 -0.23350152 0.124337
v -3.01495504 -0.29187551 0.124337
v -2.70746707 -1.17833352 0.124337
v -2.69510889 -1.11652553 0.124337
v -2.74105596 -1.21968555 0.124337
v -2.75071597 -1.25752246 0.124337
v -2.72058296 -1.25890255 0.124337
v -2.75100803 -1.27299654 0.124337
v -2.68185305 -1.20470154 0.124337
v -2.65599107 -1.22796857 0.124337
v -2.66728496 -1.12939047 0.124337
v -2.63958406 -1.14267754 0.124337
v -2.67593407 -1.04064154 0.124337
v -2.64900398 -1.04059052 0.124337
v -2.70336508 -1.04039847 0.124337
v -2.64982008 -1.29791748 0.124337
v -2.59377598 -1.32673847 0.124337
v -2.70281291 -1.29980349 0.124337
v -2.73814702 -1.2829585 0.124337
v -2.6544919 -1.26146447 0.124337
v -2.58650589 -1.29696857 0.124337
v -2.57964801 -1.26702451 0.124337
v -2.52245998 -1.35901749 0.124337
v -2.50564503 -1.33798253 0.124337
v -2.53935694 -1.3806225 0.124337
v -2.70132708 -1.2316755 0.124337
v -2.72432208 -1.19893753 0.124337
v -2.51406788 -1.34847748 0.124337
v -2.5831151 -1.28196752 0.124337
v -2.65529298 -1.24469947 0.124337
v -2.6534419 -1.13608753 0.124337
v -2.66894888 -1.21638953 0.124337
v -2.662467 -1.04062855 0.124337
v -2.67629408 -1.29895257 0.124337
v -2.68751001 -1.26033747 0.124337
v -2.67830705 -1.2382915 0.124337
v -2.73579311 -1.26595246 0.124337
v -2.74594688 -1.23856151 0.124337
v -2.72048711 -1.29145753 0.124337
v -2.19198393 -1.82338857 0.124337
v -2.2124331 -1.84027051 0.124337
v -2.17186307 -1.80721855 0.124337
v -2.13083791 -2.02204847 0.124337
v -2.14012694 -1.95971751 0.124337
v -2.14844608 -2.07233047 0.124337
v -2.14472889 -2.11120462 0.124337
v -2.11591005 -2.1023035 0.124337
v -2.13976693 -2.12586951 0.124337
v -2.09781503 -2.0381906 0.124337
v -2.06559896 -2.05133843 0.124337
v -2.1095941 -1.96239852 0.124337
v -2.07902908 -1.96552753 0.124337
v -2.14776992 -1.88181257 0.124337
v -2.12244892 -1.87265157 0.124337
v -2.17366409 -1.89087247 0.124337
v -2.03611588 -2.11507058 0.124337
v -1.97362303 -2.12322449 0.124337
v -2.08534407 -2.1347804 0.124337
v -2.12429499 -2.13088059 0.124337
v -2.05285501 -2.08234453 0.124337
v -1.97685897 -2.09273552 0.124337
v -1.98054599 -2.06223654 0.124337
v -1.89559495 -2.12944841 0.124337
v -1.88689303 -2.10396242 0.124337
v -1.904181 -2.15549349 0.124337
v -1.83699095 -2.17208147 0.124337
v -1.854236 -2.19222354 0.124337
v -1.819947 -2.15270161 0.124337
v -2.10700488 -2.07016563 0.124337
v -2.13972306 -2.04713845 0.124337
v -1.82846903 -2.16239452 0.124337
v -1.891263 -2.11668944 0.124337
v -1.97874701 -2.07747459 0.124337
v -2.05927896 -2.06684255 0.124337
v -2.18192291 -1.81530749 0.124337
v -2.09430098 -1.96400547 0.124337
v -2.081712 -2.0448215 0.124337
v -2.13509893 -1.87725353 0.124337
v -2.06067991 -2.12499642 0.124337
v -2.08430194 -2.09245848 0.124337
v -2.08310294 -2.06860446 0.124337
v -2.12783694 -2.11408257 0.124337
v -2.14666104 -2.09175062 0.124337
v -2.10480189 -2.13290453 0.124337
v -2.48192 -1.41868257 0.124337
v -2.50496602 -1.43178451 0.124337
v -2.45932006 -1.40620458 0.124337
v -2.45583391 -1.62489056 0.124337
v -2.45426797 -1.56187856 0.124337
v -2.48182201 -1.67140257 0.124337
v -2.48484396 -1.71033656 0.124337
v -2.454921 -1.70651853 0.124337
v -2.48247194 -1.72562754 0.124337
v -2.42607688 -1.64646756 0.124337
v -2.3965981 -1.66495347 0.124337
v -2.4246459 -1.56976449 0.124337
v -2.39508009 -1.57811248 0.124337
v -2.44840788 -1.48382556 0.124337
v -2.42188692 -1.47915756 0.124337
v -2.47546911 -1.48830652 0.124337
v -2.37851095 -1.7327975 0.124337
v -2.31834697 -1.75158357 0.124337
v -2.43039107 -1.74376153 0.124337
v -2.46809196 -1.73322749 0.124337
v -2.38937401 -1.69769454 0.124337
v -2.3162949 -1.72098946 0.124337
v -2.31468391 -1.69032049 0.124337
v -2.24254989 -1.77111947 0.124337
v -2.22959995 -1.74752247 0.124337
v -2.25548791 -1.79531657 0.124337
v -2.44062399 -1.67639148 0.124337
v -2.46889901 -1.64807856 0.124337
v -2.23609304 -1.75930249 0.124337
v -2.31553101 -1.70562946 0.124337
v -2.39303803 -1.68131053 0.124337
v -2.47061801 -1.41243946 0.124337
v -2.40985894 -1.57399153 0.124337
v -2.41135001 -1.65576052 0.124337
v -2.43513798 -1.48151958 0.124337
v -2.40441393 -1.73836255 0.124337
v -2.42209005 -1.70224654 0.124337
v -2.41681003 -1.67895054 0.124337
v -2.46869492 -1.71607554 0.124337
v -2.4834001 -1.69083154 0.124337
v -2.44923901 -1.73857355 0.124337
v -1.74338996 -2.35672855 0.124337
v -1.76323294 -2.29691052 0.124337
v -1.75211501 -2.40927958 0.124337
v -1.74178695 -2.44694161 0.124337
v -1.71492004 -2.4332354 0.124337
v -1.73438394 -2.46052861 0.124337
v -1.70808804 -2.36696744 0.124337
v -1.67409598 -2.37439155 0.124337
v -1.73268902 -2.29431653 0.124337
v -1.70204305 -2.29216051 0.124337
v -1.78412199 -2.22146844 0.124337
v -1.760746 -2.20810556 0.124337
v -1.808079 -2.23483848 0.124337
v -1.63412094 -2.43211841 0.124337
v -1.57115399 -2.42943763 0.124337
v -1.679237 -2.45998549 0.124337
v -1.71827995 -2.46282863 0.124337
v -1.65622198 -2.40274953 0.124337
v -1.579571 -2.39996647 0.124337
v -1.58843302 -2.37055158 0.124337
v -1.49321401 -2.42219042 0.124337
v -1.489012 -2.3955934 0.124337
v -1.49720394 -2.4493246 0.124337
v -1.42816603 -2.45414853 0.124337
v -1.441702 -2.47695159 0.124337
v -1.41470098 -2.43212461 0.124337
v -1.711658 -2.40004944 0.124337
v -1.74784195 -2.38297557 0.124337
v -1.42143201 -2.44313645 0.124337
v -1.491135 -2.40887856 0.124337
v -1.58404803 -2.38525152 0.124337
v -1.66521 -2.38858842 0.124337
v -1.71734702 -2.2932794 0.124337
v -1.691087 -2.37072658 0.124337
v -1.77241897 -2.21480751 0.124337
v -1.65661597 -2.4461224 0.124337
v -1.68546903 -2.41811561 0.124337
v -1.68837904 -2.39440441 0.124337
v -1.72465002 -2.44688749 0.124337
v -1.74702203 -2.42811441 0.124337
v -1.69872999 -2.46147751 0.124337
v 2.69773197 -0.97077649 0.124337
v 2.72234892 -0.98063755 0.124337
v 2.67389702 -0.96087855 0.124337
v 2.84275603 -0.82187753 0.124337
v 2.79250502 -0.85991352 0.124337
v 2.89532589 -0.8132255 0.124337
v 2.92765593 -0.79132652 0.124337
v 2.90602493 -0.77029651 0.124337
v 2.9381411 -0.77993452 0.124337
v 2.8410871 -0.78515654 0.124337
v 2.83717608 -0.75058251 0.124337
v 2.78022098 -0.83182954 0.124337
v 2.76831293 -0.80351251 0.124337
v 2.72780609 -0.9039675 0.124337
v 2.70762109 -0.88614654 0.124337
v 2.74816608 -0.92234754 0.124337
v 2.87896895 -0.69416153 0.124337
v 2.85616207 -0.63540554 0.124337
v 2.91986894 -0.72790855 0.124337
v 2.93512606 -0.76395654 0.124337
v 2.85827493 -0.72453653 0.124337
v 2.83096599 -0.65286254 0.124337
v 2.80596494 -0.67072254 0.124337
v 2.82421588 -0.56394749 0.124337
v 2.79768109 -0.56852352 0.124337
v 2.85119605 -0.55898255 0.124337
v 2.83353591 -0.49207651 0.124337
v 2.85947895 -0.49755153 0.124337
v 2.80835294 -0.48641151 0.124337
v 2.87355303 -0.77789449 0.124337
v 2.869035 -0.8176465 0.124337
v 2.82094502 -0.48924651 0.124337
v 2.81094789 -0.56625753 0.124337
v 2.81847906 -0.66183555 0.124337
v 2.84775495 -0.73760253 0.124337
v 2.68581509 -0.96582853 0.124337
v 2.77430009 -0.81764149 0.124337
v 2.83918309 -0.76784551 0.124337
v 2.71772599 -0.89504152 0.124337
v 2.89946389 -0.7109465 0.124337
v 2.88223004 -0.74727654 0.124337
v 2.86072206 -0.75766754 0.124337
v 2.9220829 -0.77512455 0.124337
v 2.91150808 -0.80234354 0.124337
v 2.92755007 -0.7458775 0.124337
v 2.65003395 -1.29750049 0.124337
v 2.59399294 -1.32633554 0.124337
v 2.7033081 -1.29801046 0.124337
v 2.73892211 -1.2819885 0.124337
v 2.72122597 -1.25756549 0.124337
v 2.75120806 -1.27258253 0.124337
v 2.65470004 -1.2610315 0.124337
v 2.65679192 -1.22631049 0.124337
v 2.58671498 -1.29656052 0.124337
v 2.57985806 -1.26660347 0.124337
v 2.5226829 -1.35861849 0.124337
v 2.5058639 -1.33758246 0.124337
v 2.53958392 -1.38022649 0.124337
v 2.7076621 -1.17790257 0.124337
v 2.6952939 -1.11611449 0.124337
v 2.74215388 -1.21818351 0.124337
v 2.75098395 -1.25630557 0.124337
v 2.68205404 -1.20426952 0.124337
v 2.66747307 -1.12896657 0.124337
v 2.63977408 -1.14226651 0.124337
v 2.67610907 -1.0402255 0.124337
v 2.64917588 -1.04017055 0.124337
v 2.70353794 -1.03996551 0.124337
v 2.68793392 -1.25945949 0.124337
v 2.6766479 -1.29784047 0.124337
v 2.66264009 -1.04021847 0.124337
v 2.65362596 -1.1356585 0.124337
v 2.66944503 -1.21534252 0.124337
v 2.5833261 -1.28155648 0.124337
v 2.65580105 -1.2436645 0.124337
v 2.51429009 -1.34808147 0.124337
v 2.72496509 -1.19796657 0.124337
v 2.70174408 -1.23079955 0.124337
v 2.67876911 -1.23733747 0.124337
v 2.73621797 -1.26506853 0.124337
v 2.72112202 -1.29007649 0.124337
v 2.74662995 -1.23721146 0.124337
v 2.95070195 -0.32141152 0.124337
v 2.90772104 -0.36749652 0.124337
v 3.00100803 -0.30386251 0.124337
v 3.02910304 -0.27674552 0.124337
v 3.00418996 -0.25973951 0.124337
v 3.03748107 -0.26373353 0.124337
v 2.94275903 -0.28551852 0.124337
v 2.93298101 -0.25212252 0.124337
v 2.89079809 -0.34194153 0.124337
v 2.87421393 -0.31607452 0.124337
v 2.85153293 -0.42199251 0.124337
v 2.82859206 -0.40789553 0.124337
v 2.87474608 -0.43660551 0.124337
v 2.96447491 -0.18935552 0.124337
v 2.93193292 -0.13539852 0.124337
v 3.01055908 -0.21559052 0.124337
v 3.03177094 -0.24850052 0.124337
v 2.9492979 -0.22284652 0.124337
v 2.91010093 -0.15690653 0.124337
v 2.88853192 -0.17879653 0.124337
v 2.88820409 -0.07047652 0.124337
v 2.86284494 -0.07953452 0.124337
v 2.91393303 -0.06095952 0.124337
v 2.97350001 -0.27279052 0.124337
v 2.97586488 -0.31272751 0.124337
v 2.87552809 -0.07502552 0.124337
v 2.899338 -0.16789552 0.124337
v 2.94117403 -0.23752152 0.124337
v 2.88253593 -0.32896351 0.124337
v 2.93791699 -0.26879552 0.124337
v 2.84007191 -0.41492453 0.124337
v 2.9875431 -0.20239152 0.124337
v 2.97679996 -0.24114352 0.124337
v 2.95739007 -0.25506851 0.124337
v 3.02083396 -0.26173153 0.124337
v 3.01508688 -0.29036951 0.124337
v 3.021209 -0.23198851 0.124337
v 0.49508398 -2.78957343 0.124337
v 0.49916398 -2.81577348 0.124337
v 0.49144899 -2.76401853 0.124337
v 0.69713199 -2.83838844 0.124337
v 0.63878399 -2.81455445 0.124337
v 0.73138701 -2.87918162 0.124337
v 0.76671201 -2.89581441 0.124337
v 0.77376502 -2.86649251 0.124337
v 0.781852 -2.8990376 0.124337
v 0.72786402 -2.81821751 0.124337
v 0.75560998 -2.7972145 0.124337
v 0.65667402 -2.78966546 0.124337
v 0.67496502 -2.7649765 0.124337
v 0.56788998 -2.78137254 0.124337
v 0.57293301 -2.75491643 0.124337
v 0.56246501 -2.80825853 0.124337
v 0.82546198 -2.80439353 0.124337
v 0.864367 -2.75481247 0.124337
v 0.81729197 -2.85678243 0.124337
v 0.79406201 -2.88829159 0.124337
v 0.788778 -2.80209159 0.124337
v 0.83650302 -2.74203658 0.124337
v 0.80839198 -2.72964143 0.124337
v 0.90954399 -2.69088244 0.124337
v 0.89206898 -2.67039561 0.124337
v 0.927567 -2.71156764 0.124337
v 0.97611802 -2.66225743 0.124337
v 0.98463898 -2.68735551 0.124337
v 0.96814698 -2.6376965 0.124337
v 0.750674 -2.84244442 0.124337
v 0.71417301 -2.85882449 0.124337
v 0.972135 -2.64997649 0.124337
v 0.90078699 -2.68065762 0.124337
v 0.822416 -2.73587346 0.124337
v 0.77217102 -2.79969954 0.124337
v 0.49326801 -2.77679657 0.124337
v 0.66586399 -2.77733945 0.124337
v 0.74178302 -2.8077476 0.124337
v 0.57043397 -2.7681415 0.124337
v 0.821469 -2.83058047 0.124337
v 0.78143 -2.83429551 0.124337
v 0.76152497 -2.82108259 0.124337
v 0.77780997 -2.88276052 0.124337
v 0.74899798 -2.88755655 0.124337
v 0.80574697 -2.87255954 0.124337
v -0.000925 -2.83236146 0.124337
v -0.001409 -2.85888552 0.124337
v -0.000114 -2.80655741 0.124337
v 0.18972599 -2.91517353 0.124337
v 0.136343 -2.88166952 0.124337
v 0.21645799 -2.96125459 0.124337
v 0.24839699 -2.9837284 0.124337
v 0.26038599 -2.95605158 0.124337
v 0.262759 -2.9894855 0.124337
v 0.223467 -2.90059161 0.124337
v 0.25440898 -2.88467741 0.124337
v 0.15824399 -2.86023163 0.124337
v 0.180507 -2.83905863 0.124337
v 0.072208 -2.83680057 0.124337
v 0.08172299 -2.8116045 0.124337
v 0.06224099 -2.86235451 0.124337
v 0.32198798 -2.90375042 0.124337
v 0.36883801 -2.86158847 0.124337
v 0.304935 -2.95396041 0.124337
v 0.276634 -2.98100948 0.124337
v 0.28624698 -2.89516544 0.124337
v 0.343584 -2.84422254 0.124337
v 0.31802099 -2.82718157 0.124337
v 0.42432901 -2.80638742 0.124337
v 0.410636 -2.78319144 0.124337
v 0.43852999 -2.82984948 0.124337
v 0.24177299 -2.92837262 0.124337
v 0.20299999 -2.93824362 0.124337
v 0.41746199 -2.79479956 0.124337
v 0.330765 -2.8357284 0.124337
v 0.27029699 -2.88996744 0.124337
v -0.000517 -2.81946945 0.124337
v 0.16941699 -2.84965658 0.124337
v 0.23897799 -2.89267754 0.124337
v 0.07698699 -2.82420158 0.124337
v 0.313553 -2.92885851 0.124337
v 0.27347201 -2.92563247 0.124337
v 0.256134 -2.90920758 0.124337
v 0.261574 -2.97276663 0.124337
v 0.232368 -2.97252941 0.124337
v 0.290849 -2.96751356 0.124337
v 1.18267798 -2.67599153 0.124337
v 1.12111103 -2.66252851 0.124337
v 1.223423 -2.71031451 0.124337
v 1.26107895 -2.72065162 0.124337
v 1.26299798 -2.69054961 0.124337
v 1.27654695 -2.72122049 0.124337
v 1.209499 -2.65084743 0.124337
v 1.23323202 -2.62540745 0.124337
v 1.13446497 -2.63492751 0.124337
v 1.14825296 -2.60747861 0.124337
v 1.04557597 -2.6419835 0.124337
v 1.04600703 -2.61506462 0.124337
v 1.04484105 -2.66941142 0.124337
v 1.30327904 -2.62050557 0.124337
v 1.33310604 -2.5649755 0.124337
v 1.30421602 -2.67351651 0.124337
v 1.28673303 -2.70854258 0.124337
v 1.26674294 -2.62451243 0.124337
v 1.30346298 -2.5571804 0.124337
v 1.27364301 -2.54978346 0.124337
v 1.36665105 -2.49425149 0.124337
v 1.34592104 -2.47706151 0.124337
v 1.38795399 -2.5115385 0.124337
v 1.23612296 -2.67081046 0.124337
v 1.20297396 -2.6932125 0.124337
v 1.35626804 -2.48567748 0.124337
v 1.28852796 -2.55351853 0.124337
v 1.24997305 -2.62501263 0.124337
v 1.14140498 -2.62121462 0.124337
v 1.22141599 -2.6381576 0.124337
v 1.04581296 -2.6285305 0.124337
v 1.30383694 -2.64698648 0.124337
v 1.26502597 -2.65749859 0.124337
v 1.24315202 -2.64791059 0.124337
v 1.26977503 -2.70588541 0.124337
v 1.24221003 -2.71554446 0.124337
v 1.29554605 -2.6910386 0.124337
v 1.836887 -2.17216563 0.124337
v 1.85339605 -2.19292259 0.124337
v 1.82108199 -2.15176463 0.124337
v 2.03661394 -2.11460351 0.124337
v 1.97412204 -2.12276363 0.124337
v 2.08657097 -2.13311052 0.124337
v 2.12550401 -2.13008761 0.124337
v 2.11712002 -2.1011126 0.124337
v 2.14024996 -2.12539362 0.124337
v 2.0533421 -2.08187151 0.124337
v 2.06706404 -2.04989743 0.124337
v 1.97734999 -2.09228658 0.124337
v 1.98102998 -2.06178045 0.124337
v 1.89609503 -2.12901163 0.124337
v 1.88738596 -2.10353159 0.124337
v 1.90468502 -2.15506362 0.124337
v 2.13131189 -2.02155661 0.124337
v 2.14058709 -1.95922756 0.124337
v 2.150141 -2.07113647 0.124337
v 2.145545 -2.11000943 0.124337
v 2.09829402 -2.03771448 0.124337
v 2.11005306 -1.96191251 0.124337
v 2.0794909 -1.96505451 0.124337
v 2.14821505 -1.88132047 0.124337
v 2.12288904 -1.87216746 0.124337
v 2.17410802 -1.89037549 0.124337
v 2.191895 -1.82349848 0.124337
v 2.21172499 -1.84110355 0.124337
v 2.17282199 -1.80610454 0.124337
v 2.08515 -2.09163451 0.124337
v 2.06153988 -2.12393641 0.124337
v 2.18235993 -1.81479752 0.124337
v 2.13554096 -1.87676751 0.124337
v 2.09476089 -1.96352553 0.124337
v 2.08268094 -2.04385757 0.124337
v 1.82898604 -2.16196847 0.124337
v 1.979236 -2.07702755 0.124337
v 2.06026005 -2.06588959 0.124337
v 1.89176094 -2.11626553 0.124337
v 2.14080309 -2.04629945 0.124337
v 2.10784411 -2.06934046 0.124337
v 2.08401393 -2.06770658 0.124337
v 2.1286869 -2.11324858 0.124337
v 2.10601997 -2.13166451 0.124337
v 2.14791297 -2.09055662 0.124337
v 1.42703294 -2.4547944 0.124337
v 1.43972897 -2.47807145 0.124337
v 1.41497099 -2.43197441 0.124337
v 1.63368201 -2.43241047 0.124337
v 1.57071602 -2.42971754 0.124337
v 1.67971599 -2.45923543 0.124337
v 1.71858799 -2.46294856 0.124337
v 1.71530997 -2.43296647 0.124337
v 1.733922 -2.46085262 0.124337
v 1.65578794 -2.4030466 0.124337
v 1.67480194 -2.3739016 0.124337
v 1.57913601 -2.40024352 0.124337
v 1.58800494 -2.37082552 0.124337
v 1.49277794 -2.42245841 0.124337
v 1.48857903 -2.39585661 0.124337
v 1.49676203 -2.44959044 0.124337
v 1.74296402 -2.35704255 0.124337
v 1.76281595 -2.29722356 0.124337
v 1.75298905 -2.40910744 0.124337
v 1.74178004 -2.44661641 0.124337
v 1.70766103 -2.36727142 0.124337
v 1.73227405 -2.29462242 0.124337
v 1.70162594 -2.29246163 0.124337
v 1.78371894 -2.22179341 0.124337
v 1.760347 -2.2084105 0.124337
v 1.80767297 -2.23516345 0.124337
v 1.68544304 -2.41813063 0.124337
v 1.65663301 -2.44589853 0.124337
v 1.77201998 -2.21511054 0.124337
v 1.71693301 -2.29358458 0.124337
v 1.69122505 -2.37063741 0.124337
v 1.42100298 -2.4433875 0.124337
v 1.58361601 -2.38553953 0.124337
v 1.665349 -2.38849258 0.124337
v 1.4907 -2.40914058 0.124337
v 1.74806094 -2.38303947 0.124337
v 1.71163296 -2.40005755 0.124337
v 1.68843698 -2.39436841 0.124337
v 1.72461605 -2.44690942 0.124337
v 1.69912195 -2.4611566 0.124337
v 1.74745905 -2.42786145 0.124337
v 2.37819504 -1.73322153 0.124337
v 2.31802892 -1.75198257 0.124337
v 2.4305861 -1.7428925 0.124337
v 2.46842598 -1.73323452 0.124337
v 2.45519495 -1.70613157 0.124337
v 2.48214602 -1.72608149 0.124337
v 2.38906192 -1.69811248 0.124337
v 2.39709711 -1.66425657 0.124337
v 2.31598305 -1.72140348 0.124337
v 2.31437611 -1.69072353 0.124337
v 2.24222993 -1.77151751 0.124337
v 2.22927904 -1.74791348 0.124337
v 2.25516009 -1.79571354 0.124337
v 2.45553493 -1.62532448 0.124337
v 2.45398306 -1.56231451 0.124337
v 2.4825859 -1.67093157 0.124337
v 2.48472499 -1.71001851 0.124337
v 2.42577409 -1.64689457 0.124337
v 2.42436194 -1.57020449 0.124337
v 2.39478898 -1.57853651 0.124337
v 2.44813489 -1.48426246 0.124337
v 2.42161703 -1.47958457 0.124337
v 2.47519898 -1.48874557 0.124337
v 2.4812541 -1.41979455 0.124337
v 2.50380992 -1.43373954 0.124337
v 2.459481 -1.40593755 0.124337
v 2.42207408 -1.70227551 0.124337
v 2.40435195 -1.73814046 0.124337
v 2.4703679 -1.41286552 0.124337
v 2.43487 -1.48194253 0.124337
v 2.40957403 -1.57441854 0.124337
v 2.41144704 -1.65562653 0.124337
v 2.31522393 -1.70604956 0.124337
v 2.39313602 -1.68117952 0.124337
v 2.23577189 -1.75969851 0.124337
v 2.46912694 -1.64806747 0.124337
v 2.44060611 -1.67641353 0.124337
v 2.41685104 -1.67890358 0.124337
v 2.46866989 -1.71610653 0.124337
v 2.44949889 -1.73813653 0.124337
v 2.48372101 -1.69045054 0.124337
v 0.97533702 2.66252446 0.124337
v 0.98474699 2.68731355 0.124337
v 0.96586197 2.63851642 0.124337
v 0.823852 2.80485248 0.124337
v 0.86278599 2.75529336 0.124337
v 0.81425398 2.8572545 0.124337
v 0.79177802 2.88918948 0.124337
v 0.77114599 2.8671844 0.124337
v 0.78020799 2.89947056 0.124337
v 0.78716898 2.80252337 0.124337
v 0.752671 2.79798936 0.124337
v 0.83492797 2.74250245 0.124337
v 0.80682402 2.73008942 0.124337
v 0.90799802 2.69139051 0.124337
v 0.89053398 2.67089438 0.124337
v 0.92600899 2.71208453 0.124337
v 0.69550299 2.83876442 0.124337
v 0.637169 2.81490945 0.124337
v 0.72851002 2.88027143 0.124337
v 0.76428198 2.89616441 0.124337
v 0.72624701 2.81862258 0.124337
v 0.65507197 2.79002738 0.124337
v 0.67337697 2.76535654 0.124337
v 0.56629401 2.78168344 0.124337
v 0.57135099 2.75523448 0.124337
v 0.560853 2.80857157 0.124337
v 0.494266 2.78970742 0.124337
v 0.49927699 2.8157525 0.124337
v 0.489057 2.76443743 0.124337
v 0.77932101 2.83485841 0.124337
v 0.81914997 2.83105158 0.124337
v 0.49165999 2.77707338 0.124337
v 0.56884497 2.76846242 0.124337
v 0.66426897 2.77770948 0.124337
v 0.73950201 2.80833649 0.124337
v 0.97059798 2.65051937 0.124337
v 0.820845 2.73633337 0.124337
v 0.76989698 2.80030751 0.124337
v 0.89924699 2.68115639 0.124337
v 0.71192503 2.85955643 0.124337
v 0.74856001 2.84298038 0.124337
v 0.75932997 2.82166338 0.124337
v 0.77567702 2.88333058 0.124337
v 0.80308598 2.87323856 0.124337
v 0.74634701 2.88827252 0.124337
v 1.30285799 2.62069654 0.124337
v 1.33269298 2.56518936 0.124337
v 1.30241 2.67397236 0.124337
v 1.28575897 2.70929956 0.124337
v 1.26165103 2.69116854 0.124337
v 1.27612602 2.72141146 0.124337
v 1.26631999 2.62470936 0.124337
v 1.23155701 2.62618136 0.124337
v 1.30305194 2.55737948 0.124337
v 1.27323305 2.54997754 0.124337
v 1.36624705 2.49446749 0.124337
v 1.34552097 2.47727155 0.124337
v 1.38754797 2.51174736 0.124337
v 1.18224799 2.67617154 0.124337
v 1.12068104 2.66270041 0.124337
v 1.22189903 2.71137857 0.124337
v 1.25987005 2.72089242 0.124337
v 1.20907104 2.65103936 0.124337
v 1.13404095 2.63511037 0.124337
v 1.14783299 2.60765242 0.124337
v 1.04515099 2.64215254 0.124337
v 1.04558503 2.61522555 0.124337
v 1.04441094 2.66956853 0.124337
v 1.26414799 2.65791654 0.124337
v 1.30272901 2.64731741 0.124337
v 1.04539001 2.62868237 0.124337
v 1.14098298 2.62138438 0.124337
v 1.22036302 2.63863539 0.124337
v 1.28811597 2.55371737 0.124337
v 1.24892401 2.62549448 0.124337
v 1.35586798 2.48588347 0.124337
v 1.20199894 2.69383549 0.124337
v 1.23523902 2.67120838 0.124337
v 1.24218499 2.64835238 0.124337
v 1.26888704 2.70628857 0.124337
v 1.29415595 2.69164252 0.124337
v 1.24084496 2.71619939 0.124337
v 0.32152101 2.90379047 0.124337
v 0.368377 2.86164355 0.124337
v 0.303079 2.95378136 0.124337
v 0.27546 2.98138546 0.124337
v 0.25890699 2.95617055 0.124337
v 0.262297 2.98953056 0.124337
v 0.28578099 2.8952105 0.124337
v 0.25257098 2.88483357 0.124337
v 0.34312599 2.84427452 0.124337
v 0.317566 2.82722759 0.124337
v 0.423877 2.80645036 0.124337
v 0.41018798 2.78326344 0.124337
v 0.438075 2.82991743 0.124337
v 0.18925599 2.91519641 0.124337
v 0.13587799 2.8816905 0.124337
v 0.214658 2.96174454 0.124337
v 0.24717399 2.98354458 0.124337
v 0.223 2.90062236 0.124337
v 0.157783 2.86024856 0.124337
v 0.180049 2.83907747 0.124337
v 0.07175 2.83680844 0.124337
v 0.08126799 2.81161046 0.124337
v 0.061779 2.86235737 0.124337
v 0.272504 2.9257195 0.124337
v 0.31239599 2.92880439 0.124337
v 0.07653199 2.82420849 0.124337
v 0.16895699 2.84968853 0.124337
v 0.23782299 2.89275646 0.124337
v 0.330309 2.83577656 0.124337
v 0.26914399 2.89007258 0.124337
v 0.41701299 2.7948625 0.124337
v 0.20186999 2.93849444 0.124337
v 0.240804 2.92844653 0.124337
v 0.25507301 2.90929436 0.124337
v 0.26060101 2.97284746 0.124337
v 0.28933399 2.96761155 0.124337
v 0.23085799 2.97269249 0.124337
v 2.83337903 0.49288147 0.124337
v 2.85950088 0.49742347 0.124337
v 2.80789589 0.48879346 0.124337
v 2.87854909 0.69576644 0.124337
v 2.85577297 0.63700449 0.124337
v 2.91872906 0.73075544 0.124337
v 2.93473601 0.76636648 0.124337
v 2.90528607 0.77290046 0.124337
v 2.9376769 0.78157246 0.124337
v 2.85783505 0.72614747 0.124337
v 2.83634591 0.75350046 0.124337
v 2.83056688 0.65444749 0.124337
v 2.80555605 0.67229247 0.124337
v 2.82386899 0.56553447 0.124337
v 2.79732894 0.57010048 0.124337
v 2.85085105 0.56058347 0.124337
v 2.84226107 0.8234775 0.124337
v 2.79199099 0.86148548 0.124337
v 2.89479398 0.81624347 0.124337
v 2.92671394 0.79357647 0.124337
v 2.84061503 0.78675144 0.124337
v 2.77972006 0.83339446 0.124337
v 2.76782894 0.8050605 0.124337
v 2.72726798 0.90550345 0.124337
v 2.7070949 0.88766545 0.124337
v 2.747617 0.92389845 0.124337
v 2.697438 0.97155946 0.124337
v 2.72238898 0.98052245 0.124337
v 2.67303609 0.96314048 0.124337
v 2.88164496 0.74938046 0.124337
v 2.89868593 0.71318447 0.124337
v 2.68523693 0.9673475 0.124337
v 2.71719098 0.89656949 0.124337
v 2.77380991 0.81919449 0.124337
v 2.83852911 0.77010744 0.124337
v 2.82063794 0.49084046 0.124337
v 2.81807589 0.66341149 0.124337
v 2.8471229 0.73986846 0.124337
v 2.81059908 0.56783646 0.124337
v 2.86852288 0.81994944 0.124337
v 2.87294602 0.77999049 0.124337
v 2.86010003 0.75984245 0.124337
v 2.92148089 0.77723646 0.124337
v 2.92678594 0.74851447 0.124337
v 2.91077494 0.80499249 0.124337
v 2.88506507 -0.00227352 0.124337
v 2.91158199 -0.00228252 0.124337
v 2.85925602 -0.00193052 0.124337
v 2.96443605 0.18982747 0.124337
v 2.93190193 0.13585548 0.124337
v 3.01003503 0.21738147 0.124337
v 3.031924 0.24971647 0.124337
v 3.00403308 0.26121747 0.124337
v 3.0374341 0.26418349 0.124337
v 2.94925403 0.22329847 0.124337
v 2.93278694 0.25395247 0.124337
v 2.91006898 0.15736447 0.124337
v 2.88849711 0.17924147 0.124337
v 2.88818693 0.07092648 0.124337
v 2.86282491 0.07997647 0.124337
v 2.91391396 0.06141747 0.124337
v 2.9506421 0.32185947 0.124337
v 2.90765309 0.36795148 0.124337
v 3.00115108 0.30571147 0.124337
v 3.02869796 0.27790448 0.124337
v 2.94270706 0.28596347 0.124337
v 2.8907361 0.34239149 0.124337
v 2.87415289 0.31652048 0.124337
v 2.85145902 0.42244046 0.124337
v 2.8285191 0.40833047 0.124337
v 2.87466788 0.43705546 0.124337
v 2.97670102 0.24211147 0.124337
v 2.98726606 0.20351447 0.124337
v 2.83999705 0.41536247 0.124337
v 2.88247394 0.32942548 0.124337
v 2.93778896 0.26993748 0.124337
v 2.8721621 -0.00209852 0.124337
v 2.899302 0.16834548 0.124337
v 2.94106102 0.23867347 0.124337
v 2.87550902 0.07547147 0.124337
v 2.97590494 0.31387949 0.124337
v 2.97339391 0.27374348 0.124337
v 2.95727896 0.25611648 0.124337
v 3.02073407 0.26269146 0.124337
v 3.02102303 0.23349547 0.124337
v 3.01495504 0.29187148 0.124337
v 2.70746707 1.17832851 0.124337
v 2.69510889 1.11651849 0.124337
v 2.74105691 1.2196815 0.124337
v 2.75071692 1.25751853 0.124337
v 2.72058296 1.25889742 0.124337
v 2.75100803 1.27298748 0.124337
v 2.68185305 1.2046895 0.124337
v 2.65599107 1.22796642 0.124337
v 2.66728496 1.12938642 0.124337
v 2.63958406 1.14267349 0.124337
v 2.67593407 1.04063451 0.124337
v 2.64900398 1.04058349 0.124337
v 2.70336508 1.04039442 0.124337
v 2.64982008 1.29791343 0.124337
v 2.59377598 1.32673442 0.124337
v 2.7028141 1.29979944 0.124337
v 2.73814702 1.28295242 0.124337
v 2.65449309 1.26145851 0.124337
v 2.58650589 1.29696643 0.124337
v 2.57964897 1.26701748 0.124337
v 2.52245998 1.35901343 0.124337
v 2.50564503 1.33797752 0.124337
v 2.53935694 1.38061845 0.124337
v 2.70132708 1.23167347 0.124337
v 2.72432208 1.19893348 0.124337
v 2.51406908 1.34847044 0.124337
v 2.5831151 1.28196346 0.124337
v 2.65529298 1.24469542 0.124337
v 2.6534419 1.13608348 0.124337
v 2.66894888 1.21638548 0.124337
v 2.662467 1.04062449 0.124337
v 2.67629408 1.29894852 0.124337
v 2.68751001 1.26033043 0.124337
v 2.67830705 1.23828744 0.124337
v 2.73579311 1.26594853 0.124337
v 2.74594688 1.23855745 0.124337
v 2.72048711 1.29145348 0.124337
v 2.19198393 1.82337951 0.124337
v 2.2124331 1.8402605 0.124337
v 2.17186403 1.80721449 0.124337
v 2.1308391 2.02204847 0.124337
v 2.14012694 1.95971047 0.124337
v 2.14844608 2.07232642 0.124337
v 2.14473009 2.11120057 0.124337
v 2.11591005 2.10229945 0.124337
v 2.13976693 2.12586045 0.124337
v 2.09781503 2.03818655 0.124337
v 2.06559896 2.05133438 0.124337
v 2.1095941 1.9623965 0.124337
v 2.07902908 1.96552848 0.124337
v 2.14776992 1.88180649 0.124337
v 2.12245011 1.87264442 0.124337
v 2.17366409 1.89086842 0.124337
v 2.03611588 2.11505746 0.124337
v 1.97362399 2.12321543 0.124337
v 2.08534407 2.13477444 0.124337
v 2.12429499 2.13087558 0.124337
v 2.05285596 2.08233451 0.124337
v 1.97686004 2.09273052 0.124337
v 1.98054599 2.06223559 0.124337
v 1.89559495 2.12944436 0.124337
v 1.88689398 2.10395836 0.124337
v 1.904181 2.15548658 0.124337
v 1.83699095 2.17207741 0.124337
v 1.854236 2.19221949 0.124337
v 1.819947 2.15269756 0.124337
v 2.10700488 2.07016038 0.124337
v 2.13972401 2.04713249 0.124337
v 1.82846903 2.16239047 0.124337
v 1.891263 2.11669158 0.124337
v 1.97874701 2.07747054 0.124337
v 2.05927896 2.0668385 0.124337
v 2.18192291 1.81530344 0.124337
v 2.09430193 1.96400046 0.124337
v 2.081712 2.04481458 0.124337
v 2.13509893 1.87724947 0.124337
v 2.06067991 2.12499237 0.124337
v 2.08430194 2.09245657 0.124337
v 2.08310294 2.06860041 0.124337
v 2.12783694 2.11407852 0.124337
v 2.14666104 2.09174656 0.124337
v 2.10480189 2.13290047 0.124337
v 2.48192 1.41867852 0.124337
v 2.50496602 1.43178045 0.124337
v 2.45932006 1.40620052 0.124337
v 2.45583391 1.62488353 0.124337
v 2.45426797 1.5618745 0.124337
v 2.48182201 1.67139351 0.124337
v 2.48484396 1.71032345 0.124337
v 2.454921 1.70651447 0.124337
v 2.48247194 1.72562348 0.124337
v 2.42607688 1.64645743 0.124337
v 2.39659905 1.66495251 0.124337
v 2.42464709 1.56977045 0.124337
v 2.39508009 1.57810843 0.124337
v 2.44840788 1.48382043 0.124337
v 2.42188692 1.47915244 0.124337
v 2.47547006 1.48830246 0.124337
v 2.37851095 1.73279345 0.124337
v 2.31834697 1.75157952 0.124337
v 2.43039107 1.74375546 0.124337
v 2.46809196 1.73322343 0.124337
v 2.38937497 1.69769048 0.124337
v 2.3162949 1.72098553 0.124337
v 2.3146851 1.69031548 0.124337
v 2.24254989 1.77111542 0.124337
v 2.22959995 1.74751246 0.124337
v 2.25548791 1.79531252 0.124337
v 2.44062495 1.67638444 0.124337
v 2.46889901 1.6480745 0.124337
v 2.23609304 1.75929844 0.124337
v 2.31553196 1.70562553 0.124337
v 2.39303803 1.68131053 0.124337
v 2.47061896 1.41243553 0.124337
v 2.40985989 1.57398653 0.124337
v 2.41135001 1.65575349 0.124337
v 2.43513894 1.4815135 0.124337
v 2.40441393 1.73835849 0.124337
v 2.42209005 1.70224249 0.124337
v 2.41681003 1.67894649 0.124337
v 2.46869611 1.71607148 0.124337
v 2.4834001 1.69082748 0.124337
v 2.44923901 1.73856949 0.124337
v 1.74338996 2.35672354 0.124337
v 1.76323294 2.29690647 0.124337
v 1.75211501 2.40927553 0.124337
v 1.74178695 2.44693756 0.124337
v 1.71492004 2.4332304 0.124337
v 1.73438394 2.46052837 0.124337
v 1.70808804 2.36696338 0.124337
v 1.67409598 2.3743875 0.124337
v 1.73268902 2.29431438 0.124337
v 1.70204305 2.29215645 0.124337
v 1.78412199 2.22146439 0.124337
v 1.760746 2.20810151 0.124337
v 1.808079 2.23483347 0.124337
v 1.63412094 2.43211436 0.124337
v 1.57115399 2.42943358 0.124337
v 1.679237 2.45998144 0.124337
v 1.71827995 2.46282148 0.124337
v 1.65622198 2.40274858 0.124337
v 1.579571 2.39996147 0.124337
v 1.58843302 2.37054657 0.124337
v 1.49321401 2.42218852 0.124337
v 1.489012 2.39559245 0.124337
v 1.49720394 2.44932556 0.124337
v 1.42816603 2.45414447 0.124337
v 1.441702 2.47694659 0.124337
v 1.41470098 2.43211436 0.124337
v 1.711658 2.40004539 0.124337
v 1.74784195 2.38297152 0.124337
v 1.42143201 2.44313049 0.124337
v 1.491135 2.40887451 0.124337
v 1.58404803 2.38524746 0.124337
v 1.66521096 2.38858342 0.124337
v 1.71734702 2.29328036 0.124337
v 1.691087 2.37072348 0.124337
v 1.77241897 2.21480155 0.124337
v 1.65661597 2.44611859 0.124337
v 1.68546903 2.41810536 0.124337
v 1.68838 2.39440035 0.124337
v 1.72465097 2.44688344 0.124337
v 1.74702298 2.42810845 0.124337
v 1.69872999 2.46146655 0.124337
v -2.69773101 0.9707725 0.124337
v -2.72234892 0.98063647 0.124337
v -2.67389702 0.96087449 0.124337
v -2.84275603 0.82187348 0.124337
v -2.79250407 0.85990947 0.124337
v -2.89532589 0.81322145 0.124337
v -2.92765593 0.79132145 0.124337
v -2.90602493 0.77029246 0.124337
v -2.9381411 0.77993047 0.124337
v -2.8410871 0.78515249 0.124337
v -2.83717608 0.75057846 0.124337
v -2.78022003 0.83182549 0.124337
v -2.76831293 0.80350548 0.124337
v -2.72780609 0.9039635 0.124337
v -2.70762109 0.88614249 0.124337
v -2.74816608 0.92234349 0.124337
v -2.87896895 0.69415748 0.124337
v -2.85616207 0.63540148 0.124337
v -2.91986894 0.72790449 0.124337
v -2.93512511 0.76395249 0.124337
v -2.85827398 0.72453248 0.124337
v -2.83096504 0.65285849 0.124337
v -2.80596494 0.67071849 0.124337
v -2.82421493 0.56394046 0.124337
v -2.79768109 0.56851947 0.124337
v -2.85119605 0.55897849 0.124337
v -2.83353591 0.49207246 0.124337
v -2.85947799 0.49754446 0.124337
v -2.80835294 0.48640048 0.124337
v -2.87355303 0.7778905 0.124337
v -2.869035 0.81764245 0.124337
v -2.82094407 0.48923948 0.124337
v -2.81094789 0.56625348 0.124337
v -2.81847906 0.66183149 0.124337
v -2.847754 0.73759746 0.124337
v -2.6858139 0.96582448 0.124337
v -2.77430009 0.8176375 0.124337
v -2.83918309 0.76783847 0.124337
v -2.71772599 0.89503449 0.124337
v -2.89946293 0.71094548 0.124337
v -2.88223004 0.74727249 0.124337
v -2.86072206 0.75766348 0.124337
v -2.9220829 0.77512049 0.124337
v -2.91150808 0.8023355 0.124337
v -2.92755007 0.74587345 0.124337
v -2.65003299 1.29749643 0.124337
v -2.59399294 1.32633149 0.124337
v -2.7033081 1.29800653 0.124337
v -2.73892211 1.28198444 0.124337
v -2.72122597 1.25756144 0.124337
v -2.75120711 1.27257752 0.124337
v -2.65469908 1.26102745 0.124337
v -2.65679192 1.22630548 0.124337
v -2.58671498 1.29655647 0.124337
v -2.57985806 1.26659953 0.124337
v -2.5226829 1.35861349 0.124337
v -2.5058639 1.33757853 0.124337
v -2.53958296 1.38022244 0.124337
v -2.70766091 1.17789852 0.124337
v -2.69529295 1.11610543 0.124337
v -2.74215388 1.21817946 0.124337
v -2.75098395 1.25630152 0.124337
v -2.68205308 1.20426547 0.124337
v -2.66747307 1.12895751 0.124337
v -2.63977408 1.14226245 0.124337
v -2.67610788 1.04022145 0.124337
v -2.64917588 1.04016852 0.124337
v -2.70353794 1.03996145 0.124337
v -2.68793392 1.25945544 0.124337
v -2.6766479 1.29783642 0.124337
v -2.66264009 1.04021441 0.124337
v -2.65362596 1.13564944 0.124337
v -2.66944408 1.21533644 0.124337
v -2.5833249 1.28155744 0.124337
v -2.65580105 1.24366045 0.124337
v -2.51429009 1.3480755 0.124337
v -2.72496509 1.19796145 0.124337
v -2.70174288 1.2307955 0.124337
v -2.67876911 1.23732948 0.124337
v -2.73621797 1.26506447 0.124337
v -2.72112107 1.29007148 0.124337
v -2.74662995 1.23720645 0.124337
v -2.95070195 0.32140746 0.124337
v -2.90772104 0.36749246 0.124337
v -3.00100803 0.30385848 0.124337
v -3.02910208 0.27674049 0.124337
v -3.00418901 0.25972849 0.124337
v -3.03748107 0.26372447 0.124337
v -2.94275808 0.28551447 0.124337
v -2.93298006 0.25211846 0.124337
v -2.89079809 0.34193748 0.124337
v -2.87421393 0.31607046 0.124337
v -2.85153198 0.42198848 0.124337
v -2.82859206 0.40789148 0.124337
v -2.87474608 0.43660149 0.124337
v -2.96447491 0.18935148 0.124337
v -2.93193197 0.13539448 0.124337
v -3.01055908 0.21558648 0.124337
v -3.03176999 0.24849647 0.124337
v -2.9492979 0.22283947 0.124337
v -2.91009998 0.15689747 0.124337
v -2.88853192 0.17879247 0.124337
v -2.88820409 0.07047247 0.124337
v -2.86284399 0.07953047 0.124337
v -2.91393208 0.06095547 0.124337
v -2.88506007 -0.00194252 0.124337
v -2.91155695 -0.00099352 0.124337
v -2.8592801 -0.00319852 0.124337
v -2.97349906 0.27278149 0.124337
v -2.97586488 0.31272348 0.124337
v -2.87216806 -0.00257452 0.124337
v -2.87552809 0.07501947 0.124337
v -2.89933705 0.16789147 0.124337
v -2.94117403 0.23751747 0.124337
v -2.88253498 0.32895946 0.124337
v -2.93791604 0.26879048 0.124337
v -2.84007191 0.41491848 0.124337
v -2.9875431 0.20238748 0.124337
v -2.97679901 0.24113947 0.124337
v -2.95738911 0.25506249 0.124337
v -3.02083396 0.26172748 0.124337
v -3.01508688 0.29036548 0.124337
v -3.021209 0.23198247 0.124337
v -0.49508398 2.78957152 0.124337
v -0.499163 2.81577658 0.124337
v -0.49144899 2.76401448 0.124337
v -0.69713199 2.83838439 0.124337
v -0.63878399 2.81454753 0.124337
v -0.731386 2.87917757 0.124337
v -0.76671201 2.89582157 0.124337
v -0.77376502 2.86648845 0.124337
v -0.781852 2.89903354 0.124337
v -0.72786402 2.81821346 0.124337
v -0.75560998 2.7972095 0.124337
v -0.65667402 2.7896614 0.124337
v -0.67496502 2.76497244 0.124337
v -0.56788998 2.78136849 0.124337
v -0.57293301 2.75491237 0.124337
v -0.56246501 2.80825638 0.124337
v -0.82546198 2.80438947 0.124337
v -0.864367 2.75480341 0.124337
v -0.81729197 2.85678148 0.124337
v -0.79406201 2.88829135 0.124337
v -0.788778 2.80208158 0.124337
v -0.83650302 2.74203157 0.124337
v -0.80839198 2.72963738 0.124337
v -0.90954399 2.69087839 0.124337
v -0.89206898 2.67039752 0.124337
v -0.927567 2.71155858 0.124337
v -0.97611802 2.66224837 0.124337
v -0.98463898 2.68735051 0.124337
v -0.96814698 2.63769245 0.124337
v -0.75067299 2.84243345 0.124337
v -0.71417301 2.85881948 0.124337
v -0.972135 2.64996838 0.124337
v -0.90078699 2.68065357 0.124337
v -0.82241499 2.73586845 0.124337
v -0.77217102 2.79969549 0.124337
v -0.49326801 2.77679252 0.124337
v -0.66586399 2.77733039 0.124337
v -0.74178302 2.80774736 0.124337
v -0.57043397 2.76813745 0.124337
v -0.821469 2.83057951 0.124337
v -0.78143 2.83429145 0.124337
v -0.76152497 2.82108044 0.124337
v -0.77780997 2.88276243 0.124337
v -0.74899798 2.8875544 0.124337
v -0.80574697 2.8725605 0.124337
v 0.000925 2.83235645 0.124337
v 0.001409 2.85888147 0.124337
v 0.000114 2.80656456 0.124337
v -0.18972599 2.91516947 0.124337
v -0.136343 2.88166546 0.124337
v -0.21645799 2.96124959 0.124337
v -0.24839699 2.98371839 0.124337
v -0.26038599 2.95604252 0.124337
v -0.262759 2.98948645 0.124337
v -0.223467 2.90058636 0.124337
v -0.25440898 2.8846724 0.124337
v -0.15824399 2.86022138 0.124337
v -0.180507 2.83905243 0.124337
v -0.072208 2.83679652 0.124337
v -0.08172299 2.81159949 0.124337
v -0.06224099 2.86234736 0.124337
v -0.32198798 2.90374636 0.124337
v -0.36883801 2.86159157 0.124337
v -0.304935 2.9539535 0.124337
v -0.276634 2.98100256 0.124337
v -0.28624698 2.89516854 0.124337
v -0.343584 2.84421539 0.124337
v -0.31802099 2.82717442 0.124337
v -0.42432901 2.80638241 0.124337
v -0.410636 2.78319144 0.124337
v -0.43852999 2.82984542 0.124337
v -0.24177299 2.92836737 0.124337
v -0.20299999 2.93823838 0.124337
v -0.41746199 2.79479455 0.124337
v -0.330765 2.83572459 0.124337
v -0.27029699 2.88996338 0.124337
v 0.000517 2.81946539 0.124337
v -0.16941699 2.84965753 0.124337
v -0.23897799 2.8926754 0.124337
v -0.07698699 2.82420039 0.124337
v -0.313553 2.92886042 0.124337
v -0.27347201 2.92562842 0.124337
v -0.256134 2.90920352 0.124337
v -0.261574 2.97276759 0.124337
v -0.232368 2.97252535 0.124337
v -0.290849 2.9675095 0.124337
v -1.18267798 2.67598438 0.124337
v -1.12111103 2.66252446 0.124337
v -1.223423 2.71031045 0.124337
v -1.26107895 2.72064757 0.124337
v -1.26299798 2.69054555 0.124337
v -1.27654695 2.72121644 0.124337
v -1.209499 2.65084838 0.124337
v -1.23323202 2.62540936 0.124337
v -1.13446497 2.63492345 0.124337
v -1.14825296 2.60747456 0.124337
v -1.04557502 2.6419835 0.124337
v -1.04600703 2.61506056 0.124337
v -1.04484105 2.66941142 0.124337
v -1.30327904 2.62049341 0.124337
v -1.33310604 2.5649755 0.124337
v -1.30421495 2.67351245 0.124337
v -1.28673303 2.70853853 0.124337
v -1.26674294 2.62450552 0.124337
v -1.30346298 2.55717659 0.124337
v -1.27364301 2.5497725 0.124337
v -1.36665105 2.49424743 0.124337
v -1.34592104 2.47706055 0.124337
v -1.38795399 2.51153445 0.124337
v -1.23612201 2.6708064 0.124337
v -1.20297396 2.69320845 0.124337
v -1.35626697 2.48567342 0.124337
v -1.28852796 2.55351638 0.124337
v -1.24997305 2.62501239 0.124337
v -1.14140498 2.62120556 0.124337
v -1.22141599 2.63815355 0.124337
v -1.04581296 2.62852144 0.124337
v -1.30383694 2.64698243 0.124337
v -1.26502597 2.65749454 0.124337
v -1.24315202 2.64790654 0.124337
v -1.26977503 2.70588159 0.124337
v -1.24221003 2.7155404 0.124337
v -1.29554498 2.69103455 0.124337
v -1.83688604 2.17216157 0.124337
v -1.85339605 2.19291853 0.124337
v -1.82108199 2.15176749 0.124337
v -2.03661298 2.11459946 0.124337
v -1.97412204 2.12276244 0.124337
v -2.08657097 2.13310647 0.124337
v -2.12550306 2.1300764 0.124337
v -2.11712002 2.10110855 0.124337
v -2.14024996 2.12538838 0.124337
v -2.0533421 2.08187341 0.124337
v -2.06706404 2.04989337 0.124337
v -1.97734999 2.09228253 0.124337
v -1.98102998 2.06177139 0.124337
v -1.89609396 2.12900757 0.124337
v -1.88738596 2.10352754 0.124337
v -1.90468394 2.15506458 0.124337
v -2.13131189 2.02155351 0.124337
v -2.14058589 1.95922052 0.124337
v -2.15014004 2.07112741 0.124337
v -2.145545 2.11000442 0.124337
v -2.09829402 2.03771042 0.124337
v -2.11005306 1.96190846 0.124337
v -2.0794909 1.9650495 0.124337
v -2.1482141 1.88131547 0.124337
v -2.12288904 1.87216353 0.124337
v -2.17410802 1.89037144 0.124337
v -2.191895 1.82349145 0.124337
v -2.21172404 1.8410995 0.124337
v -2.17282199 1.80610048 0.124337
v -2.08514905 2.0916264 0.124337
v -2.06153988 2.1239314 0.124337
v -2.18235898 1.81479346 0.124337
v -2.13554096 1.87675845 0.124337
v -2.09476089 1.96351945 0.124337
v -2.08268094 2.04385256 0.124337
v -1.82898604 2.16196441 0.124337
v -1.97923505 2.07702255 0.124337
v -2.06026005 2.06588554 0.124337
v -1.89176094 2.11625957 0.124337
v -2.14080309 2.0462954 0.124337
v -2.10784411 2.0693314 0.124337
v -2.08401393 2.06770253 0.124337
v -2.1286869 2.11324644 0.124337
v -2.10601997 2.13166236 0.124337
v -2.14791297 2.09055352 0.124337
v -1.42703199 2.45478844 0.124337
v -1.43972897 2.47806358 0.124337
v -1.41497099 2.43197035 0.124337
v -1.63368201 2.43240642 0.124337
v -1.57071602 2.42971348 0.124337
v -1.67971599 2.45922637 0.124337
v -1.71858799 2.46294856 0.124337
v -1.71530997 2.43295836 0.124337
v -1.73392105 2.46085143 0.124337
v -1.65578794 2.40304255 0.124337
v -1.67480194 2.37389636 0.124337
v -1.57913601 2.40024137 0.124337
v -1.58800399 2.37082338 0.124337
v -1.49277699 2.42245459 0.124337
v -1.48857903 2.39585638 0.124337
v -1.49676096 2.44958543 0.124337
v -1.74296402 2.35703849 0.124337
v -1.76281595 2.29721641 0.124337
v -1.75298905 2.40910339 0.124337
v -1.74178004 2.44661235 0.124337
v -1.70766103 2.36726641 0.124337
v -1.73227405 2.29461836 0.124337
v -1.70162594 2.29245638 0.124337
v -1.78371894 2.22178459 0.124337
v -1.760347 2.20840644 0.124337
v -1.80767297 2.23515248 0.124337
v -1.68544304 2.41812753 0.124337
v -1.65663301 2.44588542 0.124337
v -1.77201902 2.2151184 0.124337
v -1.71693301 2.29357957 0.124337
v -1.69122505 2.3706355 0.124337
v -1.42100298 2.44338345 0.124337
v -1.58361601 2.38553547 0.124337
v -1.665349 2.38848757 0.124337
v -1.4907 2.40913653 0.124337
v -1.74806094 2.38303542 0.124337
v -1.71163296 2.4000535 0.124337
v -1.68843698 2.39436459 0.124337
v -1.72461605 2.44690537 0.124337
v -1.69912195 2.46115255 0.124337
v -1.74745798 2.42785739 0.124337
v -2.37819409 1.73321747 0.124337
v -2.31802892 1.75197744 0.124337
v -2.4305861 1.74288845 0.124337
v -2.46842598 1.73323047 0.124337
v -2.45519495 1.70612549 0.124337
v -2.48214507 1.72607243 0.124337
v -2.38906097 1.69810247 0.124337
v -2.39709711 1.66425252 0.124337
v -2.3159821 1.72139847 0.124337
v -2.31437611 1.69071948 0.124337
v -2.24222898 1.77151143 0.124337
v -2.22927904 1.74790442 0.124337
v -2.2551589 1.79570949 0.124337
v -2.45553493 1.62532043 0.124337
v -2.45398211 1.56231045 0.124337
v -2.4825859 1.67092645 0.124337
v -2.48472404 1.71001446 0.124337
v -2.42577409 1.64688742 0.124337
v -2.42436194 1.57020044 0.124337
v -2.39478898 1.5785315 0.124337
v -2.44813489 1.48425352 0.124337
v -2.42161703 1.47957944 0.124337
v -2.47519898 1.48873448 0.124337
v -2.4812529 1.4197905 0.124337
v -2.50380992 1.43373549 0.124337
v -2.45948004 1.40593349 0.124337
v -2.42207288 1.70227146 0.124337
v -2.40435195 1.73813653 0.124337
v -2.4703679 1.41286146 0.124337
v -2.43486905 1.4819405 0.124337
v -2.40957307 1.57441449 0.124337
v -2.41144704 1.65562248 0.124337
v -2.31522393 1.70603549 0.124337
v -2.39313602 1.68117046 0.124337
v -2.23577189 1.75969243 0.124337
v -2.46912694 1.64806342 0.124337
v -2.44060611 1.67640948 0.124337
v -2.41685104 1.67889952 0.124337
v -2.46866989 1.7160995 0.124337
v -2.44949889 1.73812949 0.124337
v -2.48372101 1.69044649 0.124337
v -0.78716898 -2.80252862 -0.124337
v -0.823852 -2.80485653 -0.124337
v -0.86278599 -2.75530743 -0.124337
v -0.83492797 -2.74250841 -0.124337
v -0.92600899 -2.71208858 -0.124337
v -0.90799802 -2.69139456 -0.124337
v -0.98474699 -2.68731761 -0.124337
v -0.97533702 -2.66252851 -0.124337
v -0.49927601 -2.81576156 -0.124337
v -0.560853 -2.80858349 -0.124337
v -0.56629401 -2.78168749 -0.124337
v -0.494266 -2.78971147 -0.124337
v -0.637169 -2.81491351 -0.124337
v -0.69550299 -2.83878254 -0.124337
v -0.72624701 -2.81862163 -0.124337
v -0.65507197 -2.79002642 -0.124337
v -0.81425398 -2.85726261 -0.124337
v -0.81914997 -2.83105564 -0.124337
v -0.77932101 -2.83487057 -0.124337
v -0.77114599 -2.86718845 -0.124337
v -0.56884497 -2.7684586 -0.124337
v -0.49165999 -2.77707862 -0.124337
v -0.57135099 -2.75523948 -0.124337
v -0.489057 -2.76444244 -0.124337
v -0.66426897 -2.77771449 -0.124337
v -0.67337697 -2.76536154 -0.124337
v -0.73950201 -2.80834054 -0.124337
v -0.752671 -2.79800152 -0.124337
v -0.76989597 -2.80031251 -0.124337
v -0.820845 -2.73633742 -0.124337
v -0.80682402 -2.73009443 -0.124337
v -0.89924699 -2.68116545 -0.124337
v -0.89053398 -2.67090153 -0.124337
v -0.97059798 -2.65052843 -0.124337
v -0.96586197 -2.63852047 -0.124337
v -0.74855899 -2.84298443 -0.124337
v -0.71192401 -2.85956049 -0.124337
v -0.72851002 -2.88027644 -0.124337
v -0.75932997 -2.82166743 -0.124337
v -0.79177802 -2.88919353 -0.124337
v -0.80308598 -2.87324857 -0.124337
v -0.77567601 -2.88333058 -0.124337
v -0.78020799 -2.89947557 -0.124337
v -0.74634701 -2.88826942 -0.124337
v -0.76428198 -2.89616346 -0.124337
v -1.26631999 -2.62471342 -0.124337
v -1.30285704 -2.62070059 -0.124337
v -1.33269298 -2.56519842 -0.124337
v -1.30305194 -2.55738353 -0.124337
v -1.38754797 -2.51175141 -0.124337
v -1.36624705 -2.49447155 -0.124337
v -1.12068104 -2.66270446 -0.124337
v -1.18224799 -2.67617464 -0.124337
v -1.20907104 -2.65105247 -0.124337
v -1.13404095 -2.63511657 -0.124337
v -1.04441094 -2.66958046 -0.124337
v -1.04515099 -2.6421566 -0.124337
v -1.30241 -2.67397761 -0.124337
v -1.30272901 -2.64732146 -0.124337
v -1.26414799 -2.65792059 -0.124337
v -1.26165103 -2.69117641 -0.124337
v -1.04558503 -2.6152296 -0.124337
v -1.04539001 -2.62868762 -0.124337
v -1.14098298 -2.62138843 -0.124337
v -1.14783299 -2.60765957 -0.124337
v -1.22036302 -2.63863444 -0.124337
v -1.23155701 -2.62618541 -0.124337
v -1.24892401 -2.62550544 -0.124337
v -1.28811597 -2.55372142 -0.124337
v -1.27323198 -2.54998445 -0.124337
v -1.35586798 -2.48588752 -0.124337
v -1.34552097 -2.47727847 -0.124337
v -1.23523902 -2.67121243 -0.124337
v -1.20199894 -2.69384145 -0.124337
v -1.22189903 -2.71138358 -0.124337
v -1.24218499 -2.64835763 -0.124337
v -1.28575897 -2.70930862 -0.124337
v -1.29415595 -2.69164657 -0.124337
v -1.26888597 -2.70629262 -0.124337
v -1.27612602 -2.72141552 -0.124337
v -1.24084401 -2.71620845 -0.124337
v -1.25987005 -2.72089648 -0.124337
v -0.28578099 -2.89521741 -0.124337
v -0.32152101 -2.90379452 -0.124337
v -0.368377 -2.8616476 -0.124337
v -0.34312599 -2.84427142 -0.124337
v -0.438075 -2.82992148 -0.124337
v -0.423877 -2.80645561 -0.124337
v -0.13587799 -2.88169455 -0.124337
v -0.18925599 -2.91520357 -0.124337
v -0.223 -2.90062761 -0.124337
v -0.157783 -2.86024856 -0.124337
v -0.061779 -2.86235952 -0.124337
v -0.07175 -2.83680653 -0.124337
v -0.303079 -2.95378947 -0.124337
v -0.31239599 -2.92880344 -0.124337
v -0.272504 -2.92571854 -0.124337
v -0.25890699 -2.95618248 -0.124337
v -0.08126799 -2.81162142 -0.124337
v -0.07653199 -2.82421255 -0.124337
v -0.16895699 -2.84968853 -0.124337
v -0.180049 -2.83908963 -0.124337
v -0.23782299 -2.89276957 -0.124337
v -0.25257098 -2.88483142 -0.124337
v -0.26914399 -2.89007759 -0.124337
v -0.330309 -2.83579158 -0.124337
v -0.317566 -2.8272295 -0.124337
v -0.41701299 -2.79486751 -0.124337
v -0.41018798 -2.78326559 -0.124337
v -0.240804 -2.92845344 -0.124337
v -0.20186999 -2.93849945 -0.124337
v -0.214658 -2.9617486 -0.124337
v -0.25507301 -2.9092946 -0.124337
v -0.27546 -2.98138952 -0.124337
v -0.28933399 -2.96761846 -0.124337
v -0.26060101 -2.97285342 -0.124337
v -0.262297 -2.98953056 -0.124337
v -0.23085799 -2.97268652 -0.124337
v -0.24717399 -2.98354649 -0.124337
v -2.8578341 -0.72615253 -0.124337
v -2.87854909 -0.6957705 -0.124337
v -2.85577297 -0.63701051 -0.124337
v -2.83056688 -0.65445154 -0.124337
v -2.85085105 -0.56058752 -0.124337
v -2.82386899 -0.56554055 -0.124337
v -2.85950088 -0.49742952 -0.124337
v -2.83337903 -0.49288553 -0.124337
v -2.72238898 -0.98052853 -0.124337
v -2.747617 -0.92390453 -0.124337
v -2.72726702 -0.9055075 -0.124337
v -2.697438 -0.97156351 -0.124337
v -2.79199004 -0.86148953 -0.124337
v -2.84226107 -0.8234815 -0.124337
v -2.84061408 -0.78675949 -0.124337
v -2.77972006 -0.83339852 -0.124337
v -2.91872906 -0.7307595 -0.124337
v -2.89868593 -0.71318852 -0.124337
v -2.88164496 -0.74938553 -0.124337
v -2.90528607 -0.77290451 -0.124337
v -2.71719098 -0.89657354 -0.124337
v -2.68523597 -0.96735149 -0.124337
v -2.70709395 -0.88767153 -0.124337
v -2.6730349 -0.96314454 -0.124337
v -2.77380991 -0.81919854 -0.124337
v -2.76782894 -0.8050695 -0.124337
v -2.83852911 -0.7701115 -0.124337
v -2.83634591 -0.75350451 -0.124337
v -2.84712195 -0.73987352 -0.124337
v -2.81807589 -0.66341555 -0.124337
v -2.80555605 -0.67229652 -0.124337
v -2.81059908 -0.56784051 -0.124337
v -2.79732894 -0.57010752 -0.124337
v -2.82063794 -0.49084451 -0.124337
v -2.80789589 -0.48879751 -0.124337
v -2.87294602 -0.77999454 -0.124337
v -2.86852192 -0.8199535 -0.124337
v -2.89479398 -0.81624954 -0.124337
v -2.86009907 -0.7598465 -0.124337
v -2.93473506 -0.76637053 -0.124337
v -2.92678499 -0.74851852 -0.124337
v -2.92147994 -0.77724051 -0.124337
v -2.93767595 -0.78157651 -0.124337
v -2.91077399 -0.80499655 -0.124337
v -2.92671299 -0.79358249 -0.124337
v -2.94925403 -0.22330252 -0.124337
v -2.96443605 -0.18983152 -0.124337
v -2.93190097 -0.13585951 -0.124337
v -2.91006803 -0.15737052 -0.124337
v -2.91391396 -0.06142152 -0.124337
v -2.88818597 -0.07093252 -0.124337
v -2.90765309 -0.36795553 -0.124337
v -2.9506421 -0.32186353 -0.124337
v -2.94270706 -0.2859705 -0.124337
v -2.89073491 -0.34239751 -0.124337
v -2.87466788 -0.43706053 -0.124337
v -2.85145807 -0.42244452 -0.124337
v -3.01003503 -0.21738553 -0.124337
v -2.98726606 -0.20351852 -0.124337
v -2.97670102 -0.24211552 -0.124337
v -3.00403308 -0.26122352 -0.124337
v -2.8285191 -0.40833452 -0.124337
v -2.83999705 -0.41536653 -0.124337
v -2.88247394 -0.32942953 -0.124337
v -2.87415289 -0.31652453 -0.124337
v -2.93778896 -0.2699415 -0.124337
v -2.93278694 -0.25395652 -0.124337
v -2.94106006 -0.23867853 -0.124337
v -2.899302 -0.16834951 -0.124337
v -2.88849711 -0.17924551 -0.124337
v -2.87550807 -0.07547752 -0.124337
v -2.86282396 -0.07998052 -0.124337
v -2.97339296 -0.27374753 -0.124337
v -2.97590494 -0.31388452 -0.124337
v -3.00115108 -0.30571553 -0.124337
v -2.95727896 -0.25612053 -0.124337
v -3.031924 -0.24972751 -0.124337
v -3.02102303 -0.23350152 -0.124337
v -3.02073407 -0.26270052 -0.124337
v -3.0374329 -0.26419252 -0.124337
v -3.01495504 -0.29187551 -0.124337
v -3.02869796 -0.27791053 -0.124337
v -2.68185305 -1.20470154 -0.124337
v -2.70746707 -1.17833352 -0.124337
v -2.69510889 -1.11652553 -0.124337
v -2.66728496 -1.12939047 -0.124337
v -2.70336508 -1.04039847 -0.124337
v -2.67593407 -1.04064154 -0.124337
v -2.59377598 -1.32673847 -0.124337
v -2.64982008 -1.29791748 -0.124337
v -2.6544919 -1.26146447 -0.124337
v -2.58650589 -1.29696857 -0.124337
v -2.53935694 -1.3806225 -0.124337
v -2.52245998 -1.35901749 -0.124337
v -2.74105596 -1.21968555 -0.124337
v -2.72432208 -1.19893753 -0.124337
v -2.70132708 -1.2316755 -0.124337
v -2.72058296 -1.25890255 -0.124337
v -2.50564503 -1.33798253 -0.124337
v -2.51406788 -1.34847748 -0.124337
v -2.5831151 -1.28196752 -0.124337
v -2.57964801 -1.26702451 -0.124337
v -2.65529298 -1.24469947 -0.124337
v -2.65599107 -1.22796857 -0.124337
v -2.66894888 -1.21638953 -0.124337
v -2.6534419 -1.13608753 -0.124337
v -2.63958406 -1.14267754 -0.124337
v -2.662467 -1.04062855 -0.124337
v -2.64900398 -1.04059052 -0.124337
v -2.68751001 -1.26033747 -0.124337
v -2.67629408 -1.29895257 -0.124337
v -2.70281291 -1.29980349 -0.124337
v -2.67830705 -1.2382915 -0.124337
v -2.75071597 -1.25752246 -0.124337
v -2.74594688 -1.23856151 -0.124337
v -2.73579311 -1.26595246 -0.124337
v -2.75100803 -1.27299654 -0.124337
v -2.72048711 -1.29145753 -0.124337
v -2.73814702 -1.2829585 -0.124337
v -2.09781503 -2.0381906 -0.124337
v -2.13083791 -2.02204847 -0.124337
v -2.14012694 -1.95971751 -0.124337
v -2.1095941 -1.96239852 -0.124337
v -2.17366409 -1.89087247 -0.124337
v -2.14776992 -1.88181257 -0.124337
v -2.2124331 -1.84027051 -0.124337
v -2.19198393 -1.82338857 -0.124337
v -1.854236 -2.19222354 -0.124337
v -1.904181 -2.15549349 -0.124337
v -1.89559495 -2.12944841 -0.124337
v -1.83699095 -2.17208147 -0.124337
v -1.97362303 -2.12322449 -0.124337
v -2.03611588 -2.11507058 -0.124337
v -2.05285501 -2.08234453 -0.124337
v -1.97685897 -2.09273552 -0.124337
v -2.14844608 -2.07233047 -0.124337
v -2.13972306 -2.04713845 -0.124337
v -2.10700488 -2.07016563 -0.124337
v -2.11591005 -2.1023035 -0.124337
v -1.891263 -2.11668944 -0.124337
v -1.82846903 -2.16239452 -0.124337
v -1.88689303 -2.10396242 -0.124337
v -1.819947 -2.15270161 -0.124337
v -1.97874701 -2.07747459 -0.124337
v -1.98054599 -2.06223654 -0.124337
v -2.05927896 -2.06684255 -0.124337
v -2.06559896 -2.05133843 -0.124337
v -2.081712 -2.0448215 -0.124337
v -2.09430098 -1.96400547 -0.124337
v -2.07902908 -1.96552753 -0.124337
v -2.13509893 -1.87725353 -0.124337
v -2.12244892 -1.87265157 -0.124337
v -2.18192291 -1.81530749 -0.124337
v -2.17186307 -1.80721855 -0.124337
v -2.08430194 -2.09245848 -0.124337
v -2.06067991 -2.12499642 -0.124337
v -2.08534407 -2.1347804 -0.124337
v -2.08310294 -2.06860446 -0.124337
v -2.14472889 -2.11120462 -0.124337
v -2.14666104 -2.09175062 -0.124337
v -2.12783694 -2.11408257 -0.124337
v -2.13976693 -2.12586951 -0.124337
v -2.10480189 -2.13290453 -0.124337
v -2.12429499 -2.13088059 -0.124337
v -2.42607688 -1.64646756 -0.124337
v -2.45583391 -1.62489056 -0.124337
v -2.45426797 -1.56187856 -0.124337
v -2.4246459 -1.56976449 -0.124337
v -2.47546911 -1.48830652 -0.124337
v -2.44840788 -1.48382556 -0.124337
v -2.50496602 -1.43178451 -0.124337
v -2.48192 -1.41868257 -0.124337
v -2.31834697 -1.75158357 -0.124337
v -2.37851095 -1.7327975 -0.124337
v -2.38937401 -1.69769454 -0.124337
v -2.3162949 -1.72098946 -0.124337
v -2.25548791 -1.79531657 -0.124337
v -2.24254989 -1.77111947 -0.124337
v -2.48182201 -1.67140257 -0.124337
v -2.46889901 -1.64807856 -0.124337
v -2.44062399 -1.67639148 -0.124337
v -2.454921 -1.70651853 -0.124337
v -2.22959995 -1.74752247 -0.124337
v -2.23609304 -1.75930249 -0.124337
v -2.31553101 -1.70562946 -0.124337
v -2.31468391 -1.69032049 -0.124337
v -2.39303803 -1.68131053 -0.124337
v -2.3965981 -1.66495347 -0.124337
v -2.41135001 -1.65576052 -0.124337
v -2.40985894 -1.57399153 -0.124337
v -2.39508009 -1.57811248 -0.124337
v -2.43513798 -1.48151958 -0.124337
v -2.42188692 -1.47915756 -0.124337
v -2.47061801 -1.41243946 -0.124337
v -2.45932006 -1.40620458 -0.124337
v -2.42209005 -1.70224654 -0.124337
v -2.40441393 -1.73836255 -0.124337
v -2.43039107 -1.74376153 -0.124337
v -2.41681003 -1.67895054 -0.124337
v -2.48484396 -1.71033656 -0.124337
v -2.4834001 -1.69083154 -0.124337
v -2.46869492 -1.71607554 -0.124337
v -2.48247194 -1.72562754 -0.124337
v -2.44923901 -1.73857355 -0.124337
v -2.46809196 -1.73322749 -0.124337
v -1.70808804 -2.36696744 -0.124337
v -1.74338996 -2.35672855 -0.124337
v -1.76323294 -2.29691052 -0.124337
v -1.73268902 -2.29431653 -0.124337
v -1.808079 -2.23483848 -0.124337
v -1.78412199 -2.22146844 -0.124337
v -1.441702 -2.47695159 -0.124337
v -1.49720394 -2.4493246 -0.124337
v -1.49321401 -2.42219042 -0.124337
v -1.42816603 -2.45414853 -0.124337
v -1.57115399 -2.42943763 -0.124337
v -1.63412094 -2.43211841 -0.124337
v -1.65622198 -2.40274953 -0.124337
v -1.579571 -2.39996647 -0.124337
v -1.75211501 -2.40927958 -0.124337
v -1.74784195 -2.38297557 -0.124337
v -1.711658 -2.40004944 -0.124337
v -1.71492004 -2.4332354 -0.124337
v -1.491135 -2.40887856 -0.124337
v -1.42143201 -2.44313645 -0.124337
v -1.489012 -2.3955934 -0.124337
v -1.41470098 -2.43212461 -0.124337
v -1.58404803 -2.38525152 -0.124337
v -1.58843302 -2.37055158 -0.124337
v -1.66521 -2.38858842 -0.124337
v -1.67409598 -2.37439155 -0.124337
v -1.691087 -2.37072658 -0.124337
v -1.71734702 -2.2932794 -0.124337
v -1.70204305 -2.29216051 -0.124337
v -1.77241897 -2.21480751 -0.124337
v -1.760746 -2.20810556 -0.124337
v -1.68546903 -2.41811561 -0.124337
v -1.65661597 -2.4461224 -0.124337
v -1.679237 -2.45998549 -0.124337
v -1.68837904 -2.39440441 -0.124337
v -1.74178695 -2.44694161 -0.124337
v -1.74702203 -2.42811441 -0.124337
v -1.72465002 -2.44688749 -0.124337
v -1.73438394 -2.46052861 -0.124337
v -1.69872999 -2.46147751 -0.124337
v -1.71827995 -2.46282863 -0.124337
v 2.8410871 -0.78515654 -0.124337
v 2.84275603 -0.82187753 -0.124337
v 2.79250502 -0.85991352 -0.124337
v 2.78022098 -0.83182954 -0.124337
v 2.74816608 -0.92234754 -0.124337
v 2.72780609 -0.9039675 -0.124337
v 2.72234892 -0.98063755 -0.124337
v 2.69773197 -0.97077649 -0.124337
v 2.85947895 -0.49755153 -0.124337
v 2.85119605 -0.55898255 -0.124337
v 2.82421588 -0.56394749 -0.124337
v 2.83353591 -0.49207651 -0.124337
v 2.85616207 -0.63540554 -0.124337
v 2.87896895 -0.69416153 -0.124337
v 2.85827493 -0.72453653 -0.124337
v 2.83096599 -0.65286254 -0.124337
v 2.89532589 -0.8132255 -0.124337
v 2.869035 -0.8176465 -0.124337
v 2.87355303 -0.77789449 -0.124337
v 2.90602493 -0.77029651 -0.124337
v 2.81094789 -0.56625753 -0.124337
v 2.82094502 -0.48924651 -0.124337
v 2.79768109 -0.56852352 -0.124337
v 2.80835294 -0.48641151 -0.124337
v 2.81847906 -0.66183555 -0.124337
v 2.80596494 -0.67072254 -0.124337
v 2.84775495 -0.73760253 -0.124337
v 2.83717608 -0.75058251 -0.124337
v 2.83918309 -0.76784551 -0.124337
v 2.77430009 -0.81764149 -0.124337
v 2.76831293 -0.80351251 -0.124337
v 2.71772599 -0.89504152 -0.124337
v 2.70762109 -0.88614654 -0.124337
v 2.68581509 -0.96582853 -0.124337
v 2.67389702 -0.96087855 -0.124337
v 2.88223004 -0.74727654 -0.124337
v 2.89946389 -0.7109465 -0.124337
v 2.91986894 -0.72790855 -0.124337
v 2.86072206 -0.75766754 -0.124337
v 2.92765593 -0.79132652 -0.124337
v 2.91150808 -0.80234354 -0.124337
v 2.9220829 -0.77512455 -0.124337
v 2.9381411 -0.77993452 -0.124337
v 2.92755007 -0.7458775 -0.124337
v 2.93512606 -0.76395654 -0.124337
v 2.65470004 -1.2610315 -0.124337
v 2.65003395 -1.29750049 -0.124337
v 2.59399294 -1.32633554 -0.124337
v 2.58671498 -1.29656052 -0.124337
v 2.53958392 -1.38022649 -0.124337
v 2.5226829 -1.35861849 -0.124337
v 2.6952939 -1.11611449 -0.124337
v 2.7076621 -1.17790257 -0.124337
v 2.68205404 -1.20426952 -0.124337
v 2.66747307 -1.12896657 -0.124337
v 2.70353794 -1.03996551 -0.124337
v 2.67610907 -1.0402255 -0.124337
v 2.7033081 -1.29801046 -0.124337
v 2.6766479 -1.29784047 -0.124337
v 2.68793392 -1.25945949 -0.124337
v 2.72122597 -1.25756549 -0.124337
v 2.64917588 -1.04017055 -0.124337
v 2.66264009 -1.04021847 -0.124337
v 2.65362596 -1.1356585 -0.124337
v 2.63977408 -1.14226651 -0.124337
v 2.66944503 -1.21534252 -0.124337
v 2.65679192 -1.22631049 -0.124337
v 2.65580105 -1.2436645 -0.124337
v 2.5833261 -1.28155648 -0.124337
v 2.57985806 -1.26660347 -0.124337
v 2.51429009 -1.34808147 -0.124337
v 2.5058639 -1.33758246 -0.124337
v 2.70174408 -1.23079955 -0.124337
v 2.72496509 -1.19796657 -0.124337
v 2.74215388 -1.21818351 -0.124337
v 2.67876911 -1.23733747 -0.124337
v 2.73892211 -1.2819885 -0.124337
v 2.72112202 -1.29007649 -0.124337
v 2.73621797 -1.26506853 -0.124337
v 2.75120806 -1.27258253 -0.124337
v 2.74662995 -1.23721146 -0.124337
v 2.75098395 -1.25630557 -0.124337
v 2.94275903 -0.28551852 -0.124337
v 2.95070195 -0.32141152 -0.124337
v 2.90772104 -0.36749652 -0.124337
v 2.89079809 -0.34194153 -0.124337
v 2.87474608 -0.43660551 -0.124337
v 2.85153293 -0.42199251 -0.124337
v 2.93193292 -0.13539852 -0.124337
v 2.96447491 -0.18935552 -0.124337
v 2.9492979 -0.22284652 -0.124337
v 2.91010093 -0.15690653 -0.124337
v 2.91393303 -0.06095952 -0.124337
v 2.88820409 -0.07047652 -0.124337
v 3.00100803 -0.30386251 -0.124337
v 2.97586488 -0.31272751 -0.124337
v 2.97350001 -0.27279052 -0.124337
v 3.00418996 -0.25973951 -0.124337
v 2.86284494 -0.07953452 -0.124337
v 2.87552809 -0.07502552 -0.124337
v 2.899338 -0.16789552 -0.124337
v 2.88853192 -0.17879653 -0.124337
v 2.94117403 -0.23752152 -0.124337
v 2.93298101 -0.25212252 -0.124337
v 2.93791699 -0.26879552 -0.124337
v 2.88253593 -0.32896351 -0.124337
v 2.87421393 -0.31607452 -0.124337
v 2.84007191 -0.41492453 -0.124337
v 2.82859206 -0.40789553 -0.124337
v 2.97679996 -0.24114352 -0.124337
v 2.9875431 -0.20239152 -0.124337
v 3.01055908 -0.21559052 -0.124337
v 2.95739007 -0.25506851 -0.124337
v 3.02910304 -0.27674552 -0.124337
v 3.01508688 -0.29036951 -0.124337
v 3.02083396 -0.26173153 -0.124337
v 3.03748107 -0.26373353 -0.124337
v 3.021209 -0.23198851 -0.124337
v 3.03177094 -0.24850052 -0.124337
v 0.72786402 -2.81821751 -0.124337
v 0.69713199 -2.83838844 -0.124337
v 0.63878399 -2.81455445 -0.124337
v 0.65667402 -2.78966546 -0.124337
v 0.56246501 -2.80825853 -0.124337
v 0.56788998 -2.78137254 -0.124337
v 0.49916398 -2.81577348 -0.124337
v 0.49508398 -2.78957343 -0.124337
v 0.98463898 -2.68735551 -0.124337
v 0.927567 -2.71156764 -0.124337
v 0.90954399 -2.69088244 -0.124337
v 0.97611802 -2.66225743 -0.124337
v 0.864367 -2.75481247 -0.124337
v 0.82546198 -2.80439353 -0.124337
v 0.788778 -2.80209159 -0.124337
v 0.83650302 -2.74203658 -0.124337
v 0.73138701 -2.87918162 -0.124337
v 0.71417301 -2.85882449 -0.124337
v 0.750674 -2.84244442 -0.124337
v 0.77376502 -2.86649251 -0.124337
v 0.90078699 -2.68065762 -0.124337
v 0.972135 -2.64997649 -0.124337
v 0.89206898 -2.67039561 -0.124337
v 0.96814698 -2.6376965 -0.124337
v 0.822416 -2.73587346 -0.124337
v 0.80839198 -2.72964143 -0.124337
v 0.77217102 -2.79969954 -0.124337
v 0.75560998 -2.7972145 -0.124337
v 0.74178302 -2.8077476 -0.124337
v 0.66586399 -2.77733945 -0.124337
v 0.67496502 -2.7649765 -0.124337
v 0.57043397 -2.7681415 -0.124337
v 0.57293301 -2.75491643 -0.124337
v 0.49326801 -2.77679657 -0.124337
v 0.49144899 -2.76401853 -0.124337
v 0.78143 -2.83429551 -0.124337
v 0.821469 -2.83058047 -0.124337
v 0.81729197 -2.85678243 -0.124337
v 0.76152497 -2.82108259 -0.124337
v 0.76671201 -2.89581441 -0.124337
v 0.74899798 -2.88755655 -0.124337
v 0.77780997 -2.88276052 -0.124337
v 0.781852 -2.8990376 -0.124337
v 0.80574697 -2.87255954 -0.124337
v 0.79406201 -2.88829159 -0.124337
v 0.223467 -2.90059161 -0.124337
v 0.18972599 -2.91517353 -0.124337
v 0.136343 -2.88166952 -0.124337
v 0.15824399 -2.86023163 -0.124337
v 0.06224099 -2.86235451 -0.124337
v 0.072208 -2.83680057 -0.124337
v -0.001409 -2.85888552 -0.124337
v -0.000925 -2.83236146 -0.124337
v 0.36883801 -2.86158847 -0.124337
v 0.32198798 -2.90375042 -0.124337
v 0.28624698 -2.89516544 -0.124337
v 0.343584 -2.84422254 -0.124337
v 0.43852999 -2.82984948 -0.124337
v 0.42432901 -2.80638742 -0.124337
v 0.21645799 -2.96125459 -0.124337
v 0.20299999 -2.93824362 -0.124337
v 0.24177299 -2.92837262 -0.124337
v 0.26038599 -2.95605158 -0.124337
v 0.410636 -2.78319144 -0.124337
v 0.41746199 -2.79479956 -0.124337
v 0.330765 -2.8357284 -0.124337
v 0.31802099 -2.82718157 -0.124337
v 0.27029699 -2.88996744 -0.124337
v 0.25440898 -2.88467741 -0.124337
v 0.23897799 -2.89267754 -0.124337
v 0.16941699 -2.84965658 -0.124337
v 0.180507 -2.83905863 -0.124337
v 0.07698699 -2.82420158 -0.124337
v 0.08172299 -2.8116045 -0.124337
v -0.000517 -2.81946945 -0.124337
v -0.000114 -2.80655741 -0.124337
v 0.27347201 -2.92563247 -0.124337
v 0.313553 -2.92885851 -0.124337
v 0.304935 -2.95396041 -0.124337
v 0.256134 -2.90920758 -0.124337
v 0.24839699 -2.9837284 -0.124337
v 0.232368 -2.97252941 -0.124337
v 0.261574 -2.97276663 -0.124337
v 0.262759 -2.9894855 -0.124337
v 0.290849 -2.96751356 -0.124337
v 0.276634 -2.98100948 -0.124337
v 1.209499 -2.65084743 -0.124337
v 1.18267798 -2.67599153 -0.124337
v 1.12111103 -2.66252851 -0.124337
v 1.13446497 -2.63492751 -0.124337
v 1.04484105 -2.66941142 -0.124337
v 1.04557597 -2.6419835 -0.124337
v 1.33310604 -2.5649755 -0.124337
v 1.30327904 -2.62050557 -0.124337
v 1.26674294 -2.62451243 -0.124337
v 1.30346298 -2.5571804 -0.124337
v 1.38795399 -2.5115385 -0.124337
v 1.36665105 -2.49425149 -0.124337
v 1.223423 -2.71031451 -0.124337
v 1.20297396 -2.6932125 -0.124337
v 1.23612296 -2.67081046 -0.124337
v 1.26299798 -2.69054961 -0.124337
v 1.34592104 -2.47706151 -0.124337
v 1.35626804 -2.48567748 -0.124337
v 1.28852796 -2.55351853 -0.124337
v 1.27364301 -2.54978346 -0.124337
v 1.24997305 -2.62501263 -0.124337
v 1.23323202 -2.62540745 -0.124337
v 1.22141599 -2.6381576 -0.124337
v 1.14140498 -2.62121462 -0.124337
v 1.14825296 -2.60747861 -0.124337
v 1.04581296 -2.6285305 -0.124337
v 1.04600703 -2.61506462 -0.124337
v 1.26502597 -2.65749859 -0.124337
v 1.30383694 -2.64698648 -0.124337
v 1.30421602 -2.67351651 -0.124337
v 1.24315202 -2.64791059 -0.124337
v 1.26107895 -2.72065162 -0.124337
v 1.24221003 -2.71554446 -0.124337
v 1.26977503 -2.70588541 -0.124337
v 1.27654695 -2.72122049 -0.124337
v 1.29554605 -2.6910386 -0.124337
v 1.28673303 -2.70854258 -0.124337
v 2.0533421 -2.08187151 -0.124337
v 2.03661394 -2.11460351 -0.124337
v 1.97412204 -2.12276363 -0.124337
v 1.97734999 -2.09228658 -0.124337
v 1.90468502 -2.15506362 -0.124337
v 1.89609503 -2.12901163 -0.124337
v 1.85339605 -2.19292259 -0.124337
v 1.836887 -2.17216563 -0.124337
v 2.21172499 -1.84110355 -0.124337
v 2.17410802 -1.89037549 -0.124337
v 2.14821505 -1.88132047 -0.124337
v 2.191895 -1.82349848 -0.124337
v 2.14058709 -1.95922756 -0.124337
v 2.13131189 -2.02155661 -0.124337
v 2.09829402 -2.03771448 -0.124337
v 2.11005306 -1.96191251 -0.124337
v 2.08657097 -2.13311052 -0.124337
v 2.06153988 -2.12393641 -0.124337
v 2.08515 -2.09163451 -0.124337
v 2.11712002 -2.1011126 -0.124337
v 2.13554096 -1.87676751 -0.124337
v 2.18235993 -1.81479752 -0.124337
v 2.12288904 -1.87216746 -0.124337
v 2.17282199 -1.80610454 -0.124337
v 2.09476089 -1.96352553 -0.124337
v 2.0794909 -1.96505451 -0.124337
v 2.08268094 -2.04385757 -0.124337
v 2.06706404 -2.04989743 -0.124337
v 2.06026005 -2.06588959 -0.124337
v 1.979236 -2.07702755 -0.124337
v 1.98102998 -2.06178045 -0.124337
v 1.89176094 -2.11626553 -0.124337
v 1.88738596 -2.10353159 -0.124337
v 1.82898604 -2.16196847 -0.124337
v 1.82108199 -2.15176463 -0.124337
v 2.10784411 -2.06934046 -0.124337
v 2.14080309 -2.04629945 -0.124337
v 2.150141 -2.07113647 -0.124337
v 2.08401393 -2.06770658 -0.124337
v 2.12550401 -2.13008761 -0.124337
v 2.10601997 -2.13166451 -0.124337
v 2.1286869 -2.11324858 -0.124337
v 2.14024996 -2.12539362 -0.124337
v 2.14791297 -2.09055662 -0.124337
v 2.145545 -2.11000943 -0.124337
v 1.65578794 -2.4030466 -0.124337
v 1.63368201 -2.43241047 -0.124337
v 1.57071602 -2.42971754 -0.124337
v 1.57913601 -2.40024352 -0.124337
v 1.49676203 -2.44959044 -0.124337
v 1.49277794 -2.42245841 -0.124337
v 1.43972897 -2.47807145 -0.124337
v 1.42703294 -2.4547944 -0.124337
v 1.76281595 -2.29722356 -0.124337
v 1.74296402 -2.35704255 -0.124337
v 1.70766103 -2.36727142 -0.124337
v 1.73227405 -2.29462242 -0.124337
v 1.80767297 -2.23516345 -0.124337
v 1.78371894 -2.22179341 -0.124337
v 1.67971599 -2.45923543 -0.124337
v 1.65663301 -2.44589853 -0.124337
v 1.68544304 -2.41813063 -0.124337
v 1.71530997 -2.43296647 -0.124337
v 1.760347 -2.2084105 -0.124337
v 1.77201998 -2.21511054 -0.124337
v 1.71693301 -2.29358458 -0.124337
v 1.70162594 -2.29246163 -0.124337
v 1.69122505 -2.37063741 -0.124337
v 1.67480194 -2.3739016 -0.124337
v 1.665349 -2.38849258 -0.124337
v 1.58361601 -2.38553953 -0.124337
v 1.58800494 -2.37082552 -0.124337
v 1.4907 -2.40914058 -0.124337
v 1.48857903 -2.39585661 -0.124337
v 1.42100298 -2.4433875 -0.124337
v 1.41497099 -2.43197441 -0.124337
v 1.71163296 -2.40005755 -0.124337
v 1.74806094 -2.38303947 -0.124337
v 1.75298905 -2.40910744 -0.124337
v 1.68843698 -2.39436841 -0.124337
v 1.71858799 -2.46294856 -0.124337
v 1.69912195 -2.4611566 -0.124337
v 1.72461605 -2.44690942 -0.124337
v 1.733922 -2.46085262 -0.124337
v 1.74745905 -2.42786145 -0.124337
v 1.74178004 -2.44661641 -0.124337
v 2.38906192 -1.69811248 -0.124337
v 2.37819504 -1.73322153 -0.124337
v 2.31802892 -1.75198257 -0.124337
v 2.31598305 -1.72140348 -0.124337
v 2.25516009 -1.79571354 -0.124337
v 2.24222993 -1.77151751 -0.124337
v 2.50380992 -1.43373954 -0.124337
v 2.47519898 -1.48874557 -0.124337
v 2.44813489 -1.48426246 -0.124337
v 2.4812541 -1.41979455 -0.124337
v 2.45398306 -1.56231451 -0.124337
v 2.45553493 -1.62532448 -0.124337
v 2.42577409 -1.64689457 -0.124337
v 2.42436194 -1.57020449 -0.124337
v 2.4305861 -1.7428925 -0.124337
v 2.40435195 -1.73814046 -0.124337
v 2.42207408 -1.70227551 -0.124337
v 2.45519495 -1.70613157 -0.124337
v 2.43487 -1.48194253 -0.124337
v 2.4703679 -1.41286552 -0.124337
v 2.42161703 -1.47958457 -0.124337
v 2.459481 -1.40593755 -0.124337
v 2.40957403 -1.57441854 -0.124337
v 2.39478898 -1.57853651 -0.124337
v 2.41144704 -1.65562653 -0.124337
v 2.39709711 -1.66425657 -0.124337
v 2.39313602 -1.68117952 -0.124337
v 2.31522393 -1.70604956 -0.124337
v 2.31437611 -1.69072353 -0.124337
v 2.23577189 -1.75969851 -0.124337
v 2.22927904 -1.74791348 -0.124337
v 2.44060611 -1.67641353 -0.124337
v 2.46912694 -1.64806747 -0.124337
v 2.4825859 -1.67093157 -0.124337
v 2.41685104 -1.67890358 -0.124337
v 2.46842598 -1.73323452 -0.124337
v 2.44949889 -1.73813653 -0.124337
v 2.46866989 -1.71610653 -0.124337
v 2.48214602 -1.72608149 -0.124337
v 2.48372101 -1.69045054 -0.124337
v 2.48472499 -1.71001851 -0.124337
v 0.78716898 2.80252337 -0.124337
v 0.823852 2.80485248 -0.124337
v 0.86278599 2.75529336 -0.124337
v 0.83492797 2.74250245 -0.124337
v 0.92600899 2.71208453 -0.124337
v 0.90799802 2.69139051 -0.124337
v 0.98474699 2.68731355 -0.124337
v 0.97533702 2.66252446 -0.124337
v 0.49927699 2.8157525 -0.124337
v 0.560853 2.80857157 -0.124337
v 0.56629401 2.78168344 -0.124337
v 0.494266 2.78970742 -0.124337
v 0.637169 2.81490945 -0.124337
v 0.69550299 2.83876442 -0.124337
v 0.72624701 2.81862258 -0.124337
v 0.65507197 2.79002738 -0.124337
v 0.81425398 2.8572545 -0.124337
v 0.81914997 2.83105158 -0.124337
v 0.77932101 2.83485841 -0.124337
v 0.77114599 2.8671844 -0.124337
v 0.56884497 2.76846242 -0.124337
v 0.49165999 2.77707338 -0.124337
v 0.57135099 2.75523448 -0.124337
v 0.489057 2.76443743 -0.124337
v 0.66426897 2.77770948 -0.124337
v 0.67337697 2.76535654 -0.124337
v 0.73950201 2.80833649 -0.124337
v 0.752671 2.79798936 -0.124337
v 0.76989698 2.80030751 -0.124337
v 0.820845 2.73633337 -0.124337
v 0.80682402 2.73008942 -0.124337
v 0.89924699 2.68115639 -0.124337
v 0.89053398 2.67089438 -0.124337
v 0.97059798 2.65051937 -0.124337
v 0.96586197 2.63851642 -0.124337
v 0.74856001 2.84298038 -0.124337
v 0.71192503 2.85955643 -0.124337
v 0.72851002 2.88027143 -0.124337
v 0.75932997 2.82166338 -0.124337
v 0.79177802 2.88918948 -0.124337
v 0.80308598 2.87323856 -0.124337
v 0.77567702 2.88333058 -0.124337
v 0.78020799 2.89947056 -0.124337
v 0.74634701 2.88827252 -0.124337
v 0.76428198 2.89616441 -0.124337
v 1.26631999 2.62470936 -0.124337
v 1.30285799 2.62069654 -0.124337
v 1.33269298 2.56518936 -0.124337
v 1.30305194 2.55737948 -0.124337
v 1.38754797 2.51174736 -0.124337
v 1.36624705 2.49446749 -0.124337
v 1.12068104 2.66270041 -0.124337
v 1.18224799 2.67617154 -0.124337
v 1.20907104 2.65103936 -0.124337
v 1.13404095 2.63511037 -0.124337
v 1.04441094 2.66956853 -0.124337
v 1.04515099 2.64215254 -0.124337
v 1.30241 2.67397236 -0.124337
v 1.30272901 2.64731741 -0.124337
v 1.26414799 2.65791654 -0.124337
v 1.26165103 2.69116854 -0.124337
v 1.04558503 2.61522555 -0.124337
v 1.04539001 2.62868237 -0.124337
v 1.14098298 2.62138438 -0.124337
v 1.14783299 2.60765242 -0.124337
v 1.22036302 2.63863539 -0.124337
v 1.23155701 2.62618136 -0.124337
v 1.24892401 2.62549448 -0.124337
v 1.28811597 2.55371737 -0.124337
v 1.27323305 2.54997754 -0.124337
v 1.35586798 2.48588347 -0.124337
v 1.34552097 2.47727155 -0.124337
v 1.23523902 2.67120838 -0.124337
v 1.20199894 2.69383549 -0.124337
v 1.22189903 2.71137857 -0.124337
v 1.24218499 2.64835238 -0.124337
v 1.28575897 2.70929956 -0.124337
v 1.29415595 2.69164252 -0.124337
v 1.26888704 2.70628857 -0.124337
v 1.27612602 2.72141146 -0.124337
v 1.24084496 2.71619939 -0.124337
v 1.25987005 2.72089242 -0.124337
v 0.28578099 2.8952105 -0.124337
v 0.32152101 2.90379047 -0.124337
v 0.368377 2.86164355 -0.124337
v 0.34312599 2.84427452 -0.124337
v 0.438075 2.82991743 -0.124337
v 0.423877 2.80645036 -0.124337
v 0.13587799 2.8816905 -0.124337
v 0.18925599 2.91519641 -0.124337
v 0.223 2.90062236 -0.124337
v 0.157783 2.86024856 -0.124337
v 0.061779 2.86235737 -0.124337
v 0.07175 2.83680844 -0.124337
v 0.303079 2.95378136 -0.124337
v 0.31239599 2.92880439 -0.124337
v 0.272504 2.9257195 -0.124337
v 0.25890699 2.95617055 -0.124337
v 0.08126799 2.81161046 -0.124337
v 0.07653199 2.82420849 -0.124337
v 0.16895699 2.84968853 -0.124337
v 0.180049 2.83907747 -0.124337
v 0.23782299 2.89275646 -0.124337
v 0.25257098 2.88483357 -0.124337
v 0.26914399 2.89007258 -0.124337
v 0.330309 2.83577656 -0.124337
v 0.317566 2.82722759 -0.124337
v 0.41701299 2.7948625 -0.124337
v 0.41018798 2.78326344 -0.124337
v 0.240804 2.92844653 -0.124337
v 0.20186999 2.93849444 -0.124337
v 0.214658 2.96174454 -0.124337
v 0.25507301 2.90929436 -0.124337
v 0.27546 2.98138546 -0.124337
v 0.28933399 2.96761155 -0.124337
v 0.26060101 2.97284746 -0.124337
v 0.262297 2.98953056 -0.124337
v 0.23085799 2.97269249 -0.124337
v 0.24717399 2.98354458 -0.124337
v 2.85783505 0.72614747 -0.124337
v 2.87854909 0.69576644 -0.124337
v 2.85577297 0.63700449 -0.124337
v 2.83056688 0.65444749 -0.124337
v 2.85085105 0.56058347 -0.124337
v 2.82386899 0.56553447 -0.124337
v 2.85950088 0.49742347 -0.124337
v 2.83337903 0.49288147 -0.124337
v 2.72238898 0.98052245 -0.124337
v 2.747617 0.92389845 -0.124337
v 2.72726798 0.90550345 -0.124337
v 2.697438 0.97155946 -0.124337
v 2.79199099 0.86148548 -0.124337
v 2.84226107 0.8234775 -0.124337
v 2.84061503 0.78675144 -0.124337
v 2.77972006 0.83339446 -0.124337
v 2.91872906 0.73075544 -0.124337
v 2.89868593 0.71318447 -0.124337
v 2.88164496 0.74938046 -0.124337
v 2.90528607 0.77290046 -0.124337
v 2.71719098 0.89656949 -0.124337
v 2.68523693 0.9673475 -0.124337
v 2.7070949 0.88766545 -0.124337
v 2.67303609 0.96314048 -0.124337
v 2.77380991 0.81919449 -0.124337
v 2.76782894 0.8050605 -0.124337
v 2.83852911 0.77010744 -0.124337
v 2.83634591 0.75350046 -0.124337
v 2.8471229 0.73986846 -0.124337
v 2.81807589 0.66341149 -0.124337
v 2.80555605 0.67229247 -0.124337
v 2.81059908 0.56783646 -0.124337
v 2.79732894 0.57010048 -0.124337
v 2.82063794 0.49084046 -0.124337
v 2.80789589 0.48879346 -0.124337
v 2.87294602 0.77999049 -0.124337
v 2.86852288 0.81994944 -0.124337
v 2.89479398 0.81624347 -0.124337
v 2.86010003 0.75984245 -0.124337
v 2.93473601 0.76636648 -0.124337
v 2.92678594 0.74851447 -0.124337
v 2.92148089 0.77723646 -0.124337
v 2.9376769 0.78157246 -0.124337
v 2.91077494 0.80499249 -0.124337
v 2.92671394 0.79357647 -0.124337
v 2.94925403 0.22329847 -0.124337
v 2.96443605 0.18982747 -0.124337
v 2.93190193 0.13585548 -0.124337
v 2.91006898 0.15736447 -0.124337
v 2.91391396 0.06141747 -0.124337
v 2.88818693 0.07092648 -0.124337
v 2.91158199 -0.00228252 -0.124337
v 2.88506507 -0.00227352 -0.124337
v 2.90765309 0.36795148 -0.124337
v 2.9506421 0.32185947 -0.124337
v 2.94270706 0.28596347 -0.124337
v 2.8907361 0.34239149 -0.124337
v 2.87466788 0.43705546 -0.124337
v 2.85145902 0.42244046 -0.124337
v 3.01003503 0.21738147 -0.124337
v 2.98726606 0.20351447 -0.124337
v 2.97670102 0.24211147 -0.124337
v 3.00403308 0.26121747 -0.124337
v 2.8285191 0.40833047 -0.124337
v 2.83999705 0.41536247 -0.124337
v 2.88247394 0.32942548 -0.124337
v 2.87415289 0.31652048 -0.124337
v 2.93778896 0.26993748 -0.124337
v 2.93278694 0.25395247 -0.124337
v 2.94106102 0.23867347 -0.124337
v 2.899302 0.16834548 -0.124337
v 2.88849711 0.17924147 -0.124337
v 2.87550902 0.07547147 -0.124337
v 2.86282491 0.07997647 -0.124337
v 2.8721621 -0.00209852 -0.124337
v 2.85925602 -0.00193052 -0.124337
v 2.97339391 0.27374348 -0.124337
v 2.97590494 0.31387949 -0.124337
v 3.00115108 0.30571147 -0.124337
v 2.95727896 0.25611648 -0.124337
v 3.031924 0.24971647 -0.124337
v 3.02102303 0.23349547 -0.124337
v 3.02073407 0.26269146 -0.124337
v 3.0374341 0.26418349 -0.124337
v 3.01495504 0.29187148 -0.124337
v 3.02869796 0.27790448 -0.124337
v 2.68185305 1.2046895 -0.124337
v 2.70746707 1.17832851 -0.124337
v 2.69510889 1.11651849 -0.124337
v 2.66728496 1.12938642 -0.124337
v 2.70336508 1.04039442 -0.124337
v 2.67593407 1.04063451 -0.124337
v 2.59377598 1.32673442 -0.124337
v 2.64982008 1.29791343 -0.124337
v 2.65449309 1.26145851 -0.124337
v 2.58650589 1.29696643 -0.124337
v 2.53935694 1.38061845 -0.124337
v 2.52245998 1.35901343 -0.124337
v 2.74105691 1.2196815 -0.124337
v 2.72432208 1.19893348 -0.124337
v 2.70132708 1.23167347 -0.124337
v 2.72058296 1.25889742 -0.124337
v 2.50564503 1.33797752 -0.124337
v 2.51406908 1.34847044 -0.124337
v 2.5831151 1.28196346 -0.124337
v 2.57964897 1.26701748 -0.124337
v 2.65529298 1.24469542 -0.124337
v 2.65599107 1.22796642 -0.124337
v 2.66894888 1.21638548 -0.124337
v 2.6534419 1.13608348 -0.124337
v 2.63958406 1.14267349 -0.124337
v 2.662467 1.04062449 -0.124337
v 2.64900398 1.04058349 -0.124337
v 2.68751001 1.26033043 -0.124337
v 2.67629408 1.29894852 -0.124337
v 2.7028141 1.29979944 -0.124337
v 2.67830705 1.23828744 -0.124337
v 2.75071692 1.25751853 -0.124337
v 2.74594688 1.23855745 -0.124337
v 2.73579311 1.26594853 -0.124337
v 2.75100803 1.27298748 -0.124337
v 2.72048711 1.29145348 -0.124337
v 2.73814702 1.28295242 -0.124337
v 2.09781503 2.03818655 -0.124337
v 2.1308391 2.02204847 -0.124337
v 2.14012694 1.95971047 -0.124337
v 2.1095941 1.9623965 -0.124337
v 2.17366409 1.89086842 -0.124337
v 2.14776992 1.88180649 -0.124337
v 2.2124331 1.8402605 -0.124337
v 2.19198393 1.82337951 -0.124337
v 1.854236 2.19221949 -0.124337
v 1.904181 2.15548658 -0.124337
v 1.89559495 2.12944436 -0.124337
v 1.83699095 2.17207741 -0.124337
v 1.97362399 2.12321543 -0.124337
v 2.03611588 2.11505746 -0.124337
v 2.05285596 2.08233451 -0.124337
v 1.97686004 2.09273052 -0.124337
v 2.14844608 2.07232642 -0.124337
v 2.13972401 2.04713249 -0.124337
v 2.10700488 2.07016038 -0.124337
v 2.11591005 2.10229945 -0.124337
v 1.891263 2.11669158 -0.124337
v 1.82846903 2.16239047 -0.124337
v 1.88689398 2.10395836 -0.124337
v 1.819947 2.15269756 -0.124337
v 1.97874701 2.07747054 -0.124337
v 1.98054599 2.06223559 -0.124337
v 2.05927896 2.0668385 -0.124337
v 2.06559896 2.05133438 -0.124337
v 2.081712 2.04481458 -0.124337
v 2.09430193 1.96400046 -0.124337
v 2.07902908 1.96552848 -0.124337
v 2.13509893 1.87724947 -0.124337
v 2.12245011 1.87264442 -0.124337
v 2.18192291 1.81530344 -0.124337
v 2.17186403 1.80721449 -0.124337
v 2.08430194 2.09245657 -0.124337
v 2.06067991 2.12499237 -0.124337
v 2.08534407 2.13477444 -0.124337
v 2.08310294 2.06860041 -0.124337
v 2.14473009 2.11120057 -0.124337
v 2.14666104 2.09174656 -0.124337
v 2.12783694 2.11407852 -0.124337
v 2.13976693 2.12586045 -0.124337
v 2.10480189 2.13290047 -0.124337
v 2.12429499 2.13087558 -0.124337
v 2.42607688 1.64645743 -0.124337
v 2.45583391 1.62488353 -0.124337
v 2.45426797 1.5618745 -0.124337
v 2.42464709 1.56977045 -0.124337
v 2.47547006 1.48830246 -0.124337
v 2.44840788 1.48382043 -0.124337
v 2.50496602 1.43178045 -0.124337
v 2.48192 1.41867852 -0.124337
v 2.31834697 1.75157952 -0.124337
v 2.37851095 1.73279345 -0.124337
v 2.38937497 1.69769048 -0.124337
v 2.3162949 1.72098553 -0.124337
v 2.25548791 1.79531252 -0.124337
v 2.24254989 1.77111542 -0.124337
v 2.48182201 1.67139351 -0.124337
v 2.46889901 1.6480745 -0.124337
v 2.44062495 1.67638444 -0.124337
v 2.454921 1.70651447 -0.124337
v 2.22959995 1.74751246 -0.124337
v 2.23609304 1.75929844 -0.124337
v 2.31553196 1.70562553 -0.124337
v 2.3146851 1.69031548 -0.124337
v 2.39303803 1.68131053 -0.124337
v 2.39659905 1.66495251 -0.124337
v 2.41135001 1.65575349 -0.124337
v 2.40985989 1.57398653 -0.124337
v 2.39508009 1.57810843 -0.124337
v 2.43513894 1.4815135 -0.124337
v 2.42188692 1.47915244 -0.124337
v 2.47061896 1.41243553 -0.124337
v 2.45932006 1.40620052 -0.124337
v 2.42209005 1.70224249 -0.124337
v 2.40441393 1.73835849 -0.124337
v 2.43039107 1.74375546 -0.124337
v 2.41681003 1.67894649 -0.124337
v 2.48484396 1.71032345 -0.124337
v 2.4834001 1.69082748 -0.124337
v 2.46869611 1.71607148 -0.124337
v 2.48247194 1.72562348 -0.124337
v 2.44923901 1.73856949 -0.124337
v 2.46809196 1.73322343 -0.124337
v 1.70808804 2.36696338 -0.124337
v 1.74338996 2.35672354 -0.124337
v 1.76323294 2.29690647 -0.124337
v 1.73268902 2.29431438 -0.124337
v 1.808079 2.23483347 -0.124337
v 1.78412199 2.22146439 -0.124337
v 1.441702 2.47694659 -0.124337
v 1.49720394 2.44932556 -0.124337
v 1.49321401 2.42218852 -0.124337
v 1.42816603 2.45414447 -0.124337
v 1.57115399 2.42943358 -0.124337
v 1.63412094 2.43211436 -0.124337
v 1.65622198 2.40274858 -0.124337
v 1.579571 2.39996147 -0.124337
v 1.75211501 2.40927553 -0.124337
v 1.74784195 2.38297152 -0.124337
v 1.711658 2.40004539 -0.124337
v 1.71492004 2.4332304 -0.124337
v 1.491135 2.40887451 -0.124337
v 1.42143201 2.44313049 -0.124337
v 1.489012 2.39559245 -0.124337
v 1.41470098 2.43211436 -0.124337
v 1.58404803 2.38524746 -0.124337
v 1.58843302 2.37054657 -0.124337
v 1.66521096 2.38858342 -0.124337
v 1.67409598 2.3743875 -0.124337
v 1.691087 2.37072348 -0.124337
v 1.71734702 2.29328036 -0.124337
v 1.70204305 2.29215645 -0.124337
v 1.77241897 2.21480155 -0.124337
v 1.760746 2.20810151 -0.124337
v 1.68546903 2.41810536 -0.124337
v 1.65661597 2.44611859 -0.124337
v 1.679237 2.45998144 -0.124337
v 1.68838 2.39440035 -0.124337
v 1.74178695 2.44693756 -0.124337
v 1.74702298 2.42810845 -0.124337
v 1.72465097 2.44688344 -0.124337
v 1.73438394 2.46052837 -0.124337
v 1.69872999 2.46146655 -0.124337
v 1.71827995 2.46282148 -0.124337
v -2.8410871 0.78515249 -0.124337
v -2.84275603 0.82187348 -0.124337
v -2.79250407 0.85990947 -0.124337
v -2.78022003 0.83182549 -0.124337
v -2.74816608 0.92234349 -0.124337
v -2.72780609 0.9039635 -0.124337
v -2.72234892 0.98063647 -0.124337
v -2.69773101 0.9707725 -0.124337
v -2.85947799 0.49754446 -0.124337
v -2.85119605 0.55897849 -0.124337
v -2.82421493 0.56394046 -0.124337
v -2.83353591 0.49207246 -0.124337
v -2.85616207 0.63540148 -0.124337
v -2.87896895 0.69415748 -0.124337
v -2.85827398 0.72453248 -0.124337
v -2.83096504 0.65285849 -0.124337
v -2.89532589 0.81322145 -0.124337
v -2.869035 0.81764245 -0.124337
v -2.87355303 0.7778905 -0.124337
v -2.90602493 0.77029246 -0.124337
v -2.81094789 0.56625348 -0.124337
v -2.82094407 0.48923948 -0.124337
v -2.79768109 0.56851947 -0.124337
v -2.80835294 0.48640048 -0.124337
v -2.81847906 0.66183149 -0.124337
v -2.80596494 0.67071849 -0.124337
v -2.847754 0.73759746 -0.124337
v -2.83717608 0.75057846 -0.124337
v -2.83918309 0.76783847 -0.124337
v -2.77430009 0.8176375 -0.124337
v -2.76831293 0.80350548 -0.124337
v -2.71772599 0.89503449 -0.124337
v -2.70762109 0.88614249 -0.124337
v -2.6858139 0.96582448 -0.124337
v -2.67389702 0.96087449 -0.124337
v -2.88223004 0.74727249 -0.124337
v -2.89946293 0.71094548 -0.124337
v -2.91986894 0.72790449 -0.124337
v -2.86072206 0.75766348 -0.124337
v -2.92765593 0.79132145 -0.124337
v -2.91150808 0.8023355 -0.124337
v -2.9220829 0.77512049 -0.124337
v -2.9381411 0.77993047 -0.124337
v -2.92755007 0.74587345 -0.124337
v -2.93512511 0.76395249 -0.124337
v -2.65469908 1.26102745 -0.124337
v -2.65003299 1.29749643 -0.124337
v -2.59399294 1.32633149 -0.124337
v -2.58671498 1.29655647 -0.124337
v -2.53958296 1.38022244 -0.124337
v -2.5226829 1.35861349 -0.124337
v -2.69529295 1.11610543 -0.124337
v -2.70766091 1.17789852 -0.124337
v -2.68205308 1.20426547 -0.124337
v -2.66747307 1.12895751 -0.124337
v -2.70353794 1.03996145 -0.124337
v -2.67610788 1.04022145 -0.124337
v -2.7033081 1.29800653 -0.124337
v -2.6766479 1.29783642 -0.124337
v -2.68793392 1.25945544 -0.124337
v -2.72122597 1.25756144 -0.124337
v -2.64917588 1.04016852 -0.124337
v -2.66264009 1.04021441 -0.124337
v -2.65362596 1.13564944 -0.124337
v -2.63977408 1.14226245 -0.124337
v -2.66944408 1.21533644 -0.124337
v -2.65679192 1.22630548 -0.124337
v -2.65580105 1.24366045 -0.124337
v -2.5833249 1.28155744 -0.124337
v -2.57985806 1.26659953 -0.124337
v -2.51429009 1.3480755 -0.124337
v -2.5058639 1.33757853 -0.124337
v -2.70174288 1.2307955 -0.124337
v -2.72496509 1.19796145 -0.124337
v -2.74215388 1.21817946 -0.124337
v -2.67876911 1.23732948 -0.124337
v -2.73892211 1.28198444 -0.124337
v -2.72112107 1.29007148 -0.124337
v -2.73621797 1.26506447 -0.124337
v -2.75120711 1.27257752 -0.124337
v -2.74662995 1.23720645 -0.124337
v -2.75098395 1.25630152 -0.124337
v -2.94275808 0.28551447 -0.124337
v -2.95070195 0.32140746 -0.124337
v -2.90772104 0.36749246 -0.124337
v -2.89079809 0.34193748 -0.124337
v -2.87474608 0.43660149 -0.124337
v -2.85153198 0.42198848 -0.124337
v -2.91155695 -0.00099352 -0.124337
v -2.91393208 0.06095547 -0.124337
v -2.88820409 0.07047247 -0.124337
v -2.88506007 -0.00194252 -0.124337
v -2.93193197 0.13539448 -0.124337
v -2.96447491 0.18935148 -0.124337
v -2.9492979 0.22283947 -0.124337
v -2.91009998 0.15689747 -0.124337
v -3.00100803 0.30385848 -0.124337
v -2.97586488 0.31272348 -0.124337
v -2.97349906 0.27278149 -0.124337
v -3.00418901 0.25972849 -0.124337
v -2.87552809 0.07501947 -0.124337
v -2.87216806 -0.00257452 -0.124337
v -2.86284399 0.07953047 -0.124337
v -2.8592801 -0.00319852 -0.124337
v -2.89933705 0.16789147 -0.124337
v -2.88853192 0.17879247 -0.124337
v -2.94117403 0.23751747 -0.124337
v -2.93298006 0.25211846 -0.124337
v -2.93791604 0.26879048 -0.124337
v -2.88253498 0.32895946 -0.124337
v -2.87421393 0.31607046 -0.124337
v -2.84007191 0.41491848 -0.124337
v -2.82859206 0.40789148 -0.124337
v -2.97679901 0.24113947 -0.124337
v -2.9875431 0.20238748 -0.124337
v -3.01055908 0.21558648 -0.124337
v -2.95738911 0.25506249 -0.124337
v -3.02910208 0.27674049 -0.124337
v -3.01508688 0.29036548 -0.124337
v -3.02083396 0.26172748 -0.124337
v -3.03748107 0.26372447 -0.124337
v -3.021209 0.23198247 -0.124337
v -3.03176999 0.24849647 -0.124337
v -0.72786402 2.81821346 -0.124337
v -0.69713199 2.83838439 -0.124337
v -0.63878399 2.81454753 -0.124337
v -0.65667402 2.7896614 -0.124337
v -0.56246501 2.80825638 -0.124337
v -0.56788998 2.78136849 -0.124337
v -0.499163 2.81577658 -0.124337
v -0.49508398 2.78957152 -0.124337
v -0.98463898 2.68735051 -0.124337
v -0.927567 2.71155858 -0.124337
v -0.90954399 2.69087839 -0.124337
v -0.97611802 2.66224837 -0.124337
v -0.864367 2.75480341 -0.124337
v -0.82546198 2.80438947 -0.124337
v -0.788778 2.80208158 -0.124337
v -0.83650302 2.74203157 -0.124337
v -0.731386 2.87917757 -0.124337
v -0.71417301 2.85881948 -0.124337
v -0.75067299 2.84243345 -0.124337
v -0.77376502 2.86648845 -0.124337
v -0.90078699 2.68065357 -0.124337
v -0.972135 2.64996838 -0.124337
v -0.89206898 2.67039752 -0.124337
v -0.96814698 2.63769245 -0.124337
v -0.82241499 2.73586845 -0.124337
v -0.80839198 2.72963738 -0.124337
v -0.77217102 2.79969549 -0.124337
v -0.75560998 2.7972095 -0.124337
v -0.74178302 2.80774736 -0.124337
v -0.66586399 2.77733039 -0.124337
v -0.67496502 2.76497244 -0.124337
v -0.57043397 2.76813745 -0.124337
v -0.57293301 2.75491237 -0.124337
v -0.49326801 2.77679252 -0.124337
v -0.49144899 2.76401448 -0.124337
v -0.78143 2.83429145 -0.124337
v -0.821469 2.83057951 -0.124337
v -0.81729197 2.85678148 -0.124337
v -0.76152497 2.82108044 -0.124337
v -0.76671201 2.89582157 -0.124337
v -0.74899798 2.8875544 -0.124337
v -0.77780997 2.88276243 -0.124337
v -0.781852 2.89903354 -0.124337
v -0.80574697 2.8725605 -0.124337
v -0.79406201 2.88829135 -0.124337
v -0.223467 2.90058636 -0.124337
v -0.18972599 2.91516947 -0.124337
v -0.136343 2.88166546 -0.124337
v -0.15824399 2.86022138 -0.124337
v -0.06224099 2.86234736 -0.124337
v -0.072208 2.83679652 -0.124337
v 0.001409 2.85888147 -0.124337
v 0.000925 2.83235645 -0.124337
v -0.36883801 2.86159157 -0.124337
v -0.32198798 2.90374636 -0.124337
v -0.28624698 2.89516854 -0.124337
v -0.343584 2.84421539 -0.124337
v -0.43852999 2.82984542 -0.124337
v -0.42432901 2.80638241 -0.124337
v -0.21645799 2.96124959 -0.124337
v -0.20299999 2.93823838 -0.124337
v -0.24177299 2.92836737 -0.124337
v -0.26038599 2.95604252 -0.124337
v -0.410636 2.78319144 -0.124337
v -0.41746199 2.79479455 -0.124337
v -0.330765 2.83572459 -0.124337
v -0.31802099 2.82717442 -0.124337
v -0.27029699 2.88996338 -0.124337
v -0.25440898 2.8846724 -0.124337
v -0.23897799 2.8926754 -0.124337
v -0.16941699 2.84965753 -0.124337
v -0.180507 2.83905243 -0.124337
v -0.07698699 2.82420039 -0.124337
v -0.08172299 2.81159949 -0.124337
v 0.000517 2.81946539 -0.124337
v 0.000114 2.80656456 -0.124337
v -0.27347201 2.92562842 -0.124337
v -0.313553 2.92886042 -0.124337
v -0.304935 2.9539535 -0.124337
v -0.256134 2.90920352 -0.124337
v -0.24839699 2.98371839 -0.124337
v -0.232368 2.97252535 -0.124337
v -0.261574 2.97276759 -0.124337
v -0.262759 2.98948645 -0.124337
v -0.290849 2.9675095 -0.124337
v -0.276634 2.98100256 -0.124337
v -1.209499 2.65084838 -0.124337
v -1.18267798 2.67598438 -0.124337
v -1.12111103 2.66252446 -0.124337
v -1.13446497 2.63492345 -0.124337
v -1.04484105 2.66941142 -0.124337
v -1.04557502 2.6419835 -0.124337
v -1.33310604 2.5649755 -0.124337
v -1.30327904 2.62049341 -0.124337
v -1.26674294 2.62450552 -0.124337
v -1.30346298 2.55717659 -0.124337
v -1.38795399 2.51153445 -0.124337
v -1.36665105 2.49424743 -0.124337
v -1.223423 2.71031045 -0.124337
v -1.20297396 2.69320845 -0.124337
v -1.23612201 2.6708064 -0.124337
v -1.26299798 2.69054555 -0.124337
v -1.34592104 2.47706055 -0.124337
v -1.35626697 2.48567342 -0.124337
v -1.28852796 2.55351638 -0.124337
v -1.27364301 2.5497725 -0.124337
v -1.24997305 2.62501239 -0.124337
v -1.23323202 2.62540936 -0.124337
v -1.22141599 2.63815355 -0.124337
v -1.14140498 2.62120556 -0.124337
v -1.14825296 2.60747456 -0.124337
v -1.04581296 2.62852144 -0.124337
v -1.04600703 2.61506056 -0.124337
v -1.26502597 2.65749454 -0.124337
v -1.30383694 2.64698243 -0.124337
v -1.30421495 2.67351245 -0.124337
v -1.24315202 2.64790654 -0.124337
v -1.26107895 2.72064757 -0.124337
v -1.24221003 2.7155404 -0.124337
v -1.26977503 2.70588159 -0.124337
v -1.27654695 2.72121644 -0.124337
v -1.29554498 2.69103455 -0.124337
v -1.28673303 2.70853853 -0.124337
v -2.0533421 2.08187341 -0.124337
v -2.03661298 2.11459946 -0.124337
v -1.97412204 2.12276244 -0.124337
v -1.97734999 2.09228253 -0.124337
v -1.90468394 2.15506458 -0.124337
v -1.89609396 2.12900757 -0.124337
v -1.85339605 2.19291853 -0.124337
v -1.83688604 2.17216157 -0.124337
v -2.21172404 1.8410995 -0.124337
v -2.17410802 1.89037144 -0.124337
v -2.1482141 1.88131547 -0.124337
v -2.191895 1.82349145 -0.124337
v -2.14058589 1.95922052 -0.124337
v -2.13131189 2.02155351 -0.124337
v -2.09829402 2.03771042 -0.124337
v -2.11005306 1.96190846 -0.124337
v -2.08657097 2.13310647 -0.124337
v -2.06153988 2.1239314 -0.124337
v -2.08514905 2.0916264 -0.124337
v -2.11712002 2.10110855 -0.124337
v -2.13554096 1.87675845 -0.124337
v -2.18235898 1.81479346 -0.124337
v -2.12288904 1.87216353 -0.124337
v -2.17282199 1.80610048 -0.124337
v -2.09476089 1.96351945 -0.124337
v -2.0794909 1.9650495 -0.124337
v -2.08268094 2.04385256 -0.124337
v -2.06706404 2.04989337 -0.124337
v -2.06026005 2.06588554 -0.124337
v -1.97923505 2.07702255 -0.124337
v -1.98102998 2.06177139 -0.124337
v -1.89176094 2.11625957 -0.124337
v -1.88738596 2.10352754 -0.124337
v -1.82898604 2.16196441 -0.124337
v -1.82108199 2.15176749 -0.124337
v -2.10784411 2.0693314 -0.124337
v -2.14080309 2.0462954 -0.124337
v -2.15014004 2.07112741 -0.124337
v -2.08401393 2.06770253 -0.124337
v -2.12550306 2.1300764 -0.124337
v -2.10601997 2.13166236 -0.124337
v -2.1286869 2.11324644 -0.124337
v -2.14024996 2.12538838 -0.124337
v -2.14791297 2.09055352 -0.124337
v -2.145545 2.11000442 -0.124337
v -1.65578794 2.40304255 -0.124337
v -1.63368201 2.43240642 -0.124337
v -1.57071602 2.42971348 -0.124337
v -1.57913601 2.40024137 -0.124337
v -1.49676096 2.44958543 -0.124337
v -1.49277699 2.42245459 -0.124337
v -1.43972897 2.47806358 -0.124337
v -1.42703199 2.45478844 -0.124337
v -1.76281595 2.29721641 -0.124337
v -1.74296402 2.35703849 -0.124337
v -1.70766103 2.36726641 -0.124337
v -1.73227405 2.29461836 -0.124337
v -1.80767297 2.23515248 -0.124337
v -1.78371894 2.22178459 -0.124337
v -1.67971599 2.45922637 -0.124337
v -1.65663301 2.44588542 -0.124337
v -1.68544304 2.41812753 -0.124337
v -1.71530997 2.43295836 -0.124337
v -1.760347 2.20840644 -0.124337
v -1.77201902 2.2151184 -0.124337
v -1.71693301 2.29357957 -0.124337
v -1.70162594 2.29245638 -0.124337
v -1.69122505 2.3706355 -0.124337
v -1.67480194 2.37389636 -0.124337
v -1.665349 2.38848757 -0.124337
v -1.58361601 2.38553547 -0.124337
v -1.58800399 2.37082338 -0.124337
v -1.4907 2.40913653 -0.124337
v -1.48857903 2.39585638 -0.124337
v -1.42100298 2.44338345 -0.124337
v -1.41497099 2.43197035 -0.124337
v -1.71163296 2.4000535 -0.124337
v -1.74806094 2.38303542 -0.124337
v -1.75298905 2.40910339 -0.124337
v -1.68843698 2.39436459 -0.124337
v -1.71858799 2.46294856 -0.124337
v -1.69912195 2.46115255 -0.124337
v -1.72461605 2.44690537 -0.124337
v -1.73392105 2.46085143 -0.124337
v -1.74745798 2.42785739 -0.124337
v -1.74178004 2.44661235 -0.124337
v -2.38906097 1.69810247 -0.124337
v -2.37819409 1.73321747 -0.124337
v -2.31802892 1.75197744 -0.124337
v -2.3159821 1.72139847 -0.124337
v -2.2551589 1.79570949 -0.124337
v -2.24222898 1.77151143 -0.124337
v -2.50380992 1.43373549 -0.124337
v -2.47519898 1.48873448 -0.124337
v -2.44813489 1.48425352 -0.124337
v -2.4812529 1.4197905 -0.124337
v -2.45398211 1.56231045 -0.124337
v -2.45553493 1.62532043 -0.124337
v -2.42577409 1.64688742 -0.124337
v -2.42436194 1.57020044 -0.124337
v -2.4305861 1.74288845 -0.124337
v -2.40435195 1.73813653 -0.124337
v -2.42207288 1.70227146 -0.124337
v -2.45519495 1.70612549 -0.124337
v -2.43486905 1.4819405 -0.124337
v -2.4703679 1.41286146 -0.124337
v -2.42161703 1.47957944 -0.124337
v -2.45948004 1.40593349 -0.124337
v -2.40957307 1.57441449 -0.124337
v -2.39478898 1.5785315 -0.124337
v -2.41144704 1.65562248 -0.124337
v -2.39709711 1.66425252 -0.124337
v -2.39313602 1.68117046 -0.124337
v -2.31522393 1.70603549 -0.124337
v -2.31437611 1.69071948 -0.124337
v -2.23577189 1.75969243 -0.124337
v -2.22927904 1.74790442 -0.124337
v -2.44060611 1.67640948 -0.124337
v -2.46912694 1.64806342 -0.124337
v -2.4825859 1.67092645 -0.124337
v -2.41685104 1.67889952 -0.124337
v -2.46842598 1.73323047 -0.124337
v -2.44949889 1.73812949 -0.124337
v -2.46866989 1.7160995 -0.124337
v -2.48214507 1.72607243 -0.124337
v -2.48372101 1.69044649 -0.124337
v -2.48472404 1.71001446 -0.124337
g Group32941
f 1480 1479 1478 1477
g Group32944
f 5 4 1478 1479
g Group61594
f 12 10 4 5
g Group32941
f 1482 1481 1479 1480
g Group32944
f 16 5 1479 1481
g Group61594
f 14 12 5 16
g Group32941
f 1481 1482 1484 1483
g Group32944
f 2 16 1481 1483
g Group61594
f 16 2 1 14
g Group32941
f 1488 1487 1486 1485
g Group32944
f 26 28 1485 1486
g Group61594
f 27 28 26 24
g Group32941
f 1492 1491 1490 1489
g Group32944
f 17 18 1489 1490
g Group61594
f 22 18 17 21
g Group32941
f 1487 1492 1489 1486
g Group32944
f 18 26 1486 1489
g Group61594
f 24 26 18 22
g Group32941
f 1496 1495 1494 1493
g Group32944
f 31 6 1493 1494
g Group61594
f 8 6 31 30
g Group32941
f 1495 1477 1478 1494
g Group32944
f 4 31 1494 1478
g Group61594
f 30 31 4 10
g Group32941
f 1488 1498 1497 1487
g Group61594
f 27 24 33 32
g Group32941
f 1498 1500 1499 1497
g Group32944
f 29 25 1499 1500
g Group61594
f 32 33 25 29
g Group32941
f 1502 1501 1497 1499
g Group32944
f 25 23 1502 1499
g Group61594
f 23 25 33 34
g Group32941
f 1501 1492 1487 1497
g Group61594
f 34 33 24 22
g Group32941
f 1492 1501 1503 1491
g Group61594
f 22 21 35 34
g Group32941
f 1501 1502 1504 1503
g Group32944
f 23 11 1504 1502
g Group61594
f 34 35 11 23
g Group32941
f 1507 1506 1505 1504
g Group32944
f 11 13 1507 1504
g Group61594
f 13 11 38 37
g Group32941
f 1506 1480 1477 1505
g Group61594
f 37 38 10 12
g Group32941
f 1509 1508 1506 1507
g Group32944
f 13 15 1509 1507
g Group61594
f 15 13 37 39
g Group32941
f 1508 1482 1480 1506
g Group61594
f 39 37 12 14
g Group32941
f 1482 1508 1510 1484
g Group61594
f 14 1 36 39
g Group32941
f 1508 1509 1511 1510
g Group32944
f 15 3 1511 1509
g Group61594
f 39 36 3 15
g Group32941
f 1514 1513 1512 1496
g Group32944
f 19 40 1513 1514
g Group61594
f 19 8 41 40
g Group32941
f 1513 1490 1491 1512
g Group32944
f 40 17 1490 1513
g Group61594
f 40 41 21 17
g Group32941
f 1495 1515 1505 1477
g Group61594
f 30 10 38 42
g Group32941
f 1515 1503 1504 1505
g Group61594
f 42 38 11 35
g Group32941
f 1496 1512 1515 1495
g Group61594
f 8 30 42 41
g Group32941
f 1512 1491 1503 1515
g Group61594
f 41 42 35 21
g Group32941
f 1519 1518 1517 1516
g Group32944
f 7 9 1519 1516
f 44 7 1516 1517
g Group61594
f 9 7 44 43
g Group32941
f 1518 1496 1493 1517
g Group32944
f 6 44 1517 1493
g Group61594
f 43 44 6 8
g Group32941
f 1496 1518 1520 1514
g Group32944
f 45 19 1514 1520
g Group61594
f 8 19 45 43
g Group32941
f 1518 1519 1521 1520
g Group32944
f 20 45 1520 1521
f 9 20 1521 1519
g Group61594
f 43 45 20 9
g Group32941
f 1525 1524 1523 1522
g Group32944
f 47 46 1523 1524
g Group61594
f 54 52 46 47
g Group32941
f 1527 1526 1524 1525
g Group32944
f 58 47 1524 1526
g Group61594
f 56 54 47 58
g Group32941
f 1531 1530 1529 1528
g Group32944
f 59 60 1528 1529
g Group61594
f 64 60 59 63
g Group32941
f 1533 1531 1528 1532
g Group32944
f 60 68 1532 1528
g Group61594
f 66 68 60 64
g Group32941
f 1537 1536 1535 1534
g Group32944
f 70 48 1534 1535
g Group61594
f 50 48 70 69
g Group32941
f 1536 1522 1523 1535
g Group32944
f 46 70 1535 1523
g Group61594
f 69 70 46 52
g Group32941
f 1541 1540 1539 1538
g Group32944
f 67 65 1541 1538
g Group61594
f 65 67 71 72
g Group32941
f 1540 1531 1533 1539
g Group61594
f 72 71 66 64
g Group32941
f 1531 1540 1542 1530
g Group61594
f 64 63 73 72
g Group32941
f 1540 1541 1543 1542
g Group32944
f 65 53 1543 1541
g Group61594
f 72 73 53 65
g Group32941
f 1546 1545 1544 1543
g Group32944
f 53 55 1546 1543
g Group61594
f 55 53 75 74
g Group32941
f 1545 1525 1522 1544
g Group61594
f 74 75 52 54
g Group32941
f 1548 1547 1545 1546
g Group32944
f 55 57 1548 1546
g Group61594
f 57 55 74 76
g Group32941
f 1547 1527 1525 1545
g Group61594
f 76 74 54 56
g Group32941
f 1551 1550 1549 1537
g Group32944
f 61 77 1550 1551
g Group61594
f 61 50 78 77
g Group32941
f 1550 1529 1530 1549
g Group32944
f 77 59 1529 1550
g Group61594
f 77 78 63 59
g Group32941
f 1536 1552 1544 1522
g Group61594
f 69 52 75 79
g Group32941
f 1552 1542 1543 1544
g Group61594
f 79 75 53 73
g Group32941
f 1537 1549 1552 1536
g Group61594
f 50 69 79 78
g Group32941
f 1549 1530 1542 1552
g Group61594
f 78 79 73 63
g Group32941
f 1556 1555 1554 1553
g Group32944
f 49 51 1556 1553
f 81 49 1553 1554
g Group61594
f 51 49 81 80
g Group32941
f 1555 1537 1534 1554
g Group32944
f 48 81 1554 1534
g Group61594
f 80 81 48 50
g Group32941
f 1537 1555 1557 1551
g Group32944
f 82 61 1551 1557
g Group61594
f 50 61 82 80
g Group32941
f 1555 1556 1558 1557
g Group32944
f 62 82 1557 1558
f 51 62 1558 1556
g Group61594
f 80 82 62 51
g Group32941
f 1562 1561 1560 1559
g Group32944
f 84 83 1560 1561
g Group61594
f 91 89 83 84
g Group32941
f 1564 1563 1561 1562
g Group32944
f 95 84 1561 1563
g Group61594
f 93 91 84 95
g Group32941
f 1568 1567 1566 1565
g Group32944
f 96 97 1565 1566
g Group61594
f 101 97 96 100
g Group32941
f 1570 1568 1565 1569
g Group32944
f 97 105 1569 1565
g Group61594
f 103 105 97 101
g Group32941
f 1574 1573 1572 1571
g Group32944
f 107 85 1571 1572
g Group61594
f 87 85 107 106
g Group32941
f 1573 1559 1560 1572
g Group32944
f 83 107 1572 1560
g Group61594
f 106 107 83 89
g Group32941
f 1578 1577 1576 1575
g Group32944
f 104 102 1578 1575
g Group61594
f 102 104 108 109
g Group32941
f 1577 1568 1570 1576
g Group61594
f 109 108 103 101
g Group32941
f 1568 1577 1579 1567
g Group61594
f 101 100 110 109
g Group32941
f 1577 1578 1580 1579
g Group32944
f 102 90 1580 1578
g Group61594
f 109 110 90 102
g Group32941
f 1583 1582 1581 1580
g Group32944
f 90 92 1583 1580
g Group61594
f 92 90 112 111
g Group32941
f 1582 1562 1559 1581
g Group61594
f 111 112 89 91
g Group32941
f 1585 1584 1582 1583
g Group32944
f 92 94 1585 1583
g Group61594
f 94 92 111 113
g Group32941
f 1584 1564 1562 1582
g Group61594
f 113 111 91 93
g Group32941
f 1588 1587 1586 1574
g Group32944
f 98 114 1587 1588
g Group61594
f 98 87 115 114
g Group32941
f 1587 1566 1567 1586
g Group32944
f 114 96 1566 1587
g Group61594
f 114 115 100 96
g Group32941
f 1573 1589 1581 1559
g Group61594
f 106 89 112 116
g Group32941
f 1589 1579 1580 1581
g Group61594
f 116 112 90 110
g Group32941
f 1574 1586 1589 1573
g Group61594
f 87 106 116 115
g Group32941
f 1586 1567 1579 1589
g Group61594
f 115 116 110 100
g Group32941
f 1593 1592 1591 1590
g Group32944
f 86 88 1593 1590
f 118 86 1590 1591
g Group61594
f 88 86 118 117
g Group32941
f 1592 1574 1571 1591
g Group32944
f 85 118 1591 1571
g Group61594
f 117 118 85 87
g Group32941
f 1574 1592 1594 1588
g Group32944
f 119 98 1588 1594
g Group61594
f 87 98 119 117
g Group32941
f 1592 1593 1595 1594
g Group32944
f 99 119 1594 1595
f 88 99 1595 1593
g Group61594
f 117 119 99 88
g Group32941
f 1533 1532 1483 1484
g Group32944
f 68 2 1483 1532
g Group61594
f 66 1 2 68
g Group32941
f 1539 1533 1484 1510
g Group61594
f 71 36 1 66
g Group32941
f 1538 1539 1510 1511
g Group32944
f 3 67 1538 1511
g Group61594
f 67 3 36 71
g Group32941
f 1563 1564 1488 1485
g Group32944
f 28 95 1563 1485
g Group61594
f 95 28 27 93
g Group32941
f 1564 1584 1498 1488
g Group61594
f 93 27 32 113
g Group32941
f 1584 1585 1500 1498
g Group32944
f 94 29 1500 1585
g Group61594
f 113 32 29 94
g Group32941
f 1599 1598 1597 1596
g Group32944
f 124 123 1597 1598
g Group61594
f 131 129 123 124
g Group32941
f 1601 1600 1598 1599
g Group32944
f 135 124 1598 1600
g Group61594
f 133 131 124 135
g Group32941
f 1600 1601 1603 1602
g Group32944
f 121 135 1600 1602
g Group61594
f 135 121 120 133
g Group32941
f 1607 1606 1605 1604
g Group32944
f 145 147 1604 1605
g Group61594
f 146 147 145 143
g Group32941
f 1611 1610 1609 1608
g Group32944
f 136 137 1608 1609
g Group61594
f 141 137 136 140
g Group32941
f 1606 1611 1608 1605
g Group32944
f 137 145 1605 1608
g Group61594
f 143 145 137 141
g Group32941
f 1615 1614 1613 1612
g Group32944
f 150 125 1612 1613
g Group61594
f 127 125 150 149
g Group32941
f 1614 1596 1597 1613
g Group32944
f 123 150 1613 1597
g Group61594
f 149 150 123 129
g Group32941
f 1607 1617 1616 1606
g Group61594
f 146 143 152 151
g Group32941
f 1617 1619 1618 1616
g Group32944
f 148 144 1618 1619
g Group61594
f 151 152 144 148
g Group32941
f 1621 1620 1616 1618
g Group32944
f 144 142 1621 1618
g Group61594
f 142 144 152 153
g Group32941
f 1620 1611 1606 1616
g Group61594
f 153 152 143 141
g Group32941
f 1611 1620 1622 1610
g Group61594
f 141 140 154 153
g Group32941
f 1620 1621 1623 1622
g Group32944
f 142 130 1623 1621
g Group61594
f 153 154 130 142
g Group32941
f 1626 1625 1624 1623
g Group32944
f 130 132 1626 1623
g Group61594
f 132 130 157 156
g Group32941
f 1625 1599 1596 1624
g Group61594
f 156 157 129 131
g Group32941
f 1628 1627 1625 1626
g Group32944
f 132 134 1628 1626
g Group61594
f 134 132 156 158
g Group32941
f 1627 1601 1599 1625
g Group61594
f 158 156 131 133
g Group32941
f 1601 1627 1629 1603
g Group61594
f 133 120 155 158
g Group32941
f 1627 1628 1630 1629
g Group32944
f 134 122 1630 1628
g Group61594
f 158 155 122 134
g Group32941
f 1633 1632 1631 1615
g Group32944
f 138 159 1632 1633
g Group61594
f 138 127 160 159
g Group32941
f 1632 1609 1610 1631
g Group32944
f 159 136 1609 1632
g Group61594
f 159 160 140 136
g Group32941
f 1614 1634 1624 1596
g Group61594
f 149 129 157 161
g Group32941
f 1634 1622 1623 1624
g Group61594
f 161 157 130 154
g Group32941
f 1615 1631 1634 1614
g Group61594
f 127 149 161 160
g Group32941
f 1631 1610 1622 1634
g Group61594
f 160 161 154 140
g Group32941
f 1638 1637 1636 1635
g Group32944
f 126 128 1638 1635
f 163 126 1635 1636
g Group61594
f 128 126 163 162
g Group32941
f 1637 1615 1612 1636
g Group32944
f 125 163 1636 1612
g Group61594
f 162 163 125 127
g Group32941
f 1615 1637 1639 1633
g Group32944
f 164 138 1633 1639
g Group61594
f 127 138 164 162
g Group32941
f 1637 1638 1640 1639
g Group32944
f 139 164 1639 1640
f 128 139 1640 1638
g Group61594
f 162 164 139 128
g Group32941
f 1644 1643 1642 1641
g Group32944
f 166 165 1642 1643
g Group61594
f 173 171 165 166
g Group32941
f 1646 1645 1643 1644
g Group32944
f 177 166 1643 1645
g Group61594
f 175 173 166 177
g Group32941
f 1650 1649 1648 1647
g Group32944
f 178 179 1647 1648
g Group61594
f 183 179 178 182
g Group32941
f 1652 1650 1647 1651
g Group32944
f 179 187 1651 1647
g Group61594
f 185 187 179 183
g Group32941
f 1656 1655 1654 1653
g Group32944
f 189 167 1653 1654
g Group61594
f 169 167 189 188
g Group32941
f 1655 1641 1642 1654
g Group32944
f 165 189 1654 1642
g Group61594
f 188 189 165 171
g Group32941
f 1660 1659 1658 1657
g Group32944
f 186 184 1660 1657
g Group61594
f 184 186 190 191
g Group32941
f 1659 1650 1652 1658
g Group61594
f 191 190 185 183
g Group32941
f 1650 1659 1661 1649
g Group61594
f 183 182 192 191
g Group32941
f 1659 1660 1662 1661
g Group32944
f 184 172 1662 1660
g Group61594
f 191 192 172 184
g Group32941
f 1665 1664 1663 1662
g Group32944
f 172 174 1665 1662
g Group61594
f 174 172 194 193
g Group32941
f 1664 1644 1641 1663
g Group61594
f 193 194 171 173
g Group32941
f 1667 1666 1664 1665
g Group32944
f 174 176 1667 1665
g Group61594
f 176 174 193 195
g Group32941
f 1666 1646 1644 1664
g Group61594
f 195 193 173 175
g Group32941
f 1670 1669 1668 1656
g Group32944
f 180 196 1669 1670
g Group61594
f 180 169 197 196
g Group32941
f 1669 1648 1649 1668
g Group32944
f 196 178 1648 1669
g Group61594
f 196 197 182 178
g Group32941
f 1655 1671 1663 1641
g Group61594
f 188 171 194 198
g Group32941
f 1671 1661 1662 1663
g Group61594
f 198 194 172 192
g Group32941
f 1656 1668 1671 1655
g Group61594
f 169 188 198 197
g Group32941
f 1668 1649 1661 1671
g Group61594
f 197 198 192 182
g Group32941
f 1675 1674 1673 1672
g Group32944
f 168 170 1675 1672
f 200 168 1672 1673
g Group61594
f 170 168 200 199
g Group32941
f 1674 1656 1653 1673
g Group32944
f 167 200 1673 1653
g Group61594
f 199 200 167 169
g Group32941
f 1656 1674 1676 1670
g Group32944
f 201 180 1670 1676
g Group61594
f 169 180 201 199
g Group32941
f 1674 1675 1677 1676
g Group32944
f 181 201 1676 1677
f 170 181 1677 1675
g Group61594
f 199 201 181 170
g Group32941
f 1681 1680 1679 1678
g Group32944
f 203 202 1679 1680
g Group61594
f 210 208 202 203
g Group32941
f 1683 1682 1680 1681
g Group32944
f 214 203 1680 1682
g Group61594
f 212 210 203 214
g Group32941
f 1687 1686 1685 1684
g Group32944
f 215 216 1684 1685
g Group61594
f 220 216 215 219
g Group32941
f 1689 1687 1684 1688
g Group32944
f 216 224 1688 1684
g Group61594
f 222 224 216 220
g Group32941
f 1693 1692 1691 1690
g Group32944
f 226 204 1690 1691
g Group61594
f 206 204 226 225
g Group32941
f 1692 1678 1679 1691
g Group32944
f 202 226 1691 1679
g Group61594
f 225 226 202 208
g Group32941
f 1697 1696 1695 1694
g Group32944
f 223 221 1697 1694
g Group61594
f 221 223 227 228
g Group32941
f 1696 1687 1689 1695
g Group61594
f 228 227 222 220
g Group32941
f 1687 1696 1698 1686
g Group61594
f 220 219 229 228
g Group32941
f 1696 1697 1699 1698
g Group32944
f 221 209 1699 1697
g Group61594
f 228 229 209 221
g Group32941
f 1702 1701 1700 1699
g Group32944
f 209 211 1702 1699
g Group61594
f 211 209 231 230
g Group32941
f 1701 1681 1678 1700
g Group61594
f 230 231 208 210
g Group32941
f 1704 1703 1701 1702
g Group32944
f 211 213 1704 1702
g Group61594
f 213 211 230 232
g Group32941
f 1703 1683 1681 1701
g Group61594
f 232 230 210 212
g Group32941
f 1707 1706 1705 1693
g Group32944
f 217 233 1706 1707
g Group61594
f 217 206 234 233
g Group32941
f 1706 1685 1686 1705
g Group32944
f 233 215 1685 1706
g Group61594
f 233 234 219 215
g Group32941
f 1692 1708 1700 1678
g Group61594
f 225 208 231 235
g Group32941
f 1708 1698 1699 1700
g Group61594
f 235 231 209 229
g Group32941
f 1693 1705 1708 1692
g Group61594
f 206 225 235 234
g Group32941
f 1705 1686 1698 1708
g Group61594
f 234 235 229 219
g Group32941
f 1712 1711 1710 1709
g Group32944
f 205 207 1712 1709
f 237 205 1709 1710
g Group61594
f 207 205 237 236
g Group32941
f 1711 1693 1690 1710
g Group32944
f 204 237 1710 1690
g Group61594
f 236 237 204 206
g Group32941
f 1693 1711 1713 1707
g Group32944
f 238 217 1707 1713
g Group61594
f 206 217 238 236
g Group32941
f 1711 1712 1714 1713
g Group32944
f 218 238 1713 1714
f 207 218 1714 1712
g Group61594
f 236 238 218 207
g Group32941
f 1652 1651 1602 1603
g Group32944
f 187 121 1602 1651
g Group61594
f 185 120 121 187
g Group32941
f 1658 1652 1603 1629
g Group61594
f 190 155 120 185
g Group32941
f 1657 1658 1629 1630
g Group32944
f 122 186 1657 1630
g Group61594
f 186 122 155 190
g Group32941
f 1682 1683 1607 1604
g Group32944
f 147 214 1682 1604
g Group61594
f 214 147 146 212
g Group32941
f 1683 1703 1617 1607
g Group61594
f 212 146 151 232
g Group32941
f 1703 1704 1619 1617
g Group32944
f 213 148 1619 1704
g Group61594
f 232 151 148 213
g Group32941
f 1718 1717 1716 1715
g Group32944
f 243 242 1716 1717
g Group61594
f 250 248 242 243
g Group32941
f 1720 1719 1717 1718
g Group32944
f 254 243 1717 1719
g Group61594
f 252 250 243 254
g Group32941
f 1719 1720 1722 1721
g Group32944
f 240 254 1719 1721
g Group61594
f 254 240 239 252
g Group32941
f 1726 1725 1724 1723
g Group32944
f 264 266 1723 1724
g Group61594
f 265 266 264 262
g Group32941
f 1730 1729 1728 1727
g Group32944
f 255 256 1727 1728
g Group61594
f 260 256 255 259
g Group32941
f 1725 1730 1727 1724
g Group32944
f 256 264 1724 1727
g Group61594
f 262 264 256 260
g Group32941
f 1734 1733 1732 1731
g Group32944
f 269 244 1731 1732
g Group61594
f 246 244 269 268
g Group32941
f 1733 1715 1716 1732
g Group32944
f 242 269 1732 1716
g Group61594
f 268 269 242 248
g Group32941
f 1726 1736 1735 1725
g Group61594
f 265 262 271 270
g Group32941
f 1736 1738 1737 1735
g Group32944
f 267 263 1737 1738
g Group61594
f 270 271 263 267
g Group32941
f 1740 1739 1735 1737
g Group32944
f 263 261 1740 1737
g Group61594
f 261 263 271 272
g Group32941
f 1739 1730 1725 1735
g Group61594
f 272 271 262 260
g Group32941
f 1730 1739 1741 1729
g Group61594
f 260 259 273 272
g Group32941
f 1739 1740 1742 1741
g Group32944
f 261 249 1742 1740
g Group61594
f 272 273 249 261
g Group32941
f 1745 1744 1743 1742
g Group32944
f 249 251 1745 1742
g Group61594
f 251 249 276 275
g Group32941
f 1744 1718 1715 1743
g Group61594
f 275 276 248 250
g Group32941
f 1747 1746 1744 1745
g Group32944
f 251 253 1747 1745
g Group61594
f 253 251 275 277
g Group32941
f 1746 1720 1718 1744
g Group61594
f 277 275 250 252
g Group32941
f 1720 1746 1748 1722
g Group61594
f 252 239 274 277
g Group32941
f 1746 1747 1749 1748
g Group32944
f 253 241 1749 1747
g Group61594
f 277 274 241 253
g Group32941
f 1752 1751 1750 1734
g Group32944
f 257 278 1751 1752
g Group61594
f 257 246 279 278
g Group32941
f 1751 1728 1729 1750
g Group32944
f 278 255 1728 1751
g Group61594
f 278 279 259 255
g Group32941
f 1733 1753 1743 1715
g Group61594
f 268 248 276 280
g Group32941
f 1753 1741 1742 1743
g Group61594
f 280 276 249 273
g Group32941
f 1734 1750 1753 1733
g Group61594
f 246 268 280 279
g Group32941
f 1750 1729 1741 1753
g Group61594
f 279 280 273 259
g Group32941
f 1757 1756 1755 1754
g Group32944
f 245 247 1757 1754
f 282 245 1754 1755
g Group61594
f 247 245 282 281
g Group32941
f 1756 1734 1731 1755
g Group32944
f 244 282 1755 1731
g Group61594
f 281 282 244 246
g Group32941
f 1734 1756 1758 1752
g Group32944
f 283 257 1752 1758
g Group61594
f 246 257 283 281
g Group32941
f 1756 1757 1759 1758
g Group32944
f 258 283 1758 1759
f 247 258 1759 1757
g Group61594
f 281 283 258 247
g Group32941
f 1763 1762 1761 1760
g Group32944
f 288 287 1761 1762
g Group61594
f 295 293 287 288
g Group32941
f 1765 1764 1762 1763
g Group32944
f 299 288 1762 1764
g Group61594
f 297 295 288 299
g Group32941
f 1764 1765 1767 1766
g Group32944
f 285 299 1764 1766
g Group61594
f 299 285 284 297
g Group32941
f 1771 1770 1769 1768
g Group32944
f 300 301 1768 1769
g Group61594
f 305 301 300 304
g Group32941
f 1773 1771 1768 1772
g Group32944
f 301 309 1772 1768
g Group61594
f 307 309 301 305
g Group32941
f 1777 1776 1775 1774
g Group32944
f 311 289 1774 1775
g Group61594
f 291 289 311 310
g Group32941
f 1776 1760 1761 1775
g Group32944
f 287 311 1775 1761
g Group61594
f 310 311 287 293
g Group32941
f 1781 1780 1779 1778
g Group32944
f 308 306 1781 1778
g Group61594
f 306 308 312 313
g Group32941
f 1780 1771 1773 1779
g Group61594
f 313 312 307 305
g Group32941
f 1771 1780 1782 1770
g Group61594
f 305 304 314 313
g Group32941
f 1780 1781 1783 1782
g Group32944
f 306 294 1783 1781
g Group61594
f 313 314 294 306
g Group32941
f 1786 1785 1784 1783
g Group32944
f 294 296 1786 1783
g Group61594
f 296 294 317 316
g Group32941
f 1785 1763 1760 1784
g Group61594
f 316 317 293 295
g Group32941
f 1788 1787 1785 1786
g Group32944
f 296 298 1788 1786
g Group61594
f 298 296 316 318
g Group32941
f 1787 1765 1763 1785
g Group61594
f 318 316 295 297
g Group32941
f 1765 1787 1789 1767
g Group61594
f 297 284 315 318
g Group32941
f 1787 1788 1790 1789
g Group32944
f 298 286 1790 1788
g Group61594
f 318 315 286 298
g Group32941
f 1793 1792 1791 1777
g Group32944
f 302 319 1792 1793
g Group61594
f 302 291 320 319
g Group32941
f 1792 1769 1770 1791
g Group32944
f 319 300 1769 1792
g Group61594
f 319 320 304 300
g Group32941
f 1776 1794 1784 1760
g Group61594
f 310 293 317 321
g Group32941
f 1794 1782 1783 1784
g Group61594
f 321 317 294 314
g Group32941
f 1777 1791 1794 1776
g Group61594
f 291 310 321 320
g Group32941
f 1791 1770 1782 1794
g Group61594
f 320 321 314 304
g Group32941
f 1798 1797 1796 1795
g Group32944
f 290 292 1798 1795
f 323 290 1795 1796
g Group61594
f 292 290 323 322
g Group32941
f 1797 1777 1774 1796
g Group32944
f 289 323 1796 1774
g Group61594
f 322 323 289 291
g Group32941
f 1777 1797 1799 1793
g Group32944
f 324 302 1793 1799
g Group61594
f 291 302 324 322
g Group32941
f 1797 1798 1800 1799
g Group32944
f 303 324 1799 1800
f 292 303 1800 1798
g Group61594
f 322 324 303 292
g Group32941
f 1804 1803 1802 1801
g Group32944
f 326 325 1802 1803
g Group61594
f 333 331 325 326
g Group32941
f 1806 1805 1803 1804
g Group32944
f 337 326 1803 1805
g Group61594
f 335 333 326 337
g Group32941
f 1810 1809 1808 1807
g Group32944
f 347 349 1807 1808
g Group61594
f 348 349 347 345
g Group32941
f 1814 1813 1812 1811
g Group32944
f 338 339 1811 1812
g Group61594
f 343 339 338 342
g Group32941
f 1809 1814 1811 1808
g Group32944
f 339 347 1808 1811
g Group61594
f 345 347 339 343
g Group32941
f 1818 1817 1816 1815
g Group32944
f 352 327 1815 1816
g Group61594
f 329 327 352 351
g Group32941
f 1817 1801 1802 1816
g Group32944
f 325 352 1816 1802
g Group61594
f 351 352 325 331
g Group32941
f 1810 1820 1819 1809
g Group61594
f 348 345 354 353
g Group32941
f 1820 1822 1821 1819
g Group32944
f 350 346 1821 1822
g Group61594
f 353 354 346 350
g Group32941
f 1824 1823 1819 1821
g Group32944
f 346 344 1824 1821
g Group61594
f 344 346 354 355
g Group32941
f 1823 1814 1809 1819
g Group61594
f 355 354 345 343
g Group32941
f 1814 1823 1825 1813
g Group61594
f 343 342 356 355
g Group32941
f 1823 1824 1826 1825
g Group32944
f 344 332 1826 1824
g Group61594
f 355 356 332 344
g Group32941
f 1829 1828 1827 1826
g Group32944
f 332 334 1829 1826
g Group61594
f 334 332 358 357
g Group32941
f 1828 1804 1801 1827
g Group61594
f 357 358 331 333
g Group32941
f 1831 1830 1828 1829
g Group32944
f 334 336 1831 1829
g Group61594
f 336 334 357 359
g Group32941
f 1830 1806 1804 1828
g Group61594
f 359 357 333 335
g Group32941
f 1834 1833 1832 1818
g Group32944
f 340 360 1833 1834
g Group61594
f 340 329 361 360
g Group32941
f 1833 1812 1813 1832
g Group32944
f 360 338 1812 1833
g Group61594
f 360 361 342 338
g Group32941
f 1817 1835 1827 1801
g Group61594
f 351 331 358 362
g Group32941
f 1835 1825 1826 1827
g Group61594
f 362 358 332 356
g Group32941
f 1818 1832 1835 1817
g Group61594
f 329 351 362 361
g Group32941
f 1832 1813 1825 1835
g Group61594
f 361 362 356 342
g Group32941
f 1839 1838 1837 1836
g Group32944
f 328 330 1839 1836
f 364 328 1836 1837
g Group61594
f 330 328 364 363
g Group32941
f 1838 1818 1815 1837
g Group32944
f 327 364 1837 1815
g Group61594
f 363 364 327 329
g Group32941
f 1818 1838 1840 1834
g Group32944
f 365 340 1834 1840
g Group61594
f 329 340 365 363
g Group32941
f 1838 1839 1841 1840
g Group32944
f 341 365 1840 1841
f 330 341 1841 1839
g Group61594
f 363 365 341 330
g Group32941
f 1773 1772 1721 1722
g Group32944
f 309 240 1721 1772
g Group61594
f 307 239 240 309
g Group32941
f 1779 1773 1722 1748
g Group61594
f 312 274 239 307
g Group32941
f 1778 1779 1748 1749
g Group32944
f 241 308 1778 1749
g Group61594
f 308 241 274 312
g Group32941
f 1805 1806 1726 1723
g Group32944
f 266 337 1805 1723
g Group61594
f 337 266 265 335
g Group32941
f 1806 1830 1736 1726
g Group61594
f 335 265 270 359
g Group32941
f 1830 1831 1738 1736
g Group32944
f 336 267 1738 1831
g Group61594
f 359 270 267 336
g Group32941
f 1689 1688 1766 1767
g Group32944
f 224 285 1766 1688
g Group61594
f 222 284 285 224
g Group32941
f 1695 1689 1767 1789
g Group61594
f 227 315 284 222
g Group32941
f 1694 1695 1789 1790
g Group32944
f 286 223 1694 1790
g Group61594
f 223 286 315 227
g Group32941
f 1526 1527 1810 1807
g Group32944
f 349 58 1526 1807
g Group61594
f 58 349 348 56
g Group32941
f 1527 1547 1820 1810
g Group61594
f 56 348 353 76
g Group32941
f 1547 1548 1822 1820
g Group32944
f 57 350 1822 1548
g Group61594
f 76 353 350 57
g Group32941
f 1845 1844 1843 1842
g Group32944
f 370 369 1843 1844
g Group61594
f 377 375 369 370
g Group32941
f 1847 1846 1844 1845
g Group32944
f 381 370 1844 1846
g Group61594
f 379 377 370 381
g Group32941
f 1846 1847 1849 1848
g Group32944
f 367 381 1846 1848
g Group61594
f 381 367 366 379
g Group32941
f 1853 1852 1851 1850
g Group32944
f 391 393 1850 1851
g Group61594
f 392 393 391 389
g Group32941
f 1857 1856 1855 1854
g Group32944
f 382 383 1854 1855
g Group61594
f 387 383 382 386
g Group32941
f 1852 1857 1854 1851
g Group32944
f 383 391 1851 1854
g Group61594
f 389 391 383 387
g Group32941
f 1861 1860 1859 1858
g Group32944
f 396 371 1858 1859
g Group61594
f 373 371 396 395
g Group32941
f 1860 1842 1843 1859
g Group32944
f 369 396 1859 1843
g Group61594
f 395 396 369 375
g Group32941
f 1853 1863 1862 1852
g Group61594
f 392 389 398 397
g Group32941
f 1863 1865 1864 1862
g Group32944
f 394 390 1864 1865
g Group61594
f 397 398 390 394
g Group32941
f 1867 1866 1862 1864
g Group32944
f 390 388 1867 1864
g Group61594
f 388 390 398 399
g Group32941
f 1866 1857 1852 1862
g Group61594
f 399 398 389 387
g Group32941
f 1857 1866 1868 1856
g Group61594
f 387 386 400 399
g Group32941
f 1866 1867 1869 1868
g Group32944
f 388 376 1869 1867
g Group61594
f 399 400 376 388
g Group32941
f 1872 1871 1870 1869
g Group32944
f 376 378 1872 1869
g Group61594
f 378 376 403 402
g Group32941
f 1871 1845 1842 1870
g Group61594
f 402 403 375 377
g Group32941
f 1874 1873 1871 1872
g Group32944
f 378 380 1874 1872
g Group61594
f 380 378 402 404
g Group32941
f 1873 1847 1845 1871
g Group61594
f 404 402 377 379
g Group32941
f 1847 1873 1875 1849
g Group61594
f 379 366 401 404
g Group32941
f 1873 1874 1876 1875
g Group32944
f 380 368 1876 1874
g Group61594
f 404 401 368 380
g Group32941
f 1879 1878 1877 1861
g Group32944
f 384 405 1878 1879
g Group61594
f 384 373 406 405
g Group32941
f 1878 1855 1856 1877
g Group32944
f 405 382 1855 1878
g Group61594
f 405 406 386 382
g Group32941
f 1860 1880 1870 1842
g Group61594
f 395 375 403 407
g Group32941
f 1880 1868 1869 1870
g Group61594
f 407 403 376 400
g Group32941
f 1861 1877 1880 1860
g Group61594
f 373 395 407 406
g Group32941
f 1877 1856 1868 1880
g Group61594
f 406 407 400 386
g Group32941
f 1884 1883 1882 1881
g Group32944
f 372 374 1884 1881
f 409 372 1881 1882
g Group61594
f 374 372 409 408
g Group32941
f 1883 1861 1858 1882
g Group32944
f 371 409 1882 1858
g Group61594
f 408 409 371 373
g Group32941
f 1861 1883 1885 1879
g Group32944
f 410 384 1879 1885
g Group61594
f 373 384 410 408
g Group32941
f 1883 1884 1886 1885
g Group32944
f 385 410 1885 1886
f 374 385 1886 1884
g Group61594
f 408 410 385 374
g Group32941
f 1890 1889 1888 1887
g Group32944
f 412 411 1888 1889
g Group61594
f 419 417 411 412
g Group32941
f 1892 1891 1889 1890
g Group32944
f 423 412 1889 1891
g Group61594
f 421 419 412 423
g Group32941
f 1896 1895 1894 1893
g Group32944
f 424 425 1893 1894
g Group61594
f 429 425 424 428
g Group32941
f 1898 1896 1893 1897
g Group32944
f 425 433 1897 1893
g Group61594
f 431 433 425 429
g Group32941
f 1902 1901 1900 1899
g Group32944
f 435 413 1899 1900
g Group61594
f 415 413 435 434
g Group32941
f 1901 1887 1888 1900
g Group32944
f 411 435 1900 1888
g Group61594
f 434 435 411 417
g Group32941
f 1906 1905 1904 1903
g Group32944
f 432 430 1906 1903
g Group61594
f 430 432 436 437
g Group32941
f 1905 1896 1898 1904
g Group61594
f 437 436 431 429
g Group32941
f 1896 1905 1907 1895
g Group61594
f 429 428 438 437
g Group32941
f 1905 1906 1908 1907
g Group32944
f 430 418 1908 1906
g Group61594
f 437 438 418 430
g Group32941
f 1911 1910 1909 1908
g Group32944
f 418 420 1911 1908
g Group61594
f 420 418 440 439
g Group32941
f 1910 1890 1887 1909
g Group61594
f 439 440 417 419
g Group32941
f 1913 1912 1910 1911
g Group32944
f 420 422 1913 1911
g Group61594
f 422 420 439 441
g Group32941
f 1912 1892 1890 1910
g Group61594
f 441 439 419 421
g Group32941
f 1916 1915 1914 1902
g Group32944
f 426 442 1915 1916
g Group61594
f 426 415 443 442
g Group32941
f 1915 1894 1895 1914
g Group32944
f 442 424 1894 1915
g Group61594
f 442 443 428 424
g Group32941
f 1901 1917 1909 1887
g Group61594
f 434 417 440 444
g Group32941
f 1917 1907 1908 1909
g Group61594
f 444 440 418 438
g Group32941
f 1902 1914 1917 1901
g Group61594
f 415 434 444 443
g Group32941
f 1914 1895 1907 1917
g Group61594
f 443 444 438 428
g Group32941
f 1921 1920 1919 1918
g Group32944
f 414 416 1921 1918
f 446 414 1918 1919
g Group61594
f 416 414 446 445
g Group32941
f 1920 1902 1899 1919
g Group32944
f 413 446 1919 1899
g Group61594
f 445 446 413 415
g Group32941
f 1902 1920 1922 1916
g Group32944
f 447 426 1916 1922
g Group61594
f 415 426 447 445
g Group32941
f 1920 1921 1923 1922
g Group32944
f 427 447 1922 1923
f 416 427 1923 1921
g Group61594
f 445 447 427 416
g Group32941
f 1927 1926 1925 1924
g Group32944
f 449 448 1925 1926
g Group61594
f 456 454 448 449
g Group32941
f 1929 1928 1926 1927
g Group32944
f 460 449 1926 1928
g Group61594
f 458 456 449 460
g Group32941
f 1933 1932 1931 1930
g Group32944
f 461 462 1930 1931
g Group61594
f 466 462 461 465
g Group32941
f 1935 1933 1930 1934
g Group32944
f 462 470 1934 1930
g Group61594
f 468 470 462 466
g Group32941
f 1939 1938 1937 1936
g Group32944
f 472 450 1936 1937
g Group61594
f 452 450 472 471
g Group32941
f 1938 1924 1925 1937
g Group32944
f 448 472 1937 1925
g Group61594
f 471 472 448 454
g Group32941
f 1943 1942 1941 1940
g Group32944
f 469 467 1943 1940
g Group61594
f 467 469 473 474
g Group32941
f 1942 1933 1935 1941
g Group61594
f 474 473 468 466
g Group32941
f 1933 1942 1944 1932
g Group61594
f 466 465 475 474
g Group32941
f 1942 1943 1945 1944
g Group32944
f 467 455 1945 1943
g Group61594
f 474 475 455 467
g Group32941
f 1948 1947 1946 1945
g Group32944
f 455 457 1948 1945
g Group61594
f 457 455 477 476
g Group32941
f 1947 1927 1924 1946
g Group61594
f 476 477 454 456
g Group32941
f 1950 1949 1947 1948
g Group32944
f 457 459 1950 1948
g Group61594
f 459 457 476 478
g Group32941
f 1949 1929 1927 1947
g Group61594
f 478 476 456 458
g Group32941
f 1953 1952 1951 1939
g Group32944
f 463 479 1952 1953
g Group61594
f 463 452 480 479
g Group32941
f 1952 1931 1932 1951
g Group32944
f 479 461 1931 1952
g Group61594
f 479 480 465 461
g Group32941
f 1938 1954 1946 1924
g Group61594
f 471 454 477 481
g Group32941
f 1954 1944 1945 1946
g Group61594
f 481 477 455 475
g Group32941
f 1939 1951 1954 1938
g Group61594
f 452 471 481 480
g Group32941
f 1951 1932 1944 1954
g Group61594
f 480 481 475 465
g Group32941
f 1958 1957 1956 1955
g Group32944
f 451 453 1958 1955
f 483 451 1955 1956
g Group61594
f 453 451 483 482
g Group32941
f 1957 1939 1936 1956
g Group32944
f 450 483 1956 1936
g Group61594
f 482 483 450 452
g Group32941
f 1939 1957 1959 1953
g Group32944
f 484 463 1953 1959
g Group61594
f 452 463 484 482
g Group32941
f 1957 1958 1960 1959
g Group32944
f 464 484 1959 1960
f 453 464 1960 1958
g Group61594
f 482 484 464 453
g Group32941
f 1898 1897 1848 1849
g Group32944
f 433 367 1848 1897
g Group61594
f 431 366 367 433
g Group32941
f 1904 1898 1849 1875
g Group61594
f 436 401 366 431
g Group32941
f 1903 1904 1875 1876
g Group32944
f 368 432 1903 1876
g Group61594
f 432 368 401 436
g Group32941
f 1928 1929 1853 1850
g Group32944
f 393 460 1928 1850
g Group61594
f 460 393 392 458
g Group32941
f 1929 1949 1863 1853
g Group61594
f 458 392 397 478
g Group32941
f 1949 1950 1865 1863
g Group32944
f 459 394 1865 1950
g Group61594
f 478 397 394 459
g Group32941
f 1964 1963 1962 1961
g Group32944
f 489 488 1962 1963
g Group61594
f 496 494 488 489
g Group32941
f 1966 1965 1963 1964
g Group32944
f 500 489 1963 1965
g Group61594
f 498 496 489 500
g Group32941
f 1965 1966 1968 1967
g Group32944
f 486 500 1965 1967
g Group61594
f 500 486 485 498
g Group32941
f 1972 1971 1970 1969
g Group32944
f 510 512 1969 1970
g Group61594
f 511 512 510 508
g Group32941
f 1976 1975 1974 1973
g Group32944
f 501 502 1973 1974
g Group61594
f 506 502 501 505
g Group32941
f 1971 1976 1973 1970
g Group32944
f 502 510 1970 1973
g Group61594
f 508 510 502 506
g Group32941
f 1980 1979 1978 1977
g Group32944
f 515 490 1977 1978
g Group61594
f 492 490 515 514
g Group32941
f 1979 1961 1962 1978
g Group32944
f 488 515 1978 1962
g Group61594
f 514 515 488 494
g Group32941
f 1972 1982 1981 1971
g Group61594
f 511 508 517 516
g Group32941
f 1982 1984 1983 1981
g Group32944
f 513 509 1983 1984
g Group61594
f 516 517 509 513
g Group32941
f 1986 1985 1981 1983
g Group32944
f 509 507 1986 1983
g Group61594
f 507 509 517 518
g Group32941
f 1985 1976 1971 1981
g Group61594
f 518 517 508 506
g Group32941
f 1976 1985 1987 1975
g Group61594
f 506 505 519 518
g Group32941
f 1985 1986 1988 1987
g Group32944
f 507 495 1988 1986
g Group61594
f 518 519 495 507
g Group32941
f 1991 1990 1989 1988
g Group32944
f 495 497 1991 1988
g Group61594
f 497 495 522 521
g Group32941
f 1990 1964 1961 1989
g Group61594
f 521 522 494 496
g Group32941
f 1993 1992 1990 1991
g Group32944
f 497 499 1993 1991
g Group61594
f 499 497 521 523
g Group32941
f 1992 1966 1964 1990
g Group61594
f 523 521 496 498
g Group32941
f 1966 1992 1994 1968
g Group61594
f 498 485 520 523
g Group32941
f 1992 1993 1995 1994
g Group32944
f 499 487 1995 1993
g Group61594
f 523 520 487 499
g Group32941
f 1998 1997 1996 1980
g Group32944
f 503 524 1997 1998
g Group61594
f 503 492 525 524
g Group32941
f 1997 1974 1975 1996
g Group32944
f 524 501 1974 1997
g Group61594
f 524 525 505 501
g Group32941
f 1979 1999 1989 1961
g Group61594
f 514 494 522 526
g Group32941
f 1999 1987 1988 1989
g Group61594
f 526 522 495 519
g Group32941
f 1980 1996 1999 1979
g Group61594
f 492 514 526 525
g Group32941
f 1996 1975 1987 1999
g Group61594
f 525 526 519 505
g Group32941
f 2003 2002 2001 2000
g Group32944
f 491 493 2003 2000
f 528 491 2000 2001
g Group61594
f 493 491 528 527
g Group32941
f 2002 1980 1977 2001
g Group32944
f 490 528 2001 1977
g Group61594
f 527 528 490 492
g Group32941
f 1980 2002 2004 1998
g Group32944
f 529 503 1998 2004
g Group61594
f 492 503 529 527
g Group32941
f 2002 2003 2005 2004
g Group32944
f 504 529 2004 2005
f 493 504 2005 2003
g Group61594
f 527 529 504 493
g Group32941
f 2009 2008 2007 2006
g Group32944
f 534 533 2007 2008
g Group61594
f 541 539 533 534
g Group32941
f 2011 2010 2008 2009
g Group32944
f 545 534 2008 2010
g Group61594
f 543 541 534 545
g Group32941
f 2010 2011 2013 2012
g Group32944
f 531 545 2010 2012
g Group61594
f 545 531 530 543
g Group32941
f 2017 2016 2015 2014
g Group32944
f 546 547 2014 2015
g Group61594
f 551 547 546 550
g Group32941
f 2019 2017 2014 2018
g Group32944
f 547 555 2018 2014
g Group61594
f 553 555 547 551
g Group32941
f 2023 2022 2021 2020
g Group32944
f 557 535 2020 2021
g Group61594
f 537 535 557 556
g Group32941
f 2022 2006 2007 2021
g Group32944
f 533 557 2021 2007
g Group61594
f 556 557 533 539
g Group32941
f 2027 2026 2025 2024
g Group32944
f 554 552 2027 2024
g Group61594
f 552 554 558 559
g Group32941
f 2026 2017 2019 2025
g Group61594
f 559 558 553 551
g Group32941
f 2017 2026 2028 2016
g Group61594
f 551 550 560 559
g Group32941
f 2026 2027 2029 2028
g Group32944
f 552 540 2029 2027
g Group61594
f 559 560 540 552
g Group32941
f 2032 2031 2030 2029
g Group32944
f 540 542 2032 2029
g Group61594
f 542 540 563 562
g Group32941
f 2031 2009 2006 2030
g Group61594
f 562 563 539 541
g Group32941
f 2034 2033 2031 2032
g Group32944
f 542 544 2034 2032
g Group61594
f 544 542 562 564
g Group32941
f 2033 2011 2009 2031
g Group61594
f 564 562 541 543
g Group32941
f 2011 2033 2035 2013
g Group61594
f 543 530 561 564
g Group32941
f 2033 2034 2036 2035
g Group32944
f 544 532 2036 2034
g Group61594
f 564 561 532 544
g Group32941
f 2039 2038 2037 2023
g Group32944
f 548 565 2038 2039
g Group61594
f 548 537 566 565
g Group32941
f 2038 2015 2016 2037
g Group32944
f 565 546 2015 2038
g Group61594
f 565 566 550 546
g Group32941
f 2022 2040 2030 2006
g Group61594
f 556 539 563 567
g Group32941
f 2040 2028 2029 2030
g Group61594
f 567 563 540 560
g Group32941
f 2023 2037 2040 2022
g Group61594
f 537 556 567 566
g Group32941
f 2037 2016 2028 2040
g Group61594
f 566 567 560 550
g Group32941
f 2044 2043 2042 2041
g Group32944
f 536 538 2044 2041
f 569 536 2041 2042
g Group61594
f 538 536 569 568
g Group32941
f 2043 2023 2020 2042
g Group32944
f 535 569 2042 2020
g Group61594
f 568 569 535 537
g Group32941
f 2023 2043 2045 2039
g Group32944
f 570 548 2039 2045
g Group61594
f 537 548 570 568
g Group32941
f 2043 2044 2046 2045
g Group32944
f 549 570 2045 2046
f 538 549 2046 2044
g Group61594
f 568 570 549 538
g Group32941
f 2050 2049 2048 2047
g Group32944
f 572 571 2048 2049
g Group61594
f 579 577 571 572
g Group32941
f 2052 2051 2049 2050
g Group32944
f 583 572 2049 2051
g Group61594
f 581 579 572 583
g Group32941
f 2056 2055 2054 2053
g Group32944
f 584 585 2053 2054
g Group61594
f 589 585 584 588
g Group32941
f 2058 2056 2053 2057
g Group32944
f 585 593 2057 2053
g Group61594
f 591 593 585 589
g Group32941
f 2062 2061 2060 2059
g Group32944
f 595 573 2059 2060
g Group61594
f 575 573 595 594
g Group32941
f 2061 2047 2048 2060
g Group32944
f 571 595 2060 2048
g Group61594
f 594 595 571 577
g Group32941
f 2066 2065 2064 2063
g Group32944
f 592 590 2066 2063
g Group61594
f 590 592 596 597
g Group32941
f 2065 2056 2058 2064
g Group61594
f 597 596 591 589
g Group32941
f 2056 2065 2067 2055
g Group61594
f 589 588 598 597
g Group32941
f 2065 2066 2068 2067
g Group32944
f 590 578 2068 2066
g Group61594
f 597 598 578 590
g Group32941
f 2071 2070 2069 2068
g Group32944
f 578 580 2071 2068
g Group61594
f 580 578 600 599
g Group32941
f 2070 2050 2047 2069
g Group61594
f 599 600 577 579
g Group32941
f 2073 2072 2070 2071
g Group32944
f 580 582 2073 2071
g Group61594
f 582 580 599 601
g Group32941
f 2072 2052 2050 2070
g Group61594
f 601 599 579 581
g Group32941
f 2076 2075 2074 2062
g Group32944
f 586 602 2075 2076
g Group61594
f 586 575 603 602
g Group32941
f 2075 2054 2055 2074
g Group32944
f 602 584 2054 2075
g Group61594
f 602 603 588 584
g Group32941
f 2061 2077 2069 2047
g Group61594
f 594 577 600 604
g Group32941
f 2077 2067 2068 2069
g Group61594
f 604 600 578 598
g Group32941
f 2062 2074 2077 2061
g Group61594
f 575 594 604 603
g Group32941
f 2074 2055 2067 2077
g Group61594
f 603 604 598 588
g Group32941
f 2081 2080 2079 2078
g Group32944
f 574 576 2081 2078
f 606 574 2078 2079
g Group61594
f 576 574 606 605
g Group32941
f 2080 2062 2059 2079
g Group32944
f 573 606 2079 2059
g Group61594
f 605 606 573 575
g Group32941
f 2062 2080 2082 2076
g Group32944
f 607 586 2076 2082
g Group61594
f 575 586 607 605
g Group32941
f 2080 2081 2083 2082
g Group32944
f 587 607 2082 2083
f 576 587 2083 2081
g Group61594
f 605 607 587 576
g Group32941
f 2019 2018 1967 1968
g Group32944
f 555 486 1967 2018
g Group61594
f 553 485 486 555
g Group32941
f 2025 2019 1968 1994
g Group61594
f 558 520 485 553
g Group32941
f 2024 2025 1994 1995
g Group32944
f 487 554 2024 1995
g Group61594
f 554 487 520 558
g Group32941
f 2051 2052 1972 1969
g Group32944
f 512 583 2051 1969
g Group61594
f 583 512 511 581
g Group32941
f 2052 2072 1982 1972
g Group61594
f 581 511 516 601
g Group32941
f 2072 2073 1984 1982
g Group32944
f 582 513 1984 2073
g Group61594
f 601 516 513 582
g Group32941
f 2087 2086 2085 2084
g Group32944
f 612 611 2085 2086
g Group61594
f 619 617 611 612
g Group32941
f 2089 2088 2086 2087
g Group32944
f 623 612 2086 2088
g Group61594
f 621 619 612 623
g Group32941
f 2088 2089 2091 2090
g Group32944
f 609 623 2088 2090
g Group61594
f 623 609 608 621
g Group32941
f 2095 2094 2093 2092
g Group32944
f 633 635 2092 2093
g Group61594
f 634 635 633 631
g Group32941
f 2099 2098 2097 2096
g Group32944
f 624 625 2096 2097
g Group61594
f 629 625 624 628
g Group32941
f 2094 2099 2096 2093
g Group32944
f 625 633 2093 2096
g Group61594
f 631 633 625 629
g Group32941
f 2103 2102 2101 2100
g Group32944
f 638 613 2100 2101
g Group61594
f 615 613 638 637
g Group32941
f 2102 2084 2085 2101
g Group32944
f 611 638 2101 2085
g Group61594
f 637 638 611 617
g Group32941
f 2095 2105 2104 2094
g Group61594
f 634 631 640 639
g Group32941
f 2105 2107 2106 2104
g Group32944
f 636 632 2106 2107
g Group61594
f 639 640 632 636
g Group32941
f 2109 2108 2104 2106
g Group32944
f 632 630 2109 2106
g Group61594
f 630 632 640 641
g Group32941
f 2108 2099 2094 2104
g Group61594
f 641 640 631 629
g Group32941
f 2099 2108 2110 2098
g Group61594
f 629 628 642 641
g Group32941
f 2108 2109 2111 2110
g Group32944
f 630 618 2111 2109
g Group61594
f 641 642 618 630
g Group32941
f 2114 2113 2112 2111
g Group32944
f 618 620 2114 2111
g Group61594
f 620 618 645 644
g Group32941
f 2113 2087 2084 2112
g Group61594
f 644 645 617 619
g Group32941
f 2116 2115 2113 2114
g Group32944
f 620 622 2116 2114
g Group61594
f 622 620 644 646
g Group32941
f 2115 2089 2087 2113
g Group61594
f 646 644 619 621
g Group32941
f 2089 2115 2117 2091
g Group61594
f 621 608 643 646
g Group32941
f 2115 2116 2118 2117
g Group32944
f 622 610 2118 2116
g Group61594
f 646 643 610 622
g Group32941
f 2121 2120 2119 2103
g Group32944
f 626 647 2120 2121
g Group61594
f 626 615 648 647
g Group32941
f 2120 2097 2098 2119
g Group32944
f 647 624 2097 2120
g Group61594
f 647 648 628 624
g Group32941
f 2102 2122 2112 2084
g Group61594
f 637 617 645 649
g Group32941
f 2122 2110 2111 2112
g Group61594
f 649 645 618 642
g Group32941
f 2103 2119 2122 2102
g Group61594
f 615 637 649 648
g Group32941
f 2119 2098 2110 2122
g Group61594
f 648 649 642 628
g Group32941
f 2126 2125 2124 2123
g Group32944
f 614 616 2126 2123
f 651 614 2123 2124
g Group61594
f 616 614 651 650
g Group32941
f 2125 2103 2100 2124
g Group32944
f 613 651 2124 2100
g Group61594
f 650 651 613 615
g Group32941
f 2103 2125 2127 2121
g Group32944
f 652 626 2121 2127
g Group61594
f 615 626 652 650
g Group32941
f 2125 2126 2128 2127
g Group32944
f 627 652 2127 2128
f 616 627 2128 2126
g Group61594
f 650 652 627 616
g Group32941
f 2132 2131 2130 2129
g Group32944
f 657 656 2130 2131
g Group61594
f 664 662 656 657
g Group32941
f 2134 2133 2131 2132
g Group32944
f 668 657 2131 2133
g Group61594
f 666 664 657 668
g Group32941
f 2133 2134 2136 2135
g Group32944
f 654 668 2133 2135
g Group61594
f 668 654 653 666
g Group32941
f 2140 2139 2138 2137
g Group32944
f 669 670 2137 2138
g Group61594
f 674 670 669 673
g Group32941
f 2142 2140 2137 2141
g Group32944
f 670 678 2141 2137
g Group61594
f 676 678 670 674
g Group32941
f 2146 2145 2144 2143
g Group32944
f 680 658 2143 2144
g Group61594
f 660 658 680 679
g Group32941
f 2145 2129 2130 2144
g Group32944
f 656 680 2144 2130
g Group61594
f 679 680 656 662
g Group32941
f 2150 2149 2148 2147
g Group32944
f 677 675 2150 2147
g Group61594
f 675 677 681 682
g Group32941
f 2149 2140 2142 2148
g Group61594
f 682 681 676 674
g Group32941
f 2140 2149 2151 2139
g Group61594
f 674 673 683 682
g Group32941
f 2149 2150 2152 2151
g Group32944
f 675 663 2152 2150
g Group61594
f 682 683 663 675
g Group32941
f 2155 2154 2153 2152
g Group32944
f 663 665 2155 2152
g Group61594
f 665 663 686 685
g Group32941
f 2154 2132 2129 2153
g Group61594
f 685 686 662 664
g Group32941
f 2157 2156 2154 2155
g Group32944
f 665 667 2157 2155
g Group61594
f 667 665 685 687
g Group32941
f 2156 2134 2132 2154
g Group61594
f 687 685 664 666
g Group32941
f 2134 2156 2158 2136
g Group61594
f 666 653 684 687
g Group32941
f 2156 2157 2159 2158
g Group32944
f 667 655 2159 2157
g Group61594
f 687 684 655 667
g Group32941
f 2162 2161 2160 2146
g Group32944
f 671 688 2161 2162
g Group61594
f 671 660 689 688
g Group32941
f 2161 2138 2139 2160
g Group32944
f 688 669 2138 2161
g Group61594
f 688 689 673 669
g Group32941
f 2145 2163 2153 2129
g Group61594
f 679 662 686 690
g Group32941
f 2163 2151 2152 2153
g Group61594
f 690 686 663 683
g Group32941
f 2146 2160 2163 2145
g Group61594
f 660 679 690 689
g Group32941
f 2160 2139 2151 2163
g Group61594
f 689 690 683 673
g Group32941
f 2167 2166 2165 2164
g Group32944
f 659 661 2167 2164
f 692 659 2164 2165
g Group61594
f 661 659 692 691
g Group32941
f 2166 2146 2143 2165
g Group32944
f 658 692 2165 2143
g Group61594
f 691 692 658 660
g Group32941
f 2146 2166 2168 2162
g Group32944
f 693 671 2162 2168
g Group61594
f 660 671 693 691
g Group32941
f 2166 2167 2169 2168
g Group32944
f 672 693 2168 2169
f 661 672 2169 2167
g Group61594
f 691 693 672 661
g Group32941
f 2173 2172 2171 2170
g Group32944
f 695 694 2171 2172
g Group61594
f 702 700 694 695
g Group32941
f 2175 2174 2172 2173
g Group32944
f 706 695 2172 2174
g Group61594
f 704 702 695 706
g Group32941
f 2179 2178 2177 2176
g Group32944
f 716 718 2176 2177
g Group61594
f 717 718 716 714
g Group32941
f 2183 2182 2181 2180
g Group32944
f 707 708 2180 2181
g Group61594
f 712 708 707 711
g Group32941
f 2178 2183 2180 2177
g Group32944
f 708 716 2177 2180
g Group61594
f 714 716 708 712
g Group32941
f 2187 2186 2185 2184
g Group32944
f 721 696 2184 2185
g Group61594
f 698 696 721 720
g Group32941
f 2186 2170 2171 2185
g Group32944
f 694 721 2185 2171
g Group61594
f 720 721 694 700
g Group32941
f 2179 2189 2188 2178
g Group61594
f 717 714 723 722
g Group32941
f 2189 2191 2190 2188
g Group32944
f 719 715 2190 2191
g Group61594
f 722 723 715 719
g Group32941
f 2193 2192 2188 2190
g Group32944
f 715 713 2193 2190
g Group61594
f 713 715 723 724
g Group32941
f 2192 2183 2178 2188
g Group61594
f 724 723 714 712
g Group32941
f 2183 2192 2194 2182
g Group61594
f 712 711 725 724
g Group32941
f 2192 2193 2195 2194
g Group32944
f 713 701 2195 2193
g Group61594
f 724 725 701 713
g Group32941
f 2198 2197 2196 2195
g Group32944
f 701 703 2198 2195
g Group61594
f 703 701 727 726
g Group32941
f 2197 2173 2170 2196
g Group61594
f 726 727 700 702
g Group32941
f 2200 2199 2197 2198
g Group32944
f 703 705 2200 2198
g Group61594
f 705 703 726 728
g Group32941
f 2199 2175 2173 2197
g Group61594
f 728 726 702 704
g Group32941
f 2203 2202 2201 2187
g Group32944
f 709 729 2202 2203
g Group61594
f 709 698 730 729
g Group32941
f 2202 2181 2182 2201
g Group32944
f 729 707 2181 2202
g Group61594
f 729 730 711 707
g Group32941
f 2186 2204 2196 2170
g Group61594
f 720 700 727 731
g Group32941
f 2204 2194 2195 2196
g Group61594
f 731 727 701 725
g Group32941
f 2187 2201 2204 2186
g Group61594
f 698 720 731 730
g Group32941
f 2201 2182 2194 2204
g Group61594
f 730 731 725 711
g Group32941
f 2208 2207 2206 2205
g Group32944
f 697 699 2208 2205
f 733 697 2205 2206
g Group61594
f 699 697 733 732
g Group32941
f 2207 2187 2184 2206
g Group32944
f 696 733 2206 2184
g Group61594
f 732 733 696 698
g Group32941
f 2187 2207 2209 2203
g Group32944
f 734 709 2203 2209
g Group61594
f 698 709 734 732
g Group32941
f 2207 2208 2210 2209
g Group32944
f 710 734 2209 2210
f 699 710 2210 2208
g Group61594
f 732 734 710 699
g Group32941
f 2142 2141 2090 2091
g Group32944
f 678 609 2090 2141
g Group61594
f 676 608 609 678
g Group32941
f 2148 2142 2091 2117
g Group61594
f 681 643 608 676
g Group32941
f 2147 2148 2117 2118
g Group32944
f 610 677 2147 2118
g Group61594
f 677 610 643 681
g Group32941
f 2174 2175 2095 2092
g Group32944
f 635 706 2174 2092
g Group61594
f 706 635 634 704
g Group32941
f 2175 2199 2105 2095
g Group61594
f 704 634 639 728
g Group32941
f 2199 2200 2107 2105
g Group32944
f 705 636 2107 2200
g Group61594
f 728 639 636 705
g Group32941
f 2058 2057 2135 2136
g Group32944
f 593 654 2135 2057
g Group61594
f 591 653 654 593
g Group32941
f 2064 2058 2136 2158
g Group61594
f 596 684 653 591
g Group32941
f 2063 2064 2158 2159
g Group32944
f 655 592 2063 2159
g Group61594
f 592 655 684 596
g Group32941
f 1891 1892 2179 2176
g Group32944
f 718 423 1891 2176
g Group61594
f 423 718 717 421
g Group32941
f 1892 1912 2189 2179
g Group61594
f 421 717 722 441
g Group32941
f 1912 1913 2191 2189
g Group32944
f 422 719 2191 1913
g Group61594
f 441 722 719 422
g Group32941
f 1570 1569 2012 2013
g Group32944
f 105 531 2012 1569
g Group61594
f 103 530 531 105
g Group32941
f 1576 1570 2013 2035
g Group61594
f 108 561 530 103
g Group32941
f 1575 1576 2035 2036
g Group32944
f 532 104 1575 2036
g Group61594
f 104 532 561 108
g Group32941
f 2214 2213 2212 2211
g Group32944
f 739 738 2212 2213
g Group61594
f 746 744 738 739
g Group32941
f 2216 2215 2213 2214
g Group32944
f 750 739 2213 2215
g Group61594
f 748 746 739 750
g Group32941
f 2215 2216 2218 2217
g Group32944
f 736 750 2215 2217
g Group61594
f 750 736 735 748
g Group32941
f 2222 2221 2220 2219
g Group32944
f 760 762 2219 2220
g Group61594
f 761 762 760 758
g Group32941
f 2226 2225 2224 2223
g Group32944
f 751 752 2223 2224
g Group61594
f 756 752 751 755
g Group32941
f 2221 2226 2223 2220
g Group32944
f 752 760 2220 2223
g Group61594
f 758 760 752 756
g Group32941
f 2230 2229 2228 2227
g Group32944
f 765 740 2227 2228
g Group61594
f 742 740 765 764
g Group32941
f 2229 2211 2212 2228
g Group32944
f 738 765 2228 2212
g Group61594
f 764 765 738 744
g Group32941
f 2222 2232 2231 2221
g Group61594
f 761 758 767 766
g Group32941
f 2232 2234 2233 2231
g Group32944
f 763 759 2233 2234
g Group61594
f 766 767 759 763
g Group32941
f 2236 2235 2231 2233
g Group32944
f 759 757 2236 2233
g Group61594
f 757 759 767 768
g Group32941
f 2235 2226 2221 2231
g Group61594
f 768 767 758 756
g Group32941
f 2226 2235 2237 2225
g Group61594
f 756 755 769 768
g Group32941
f 2235 2236 2238 2237
g Group32944
f 757 745 2238 2236
g Group61594
f 768 769 745 757
g Group32941
f 2241 2240 2239 2238
g Group32944
f 745 747 2241 2238
g Group61594
f 747 745 772 771
g Group32941
f 2240 2214 2211 2239
g Group61594
f 771 772 744 746
g Group32941
f 2243 2242 2240 2241
g Group32944
f 747 749 2243 2241
g Group61594
f 749 747 771 773
g Group32941
f 2242 2216 2214 2240
g Group61594
f 773 771 746 748
g Group32941
f 2216 2242 2244 2218
g Group61594
f 748 735 770 773
g Group32941
f 2242 2243 2245 2244
g Group32944
f 749 737 2245 2243
g Group61594
f 773 770 737 749
g Group32941
f 2248 2247 2246 2230
g Group32944
f 753 774 2247 2248
g Group61594
f 753 742 775 774
g Group32941
f 2247 2224 2225 2246
g Group32944
f 774 751 2224 2247
g Group61594
f 774 775 755 751
g Group32941
f 2229 2249 2239 2211
g Group61594
f 764 744 772 776
g Group32941
f 2249 2237 2238 2239
g Group61594
f 776 772 745 769
g Group32941
f 2230 2246 2249 2229
g Group61594
f 742 764 776 775
g Group32941
f 2246 2225 2237 2249
g Group61594
f 775 776 769 755
g Group32941
f 2253 2252 2251 2250
g Group32944
f 741 743 2253 2250
f 778 741 2250 2251
g Group61594
f 743 741 778 777
g Group32941
f 2252 2230 2227 2251
g Group32944
f 740 778 2251 2227
g Group61594
f 777 778 740 742
g Group32941
f 2230 2252 2254 2248
g Group32944
f 779 753 2248 2254
g Group61594
f 742 753 779 777
g Group32941
f 2252 2253 2255 2254
g Group32944
f 754 779 2254 2255
f 743 754 2255 2253
g Group61594
f 777 779 754 743
g Group32941
f 2259 2258 2257 2256
g Group32944
f 781 780 2257 2258
g Group61594
f 788 786 780 781
g Group32941
f 2261 2260 2258 2259
g Group32944
f 792 781 2258 2260
g Group61594
f 790 788 781 792
g Group32941
f 2265 2264 2263 2262
g Group32944
f 793 794 2262 2263
g Group61594
f 798 794 793 797
g Group32941
f 2267 2265 2262 2266
g Group32944
f 794 802 2266 2262
g Group61594
f 800 802 794 798
g Group32941
f 2271 2270 2269 2268
g Group32944
f 804 782 2268 2269
g Group61594
f 784 782 804 803
g Group32941
f 2270 2256 2257 2269
g Group32944
f 780 804 2269 2257
g Group61594
f 803 804 780 786
g Group32941
f 2275 2274 2273 2272
g Group32944
f 801 799 2275 2272
g Group61594
f 799 801 805 806
g Group32941
f 2274 2265 2267 2273
g Group61594
f 806 805 800 798
g Group32941
f 2265 2274 2276 2264
g Group61594
f 798 797 807 806
g Group32941
f 2274 2275 2277 2276
g Group32944
f 799 787 2277 2275
g Group61594
f 806 807 787 799
g Group32941
f 2280 2279 2278 2277
g Group32944
f 787 789 2280 2277
g Group61594
f 789 787 809 808
g Group32941
f 2279 2259 2256 2278
g Group61594
f 808 809 786 788
g Group32941
f 2282 2281 2279 2280
g Group32944
f 789 791 2282 2280
g Group61594
f 791 789 808 810
g Group32941
f 2281 2261 2259 2279
g Group61594
f 810 808 788 790
g Group32941
f 2285 2284 2283 2271
g Group32944
f 795 811 2284 2285
g Group61594
f 795 784 812 811
g Group32941
f 2284 2263 2264 2283
g Group32944
f 811 793 2263 2284
g Group61594
f 811 812 797 793
g Group32941
f 2270 2286 2278 2256
g Group61594
f 803 786 809 813
g Group32941
f 2286 2276 2277 2278
g Group61594
f 813 809 787 807
g Group32941
f 2271 2283 2286 2270
g Group61594
f 784 803 813 812
g Group32941
f 2283 2264 2276 2286
g Group61594
f 812 813 807 797
g Group32941
f 2290 2289 2288 2287
g Group32944
f 783 785 2290 2287
f 815 783 2287 2288
g Group61594
f 785 783 815 814
g Group32941
f 2289 2271 2268 2288
g Group32944
f 782 815 2288 2268
g Group61594
f 814 815 782 784
g Group32941
f 2271 2289 2291 2285
g Group32944
f 816 795 2285 2291
g Group61594
f 784 795 816 814
g Group32941
f 2289 2290 2292 2291
g Group32944
f 796 816 2291 2292
f 785 796 2292 2290
g Group61594
f 814 816 796 785
g Group32941
f 2296 2295 2294 2293
g Group32944
f 818 817 2294 2295
g Group61594
f 825 823 817 818
g Group32941
f 2298 2297 2295 2296
g Group32944
f 829 818 2295 2297
g Group61594
f 827 825 818 829
g Group32941
f 2302 2301 2300 2299
g Group32944
f 830 831 2299 2300
g Group61594
f 835 831 830 834
g Group32941
f 2304 2302 2299 2303
g Group32944
f 831 839 2303 2299
g Group61594
f 837 839 831 835
g Group32941
f 2308 2307 2306 2305
g Group32944
f 841 819 2305 2306
g Group61594
f 821 819 841 840
g Group32941
f 2307 2293 2294 2306
g Group32944
f 817 841 2306 2294
g Group61594
f 840 841 817 823
g Group32941
f 2312 2311 2310 2309
g Group32944
f 838 836 2312 2309
g Group61594
f 836 838 842 843
g Group32941
f 2311 2302 2304 2310
g Group61594
f 843 842 837 835
g Group32941
f 2302 2311 2313 2301
g Group61594
f 835 834 844 843
g Group32941
f 2311 2312 2314 2313
g Group32944
f 836 824 2314 2312
g Group61594
f 843 844 824 836
g Group32941
f 2317 2316 2315 2314
g Group32944
f 824 826 2317 2314
g Group61594
f 826 824 846 845
g Group32941
f 2316 2296 2293 2315
g Group61594
f 845 846 823 825
g Group32941
f 2319 2318 2316 2317
g Group32944
f 826 828 2319 2317
g Group61594
f 828 826 845 847
g Group32941
f 2318 2298 2296 2316
g Group61594
f 847 845 825 827
g Group32941
f 2322 2321 2320 2308
g Group32944
f 832 848 2321 2322
g Group61594
f 832 821 849 848
g Group32941
f 2321 2300 2301 2320
g Group32944
f 848 830 2300 2321
g Group61594
f 848 849 834 830
g Group32941
f 2307 2323 2315 2293
g Group61594
f 840 823 846 850
g Group32941
f 2323 2313 2314 2315
g Group61594
f 850 846 824 844
g Group32941
f 2308 2320 2323 2307
g Group61594
f 821 840 850 849
g Group32941
f 2320 2301 2313 2323
g Group61594
f 849 850 844 834
g Group32941
f 2327 2326 2325 2324
g Group32944
f 820 822 2327 2324
f 852 820 2324 2325
g Group61594
f 822 820 852 851
g Group32941
f 2326 2308 2305 2325
g Group32944
f 819 852 2325 2305
g Group61594
f 851 852 819 821
g Group32941
f 2308 2326 2328 2322
g Group32944
f 853 832 2322 2328
g Group61594
f 821 832 853 851
g Group32941
f 2326 2327 2329 2328
g Group32944
f 833 853 2328 2329
f 822 833 2329 2327
g Group61594
f 851 853 833 822
g Group32941
f 2267 2266 2217 2218
g Group32944
f 802 736 2217 2266
g Group61594
f 800 735 736 802
g Group32941
f 2273 2267 2218 2244
g Group61594
f 805 770 735 800
g Group32941
f 2272 2273 2244 2245
g Group32944
f 737 801 2272 2245
g Group61594
f 801 737 770 805
g Group32941
f 2297 2298 2222 2219
g Group32944
f 762 829 2297 2219
g Group61594
f 829 762 761 827
g Group32941
f 2298 2318 2232 2222
g Group61594
f 827 761 766 847
g Group32941
f 2318 2319 2234 2232
g Group32944
f 828 763 2234 2319
g Group61594
f 847 766 763 828
g Group32941
f 2333 2332 2331 2330
g Group32944
f 858 857 2331 2332
g Group61594
f 865 863 857 858
g Group32941
f 2335 2334 2332 2333
g Group32944
f 869 858 2332 2334
g Group61594
f 867 865 858 869
g Group32941
f 2334 2335 2337 2336
g Group32944
f 855 869 2334 2336
g Group61594
f 869 855 854 867
g Group32941
f 2341 2340 2339 2338
g Group32944
f 879 881 2338 2339
g Group61594
f 880 881 879 877
g Group32941
f 2345 2344 2343 2342
g Group32944
f 870 871 2342 2343
g Group61594
f 875 871 870 874
g Group32941
f 2340 2345 2342 2339
g Group32944
f 871 879 2339 2342
g Group61594
f 877 879 871 875
g Group32941
f 2349 2348 2347 2346
g Group32944
f 884 859 2346 2347
g Group61594
f 861 859 884 883
g Group32941
f 2348 2330 2331 2347
g Group32944
f 857 884 2347 2331
g Group61594
f 883 884 857 863
g Group32941
f 2341 2351 2350 2340
g Group61594
f 880 877 886 885
g Group32941
f 2351 2353 2352 2350
g Group32944
f 882 878 2352 2353
g Group61594
f 885 886 878 882
g Group32941
f 2355 2354 2350 2352
g Group32944
f 878 876 2355 2352
g Group61594
f 876 878 886 887
g Group32941
f 2354 2345 2340 2350
g Group61594
f 887 886 877 875
g Group32941
f 2345 2354 2356 2344
g Group61594
f 875 874 888 887
g Group32941
f 2354 2355 2357 2356
g Group32944
f 876 864 2357 2355
g Group61594
f 887 888 864 876
g Group32941
f 2360 2359 2358 2357
g Group32944
f 864 866 2360 2357
g Group61594
f 866 864 891 890
g Group32941
f 2359 2333 2330 2358
g Group61594
f 890 891 863 865
g Group32941
f 2362 2361 2359 2360
g Group32944
f 866 868 2362 2360
g Group61594
f 868 866 890 892
g Group32941
f 2361 2335 2333 2359
g Group61594
f 892 890 865 867
g Group32941
f 2335 2361 2363 2337
g Group61594
f 867 854 889 892
g Group32941
f 2361 2362 2364 2363
g Group32944
f 868 856 2364 2362
g Group61594
f 892 889 856 868
g Group32941
f 2367 2366 2365 2349
g Group32944
f 872 893 2366 2367
g Group61594
f 872 861 894 893
g Group32941
f 2366 2343 2344 2365
g Group32944
f 893 870 2343 2366
g Group61594
f 893 894 874 870
g Group32941
f 2348 2368 2358 2330
g Group61594
f 883 863 891 895
g Group32941
f 2368 2356 2357 2358
g Group61594
f 895 891 864 888
g Group32941
f 2349 2365 2368 2348
g Group61594
f 861 883 895 894
g Group32941
f 2365 2344 2356 2368
g Group61594
f 894 895 888 874
g Group32941
f 2372 2371 2370 2369
g Group32944
f 860 862 2372 2369
f 897 860 2369 2370
g Group61594
f 862 860 897 896
g Group32941
f 2371 2349 2346 2370
g Group32944
f 859 897 2370 2346
g Group61594
f 896 897 859 861
g Group32941
f 2349 2371 2373 2367
g Group32944
f 898 872 2367 2373
g Group61594
f 861 872 898 896
g Group32941
f 2371 2372 2374 2373
g Group32944
f 873 898 2373 2374
f 862 873 2374 2372
g Group61594
f 896 898 873 862
g Group32941
f 2378 2377 2376 2375
g Group32944
f 903 902 2376 2377
g Group61594
f 910 908 902 903
g Group32941
f 2380 2379 2377 2378
g Group32944
f 914 903 2377 2379
g Group61594
f 912 910 903 914
g Group32941
f 2379 2380 2382 2381
g Group32944
f 900 914 2379 2381
g Group61594
f 914 900 899 912
g Group32941
f 2386 2385 2384 2383
g Group32944
f 915 916 2383 2384
g Group61594
f 920 916 915 919
g Group32941
f 2388 2386 2383 2387
g Group32944
f 916 924 2387 2383
g Group61594
f 922 924 916 920
g Group32941
f 2392 2391 2390 2389
g Group32944
f 926 904 2389 2390
g Group61594
f 906 904 926 925
g Group32941
f 2391 2375 2376 2390
g Group32944
f 902 926 2390 2376
g Group61594
f 925 926 902 908
g Group32941
f 2396 2395 2394 2393
g Group32944
f 923 921 2396 2393
g Group61594
f 921 923 927 928
g Group32941
f 2395 2386 2388 2394
g Group61594
f 928 927 922 920
g Group32941
f 2386 2395 2397 2385
g Group61594
f 920 919 929 928
g Group32941
f 2395 2396 2398 2397
g Group32944
f 921 909 2398 2396
g Group61594
f 928 929 909 921
g Group32941
f 2401 2400 2399 2398
g Group32944
f 909 911 2401 2398
g Group61594
f 911 909 932 931
g Group32941
f 2400 2378 2375 2399
g Group61594
f 931 932 908 910
g Group32941
f 2403 2402 2400 2401
g Group32944
f 911 913 2403 2401
g Group61594
f 913 911 931 933
g Group32941
f 2402 2380 2378 2400
g Group61594
f 933 931 910 912
g Group32941
f 2380 2402 2404 2382
g Group61594
f 912 899 930 933
g Group32941
f 2402 2403 2405 2404
g Group32944
f 913 901 2405 2403
g Group61594
f 933 930 901 913
g Group32941
f 2408 2407 2406 2392
g Group32944
f 917 934 2407 2408
g Group61594
f 917 906 935 934
g Group32941
f 2407 2384 2385 2406
g Group32944
f 934 915 2384 2407
g Group61594
f 934 935 919 915
g Group32941
f 2391 2409 2399 2375
g Group61594
f 925 908 932 936
g Group32941
f 2409 2397 2398 2399
g Group61594
f 936 932 909 929
g Group32941
f 2392 2406 2409 2391
g Group61594
f 906 925 936 935
g Group32941
f 2406 2385 2397 2409
g Group61594
f 935 936 929 919
g Group32941
f 2413 2412 2411 2410
g Group32944
f 905 907 2413 2410
f 938 905 2410 2411
g Group61594
f 907 905 938 937
g Group32941
f 2412 2392 2389 2411
g Group32944
f 904 938 2411 2389
g Group61594
f 937 938 904 906
g Group32941
f 2392 2412 2414 2408
g Group32944
f 939 917 2408 2414
g Group61594
f 906 917 939 937
g Group32941
f 2412 2413 2415 2414
g Group32944
f 918 939 2414 2415
f 907 918 2415 2413
g Group61594
f 937 939 918 907
g Group32941
f 2419 2418 2417 2416
g Group32944
f 941 940 2417 2418
g Group61594
f 948 946 940 941
g Group32941
f 2421 2420 2418 2419
g Group32944
f 952 941 2418 2420
g Group61594
f 950 948 941 952
g Group32941
f 2425 2424 2423 2422
g Group32944
f 953 954 2422 2423
g Group61594
f 958 954 953 957
g Group32941
f 2427 2425 2422 2426
g Group32944
f 954 962 2426 2422
g Group61594
f 960 962 954 958
g Group32941
f 2431 2430 2429 2428
g Group32944
f 964 942 2428 2429
g Group61594
f 944 942 964 963
g Group32941
f 2430 2416 2417 2429
g Group32944
f 940 964 2429 2417
g Group61594
f 963 964 940 946
g Group32941
f 2435 2434 2433 2432
g Group32944
f 961 959 2435 2432
g Group61594
f 959 961 965 966
g Group32941
f 2434 2425 2427 2433
g Group61594
f 966 965 960 958
g Group32941
f 2425 2434 2436 2424
g Group61594
f 958 957 967 966
g Group32941
f 2434 2435 2437 2436
g Group32944
f 959 947 2437 2435
g Group61594
f 966 967 947 959
g Group32941
f 2440 2439 2438 2437
g Group32944
f 947 949 2440 2437
g Group61594
f 949 947 969 968
g Group32941
f 2439 2419 2416 2438
g Group61594
f 968 969 946 948
g Group32941
f 2442 2441 2439 2440
g Group32944
f 949 951 2442 2440
g Group61594
f 951 949 968 970
g Group32941
f 2441 2421 2419 2439
g Group61594
f 970 968 948 950
g Group32941
f 2445 2444 2443 2431
g Group32944
f 955 971 2444 2445
g Group61594
f 955 944 972 971
g Group32941
f 2444 2423 2424 2443
g Group32944
f 971 953 2423 2444
g Group61594
f 971 972 957 953
g Group32941
f 2430 2446 2438 2416
g Group61594
f 963 946 969 973
g Group32941
f 2446 2436 2437 2438
g Group61594
f 973 969 947 967
g Group32941
f 2431 2443 2446 2430
g Group61594
f 944 963 973 972
g Group32941
f 2443 2424 2436 2446
g Group61594
f 972 973 967 957
g Group32941
f 2450 2449 2448 2447
g Group32944
f 943 945 2450 2447
f 975 943 2447 2448
g Group61594
f 945 943 975 974
g Group32941
f 2449 2431 2428 2448
g Group32944
f 942 975 2448 2428
g Group61594
f 974 975 942 944
g Group32941
f 2431 2449 2451 2445
g Group32944
f 976 955 2445 2451
g Group61594
f 944 955 976 974
g Group32941
f 2449 2450 2452 2451
g Group32944
f 956 976 2451 2452
f 945 956 2452 2450
g Group61594
f 974 976 956 945
g Group32941
f 2388 2387 2336 2337
g Group32944
f 924 855 2336 2387
g Group61594
f 922 854 855 924
g Group32941
f 2394 2388 2337 2363
g Group61594
f 927 889 854 922
g Group32941
f 2393 2394 2363 2364
g Group32944
f 856 923 2393 2364
g Group61594
f 923 856 889 927
g Group32941
f 2420 2421 2341 2338
g Group32944
f 881 952 2420 2338
g Group61594
f 952 881 880 950
g Group32941
f 2421 2441 2351 2341
g Group61594
f 950 880 885 970
g Group32941
f 2441 2442 2353 2351
g Group32944
f 951 882 2353 2442
g Group61594
f 970 885 882 951
g Group32941
f 2456 2455 2454 2453
g Group32944
f 981 980 2454 2455
g Group61594
f 988 986 980 981
g Group32941
f 2458 2457 2455 2456
g Group32944
f 992 981 2455 2457
g Group61594
f 990 988 981 992
g Group32941
f 2457 2458 2460 2459
g Group32944
f 978 992 2457 2459
g Group61594
f 992 978 977 990
g Group32941
f 2464 2463 2462 2461
g Group32944
f 1002 1004 2461 2462
g Group61594
f 1003 1004 1002 1000
g Group32941
f 2468 2467 2466 2465
g Group32944
f 993 994 2465 2466
g Group61594
f 998 994 993 997
g Group32941
f 2463 2468 2465 2462
g Group32944
f 994 1002 2462 2465
g Group61594
f 1000 1002 994 998
g Group32941
f 2472 2471 2470 2469
g Group32944
f 1007 982 2469 2470
g Group61594
f 984 982 1007 1006
g Group32941
f 2471 2453 2454 2470
g Group32944
f 980 1007 2470 2454
g Group61594
f 1006 1007 980 986
g Group32941
f 2464 2474 2473 2463
g Group61594
f 1003 1000 1009 1008
g Group32941
f 2474 2476 2475 2473
g Group32944
f 1005 1001 2475 2476
g Group61594
f 1008 1009 1001 1005
g Group32941
f 2478 2477 2473 2475
g Group32944
f 1001 999 2478 2475
g Group61594
f 999 1001 1009 1010
g Group32941
f 2477 2468 2463 2473
g Group61594
f 1010 1009 1000 998
g Group32941
f 2468 2477 2479 2467
g Group61594
f 998 997 1011 1010
g Group32941
f 2477 2478 2480 2479
g Group32944
f 999 987 2480 2478
g Group61594
f 1010 1011 987 999
g Group32941
f 2483 2482 2481 2480
g Group32944
f 987 989 2483 2480
g Group61594
f 989 987 1014 1013
g Group32941
f 2482 2456 2453 2481
g Group61594
f 1013 1014 986 988
g Group32941
f 2485 2484 2482 2483
g Group32944
f 989 991 2485 2483
g Group61594
f 991 989 1013 1015
g Group32941
f 2484 2458 2456 2482
g Group61594
f 1015 1013 988 990
g Group32941
f 2458 2484 2486 2460
g Group61594
f 990 977 1012 1015
g Group32941
f 2484 2485 2487 2486
g Group32944
f 991 979 2487 2485
g Group61594
f 1015 1012 979 991
g Group32941
f 2490 2489 2488 2472
g Group32944
f 995 1016 2489 2490
g Group61594
f 995 984 1017 1016
g Group32941
f 2489 2466 2467 2488
g Group32944
f 1016 993 2466 2489
g Group61594
f 1016 1017 997 993
g Group32941
f 2471 2491 2481 2453
g Group61594
f 1006 986 1014 1018
g Group32941
f 2491 2479 2480 2481
g Group61594
f 1018 1014 987 1011
g Group32941
f 2472 2488 2491 2471
g Group61594
f 984 1006 1018 1017
g Group32941
f 2488 2467 2479 2491
g Group61594
f 1017 1018 1011 997
g Group32941
f 2495 2494 2493 2492
g Group32944
f 983 985 2495 2492
f 1020 983 2492 2493
g Group61594
f 985 983 1020 1019
g Group32941
f 2494 2472 2469 2493
g Group32944
f 982 1020 2493 2469
g Group61594
f 1019 1020 982 984
g Group32941
f 2472 2494 2496 2490
g Group32944
f 1021 995 2490 2496
g Group61594
f 984 995 1021 1019
g Group32941
f 2494 2495 2497 2496
g Group32944
f 996 1021 2496 2497
f 985 996 2497 2495
g Group61594
f 1019 1021 996 985
g Group32941
f 2501 2500 2499 2498
g Group32944
f 1026 1025 2499 2500
g Group61594
f 1033 1031 1025 1026
g Group32941
f 2503 2502 2500 2501
g Group32944
f 1037 1026 2500 2502
g Group61594
f 1035 1033 1026 1037
g Group32941
f 2502 2503 2505 2504
g Group32944
f 1023 1037 2502 2504
g Group61594
f 1037 1023 1022 1035
g Group32941
f 2509 2508 2507 2506
g Group32944
f 1038 1039 2506 2507
g Group61594
f 1043 1039 1038 1042
g Group32941
f 2511 2509 2506 2510
g Group32944
f 1039 1047 2510 2506
g Group61594
f 1045 1047 1039 1043
g Group32941
f 2515 2514 2513 2512
g Group32944
f 1049 1027 2512 2513
g Group61594
f 1029 1027 1049 1048
g Group32941
f 2514 2498 2499 2513
g Group32944
f 1025 1049 2513 2499
g Group61594
f 1048 1049 1025 1031
g Group32941
f 2519 2518 2517 2516
g Group32944
f 1046 1044 2519 2516
g Group61594
f 1044 1046 1050 1051
g Group32941
f 2518 2509 2511 2517
g Group61594
f 1051 1050 1045 1043
g Group32941
f 2509 2518 2520 2508
g Group61594
f 1043 1042 1052 1051
g Group32941
f 2518 2519 2521 2520
g Group32944
f 1044 1032 2521 2519
g Group61594
f 1051 1052 1032 1044
g Group32941
f 2524 2523 2522 2521
g Group32944
f 1032 1034 2524 2521
g Group61594
f 1034 1032 1055 1054
g Group32941
f 2523 2501 2498 2522
g Group61594
f 1054 1055 1031 1033
g Group32941
f 2526 2525 2523 2524
g Group32944
f 1034 1036 2526 2524
g Group61594
f 1036 1034 1054 1056
g Group32941
f 2525 2503 2501 2523
g Group61594
f 1056 1054 1033 1035
g Group32941
f 2503 2525 2527 2505
g Group61594
f 1035 1022 1053 1056
g Group32941
f 2525 2526 2528 2527
g Group32944
f 1036 1024 2528 2526
g Group61594
f 1056 1053 1024 1036
g Group32941
f 2531 2530 2529 2515
g Group32944
f 1040 1057 2530 2531
g Group61594
f 1040 1029 1058 1057
g Group32941
f 2530 2507 2508 2529
g Group32944
f 1057 1038 2507 2530
g Group61594
f 1057 1058 1042 1038
g Group32941
f 2514 2532 2522 2498
g Group61594
f 1048 1031 1055 1059
g Group32941
f 2532 2520 2521 2522
g Group61594
f 1059 1055 1032 1052
g Group32941
f 2515 2529 2532 2514
g Group61594
f 1029 1048 1059 1058
g Group32941
f 2529 2508 2520 2532
g Group61594
f 1058 1059 1052 1042
g Group32941
f 2536 2535 2534 2533
g Group32944
f 1028 1030 2536 2533
f 1061 1028 2533 2534
g Group61594
f 1030 1028 1061 1060
g Group32941
f 2535 2515 2512 2534
g Group32944
f 1027 1061 2534 2512
g Group61594
f 1060 1061 1027 1029
g Group32941
f 2515 2535 2537 2531
g Group32944
f 1062 1040 2531 2537
g Group61594
f 1029 1040 1062 1060
g Group32941
f 2535 2536 2538 2537
g Group32944
f 1041 1062 2537 2538
f 1030 1041 2538 2536
g Group61594
f 1060 1062 1041 1030
g Group32941
f 2542 2541 2540 2539
g Group32944
f 1064 1063 2540 2541
g Group61594
f 1071 1069 1063 1064
g Group32941
f 2544 2543 2541 2542
g Group32944
f 1075 1064 2541 2543
g Group61594
f 1073 1071 1064 1075
g Group32941
f 2548 2547 2546 2545
g Group32944
f 1085 1087 2545 2546
g Group61594
f 1086 1087 1085 1083
g Group32941
f 2552 2551 2550 2549
g Group32944
f 1076 1077 2549 2550
g Group61594
f 1081 1077 1076 1080
g Group32941
f 2547 2552 2549 2546
g Group32944
f 1077 1085 2546 2549
g Group61594
f 1083 1085 1077 1081
g Group32941
f 2556 2555 2554 2553
g Group32944
f 1090 1065 2553 2554
g Group61594
f 1067 1065 1090 1089
g Group32941
f 2555 2539 2540 2554
g Group32944
f 1063 1090 2554 2540
g Group61594
f 1089 1090 1063 1069
g Group32941
f 2548 2558 2557 2547
g Group61594
f 1086 1083 1092 1091
g Group32941
f 2558 2560 2559 2557
g Group32944
f 1088 1084 2559 2560
g Group61594
f 1091 1092 1084 1088
g Group32941
f 2562 2561 2557 2559
g Group32944
f 1084 1082 2562 2559
g Group61594
f 1082 1084 1092 1093
g Group32941
f 2561 2552 2547 2557
g Group61594
f 1093 1092 1083 1081
g Group32941
f 2552 2561 2563 2551
g Group61594
f 1081 1080 1094 1093
g Group32941
f 2561 2562 2564 2563
g Group32944
f 1082 1070 2564 2562
g Group61594
f 1093 1094 1070 1082
g Group32941
f 2567 2566 2565 2564
g Group32944
f 1070 1072 2567 2564
g Group61594
f 1072 1070 1096 1095
g Group32941
f 2566 2542 2539 2565
g Group61594
f 1095 1096 1069 1071
g Group32941
f 2569 2568 2566 2567
g Group32944
f 1072 1074 2569 2567
g Group61594
f 1074 1072 1095 1097
g Group32941
f 2568 2544 2542 2566
g Group61594
f 1097 1095 1071 1073
g Group32941
f 2572 2571 2570 2556
g Group32944
f 1078 1098 2571 2572
g Group61594
f 1078 1067 1099 1098
g Group32941
f 2571 2550 2551 2570
g Group32944
f 1098 1076 2550 2571
g Group61594
f 1098 1099 1080 1076
g Group32941
f 2555 2573 2565 2539
g Group61594
f 1089 1069 1096 1100
g Group32941
f 2573 2563 2564 2565
g Group61594
f 1100 1096 1070 1094
g Group32941
f 2556 2570 2573 2555
g Group61594
f 1067 1089 1100 1099
g Group32941
f 2570 2551 2563 2573
g Group61594
f 1099 1100 1094 1080
g Group32941
f 2577 2576 2575 2574
g Group32944
f 1066 1068 2577 2574
f 1102 1066 2574 2575
g Group61594
f 1068 1066 1102 1101
g Group32941
f 2576 2556 2553 2575
g Group32944
f 1065 1102 2575 2553
g Group61594
f 1101 1102 1065 1067
g Group32941
f 2556 2576 2578 2572
g Group32944
f 1103 1078 2572 2578
g Group61594
f 1067 1078 1103 1101
g Group32941
f 2576 2577 2579 2578
g Group32944
f 1079 1103 2578 2579
f 1068 1079 2579 2577
g Group61594
f 1101 1103 1079 1068
g Group32941
f 2511 2510 2459 2460
g Group32944
f 1047 978 2459 2510
g Group61594
f 1045 977 978 1047
g Group32941
f 2517 2511 2460 2486
g Group61594
f 1050 1012 977 1045
g Group32941
f 2516 2517 2486 2487
g Group32944
f 979 1046 2516 2487
g Group61594
f 1046 979 1012 1050
g Group32941
f 2543 2544 2464 2461
g Group32944
f 1004 1075 2543 2461
g Group61594
f 1075 1004 1003 1073
g Group32941
f 2544 2568 2474 2464
g Group61594
f 1073 1003 1008 1097
g Group32941
f 2568 2569 2476 2474
g Group32944
f 1074 1005 2476 2569
g Group61594
f 1097 1008 1005 1074
g Group32941
f 2427 2426 2504 2505
g Group32944
f 962 1023 2504 2426
g Group61594
f 960 1022 1023 962
g Group32941
f 2433 2427 2505 2527
g Group61594
f 965 1053 1022 960
g Group32941
f 2432 2433 2527 2528
g Group32944
f 1024 961 2432 2528
g Group61594
f 961 1024 1053 965
g Group32941
f 2260 2261 2548 2545
g Group32944
f 1087 792 2260 2545
g Group61594
f 792 1087 1086 790
g Group32941
f 2261 2281 2558 2548
g Group61594
f 790 1086 1091 810
g Group32941
f 2281 2282 2560 2558
g Group32944
f 791 1088 2560 2282
g Group61594
f 810 1091 1088 791
g Group32941
f 2583 2582 2581 2580
g Group32944
f 1108 1107 2581 2582
g Group61594
f 1115 1113 1107 1108
g Group32941
f 2585 2584 2582 2583
g Group32944
f 1119 1108 2582 2584
g Group61594
f 1117 1115 1108 1119
g Group32941
f 2584 2585 2587 2586
g Group32944
f 1105 1119 2584 2586
g Group61594
f 1119 1105 1104 1117
g Group32941
f 2591 2590 2589 2588
g Group32944
f 1129 1131 2588 2589
g Group61594
f 1130 1131 1129 1127
g Group32941
f 2595 2594 2593 2592
g Group32944
f 1120 1121 2592 2593
g Group61594
f 1125 1121 1120 1124
g Group32941
f 2590 2595 2592 2589
g Group32944
f 1121 1129 2589 2592
g Group61594
f 1127 1129 1121 1125
g Group32941
f 2599 2598 2597 2596
g Group32944
f 1134 1109 2596 2597
g Group61594
f 1111 1109 1134 1133
g Group32941
f 2598 2580 2581 2597
g Group32944
f 1107 1134 2597 2581
g Group61594
f 1133 1134 1107 1113
g Group32941
f 2591 2601 2600 2590
g Group61594
f 1130 1127 1136 1135
g Group32941
f 2601 2603 2602 2600
g Group32944
f 1132 1128 2602 2603
g Group61594
f 1135 1136 1128 1132
g Group32941
f 2605 2604 2600 2602
g Group32944
f 1128 1126 2605 2602
g Group61594
f 1126 1128 1136 1137
g Group32941
f 2604 2595 2590 2600
g Group61594
f 1137 1136 1127 1125
g Group32941
f 2595 2604 2606 2594
g Group61594
f 1125 1124 1138 1137
g Group32941
f 2604 2605 2607 2606
g Group32944
f 1126 1114 2607 2605
g Group61594
f 1137 1138 1114 1126
g Group32941
f 2610 2609 2608 2607
g Group32944
f 1114 1116 2610 2607
g Group61594
f 1116 1114 1141 1140
g Group32941
f 2609 2583 2580 2608
g Group61594
f 1140 1141 1113 1115
g Group32941
f 2612 2611 2609 2610
g Group32944
f 1116 1118 2612 2610
g Group61594
f 1118 1116 1140 1142
g Group32941
f 2611 2585 2583 2609
g Group61594
f 1142 1140 1115 1117
g Group32941
f 2585 2611 2613 2587
g Group61594
f 1117 1104 1139 1142
g Group32941
f 2611 2612 2614 2613
g Group32944
f 1118 1106 2614 2612
g Group61594
f 1142 1139 1106 1118
g Group32941
f 2617 2616 2615 2599
g Group32944
f 1122 1143 2616 2617
g Group61594
f 1122 1111 1144 1143
g Group32941
f 2616 2593 2594 2615
g Group32944
f 1143 1120 2593 2616
g Group61594
f 1143 1144 1124 1120
g Group32941
f 2598 2618 2608 2580
g Group61594
f 1133 1113 1141 1145
g Group32941
f 2618 2606 2607 2608
g Group61594
f 1145 1141 1114 1138
g Group32941
f 2599 2615 2618 2598
g Group61594
f 1111 1133 1145 1144
g Group32941
f 2615 2594 2606 2618
g Group61594
f 1144 1145 1138 1124
g Group32941
f 2622 2621 2620 2619
g Group32944
f 1110 1112 2622 2619
f 1147 1110 2619 2620
g Group61594
f 1112 1110 1147 1146
g Group32941
f 2621 2599 2596 2620
g Group32944
f 1109 1147 2620 2596
g Group61594
f 1146 1147 1109 1111
g Group32941
f 2599 2621 2623 2617
g Group32944
f 1148 1122 2617 2623
g Group61594
f 1111 1122 1148 1146
g Group32941
f 2621 2622 2624 2623
g Group32944
f 1123 1148 2623 2624
f 1112 1123 2624 2622
g Group61594
f 1146 1148 1123 1112
g Group32941
f 2628 2627 2626 2625
g Group32944
f 1150 1149 2626 2627
g Group61594
f 1157 1155 1149 1150
g Group32941
f 2630 2629 2627 2628
g Group32944
f 1161 1150 2627 2629
g Group61594
f 1159 1157 1150 1161
g Group32941
f 2634 2633 2632 2631
g Group32944
f 1162 1163 2631 2632
g Group61594
f 1167 1163 1162 1166
g Group32941
f 2636 2634 2631 2635
g Group32944
f 1163 1171 2635 2631
g Group61594
f 1169 1171 1163 1167
g Group32941
f 2640 2639 2638 2637
g Group32944
f 1173 1151 2637 2638
g Group61594
f 1153 1151 1173 1172
g Group32941
f 2639 2625 2626 2638
g Group32944
f 1149 1173 2638 2626
g Group61594
f 1172 1173 1149 1155
g Group32941
f 2644 2643 2642 2641
g Group32944
f 1170 1168 2644 2641
g Group61594
f 1168 1170 1174 1175
g Group32941
f 2643 2634 2636 2642
g Group61594
f 1175 1174 1169 1167
g Group32941
f 2634 2643 2645 2633
g Group61594
f 1167 1166 1176 1175
g Group32941
f 2643 2644 2646 2645
g Group32944
f 1168 1156 2646 2644
g Group61594
f 1175 1176 1156 1168
g Group32941
f 2649 2648 2647 2646
g Group32944
f 1156 1158 2649 2646
g Group61594
f 1158 1156 1178 1177
g Group32941
f 2648 2628 2625 2647
g Group61594
f 1177 1178 1155 1157
g Group32941
f 2651 2650 2648 2649
g Group32944
f 1158 1160 2651 2649
g Group61594
f 1160 1158 1177 1179
g Group32941
f 2650 2630 2628 2648
g Group61594
f 1179 1177 1157 1159
g Group32941
f 2654 2653 2652 2640
g Group32944
f 1164 1180 2653 2654
g Group61594
f 1164 1153 1181 1180
g Group32941
f 2653 2632 2633 2652
g Group32944
f 1180 1162 2632 2653
g Group61594
f 1180 1181 1166 1162
g Group32941
f 2639 2655 2647 2625
g Group61594
f 1172 1155 1178 1182
g Group32941
f 2655 2645 2646 2647
g Group61594
f 1182 1178 1156 1176
g Group32941
f 2640 2652 2655 2639
g Group61594
f 1153 1172 1182 1181
g Group32941
f 2652 2633 2645 2655
g Group61594
f 1181 1182 1176 1166
g Group32941
f 2659 2658 2657 2656
g Group32944
f 1152 1154 2659 2656
f 1184 1152 2656 2657
g Group61594
f 1154 1152 1184 1183
g Group32941
f 2658 2640 2637 2657
g Group32944
f 1151 1184 2657 2637
g Group61594
f 1183 1184 1151 1153
g Group32941
f 2640 2658 2660 2654
g Group32944
f 1185 1164 2654 2660
g Group61594
f 1153 1164 1185 1183
g Group32941
f 2658 2659 2661 2660
g Group32944
f 1165 1185 2660 2661
f 1154 1165 2661 2659
g Group61594
f 1183 1185 1165 1154
g Group32941
f 2665 2664 2663 2662
g Group32944
f 1187 1186 2663 2664
g Group61594
f 1194 1192 1186 1187
g Group32941
f 2667 2666 2664 2665
g Group32944
f 1198 1187 2664 2666
g Group61594
f 1196 1194 1187 1198
g Group32941
f 2671 2670 2669 2668
g Group32944
f 1208 1210 2668 2669
g Group61594
f 1209 1210 1208 1206
g Group32941
f 2675 2674 2673 2672
g Group32944
f 1199 1200 2672 2673
g Group61594
f 1204 1200 1199 1203
g Group32941
f 2670 2675 2672 2669
g Group32944
f 1200 1208 2669 2672
g Group61594
f 1206 1208 1200 1204
g Group32941
f 2679 2678 2677 2676
g Group32944
f 1213 1188 2676 2677
g Group61594
f 1190 1188 1213 1212
g Group32941
f 2678 2662 2663 2677
g Group32944
f 1186 1213 2677 2663
g Group61594
f 1212 1213 1186 1192
g Group32941
f 2671 2681 2680 2670
g Group61594
f 1209 1206 1215 1214
g Group32941
f 2681 2683 2682 2680
g Group32944
f 1211 1207 2682 2683
g Group61594
f 1214 1215 1207 1211
g Group32941
f 2685 2684 2680 2682
g Group32944
f 1207 1205 2685 2682
g Group61594
f 1205 1207 1215 1216
g Group32941
f 2684 2675 2670 2680
g Group61594
f 1216 1215 1206 1204
g Group32941
f 2675 2684 2686 2674
g Group61594
f 1204 1203 1217 1216
g Group32941
f 2684 2685 2687 2686
g Group32944
f 1205 1193 2687 2685
g Group61594
f 1216 1217 1193 1205
g Group32941
f 2690 2689 2688 2687
g Group32944
f 1193 1195 2690 2687
g Group61594
f 1195 1193 1219 1218
g Group32941
f 2689 2665 2662 2688
g Group61594
f 1218 1219 1192 1194
g Group32941
f 2692 2691 2689 2690
g Group32944
f 1195 1197 2692 2690
g Group61594
f 1197 1195 1218 1220
g Group32941
f 2691 2667 2665 2689
g Group61594
f 1220 1218 1194 1196
g Group32941
f 2695 2694 2693 2679
g Group32944
f 1201 1221 2694 2695
g Group61594
f 1201 1190 1222 1221
g Group32941
f 2694 2673 2674 2693
g Group32944
f 1221 1199 2673 2694
g Group61594
f 1221 1222 1203 1199
g Group32941
f 2678 2696 2688 2662
g Group61594
f 1212 1192 1219 1223
g Group32941
f 2696 2686 2687 2688
g Group61594
f 1223 1219 1193 1217
g Group32941
f 2679 2693 2696 2678
g Group61594
f 1190 1212 1223 1222
g Group32941
f 2693 2674 2686 2696
g Group61594
f 1222 1223 1217 1203
g Group32941
f 2700 2699 2698 2697
g Group32944
f 1189 1191 2700 2697
f 1225 1189 2697 2698
g Group61594
f 1191 1189 1225 1224
g Group32941
f 2699 2679 2676 2698
g Group32944
f 1188 1225 2698 2676
g Group61594
f 1224 1225 1188 1190
g Group32941
f 2679 2699 2701 2695
g Group32944
f 1226 1201 2695 2701
g Group61594
f 1190 1201 1226 1224
g Group32941
f 2699 2700 2702 2701
g Group32944
f 1202 1226 2701 2702
f 1191 1202 2702 2700
g Group61594
f 1224 1226 1202 1191
g Group32941
f 2636 2635 2586 2587
g Group32944
f 1171 1105 2586 2635
g Group61594
f 1169 1104 1105 1171
g Group32941
f 2642 2636 2587 2613
g Group61594
f 1174 1139 1104 1169
g Group32941
f 2641 2642 2613 2614
g Group32944
f 1106 1170 2641 2614
g Group61594
f 1170 1106 1139 1174
g Group32941
f 2666 2667 2591 2588
g Group32944
f 1131 1198 2666 2588
g Group61594
f 1198 1131 1130 1196
g Group32941
f 2667 2691 2601 2591
g Group61594
f 1196 1130 1135 1220
g Group32941
f 2691 2692 2603 2601
g Group32944
f 1197 1132 2603 2692
g Group61594
f 1220 1135 1132 1197
g Group32941
f 2706 2705 2704 2703
g Group32944
f 1231 1230 2704 2705
g Group61594
f 1238 1236 1230 1231
g Group32941
f 2708 2707 2705 2706
g Group32944
f 1242 1231 2705 2707
g Group61594
f 1240 1238 1231 1242
g Group32941
f 2707 2708 2710 2709
g Group32944
f 1228 1242 2707 2709
g Group61594
f 1242 1228 1227 1240
g Group32941
f 2714 2713 2712 2711
g Group32944
f 1252 1254 2711 2712
g Group61594
f 1253 1254 1252 1250
g Group32941
f 2718 2717 2716 2715
g Group32944
f 1243 1244 2715 2716
g Group61594
f 1248 1244 1243 1247
g Group32941
f 2713 2718 2715 2712
g Group32944
f 1244 1252 2712 2715
g Group61594
f 1250 1252 1244 1248
g Group32941
f 2722 2721 2720 2719
g Group32944
f 1257 1232 2719 2720
g Group61594
f 1234 1232 1257 1256
g Group32941
f 2721 2703 2704 2720
g Group32944
f 1230 1257 2720 2704
g Group61594
f 1256 1257 1230 1236
g Group32941
f 2714 2724 2723 2713
g Group61594
f 1253 1250 1259 1258
g Group32941
f 2724 2726 2725 2723
g Group32944
f 1255 1251 2725 2726
g Group61594
f 1258 1259 1251 1255
g Group32941
f 2728 2727 2723 2725
g Group32944
f 1251 1249 2728 2725
g Group61594
f 1249 1251 1259 1260
g Group32941
f 2727 2718 2713 2723
g Group61594
f 1260 1259 1250 1248
g Group32941
f 2718 2727 2729 2717
g Group61594
f 1248 1247 1261 1260
g Group32941
f 2727 2728 2730 2729
g Group32944
f 1249 1237 2730 2728
g Group61594
f 1260 1261 1237 1249
g Group32941
f 2733 2732 2731 2730
g Group32944
f 1237 1239 2733 2730
g Group61594
f 1239 1237 1264 1263
g Group32941
f 2732 2706 2703 2731
g Group61594
f 1263 1264 1236 1238
g Group32941
f 2735 2734 2732 2733
g Group32944
f 1239 1241 2735 2733
g Group61594
f 1241 1239 1263 1265
g Group32941
f 2734 2708 2706 2732
g Group61594
f 1265 1263 1238 1240
g Group32941
f 2708 2734 2736 2710
g Group61594
f 1240 1227 1262 1265
g Group32941
f 2734 2735 2737 2736
g Group32944
f 1241 1229 2737 2735
g Group61594
f 1265 1262 1229 1241
g Group32941
f 2740 2739 2738 2722
g Group32944
f 1245 1266 2739 2740
g Group61594
f 1245 1234 1267 1266
g Group32941
f 2739 2716 2717 2738
g Group32944
f 1266 1243 2716 2739
g Group61594
f 1266 1267 1247 1243
g Group32941
f 2721 2741 2731 2703
g Group61594
f 1256 1236 1264 1268
g Group32941
f 2741 2729 2730 2731
g Group61594
f 1268 1264 1237 1261
g Group32941
f 2722 2738 2741 2721
g Group61594
f 1234 1256 1268 1267
g Group32941
f 2738 2717 2729 2741
g Group61594
f 1267 1268 1261 1247
g Group32941
f 2745 2744 2743 2742
g Group32944
f 1233 1235 2745 2742
f 1270 1233 2742 2743
g Group61594
f 1235 1233 1270 1269
g Group32941
f 2744 2722 2719 2743
g Group32944
f 1232 1270 2743 2719
g Group61594
f 1269 1270 1232 1234
g Group32941
f 2722 2744 2746 2740
g Group32944
f 1271 1245 2740 2746
g Group61594
f 1234 1245 1271 1269
g Group32941
f 2744 2745 2747 2746
g Group32944
f 1246 1271 2746 2747
f 1235 1246 2747 2745
g Group61594
f 1269 1271 1246 1235
g Group32941
f 2751 2750 2749 2748
g Group32944
f 1276 1275 2749 2750
g Group61594
f 1283 1281 1275 1276
g Group32941
f 2753 2752 2750 2751
g Group32944
f 1287 1276 2750 2752
g Group61594
f 1285 1283 1276 1287
g Group32941
f 2752 2753 2755 2754
g Group32944
f 1273 1287 2752 2754
g Group61594
f 1287 1273 1272 1285
g Group32941
f 2759 2758 2757 2756
g Group32944
f 1288 1289 2756 2757
g Group61594
f 1293 1289 1288 1292
g Group32941
f 2761 2759 2756 2760
g Group32944
f 1289 1297 2760 2756
g Group61594
f 1295 1297 1289 1293
g Group32941
f 2765 2764 2763 2762
g Group32944
f 1299 1277 2762 2763
g Group61594
f 1279 1277 1299 1298
g Group32941
f 2764 2748 2749 2763
g Group32944
f 1275 1299 2763 2749
g Group61594
f 1298 1299 1275 1281
g Group32941
f 2769 2768 2767 2766
g Group32944
f 1296 1294 2769 2766
g Group61594
f 1294 1296 1300 1301
g Group32941
f 2768 2759 2761 2767
g Group61594
f 1301 1300 1295 1293
g Group32941
f 2759 2768 2770 2758
g Group61594
f 1293 1292 1302 1301
g Group32941
f 2768 2769 2771 2770
g Group32944
f 1294 1282 2771 2769
g Group61594
f 1301 1302 1282 1294
g Group32941
f 2774 2773 2772 2771
g Group32944
f 1282 1284 2774 2771
g Group61594
f 1284 1282 1305 1304
g Group32941
f 2773 2751 2748 2772
g Group61594
f 1304 1305 1281 1283
g Group32941
f 2776 2775 2773 2774
g Group32944
f 1284 1286 2776 2774
g Group61594
f 1286 1284 1304 1306
g Group32941
f 2775 2753 2751 2773
g Group61594
f 1306 1304 1283 1285
g Group32941
f 2753 2775 2777 2755
g Group61594
f 1285 1272 1303 1306
g Group32941
f 2775 2776 2778 2777
g Group32944
f 1286 1274 2778 2776
g Group61594
f 1306 1303 1274 1286
g Group32941
f 2781 2780 2779 2765
g Group32944
f 1290 1307 2780 2781
g Group61594
f 1290 1279 1308 1307
g Group32941
f 2780 2757 2758 2779
g Group32944
f 1307 1288 2757 2780
g Group61594
f 1307 1308 1292 1288
g Group32941
f 2764 2782 2772 2748
g Group61594
f 1298 1281 1305 1309
g Group32941
f 2782 2770 2771 2772
g Group61594
f 1309 1305 1282 1302
g Group32941
f 2765 2779 2782 2764
g Group61594
f 1279 1298 1309 1308
g Group32941
f 2779 2758 2770 2782
g Group61594
f 1308 1309 1302 1292
g Group32941
f 2786 2785 2784 2783
g Group32944
f 1278 1280 2786 2783
f 1311 1278 2783 2784
g Group61594
f 1280 1278 1311 1310
g Group32941
f 2785 2765 2762 2784
g Group32944
f 1277 1311 2784 2762
g Group61594
f 1310 1311 1277 1279
g Group32941
f 2765 2785 2787 2781
g Group32944
f 1312 1290 2781 2787
g Group61594
f 1279 1290 1312 1310
g Group32941
f 2785 2786 2788 2787
g Group32944
f 1291 1312 2787 2788
f 1280 1291 2788 2786
g Group61594
f 1310 1312 1291 1280
g Group32941
f 2792 2791 2790 2789
g Group32944
f 1314 1313 2790 2791
g Group61594
f 1321 1319 1313 1314
g Group32941
f 2794 2793 2791 2792
g Group32944
f 1325 1314 2791 2793
g Group61594
f 1323 1321 1314 1325
g Group32941
f 2798 2797 2796 2795
g Group32944
f 1326 1327 2795 2796
g Group61594
f 1331 1327 1326 1330
g Group32941
f 2800 2798 2795 2799
g Group32944
f 1327 1335 2799 2795
g Group61594
f 1333 1335 1327 1331
g Group32941
f 2804 2803 2802 2801
g Group32944
f 1337 1315 2801 2802
g Group61594
f 1317 1315 1337 1336
g Group32941
f 2803 2789 2790 2802
g Group32944
f 1313 1337 2802 2790
g Group61594
f 1336 1337 1313 1319
g Group32941
f 2808 2807 2806 2805
g Group32944
f 1334 1332 2808 2805
g Group61594
f 1332 1334 1338 1339
g Group32941
f 2807 2798 2800 2806
g Group61594
f 1339 1338 1333 1331
g Group32941
f 2798 2807 2809 2797
g Group61594
f 1331 1330 1340 1339
g Group32941
f 2807 2808 2810 2809
g Group32944
f 1332 1320 2810 2808
g Group61594
f 1339 1340 1320 1332
g Group32941
f 2813 2812 2811 2810
g Group32944
f 1320 1322 2813 2810
g Group61594
f 1322 1320 1342 1341
g Group32941
f 2812 2792 2789 2811
g Group61594
f 1341 1342 1319 1321
g Group32941
f 2815 2814 2812 2813
g Group32944
f 1322 1324 2815 2813
g Group61594
f 1324 1322 1341 1343
g Group32941
f 2814 2794 2792 2812
g Group61594
f 1343 1341 1321 1323
g Group32941
f 2818 2817 2816 2804
g Group32944
f 1328 1344 2817 2818
g Group61594
f 1328 1317 1345 1344
g Group32941
f 2817 2796 2797 2816
g Group32944
f 1344 1326 2796 2817
g Group61594
f 1344 1345 1330 1326
g Group32941
f 2803 2819 2811 2789
g Group61594
f 1336 1319 1342 1346
g Group32941
f 2819 2809 2810 2811
g Group61594
f 1346 1342 1320 1340
g Group32941
f 2804 2816 2819 2803
g Group61594
f 1317 1336 1346 1345
g Group32941
f 2816 2797 2809 2819
g Group61594
f 1345 1346 1340 1330
g Group32941
f 2823 2822 2821 2820
g Group32944
f 1316 1318 2823 2820
f 1348 1316 2820 2821
g Group61594
f 1318 1316 1348 1347
g Group32941
f 2822 2804 2801 2821
g Group32944
f 1315 1348 2821 2801
g Group61594
f 1347 1348 1315 1317
g Group32941
f 2804 2822 2824 2818
g Group32944
f 1349 1328 2818 2824
g Group61594
f 1317 1328 1349 1347
g Group32941
f 2822 2823 2825 2824
g Group32944
f 1329 1349 2824 2825
f 1318 1329 2825 2823
g Group61594
f 1347 1349 1329 1318
g Group32941
f 2761 2760 2709 2710
g Group32944
f 1297 1228 2709 2760
g Group61594
f 1295 1227 1228 1297
g Group32941
f 2767 2761 2710 2736
g Group61594
f 1300 1262 1227 1295
g Group32941
f 2766 2767 2736 2737
g Group32944
f 1229 1296 2766 2737
g Group61594
f 1296 1229 1262 1300
g Group32941
f 2793 2794 2714 2711
g Group32944
f 1254 1325 2793 2711
g Group61594
f 1325 1254 1253 1323
g Group32941
f 2794 2814 2724 2714
g Group61594
f 1323 1253 1258 1343
g Group32941
f 2814 2815 2726 2724
g Group32944
f 1324 1255 2726 2815
g Group61594
f 1343 1258 1255 1324
g Group32941
f 2829 2828 2827 2826
g Group32944
f 1354 1353 2827 2828
g Group61594
f 1361 1359 1353 1354
g Group32941
f 2831 2830 2828 2829
g Group32944
f 1365 1354 2828 2830
g Group61594
f 1363 1361 1354 1365
g Group32941
f 2830 2831 2833 2832
g Group32944
f 1351 1365 2830 2832
g Group61594
f 1365 1351 1350 1363
g Group32941
f 2837 2836 2835 2834
g Group32944
f 1375 1377 2834 2835
g Group61594
f 1376 1377 1375 1373
g Group32941
f 2841 2840 2839 2838
g Group32944
f 1366 1367 2838 2839
g Group61594
f 1371 1367 1366 1370
g Group32941
f 2836 2841 2838 2835
g Group32944
f 1367 1375 2835 2838
g Group61594
f 1373 1375 1367 1371
g Group32941
f 2845 2844 2843 2842
g Group32944
f 1380 1355 2842 2843
g Group61594
f 1357 1355 1380 1379
g Group32941
f 2844 2826 2827 2843
g Group32944
f 1353 1380 2843 2827
g Group61594
f 1379 1380 1353 1359
g Group32941
f 2837 2847 2846 2836
g Group61594
f 1376 1373 1382 1381
g Group32941
f 2847 2849 2848 2846
g Group32944
f 1378 1374 2848 2849
g Group61594
f 1381 1382 1374 1378
g Group32941
f 2851 2850 2846 2848
g Group32944
f 1374 1372 2851 2848
g Group61594
f 1372 1374 1382 1383
g Group32941
f 2850 2841 2836 2846
g Group61594
f 1383 1382 1373 1371
g Group32941
f 2841 2850 2852 2840
g Group61594
f 1371 1370 1384 1383
g Group32941
f 2850 2851 2853 2852
g Group32944
f 1372 1360 2853 2851
g Group61594
f 1383 1384 1360 1372
g Group32941
f 2856 2855 2854 2853
g Group32944
f 1360 1362 2856 2853
g Group61594
f 1362 1360 1387 1386
g Group32941
f 2855 2829 2826 2854
g Group61594
f 1386 1387 1359 1361
g Group32941
f 2858 2857 2855 2856
g Group32944
f 1362 1364 2858 2856
g Group61594
f 1364 1362 1386 1388
g Group32941
f 2857 2831 2829 2855
g Group61594
f 1388 1386 1361 1363
g Group32941
f 2831 2857 2859 2833
g Group61594
f 1363 1350 1385 1388
g Group32941
f 2857 2858 2860 2859
g Group32944
f 1364 1352 2860 2858
g Group61594
f 1388 1385 1352 1364
g Group32941
f 2863 2862 2861 2845
g Group32944
f 1368 1389 2862 2863
g Group61594
f 1368 1357 1390 1389
g Group32941
f 2862 2839 2840 2861
g Group32944
f 1389 1366 2839 2862
g Group61594
f 1389 1390 1370 1366
g Group32941
f 2844 2864 2854 2826
g Group61594
f 1379 1359 1387 1391
g Group32941
f 2864 2852 2853 2854
g Group61594
f 1391 1387 1360 1384
g Group32941
f 2845 2861 2864 2844
g Group61594
f 1357 1379 1391 1390
g Group32941
f 2861 2840 2852 2864
g Group61594
f 1390 1391 1384 1370
g Group32941
f 2868 2867 2866 2865
g Group32944
f 1356 1358 2868 2865
f 1393 1356 2865 2866
g Group61594
f 1358 1356 1393 1392
g Group32941
f 2867 2845 2842 2866
g Group32944
f 1355 1393 2866 2842
g Group61594
f 1392 1393 1355 1357
g Group32941
f 2845 2867 2869 2863
g Group32944
f 1394 1368 2863 2869
g Group61594
f 1357 1368 1394 1392
g Group32941
f 2867 2868 2870 2869
g Group32944
f 1369 1394 2869 2870
f 1358 1369 2870 2868
g Group61594
f 1392 1394 1369 1358
g Group32941
f 2874 2873 2872 2871
g Group32944
f 1399 1398 2872 2873
g Group61594
f 1406 1404 1398 1399
g Group32941
f 2876 2875 2873 2874
g Group32944
f 1410 1399 2873 2875
g Group61594
f 1408 1406 1399 1410
g Group32941
f 2875 2876 2878 2877
g Group32944
f 1396 1410 2875 2877
g Group61594
f 1410 1396 1395 1408
g Group32941
f 2882 2881 2880 2879
g Group32944
f 1411 1412 2879 2880
g Group61594
f 1416 1412 1411 1415
g Group32941
f 2884 2882 2879 2883
g Group32944
f 1412 1420 2883 2879
g Group61594
f 1418 1420 1412 1416
g Group32941
f 2888 2887 2886 2885
g Group32944
f 1422 1400 2885 2886
g Group61594
f 1402 1400 1422 1421
g Group32941
f 2887 2871 2872 2886
g Group32944
f 1398 1422 2886 2872
g Group61594
f 1421 1422 1398 1404
g Group32941
f 2892 2891 2890 2889
g Group32944
f 1419 1417 2892 2889
g Group61594
f 1417 1419 1423 1424
g Group32941
f 2891 2882 2884 2890
g Group61594
f 1424 1423 1418 1416
g Group32941
f 2882 2891 2893 2881
g Group61594
f 1416 1415 1425 1424
g Group32941
f 2891 2892 2894 2893
g Group32944
f 1417 1405 2894 2892
g Group61594
f 1424 1425 1405 1417
g Group32941
f 2897 2896 2895 2894
g Group32944
f 1405 1407 2897 2894
g Group61594
f 1407 1405 1428 1427
g Group32941
f 2896 2874 2871 2895
g Group61594
f 1427 1428 1404 1406
g Group32941
f 2899 2898 2896 2897
g Group32944
f 1407 1409 2899 2897
g Group61594
f 1409 1407 1427 1429
g Group32941
f 2898 2876 2874 2896
g Group61594
f 1429 1427 1406 1408
g Group32941
f 2876 2898 2900 2878
g Group61594
f 1408 1395 1426 1429
g Group32941
f 2898 2899 2901 2900
g Group32944
f 1409 1397 2901 2899
g Group61594
f 1429 1426 1397 1409
g Group32941
f 2904 2903 2902 2888
g Group32944
f 1413 1430 2903 2904
g Group61594
f 1413 1402 1431 1430
g Group32941
f 2903 2880 2881 2902
g Group32944
f 1430 1411 2880 2903
g Group61594
f 1430 1431 1415 1411
g Group32941
f 2887 2905 2895 2871
g Group61594
f 1421 1404 1428 1432
g Group32941
f 2905 2893 2894 2895
g Group61594
f 1432 1428 1405 1425
g Group32941
f 2888 2902 2905 2887
g Group61594
f 1402 1421 1432 1431
g Group32941
f 2902 2881 2893 2905
g Group61594
f 1431 1432 1425 1415
g Group32941
f 2909 2908 2907 2906
g Group32944
f 1401 1403 2909 2906
f 1434 1401 2906 2907
g Group61594
f 1403 1401 1434 1433
g Group32941
f 2908 2888 2885 2907
g Group32944
f 1400 1434 2907 2885
g Group61594
f 1433 1434 1400 1402
g Group32941
f 2888 2908 2910 2904
g Group32944
f 1435 1413 2904 2910
g Group61594
f 1402 1413 1435 1433
g Group32941
f 2908 2909 2911 2910
g Group32944
f 1414 1435 2910 2911
f 1403 1414 2911 2909
g Group61594
f 1433 1435 1414 1403
g Group32941
f 2915 2914 2913 2912
g Group32944
f 1437 1436 2913 2914
g Group61594
f 1444 1442 1436 1437
g Group32941
f 2917 2916 2914 2915
g Group32944
f 1448 1437 2914 2916
g Group61594
f 1446 1444 1437 1448
g Group32941
f 2921 2920 2919 2918
g Group32944
f 1458 1460 2918 2919
g Group61594
f 1459 1460 1458 1456
g Group32941
f 2925 2924 2923 2922
g Group32944
f 1449 1450 2922 2923
g Group61594
f 1454 1450 1449 1453
g Group32941
f 2920 2925 2922 2919
g Group32944
f 1450 1458 2919 2922
g Group61594
f 1456 1458 1450 1454
g Group32941
f 2929 2928 2927 2926
g Group32944
f 1463 1438 2926 2927
g Group61594
f 1440 1438 1463 1462
g Group32941
f 2928 2912 2913 2927
g Group32944
f 1436 1463 2927 2913
g Group61594
f 1462 1463 1436 1442
g Group32941
f 2921 2931 2930 2920
g Group61594
f 1459 1456 1465 1464
g Group32941
f 2931 2933 2932 2930
g Group32944
f 1461 1457 2932 2933
g Group61594
f 1464 1465 1457 1461
g Group32941
f 2935 2934 2930 2932
g Group32944
f 1457 1455 2935 2932
g Group61594
f 1455 1457 1465 1466
g Group32941
f 2934 2925 2920 2930
g Group61594
f 1466 1465 1456 1454
g Group32941
f 2925 2934 2936 2924
g Group61594
f 1454 1453 1467 1466
g Group32941
f 2934 2935 2937 2936
g Group32944
f 1455 1443 2937 2935
g Group61594
f 1466 1467 1443 1455
g Group32941
f 2940 2939 2938 2937
g Group32944
f 1443 1445 2940 2937
g Group61594
f 1445 1443 1469 1468
g Group32941
f 2939 2915 2912 2938
g Group61594
f 1468 1469 1442 1444
g Group32941
f 2942 2941 2939 2940
g Group32944
f 1445 1447 2942 2940
g Group61594
f 1447 1445 1468 1470
g Group32941
f 2941 2917 2915 2939
g Group61594
f 1470 1468 1444 1446
g Group32941
f 2945 2944 2943 2929
g Group32944
f 1451 1471 2944 2945
g Group61594
f 1451 1440 1472 1471
g Group32941
f 2944 2923 2924 2943
g Group32944
f 1471 1449 2923 2944
g Group61594
f 1471 1472 1453 1449
g Group32941
f 2928 2946 2938 2912
g Group61594
f 1462 1442 1469 1473
g Group32941
f 2946 2936 2937 2938
g Group61594
f 1473 1469 1443 1467
g Group32941
f 2929 2943 2946 2928
g Group61594
f 1440 1462 1473 1472
g Group32941
f 2943 2924 2936 2946
g Group61594
f 1472 1473 1467 1453
g Group32941
f 2950 2949 2948 2947
g Group32944
f 1439 1441 2950 2947
f 1475 1439 2947 2948
g Group61594
f 1441 1439 1475 1474
g Group32941
f 2949 2929 2926 2948
g Group32944
f 1438 1475 2948 2926
g Group61594
f 1474 1475 1438 1440
g Group32941
f 2929 2949 2951 2945
g Group32944
f 1476 1451 2945 2951
g Group61594
f 1440 1451 1476 1474
g Group32941
f 2949 2950 2952 2951
g Group32944
f 1452 1476 2951 2952
f 1441 1452 2952 2950
g Group61594
f 1474 1476 1452 1441
g Group32941
f 2884 2883 2832 2833
g Group32944
f 1420 1351 2832 2883
g Group61594
f 1418 1350 1351 1420
g Group32941
f 2890 2884 2833 2859
g Group61594
f 1423 1385 1350 1418
g Group32941
f 2889 2890 2859 2860
g Group32944
f 1352 1419 2889 2860
g Group61594
f 1419 1352 1385 1423
g Group32941
f 2916 2917 2837 2834
g Group32944
f 1377 1448 2916 2834
g Group61594
f 1448 1377 1376 1446
g Group32941
f 2917 2941 2847 2837
g Group61594
f 1446 1376 1381 1470
g Group32941
f 2941 2942 2849 2847
g Group32944
f 1447 1378 2849 2942
g Group61594
f 1470 1381 1378 1447
g Group32941
f 2800 2799 2877 2878
g Group32944
f 1335 1396 2877 2799
g Group61594
f 1333 1395 1396 1335
g Group32941
f 2806 2800 2878 2900
g Group61594
f 1338 1426 1395 1333
g Group32941
f 2805 2806 2900 2901
g Group32944
f 1397 1334 2805 2901
g Group61594
f 1334 1397 1426 1338
g Group32941
f 2629 2630 2921 2918
g Group32944
f 1460 1161 2629 2918
g Group61594
f 1161 1460 1459 1159
g Group32941
f 2630 2650 2931 2921
g Group61594
f 1159 1459 1464 1179
g Group32941
f 2650 2651 2933 2931
g Group32944
f 1160 1461 2933 2651
g Group61594
f 1179 1464 1461 1160
g Group32941
f 2304 2303 2754 2755
g Group32944
f 839 1273 2754 2303
g Group61594
f 837 1272 1273 839
g Group32941
f 2310 2304 2755 2777
g Group61594
f 842 1303 1272 837
g Group32941
f 2309 2310 2777 2778
g Group32944
f 1274 838 2309 2778
g Group61594
f 838 1274 1303 842
g Group32941
f 1645 1646 2671 2668
g Group32944
f 1210 177 1645 2668
g Group61594
f 177 1210 1209 175
g Group32941
f 1646 1666 2681 2671
g Group61594
f 175 1209 1214 195
g Group32941
f 1666 1667 2683 2681
g Group32944
f 176 1211 2683 1667
g Group61594
f 195 1214 1211 176
g Group32941
f 2381 2382 1935 1934
g Group32944
f 470 900 2381 1934
g Group61594
f 900 470 468 899
g Group32941
f 2382 2404 1941 1935
g Group61594
f 899 468 473 930
g Group32941
f 2404 2405 1940 1941
g Group32944
f 901 469 1940 2405
g Group61594
f 930 473 469 901

 