# File exported by ZBrush version 2021
# www.zbrush.com
#Vertex Count 2432
#Face Count 2464
#Auto scale x=1.000000 y=1.000000 z=1.000000
#Auto offset x=0.000000 y=0.000000 z=0.000000
v 1.83432805 -2.60586595 0.0852455
v 1.82503402 -2.63736105 0.0852455
v 1.80789196 -2.5999732 0.0852455
v 1.79211795 -2.64193487 0.0852455
v 1.94237804 -2.50572729 0.0850825
v 2.00259208 -2.47831821 0.0851505
v 1.88509297 -2.54180097 0.0850135
v 1.875041 -2.52031707 0.0850385
v 2.11732292 -2.43229007 0.0853185
v 2.05468702 -2.43876314 0.0852485
v 1.99543595 -2.45672321 0.0851785
v 1.93320798 -2.48487329 0.0851085
v 2.12093305 -2.45726394 0.0852885
v 2.05984091 -2.46214294 0.0852195
v 1.83795595 -2.5575242 0.0851425
v 1.85683202 -2.57142496 0.08512949
v 2.19728207 -2.42319297 0.0852045
v 2.2016139 -2.44445896 0.0852375
v 2.16159391 -2.45416307 0.0852615
v 2.16588306 -2.42965507 0.0852605
v 2.20376896 -2.30948829 0.0852455
v 2.19917297 -2.3419981 0.0852455
v 2.1767559 -2.30752086 0.0852455
v 2.16727805 -2.35132694 0.0852455
v 2.17509388 -2.39288616 0.0852455
v 2.20740795 -2.3724389 0.0852455
v 2.20029902 -2.26113128 0.0851425
v 2.221004 -2.27213192 0.08512949
v 2.24324107 -2.43063783 0.0854735
v 2.23625993 -2.41013097 0.0853655
v 2.31055903 -2.39468812 0.0854985
v 2.29985094 -2.37448024 0.0854705
v 2.35162305 -2.36250686 0.0856625
v 2.33626103 -2.34556818 0.0856235
v 1.79078602 -2.75952386 0.0852455
v 1.80153894 -2.72796821 0.0852455
v 1.81762504 -2.7658472 0.0852455
v 1.83510303 -2.72339105 0.0852455
v 1.67014694 -2.85331106 0.0850825
v 1.60438501 -2.87280416 0.0851505
v 1.73356902 -2.8219881 0.0850135
v 1.74151003 -2.8443923 0.0850385
v 1.48038196 -2.89588403 0.0853185
v 1.54390096 -2.90296602 0.0852485
v 1.60750794 -2.8954463 0.0851785
v 1.67632198 -2.87530088 0.0851085
v 1.48275995 -2.87073898 0.0852885
v 1.54385101 -2.87889909 0.0852195
v 1.78378105 -2.80836391 0.0851425
v 1.76543498 -2.793581 0.08512949
v 1.40095198 -2.88402605 0.0852045
v 1.40238297 -2.86249828 0.0852375
v 1.44281697 -2.86386823 0.0852615
v 1.43263495 -2.88637399 0.0852605
v 1.36006104 -2.99078416 0.0852455
v 1.37530899 -2.96113014 0.0852455
v 1.38568997 -3.00096225 0.0852455
v 1.40918004 -2.96150827 0.0852455
v 1.41387105 -2.91929197 0.0852455
v 1.37688398 -2.92956829 0.0852455
v 1.34600198 -3.03807592 0.0851425
v 1.33001101 -3.02077484 0.08512949
v 1.35975396 -2.86344289 0.0854735
v 1.36060297 -2.88498306 0.0853655
v 1.28749001 -2.87507391 0.0854985
v 1.29100394 -2.89759492 0.0854705
v 1.24019098 -2.88981819 0.0856625
v 1.24835896 -2.91118001 0.0856235
v 1.83065903 -2.6735363 0.0852455
v 1.79565095 -2.68906784 0.0852455
v 2.25110888 -2.23341512 0.0850135
v 2.23429989 -2.21539115 0.0850385
v 2.365345 -2.34910488 0.0856625
v 2.3493309 -2.33279609 0.0856235
v 1.29597795 -3.04092693 0.0850415
v 1.30747294 -3.06220197 0.0850635
v 0.55646097 -3.12793302 0.0852455
v 0.58514899 -3.14390993 0.0852455
v 0.57121098 -3.10520887 0.0852455
v 0.61185199 -3.12412405 0.0852455
v 0.409206 -3.13209486 0.0850825
v 0.34702399 -3.15468883 0.0851505
v 0.47536099 -3.11773824 0.0850135
v 0.46749499 -3.09535789 0.0850385
v 0.232885 -3.20216083 0.0853185
v 0.28213399 -3.1629281 0.0852485
v 0.33700901 -3.13426208 0.0851785
v 0.401151 -3.11078786 0.0851085
v 0.247792 -3.22251701 0.0852885
v 0.29482099 -3.18322801 0.0852195
v 0.52002102 -3.09595108 0.0851425
v 0.51627802 -3.11909389 0.08512949
v 0.16942399 -3.25165319 0.0852045
v 0.181222 -3.26987314 0.0852375
v 0.21659 -3.24877309 0.0852615
v 0.196371 -3.23428106 0.0852605
v 0.08517599 -3.17502117 0.0852455
v 0.111224 -3.19501495 0.0852455
v 0.10308499 -3.1547079 0.0852455
v 0.140529 -3.17934227 0.0852455
v 0.164045 -3.21448707 0.0852455
v 0.12665699 -3.22251224 0.0852455
v 0.05379499 -3.13806819 0.0851425
v 0.046712 -3.16041612 0.08512949
v 0.14182899 -3.289155 0.0854735
v 0.13244999 -3.26962184 0.0853655
v 0.06859199 -3.31062221 0.0854985
v 0.062091 -3.2887001 0.0854705
v 0.01674499 -3.31640005 0.0856625
v 0.015849 -3.29354715 0.0856235
v 0.69514197 -3.20714187 0.0852455
v 0.66536402 -3.19213295 0.0852455
v 0.68041002 -3.2304511 0.0852455
v 0.63820302 -3.21236991 0.0852455
v 0.84694302 -3.18962907 0.0850825
v 0.90753597 -3.15748786 0.0851505
v 0.77973198 -3.21167421 0.0850135
v 0.78974598 -3.2332282 0.0850385
v 1.01223099 -3.08714819 0.0853185
v 0.971843 -3.13667392 0.0852485
v 0.921166 -3.175848 0.0851785
v 0.85793298 -3.20964908 0.0851085
v 0.99292498 -3.07085609 0.0852885
v 0.95502501 -3.11946392 0.0852195
v 0.73434197 -3.23710584 0.0851425
v 0.73708897 -3.21370315 0.08512949
v 1.06063604 -3.02305889 0.0852045
v 1.04453504 -3.00868606 0.0852375
v 1.01663494 -3.03798103 0.0852615
v 1.03965795 -3.04691505 0.0852605
v 1.16458094 -3.07064819 0.0852455
v 1.13293099 -3.06015014 0.0852455
v 1.153409 -3.09585905 0.0852455
v 1.10901701 -3.08413505 0.0852455
v 1.07610499 -3.0572853 0.0852455
v 1.10970604 -3.03871583 0.0852455
v 1.20773494 -3.09456729 0.0851425
v 1.20703494 -3.07101488 0.08512949
v 1.075634 -2.97951984 0.0854735
v 1.09011304 -2.99549102 0.0853655
v 1.13537097 -2.93721294 0.0854985
v 1.148633 -2.9557619 0.0854705
v 1.21997797 -2.9229803 0.0856235
v 1.21058094 -2.90207815 0.0856635
v 1.17946505 -2.91462993 0.0856625
v 1.188591 -2.93559789 0.0856235
v 0.60646301 -3.17367029 0.0852455
v 0.64233297 -3.16024303 0.0852455
v 1.28154897 -3.07535028 0.0850385
v 1.27222204 -3.0525403 0.0850135
v 1.24544405 -3.06156921 0.0850415
v 1.25213694 -3.0848093 0.0850635
v 3.17634606 -0.55543905 0.0852455
v 3.19179701 -0.58441609 0.0852455
v 3.15336608 -0.56976807 0.0852455
v 3.17153096 -0.61074405 0.0852455
v 3.18320298 -0.40828508 0.0850825
v 3.20692896 -0.34652808 0.0851505
v 3.16763997 -0.47416508 0.0850135
v 3.14541101 -0.46589806 0.0850385
v 3.25647997 -0.23327407 0.0853185
v 3.21634793 -0.28179708 0.0852485
v 3.18668198 -0.33613506 0.0851785
v 3.1620481 -0.39983907 0.0851085
v 3.27655696 -0.24854607 0.0852885
v 3.23641109 -0.29485407 0.0852195
v 3.14504289 -0.51842308 0.0851425
v 3.16824889 -0.51510107 0.08512949
v 3.30711889 -0.17072407 0.0852045
v 3.32511496 -0.18285507 0.0852375
v 3.30338096 -0.21783107 0.0852615
v 3.28926301 -0.19735007 0.0852605
v 3.23203396 -0.08509807 0.0852455
v 3.25155091 -0.11150207 0.0852455
v 3.21139407 -0.10262807 0.0852455
v 3.23534488 -0.14051407 0.0852455
v 3.27005195 -0.16466806 0.0852455
v 3.2787621 -0.12743507 0.0852455
v 3.19566488 -0.05304307 0.0851425
v 3.21813511 -0.04637107 0.08512949
v 3.3451159 -0.14381907 0.0854735
v 3.32575798 -0.13408806 0.0853655
v 3.36791896 -0.07098607 0.0854985
v 3.34611892 -0.06409007 0.0854705
v 3.37464189 -0.01925307 0.0856625
v 3.35181307 -0.01794207 0.0856235
v 3.25301694 -0.69554305 0.0852455
v 3.23855805 -0.66549408 0.0852455
v 3.27659201 -0.68124008 0.0852455
v 3.25929093 -0.6387071 0.0852455
v 3.23273491 -0.84700208 0.0850825
v 3.19949698 -0.90699404 0.0851505
v 3.25600409 -0.78019809 0.0850135
v 3.27736997 -0.79060506 0.0850385
v 3.127254 -1.0103861 0.0853185
v 3.17751503 -0.97091209 0.0852485
v 3.21760201 -0.92095404 0.0851785
v 3.25255394 -0.85835307 0.0851085
v 3.11131811 -0.99078607 0.0852885
v 3.1606071 -0.95377409 0.0852195
v 3.28226089 -0.73528605 0.0851425
v 3.25881505 -0.7376011 0.08512949
v 3.062294 -1.05761611 0.0852045
v 3.04821705 -1.04124808 0.0852375
v 3.07802104 -1.01389205 0.0852615
v 3.08653211 -1.0370711 0.0852605
v 3.10797596 -1.16241407 0.0852455
v 3.09805703 -1.13057112 0.0852455
v 3.13338494 -1.15170204 0.0852455
v 3.12247896 -1.10710203 0.0852455
v 3.09622788 -1.07370507 0.0852455
v 3.07705593 -1.10696506 0.0852455
v 3.13110208 -1.20599305 0.0851425
v 3.10756897 -1.20486712 0.08512949
v 3.01848411 -1.07181704 0.0854735
v 3.03419089 -1.08658301 0.0853655
v 2.97510409 -1.13076901 0.0854985
v 2.99340105 -1.14437103 0.0854705
v 2.95171189 -1.17444109 0.0856625
v 2.97251009 -1.18395304 0.0856235
v 3.22116804 -0.60626208 0.0852455
v 3.20709204 -0.64188706 0.0852455
v 3.09742903 -1.24309504 0.0850415
v 3.12054204 -1.25021004 0.0850635
v 2.6310451 -1.82356202 0.0852455
v 2.66270303 -1.81485104 0.0852455
v 2.62563896 -1.79702103 0.0852455
v 2.6678791 -1.78201603 0.0852455
v 2.52895593 -1.92976713 0.0850825
v 2.50044989 -1.98946702 0.0851505
v 2.56606698 -1.8731451 0.0850135
v 2.54477 -1.86271011 0.0850385
v 2.45233607 -2.10334205 0.0853185
v 2.45994997 -2.04083585 0.0852485
v 2.47898602 -1.98191607 0.0851785
v 2.50827598 -1.92021107 0.0851085
v 2.47723698 -2.10740613 0.0852885
v 2.48322796 -2.04641389 0.0852195
v 2.58264303 -1.82630705 0.0851425
v 2.59619689 -1.84543407 0.08512949
v 2.44177699 -2.18312025 0.0852045
v 2.46295809 -2.18783903 0.0852375
v 2.47339201 -2.1480031 0.0852615
v 2.44881701 -2.15184688 0.0852605
v 2.32797193 -2.18753099 0.0852455
v 2.36056494 -2.18352985 0.0852455
v 2.32649993 -2.16049003 0.0852455
v 2.37047505 -2.15180921 0.0852455
v 2.41188311 -2.16038322 0.0852455
v 2.39084601 -2.1923232 0.0852455
v 2.27969098 -2.18317699 0.0851425
v 2.29030394 -2.20408487 0.08512949
v 2.448385 -2.22920703 0.0854735
v 2.42800307 -2.2218523 0.0853655
v 2.41120791 -2.29585313 0.0854985
v 2.39120411 -2.28478097 0.0854705
v 2.37828493 -2.33632326 0.0856625
v 2.36162591 -2.32066297 0.0856235
v 2.78547596 -1.78283202 0.0852455
v 2.75371909 -1.79301405 0.0852455
v 2.79130911 -1.8097831 0.0852455
v 2.74853992 -1.82648205 0.0852455
v 2.88144898 -1.66392612 0.0850825
v 2.90213108 -1.59853112 0.0851505
v 2.84897589 -1.72676801 0.0850135
v 2.87122511 -1.73510706 0.0850385
v 2.92747902 -1.4749701 0.0853185
v 2.93340206 -1.5386101 0.0852485
v 2.92472004 -1.60206711 0.0851785
v 2.90332388 -1.67050206 0.0851085
v 2.90229296 -1.47688603 0.0852885
v 2.90933895 -1.53811609 0.0852195
v 2.83443594 -1.77671909 0.0851425
v 2.81999111 -1.75810003 0.08512949
v 2.91707301 -1.39533305 0.0852045
v 2.89551401 -1.39637208 0.0852375
v 2.89615893 -1.43682611 0.0852615
v 2.91883897 -1.42705512 0.0852605
v 3.02455806 -1.35639703 0.0852455
v 2.9946289 -1.37110507 0.0852455
v 3.03426289 -1.38221311 0.0852455
v 2.99439191 -1.40497708 0.0852455
v 2.95209503 -1.40889406 0.0852455
v 2.96304106 -1.3720951 0.0852455
v 3.07210111 -1.34320807 0.0851425
v 3.05509305 -1.32690608 0.08512949
v 2.89724111 -1.35376811 0.0854735
v 2.91876602 -1.35500907 0.0853655
v 2.9101901 -1.28172707 0.0854985
v 2.93264699 -1.28565609 0.0854705
v 2.96054101 -1.21225702 0.0856235
v 2.93919301 -1.20394003 0.0856635
v 2.92579889 -1.23470807 0.0856625
v 2.94700694 -1.24326312 0.0856235
v 2.69876909 -1.82113111 0.0852455
v 2.71493792 -1.78640806 0.0852455
v 3.1112709 -1.27775609 0.0850385
v 3.0886259 -1.26802909 0.0850135
v 3.07586503 -1.29324507 0.0850415
v 3.09692692 -1.30512511 0.0850635
v -2.63104391 -1.82356202 0.0852455
v -2.66270303 -1.81485104 0.0852455
v -2.625638 -1.79702103 0.0852455
v -2.667876 -1.78201603 0.0852455
v -2.52895498 -1.92976713 0.0850825
v -2.50044894 -1.98946702 0.0851505
v -2.56606507 -1.87314713 0.0850135
v -2.54476904 -1.86271011 0.0850385
v -2.45233488 -2.10334205 0.0853185
v -2.45994901 -2.04083585 0.0852485
v -2.47898411 -1.98191905 0.0851785
v -2.50827503 -1.92021405 0.0851085
v -2.47723603 -2.10740613 0.0852885
v -2.48322606 -2.04641389 0.0852195
v -2.58264088 -1.82630705 0.0851425
v -2.59619689 -1.84543407 0.08512949
v -2.44177389 -2.18312025 0.0852045
v -2.4629569 -2.18783903 0.0852375
v -2.4733901 -2.1480031 0.0852615
v -2.4488151 -2.15185022 0.0852605
v -2.32797002 -2.18753385 0.0852455
v -2.36056208 -2.18352985 0.0852455
v -2.32649898 -2.16049003 0.0852455
v -2.3704741 -2.15180921 0.0852455
v -2.41188001 -2.16038322 0.0852455
v -2.3908441 -2.1923232 0.0852455
v -2.27968788 -2.18317699 0.0851425
v -2.29030394 -2.20408487 0.08512949
v -2.44838309 -2.22920894 0.0854735
v -2.42800211 -2.22185707 0.0853655
v -2.411206 -2.29585313 0.0854985
v -2.39120292 -2.28478097 0.0854705
v -2.37828397 -2.33632326 0.0856625
v -2.36162495 -2.32066297 0.0856235
v -2.78547501 -1.78283608 0.0852455
v -2.75371789 -1.79301405 0.0852455
v -2.79130911 -1.8097831 0.0852455
v -2.74853897 -1.82648205 0.0852455
v -2.88144898 -1.66392612 0.0850825
v -2.90212988 -1.59853112 0.0851505
v -2.84897494 -1.72676801 0.0850135
v -2.87122392 -1.73511302 0.0850385
v -2.92747807 -1.4749701 0.0853185
v -2.93339991 -1.5386101 0.0852485
v -2.92471909 -1.60206711 0.0851785
v -2.90332388 -1.67050206 0.0851085
v -2.90229201 -1.47688806 0.0852885
v -2.90933799 -1.53811812 0.0852195
v -2.83443498 -1.77671909 0.0851425
v -2.81998896 -1.75811004 0.08512949
v -2.91707205 -1.3953371 0.0852045
v -2.8955121 -1.39637911 0.0852375
v -2.89615798 -1.43682611 0.0852615
v -2.91883802 -1.42705702 0.0852605
v -3.02455711 -1.35639703 0.0852455
v -2.99462699 -1.3711071 0.0852455
v -3.03426289 -1.38221311 0.0852455
v -2.99439001 -1.40497708 0.0852455
v -2.95209503 -1.40889406 0.0852455
v -2.96304106 -1.37209701 0.0852455
v -3.07209801 -1.34320807 0.0851425
v -3.05509209 -1.32690608 0.08512949
v -2.89724111 -1.35376811 0.0854735
v -2.91876506 -1.35501408 0.0853655
v -2.91018891 -1.28173208 0.0854985
v -2.93264508 -1.28565812 0.0854705
v -2.92579793 -1.23470807 0.0856625
v -2.94700503 -1.24326503 0.0856235
v -2.6987679 -1.82113111 0.0852455
v -2.71493601 -1.78640806 0.0852455
v -2.2510519 -2.23348283 0.0850135
v -2.23332905 -2.21633625 0.0850385
v -2.36463093 -2.34980821 0.0856625
v -2.34862208 -2.33349227 0.0856235
v -3.07586288 -1.2932471 0.0850415
v -3.09692692 -1.30512511 0.0850635
v -3.17634606 -0.55543905 0.0852455
v -3.19179606 -0.58441609 0.0852455
v -3.15336608 -0.56976807 0.0852455
v -3.17153096 -0.61074405 0.0852455
v -3.18320298 -0.40828508 0.0850825
v -3.20692896 -0.34652808 0.0851505
v -3.16763997 -0.47416508 0.0850135
v -3.14541101 -0.46589806 0.0850385
v -3.25647902 -0.23327407 0.0853185
v -3.21634793 -0.28179708 0.0852485
v -3.18668198 -0.33613506 0.0851785
v -3.1620469 -0.39983907 0.0851085
v -3.27655696 -0.24854607 0.0852885
v -3.23641109 -0.29485407 0.0852195
v -3.14504289 -0.51842308 0.0851425
v -3.16824889 -0.51510107 0.08512949
v -3.30711889 -0.17072407 0.0852045
v -3.32511496 -0.18285307 0.0852375
v -3.30338001 -0.21783107 0.0852615
v -3.28926301 -0.19735007 0.0852605
v -3.23203396 -0.08509307 0.0852455
v -3.25154995 -0.11150207 0.0852455
v -3.21139407 -0.10262807 0.0852455
v -3.23534488 -0.14051407 0.0852455
v -3.27005195 -0.16466806 0.0852455
v -3.2787621 -0.12743507 0.0852455
v -3.19566392 -0.05304307 0.0851425
v -3.21813511 -0.04637107 0.08512949
v -3.34511494 -0.14381907 0.0854735
v -3.32575798 -0.13408806 0.0853655
v -3.36791896 -0.07098607 0.0854985
v -3.34611892 -0.06409007 0.0854705
v -3.37464189 -0.01925307 0.0856625
v -3.35181307 -0.01794207 0.0856235
v -3.25301694 -0.69554305 0.0852455
v -3.2385571 -0.66549408 0.0852455
v -3.2765901 -0.68124008 0.0852455
v -3.25928998 -0.63871204 0.0852455
v -3.23273491 -0.84700208 0.0850825
v -3.19949388 -0.90699607 0.0851505
v -3.2560029 -0.78019809 0.0850135
v -3.27736902 -0.79060804 0.0850385
v -3.12725305 -1.01038801 0.0853185
v -3.17751288 -0.97091507 0.0852485
v -3.21760106 -0.92095607 0.0851785
v -3.25255394 -0.85835307 0.0851085
v -3.11131691 -0.99078905 0.0852885
v -3.1606071 -0.95377707 0.0852195
v -3.28225994 -0.73528605 0.0851425
v -3.2588129 -0.7376011 0.08512949
v -3.06229305 -1.05761611 0.0852045
v -3.04821705 -1.04124808 0.0852375
v -3.07802104 -1.01389205 0.0852615
v -3.08653211 -1.03707301 0.0852605
v -3.107975 -1.16241407 0.0852455
v -3.09805703 -1.1305741 0.0852455
v -3.13338398 -1.15170204 0.0852455
v -3.12247896 -1.10710609 0.0852455
v -3.09622693 -1.07370507 0.0852455
v -3.07705497 -1.10696506 0.0852455
v -3.13110089 -1.20599305 0.0851425
v -3.10756802 -1.20486712 0.08512949
v -3.01848292 -1.07182204 0.0854735
v -3.03418993 -1.08658802 0.0853655
v -2.9751029 -1.13076901 0.0854985
v -2.99340105 -1.14437103 0.0854705
v -2.95931506 -1.21510303 0.0856235
v -2.93859791 -1.20533204 0.0856635
v -2.95171189 -1.17444407 0.0856625
v -2.9725089 -1.18395304 0.0856235
v -3.22116804 -0.60626506 0.0852455
v -3.20709204 -0.64188706 0.0852455
v -3.11054492 -1.27945208 0.0850385
v -3.08790803 -1.26970911 0.0850135
v -3.09742808 -1.24309909 0.0850415
v -3.12054109 -1.25021803 0.0850635
v -0.55645799 -3.12793302 0.0852455
v -0.58514702 -3.14390993 0.0852455
v -0.57120901 -3.10520887 0.0852455
v -0.61184901 -3.12412405 0.0852455
v -0.40920299 -3.13209486 0.0850825
v -0.34702199 -3.15468883 0.0851505
v -0.47536 -3.11773824 0.0850135
v -0.46749299 -3.09535789 0.0850385
v -0.232883 -3.20216083 0.0853185
v -0.28213098 -3.1629281 0.0852485
v -0.337006 -3.13426208 0.0851785
v -0.401149 -3.11078786 0.0851085
v -0.24778999 -3.22251701 0.0852885
v -0.29482001 -3.18322801 0.0852195
v -0.52001899 -3.09595108 0.0851425
v -0.516276 -3.11909389 0.08512949
v -0.16942299 -3.25165319 0.0852045
v -0.18121999 -3.26987314 0.0852375
v -0.21658599 -3.24877309 0.0852615
v -0.196369 -3.23428106 0.0852605
v -0.085174 -3.17502117 0.0852455
v -0.11122199 -3.19501495 0.0852455
v -0.10308399 -3.1547079 0.0852455
v -0.14052699 -3.17934227 0.0852455
v -0.16404399 -3.21448707 0.0852455
v -0.12665499 -3.22251224 0.0852455
v -0.053794 -3.13806819 0.0851425
v -0.046711 -3.16041612 0.08512949
v -0.141827 -3.289155 0.0854735
v -0.132448 -3.26962184 0.0853655
v -0.06859099 -3.31062221 0.0854985
v -0.062089 -3.2887001 0.0854705
v -0.016742 -3.31640529 0.0856625
v -0.015848 -3.29354715 0.0856235
v -0.69514 -3.20714187 0.0852455
v -0.665362 -3.19213295 0.0852455
v -0.680408 -3.2304511 0.0852455
v -0.63820201 -3.21237516 0.0852455
v -0.84694099 -3.18962907 0.0850825
v -0.90753501 -3.15748786 0.0851505
v -0.779729 -3.21167707 0.0850135
v -0.78974497 -3.2332282 0.0850385
v -1.01222896 -3.08715105 0.0853185
v -0.97184097 -3.13667821 0.0852485
v -0.92116397 -3.175848 0.0851785
v -0.85793101 -3.20964908 0.0851085
v -0.99292397 -3.07085609 0.0852885
v -0.955024 -3.11946392 0.0852195
v -0.73433899 -3.23710584 0.0851425
v -0.73708701 -3.21370506 0.08512949
v -1.06063294 -3.02305889 0.0852045
v -1.04453301 -3.00868606 0.0852375
v -1.01663303 -3.03798103 0.0852615
v -1.03965699 -3.04691505 0.0852605
v -1.16457903 -3.07064819 0.0852455
v -1.13292801 -3.06015396 0.0852455
v -1.15340697 -3.09585905 0.0852455
v -1.10901403 -3.08413505 0.0852455
v -1.07610297 -3.0572853 0.0852455
v -1.10970401 -3.03871583 0.0852455
v -1.20773303 -3.09456729 0.0851425
v -1.20703303 -3.07101488 0.08512949
v -1.07563197 -2.97951984 0.0854735
v -1.09010994 -2.99549102 0.0853655
v -1.13536799 -2.93721294 0.0854985
v -1.14863205 -2.9557619 0.0854705
v -1.17946195 -2.91462993 0.0856625
v -1.18858802 -2.93559789 0.0856235
v -0.606462 -3.17367029 0.0852455
v -0.642331 -3.16024303 0.0852455
v 0.001886 -3.15386104 0.0850135
v 0.002513 -3.1292181 0.0850385
v 0.002441 -3.31644821 0.0856625
v 0.002424 -3.29359197 0.0856235
v -1.24544203 -3.06157589 0.0850415
v -1.25213503 -3.0848093 0.0850635
v -1.83432698 -2.60586595 0.0852455
v -1.82503199 -2.63736391 0.0852455
v -1.80789005 -2.5999732 0.0852455
v -1.792117 -2.6419363 0.0852455
v -1.94237601 -2.50573015 0.0850825
v -2.00258898 -2.47832298 0.0851505
v -1.88509094 -2.54180097 0.0850135
v -1.87504005 -2.52031898 0.0850385
v -2.11732006 -2.43229389 0.0853185
v -2.05468511 -2.43876314 0.0852485
v -1.99543404 -2.45672321 0.0851785
v -1.93320703 -2.48487997 0.0851085
v -2.12092995 -2.45726394 0.0852885
v -2.05983996 -2.46214294 0.0852195
v -1.83795404 -2.5575242 0.0851425
v -1.85683095 -2.5714302 0.08512949
v -2.19727993 -2.42319297 0.0852045
v -2.20161294 -2.4444642 0.0852375
v -2.161592 -2.45416307 0.0852615
v -2.16588211 -2.42965507 0.0852605
v -2.20376801 -2.30948829 0.0852455
v -2.19917202 -2.3419981 0.0852455
v -2.17675495 -2.30752086 0.0852455
v -2.16727709 -2.35132885 0.0852455
v -2.17509388 -2.39288616 0.0852455
v -2.20740795 -2.37244415 0.0852455
v -2.20029711 -2.26113128 0.0851425
v -2.2210021 -2.27213192 0.08512949
v -2.24323892 -2.43064308 0.0854735
v -2.23625803 -2.41013097 0.0853655
v -2.31055903 -2.39468812 0.0854985
v -2.29984998 -2.37448024 0.0854705
v -2.3516221 -2.36250686 0.0856625
v -2.33625793 -2.34556818 0.0856235
v -1.79078495 -2.75952625 0.0852455
v -1.80153799 -2.72796821 0.0852455
v -1.81762301 -2.7658472 0.0852455
v -1.835101 -2.72339105 0.0852455
v -1.67014503 -2.85331726 0.0850825
v -1.60438203 -2.87280416 0.0851505
v -1.73356699 -2.8219881 0.0850135
v -1.741508 -2.8443923 0.0850385
v -1.48038005 -2.89589023 0.0853185
v -1.54390001 -2.90296602 0.0852485
v -1.60750603 -2.8954463 0.0851785
v -1.67631995 -2.87530326 0.0851085
v -1.48275804 -2.87073898 0.0852885
v -1.54384994 -2.87889909 0.0852195
v -1.78377997 -2.80836391 0.0851425
v -1.76543295 -2.79358291 0.08512949
v -1.40094995 -2.88402605 0.0852045
v -1.40238094 -2.86249828 0.0852375
v -1.44281494 -2.86386823 0.0852615
v -1.43263196 -2.88637399 0.0852605
v -1.36005997 -2.99078416 0.0852455
v -1.37530601 -2.96113014 0.0852455
v -1.38568902 -3.00096225 0.0852455
v -1.40917801 -2.96150827 0.0852455
v -1.41386902 -2.91929388 0.0852455
v -1.37688195 -2.92956829 0.0852455
v -1.34599995 -3.03807592 0.0851425
v -1.33001005 -3.02077484 0.08512949
v -1.35975205 -2.86344289 0.0854735
v -1.36060094 -2.88498306 0.0853655
v -1.28748798 -2.87507391 0.0854985
v -1.29100203 -2.89759492 0.0854705
v -1.21710896 -2.92414712 0.0856235
v -1.20918798 -2.90265417 0.0856635
v -1.24018895 -2.88982391 0.0856625
v -1.24835503 -2.91118001 0.0856235
v -1.830657 -2.6735363 0.0852455
v -1.79564905 -2.68906784 0.0852455
v -1.27984798 -3.07604408 0.0850385
v -1.27053403 -3.05322504 0.0850135
v -1.29597497 -3.04092693 0.0850415
v -1.30746996 -3.06220197 0.0850635
v 1.83432805 2.60587787 0.0852455
v 1.82503402 2.63737297 0.0852455
v 1.80789196 2.59998607 0.0852455
v 1.79211795 2.64194679 0.0852455
v 1.94237804 2.50573873 0.0850825
v 2.00259208 2.47833395 0.0851505
v 1.88509297 2.54181289 0.0850135
v 1.875041 2.52032899 0.0850385
v 2.11732292 2.43230199 0.0853185
v 2.05468702 2.4387741 0.0852485
v 1.99543595 2.45673513 0.0851785
v 1.93320798 2.48488473 0.0851085
v 2.12093305 2.45727586 0.0852885
v 2.05984091 2.46215009 0.0852195
v 1.83795595 2.55753278 0.0851425
v 1.85683202 2.57143592 0.08512949
v 2.19728207 2.42320585 0.0852045
v 2.2016139 2.44446802 0.0852375
v 2.16159391 2.45416879 0.0852615
v 2.16588306 2.42966604 0.0852605
v 2.20376896 2.30950069 0.0852455
v 2.19917297 2.34201002 0.0852455
v 2.1767559 2.30753183 0.0852455
v 2.16727805 2.35133886 0.0852455
v 2.17509388 2.39289903 0.0852455
v 2.20740795 2.37245082 0.0852455
v 2.20029902 2.26114416 0.0851425
v 2.221004 2.27214193 0.08512949
v 2.24324107 2.43064975 0.0854735
v 2.23625993 2.41014289 0.0853655
v 2.31055903 2.39469909 0.0854985
v 2.29985094 2.37449169 0.0854705
v 2.35162305 2.36251783 0.0856625
v 2.33626103 2.34557485 0.0856235
v 1.79078602 2.75953769 0.0852455
v 1.80153894 2.72797203 0.0852455
v 1.81762504 2.76586008 0.0852455
v 1.83510303 2.72340202 0.0852455
v 1.67014694 2.85332202 0.0850825
v 1.60438501 2.87280988 0.0851505
v 1.73356902 2.82199907 0.0850135
v 1.74151003 2.84440374 0.0850385
v 1.48038196 2.89589405 0.0853185
v 1.54390096 2.90297794 0.0852485
v 1.60750794 2.89546012 0.0851785
v 1.67632198 2.87531471 0.0851085
v 1.48275995 2.8707509 0.0852885
v 1.54385101 2.87891101 0.0852195
v 1.78378105 2.80837678 0.0851425
v 1.76543498 2.79359006 0.08512949
v 1.40095198 2.88403797 0.0852045
v 1.40238297 2.86250972 0.0852375
v 1.44281697 2.86388015 0.0852615
v 1.43263495 2.88638305 0.0852605
v 1.36006104 2.99079704 0.0852455
v 1.37530899 2.96114206 0.0852455
v 1.38568997 3.00097703 0.0852455
v 1.40918004 2.96151781 0.0852455
v 1.41387105 2.91930294 0.0852455
v 1.37688398 2.92957973 0.0852455
v 1.34600198 3.03808784 0.0851425
v 1.33001101 3.02078676 0.08512949
v 1.35975396 2.86345481 0.0854735
v 1.36060297 2.88499689 0.0853655
v 1.28749001 2.87507772 0.0854985
v 1.29100394 2.89761304 0.0854705
v 1.24019098 2.88983106 0.0856625
v 1.24835896 2.91119003 0.0856235
v 1.83065903 2.67354774 0.0852455
v 1.79565095 2.6890788 0.0852455
v 2.25110888 2.23342609 0.0850135
v 2.23429989 2.21540212 0.0850385
v 2.365345 2.34911584 0.0856625
v 2.3493309 2.33280611 0.0856235
v 1.29597795 3.0409398 0.0850415
v 1.30747294 3.06221771 0.0850635
v 0.55646097 3.12794113 0.0852455
v 0.58514899 3.1439147 0.0852455
v 0.57121098 3.10522174 0.0852455
v 0.61185199 3.12412881 0.0852455
v 0.409206 3.13210773 0.0850825
v 0.34702399 3.1546998 0.0851505
v 0.47536099 3.11774969 0.0850135
v 0.46749499 3.09536981 0.0850385
v 0.232885 3.202178 0.0853185
v 0.28213399 3.16293811 0.0852485
v 0.33700901 3.134274 0.0851785
v 0.401151 3.11080408 0.0851085
v 0.247792 3.22252368 0.0852885
v 0.29482099 3.18323278 0.0852195
v 0.52002102 3.09596395 0.0851425
v 0.51627802 3.11910677 0.08512949
v 0.16942399 3.25166511 0.0852045
v 0.181222 3.2698841 0.0852375
v 0.21659 3.24878501 0.0852615
v 0.196371 3.23429489 0.0852605
v 0.08517599 3.17503595 0.0852455
v 0.111224 3.19502687 0.0852455
v 0.10308499 3.15471506 0.0852455
v 0.140529 3.17935371 0.0852455
v 0.164045 3.21449899 0.0852455
v 0.12665699 3.22252368 0.0852455
v 0.05379499 3.13808012 0.0851425
v 0.046712 3.16042709 0.08512949
v 0.14182899 3.28916502 0.0854735
v 0.13244999 3.26963377 0.0853655
v 0.06859199 3.31063509 0.0854985
v 0.062091 3.28871202 0.0854705
v 0.01674499 3.31641769 0.0856625
v 0.015849 3.29356002 0.0856235
v 0.69514197 3.2071557 0.0852455
v 0.66536402 3.19214487 0.0852455
v 0.68041002 3.23045969 0.0852455
v 0.63820302 3.21238994 0.0852455
v 0.84694302 3.18964004 0.0850825
v 0.90753597 3.15750074 0.0851505
v 0.77973198 3.2116847 0.0850135
v 0.78974598 3.23323774 0.0850385
v 1.01223099 3.08716297 0.0853185
v 0.971843 3.13669109 0.0852485
v 0.921166 3.17585992 0.0851785
v 0.85793298 3.20966196 0.0851085
v 0.99292498 3.07086801 0.0852885
v 0.95502501 3.11947488 0.0852195
v 0.73434197 3.23711395 0.0851425
v 0.73708897 3.21371698 0.08512949
v 1.06063604 3.02307081 0.0852045
v 1.04453504 3.00869703 0.0852375
v 1.01663494 3.03799295 0.0852615
v 1.03965795 3.04692602 0.0852605
v 1.16458094 3.07065486 0.0852455
v 1.13293099 3.06015586 0.0852455
v 1.153409 3.09587097 0.0852455
v 1.10901701 3.08414602 0.0852455
v 1.07610499 3.05729675 0.0852455
v 1.10970604 3.03873491 0.0852455
v 1.20773494 3.09457778 0.0851425
v 1.20703494 3.07102489 0.08512949
v 1.075634 2.97953081 0.0854735
v 1.09011304 2.99550294 0.0853655
v 1.13537097 2.93723011 0.0854985
v 1.148633 2.9557681 0.0854705
v 1.21997797 2.92298889 0.0856235
v 1.21058094 2.90208911 0.0856635
v 1.17946505 2.91464185 0.0856625
v 1.188591 2.93560791 0.0856235
v 0.60646301 3.17368078 0.0852455
v 0.64233297 3.16025495 0.0852455
v 1.28154897 3.07536172 0.0850385
v 1.27222204 3.05255079 0.0850135
v 1.24544405 3.06158781 0.0850415
v 1.25213694 3.0848217 0.0850635
v 3.17634606 0.55545091 0.0852455
v 3.19179701 0.58442592 0.0852455
v 3.15336608 0.56977993 0.0852455
v 3.17153096 0.61075592 0.0852455
v 3.18320298 0.40829691 0.0850825
v 3.20692896 0.34653991 0.0851505
v 3.16763997 0.47417691 0.0850135
v 3.14541101 0.46590992 0.0850385
v 3.25647997 0.23328693 0.0853185
v 3.21634793 0.28180593 0.0852485
v 3.18668198 0.33614692 0.0851785
v 3.1620481 0.39985093 0.0851085
v 3.27655696 0.24855792 0.0852885
v 3.23641109 0.29486393 0.0852195
v 3.14504289 0.51843494 0.0851425
v 3.16824889 0.51511293 0.08512949
v 3.30711889 0.17073592 0.0852045
v 3.32511496 0.18286693 0.0852375
v 3.30338096 0.21784292 0.0852615
v 3.28926301 0.19736193 0.0852605
v 3.23203396 0.08510992 0.0852455
v 3.25155091 0.11151392 0.0852455
v 3.21139407 0.10263992 0.0852455
v 3.23534488 0.14052592 0.0852455
v 3.27005195 0.16468092 0.0852455
v 3.2787621 0.12744692 0.0852455
v 3.19566488 0.05305492 0.0851425
v 3.21813511 0.04638292 0.08512949
v 3.3451159 0.14382892 0.0854735
v 3.32575798 0.13409993 0.0853655
v 3.36791896 0.07099792 0.0854985
v 3.34611892 0.06410192 0.0854705
v 3.37464189 0.01926592 0.0856625
v 3.35181307 0.01795392 0.0856235
v 3.25301694 0.69555491 0.0852455
v 3.23855805 0.66550594 0.0852455
v 3.27659201 0.68125194 0.0852455
v 3.25929093 0.63871693 0.0852455
v 3.23273491 0.84701293 0.0850825
v 3.19949698 0.9070059 0.0851505
v 3.25600409 0.78020989 0.0850135
v 3.27736997 0.79061693 0.0850385
v 3.127254 1.01039493 0.0853185
v 3.17751503 0.97092193 0.0852485
v 3.21760201 0.92096591 0.0851785
v 3.25255394 0.85836494 0.0851085
v 3.11131811 0.99079793 0.0852885
v 3.1606071 0.95378595 0.0852195
v 3.28226089 0.73529493 0.0851425
v 3.25881505 0.73760891 0.08512949
v 3.062294 1.05762696 0.0852045
v 3.04821705 1.04125988 0.0852375
v 3.07802104 1.01390397 0.0852615
v 3.08653211 1.03708088 0.0852605
v 3.10797596 1.16242587 0.0852455
v 3.09805703 1.13058292 0.0852455
v 3.13338494 1.15171396 0.0852455
v 3.12247896 1.10711193 0.0852455
v 3.09622788 1.07371687 0.0852455
v 3.07705593 1.10697698 0.0852455
v 3.13110208 1.20600497 0.0851425
v 3.10756897 1.20487797 0.08512949
v 3.01848411 1.07182896 0.0854735
v 3.03419089 1.08659493 0.0853655
v 2.97510409 1.13077688 0.0854985
v 2.99340105 1.14438295 0.0854705
v 2.95171189 1.1744529 0.0856625
v 2.97251009 1.18396496 0.0856235
v 3.22116804 0.60627394 0.0852455
v 3.20709204 0.64189893 0.0852455
v 3.2124679 -0.00232607 0.0850135
v 3.18783998 -0.00340107 0.0850385
v 3.3750329 0.00008892 0.0856625
v 3.3521831 -0.00031507 0.0856235
v 3.09742903 1.24310195 0.0850415
v 3.12054204 1.25022292 0.0850635
v 2.6310451 1.82357394 0.0852455
v 2.66270303 1.81485796 0.0852455
v 2.62563896 1.79703295 0.0852455
v 2.6678791 1.78202796 0.0852455
v 2.52895593 1.92977488 0.0850825
v 2.50044989 1.98947894 0.0851505
v 2.56606698 1.87315595 0.0850135
v 2.54477 1.86272096 0.0850385
v 2.45233607 2.10335397 0.0853185
v 2.45994997 2.04084777 0.0852485
v 2.47898602 1.98192787 0.0851785
v 2.50827598 1.92022597 0.0851085
v 2.47723698 2.1074171 0.0852885
v 2.48322796 2.04642486 0.0852195
v 2.58264303 1.82631897 0.0851425
v 2.59619689 1.84544396 0.08512949
v 2.44177699 2.18312978 0.0852045
v 2.46295809 2.18784999 0.0852375
v 2.47339201 2.14801597 0.0852615
v 2.44881701 2.15185213 0.0852605
v 2.32797193 2.187541 0.0852455
v 2.36056494 2.18354082 0.0852455
v 2.32649993 2.16049671 0.0852455
v 2.37047505 2.15182209 0.0852455
v 2.41188311 2.16039276 0.0852455
v 2.39084601 2.19233369 0.0852455
v 2.27969098 2.18318414 0.0851425
v 2.29030394 2.20409774 0.08512949
v 2.448385 2.22921896 0.0854735
v 2.42800307 2.22186899 0.0853655
v 2.41120791 2.29586792 0.0854985
v 2.39120411 2.28479194 0.0854705
v 2.37828493 2.3363347 0.0856625
v 2.36162591 2.32066869 0.0856235
v 2.78547596 1.78284287 0.0852455
v 2.75371909 1.79302096 0.0852455
v 2.79130911 1.8097949 0.0852455
v 2.74853992 1.82649397 0.0852455
v 2.88144898 1.66393888 0.0850825
v 2.90213108 1.59854292 0.0851505
v 2.84897589 1.72677993 0.0850135
v 2.87122511 1.73511898 0.0850385
v 2.92747902 1.47497689 0.0853185
v 2.93340206 1.53861987 0.0852485
v 2.92472004 1.60207986 0.0851785
v 2.90332388 1.67051291 0.0851085
v 2.90229296 1.47689795 0.0852885
v 2.90933895 1.53813087 0.0852195
v 2.83443594 1.77673089 0.0851425
v 2.81999111 1.7581129 0.08512949
v 2.91707301 1.39534497 0.0852045
v 2.89551401 1.39638388 0.0852375
v 2.89615893 1.43683791 0.0852615
v 2.91883897 1.42706191 0.0852605
v 3.02455806 1.3564099 0.0852455
v 2.9946289 1.37111687 0.0852455
v 3.03426289 1.38222098 0.0852455
v 2.99439191 1.40498888 0.0852455
v 2.95209503 1.40890598 0.0852455
v 2.96304106 1.37210691 0.0852455
v 3.07210111 1.34321987 0.0851425
v 3.05509305 1.32691597 0.08512949
v 2.89724111 1.35377991 0.0854735
v 2.91876602 1.35502088 0.0853655
v 2.9101901 1.28173887 0.0854985
v 2.93264699 1.28566789 0.0854705
v 2.96054101 1.21226894 0.0856235
v 2.93919301 1.20395195 0.0856635
v 2.92579889 1.23471987 0.0856625
v 2.94700694 1.24327492 0.0856235
v 2.69876909 1.82114088 0.0852455
v 2.71493792 1.78641986 0.0852455
v 3.1112709 1.27776694 0.0850385
v 3.0886259 1.26804089 0.0850135
v 3.07586503 1.29325687 0.0850415
v 3.09692692 1.30513787 0.0850635
v -2.63104391 1.82357394 0.0852455
v -2.66270303 1.81486296 0.0852455
v -2.625638 1.79703295 0.0852455
v -2.667876 1.78202796 0.0852455
v -2.52895498 1.92977988 0.0850825
v -2.50044894 1.98947894 0.0851505
v -2.56606507 1.87315893 0.0850135
v -2.54476904 1.86272096 0.0850385
v -2.45233488 2.10335397 0.0853185
v -2.45994901 2.04084777 0.0852485
v -2.47898411 1.98192989 0.0851785
v -2.50827503 1.92022788 0.0851085
v -2.47723603 2.1074171 0.0852885
v -2.48322606 2.04642772 0.0852195
v -2.58264088 1.82631897 0.0851425
v -2.59619689 1.84544587 0.08512949
v -2.44177389 2.18313312 0.0852045
v -2.4629569 2.18784999 0.0852375
v -2.4733901 2.14801597 0.0852615
v -2.4488151 2.15186214 0.0852605
v -2.32797002 2.18754386 0.0852455
v -2.36056208 2.18354082 0.0852455
v -2.32649898 2.16050195 0.0852455
v -2.3704741 2.15182209 0.0852455
v -2.41188001 2.16039514 0.0852455
v -2.3908441 2.19233369 0.0852455
v -2.27968788 2.18318891 0.0851425
v -2.29030394 2.20409774 0.08512949
v -2.44838309 2.22922086 0.0854735
v -2.42800211 2.22186899 0.0853655
v -2.411206 2.29586792 0.0854985
v -2.39120292 2.28479194 0.0854705
v -2.37828397 2.3363347 0.0856625
v -2.36162495 2.32067489 0.0856235
v -2.78547501 1.78284287 0.0852455
v -2.75371789 1.79302597 0.0852455
v -2.79130911 1.8097949 0.0852455
v -2.74853897 1.82649791 0.0852455
v -2.88144898 1.66393888 0.0850825
v -2.90212988 1.59854292 0.0851505
v -2.84897494 1.72677993 0.0850135
v -2.87122392 1.73512196 0.0850385
v -2.92747807 1.4749819 0.0853185
v -2.93339991 1.5386219 0.0852485
v -2.92471909 1.60207986 0.0851785
v -2.90332388 1.67051589 0.0851085
v -2.90229201 1.47689998 0.0852885
v -2.90933799 1.53813087 0.0852195
v -2.83443498 1.77673089 0.0851425
v -2.81998896 1.75811886 0.08512949
v -2.91707205 1.3953489 0.0852045
v -2.8955121 1.39638698 0.0852375
v -2.89615798 1.43683791 0.0852615
v -2.91883802 1.42706692 0.0852605
v -3.02455711 1.3564099 0.0852455
v -2.99462699 1.37111997 0.0852455
v -3.03426289 1.38222098 0.0852455
v -2.99439001 1.40498888 0.0852455
v -2.95209503 1.40890598 0.0852455
v -2.96304106 1.37210893 0.0852455
v -3.07209801 1.34321987 0.0851425
v -3.05509209 1.32691788 0.08512949
v -2.89724111 1.35377991 0.0854735
v -2.91876506 1.35502588 0.0853655
v -2.91018891 1.28173887 0.0854985
v -2.93264508 1.28566789 0.0854705
v -2.92579793 1.23471987 0.0856625
v -2.94700503 1.24327492 0.0856235
v -2.6987679 1.82114291 0.0852455
v -2.71493601 1.78641986 0.0852455
v -2.2510519 2.23348999 0.0850135
v -2.23332905 2.21635007 0.0850385
v -2.36463093 2.3498187 0.0856625
v -2.34862208 2.33350372 0.0856235
v -3.07586288 1.29325687 0.0850415
v -3.09692692 1.30513787 0.0850635
v -3.17634606 0.55545091 0.0852455
v -3.19179606 0.58442592 0.0852455
v -3.15336608 0.56977993 0.0852455
v -3.17153096 0.61075592 0.0852455
v -3.18320298 0.40829691 0.0850825
v -3.20692896 0.34653991 0.0851505
v -3.16763997 0.47417691 0.0850135
v -3.14541101 0.46590992 0.0850385
v -3.25647902 0.23328693 0.0853185
v -3.21634793 0.28180891 0.0852485
v -3.18668198 0.33614692 0.0851785
v -3.1620469 0.39985093 0.0851085
v -3.27655696 0.24855792 0.0852885
v -3.23641109 0.29486393 0.0852195
v -3.14504289 0.51843494 0.0851425
v -3.16824889 0.51511293 0.08512949
v -3.30711889 0.17073592 0.0852045
v -3.32511496 0.18286493 0.0852375
v -3.30338001 0.21784292 0.0852615
v -3.28926301 0.19735892 0.0852605
v -3.23203396 0.08510293 0.0852455
v -3.25154995 0.11151092 0.0852455
v -3.21139407 0.10263992 0.0852455
v -3.23534488 0.14052592 0.0852455
v -3.27005195 0.16468092 0.0852455
v -3.2787621 0.12744692 0.0852455
v -3.19566392 0.05305492 0.0851425
v -3.21813511 0.04638292 0.08512949
v -3.34511494 0.14382892 0.0854735
v -3.32575798 0.13409993 0.0853655
v -3.36791896 0.07099792 0.0854985
v -3.34611892 0.06410192 0.0854705
v -3.37464189 0.01926592 0.0856625
v -3.35181307 0.01795392 0.0856235
v -3.25301694 0.69555491 0.0852455
v -3.2385571 0.66550594 0.0852455
v -3.2765901 0.68125194 0.0852455
v -3.25928998 0.6387189 0.0852455
v -3.23273491 0.84701293 0.0850825
v -3.19949388 0.90700793 0.0851505
v -3.2560029 0.78020989 0.0850135
v -3.27736902 0.79061693 0.0850385
v -3.12725305 1.01039791 0.0853185
v -3.17751288 0.9709239 0.0852485
v -3.21760106 0.92096895 0.0851785
v -3.25255394 0.85836494 0.0851085
v -3.11131691 0.99080091 0.0852885
v -3.1606071 0.95378595 0.0852195
v -3.28225994 0.73529791 0.0851425
v -3.2588129 0.7376129 0.08512949
v -3.06229305 1.05762696 0.0852045
v -3.04821705 1.04125988 0.0852375
v -3.07802104 1.01390397 0.0852615
v -3.08653211 1.03708291 0.0852605
v -3.107975 1.16242587 0.0852455
v -3.09805703 1.1305859 0.0852455
v -3.13338398 1.15171396 0.0852455
v -3.12247896 1.10711789 0.0852455
v -3.09622693 1.07371687 0.0852455
v -3.07705497 1.10697698 0.0852455
v -3.13110089 1.20600497 0.0851425
v -3.10756802 1.20487797 0.08512949
v -3.01848292 1.07183086 0.0854735
v -3.03418993 1.08659994 0.0853655
v -2.9751029 1.13078093 0.0854985
v -2.99340105 1.14438295 0.0854705
v -2.95931506 1.21511495 0.0856235
v -2.93859791 1.20534396 0.0856635
v -2.95171189 1.17445588 0.0856625
v -2.9725089 1.18396496 0.0856235
v -3.22116804 0.60627394 0.0852455
v -3.20709204 0.64189893 0.0852455
v -3.2124679 -0.00232807 0.0850135
v -3.18783903 -0.00340107 0.0850385
v -3.3750329 0.00008892 0.0856625
v -3.3521831 -0.00031507 0.0856235
v -3.11054492 1.27945697 0.0850385
v -3.08790803 1.26971888 0.0850135
v -3.09742808 1.24310886 0.0850415
v -3.12054109 1.25022494 0.0850635
v -0.55645799 3.12794113 0.0852455
v -0.58514702 3.1439147 0.0852455
v -0.57120901 3.10522174 0.0852455
v -0.61184901 3.12413311 0.0852455
v -0.40920299 3.13210773 0.0850825
v -0.34702199 3.1546998 0.0851505
v -0.47536 3.11774969 0.0850135
v -0.46749299 3.09536981 0.0850385
v -0.232883 3.202178 0.0853185
v -0.28213098 3.16293811 0.0852485
v -0.337006 3.134274 0.0851785
v -0.401149 3.11080408 0.0851085
v -0.24778999 3.22252368 0.0852885
v -0.29482001 3.18323278 0.0852195
v -0.52001899 3.09596395 0.0851425
v -0.516276 3.11910677 0.08512949
v -0.16942299 3.25166511 0.0852045
v -0.18121999 3.2698841 0.0852375
v -0.21658599 3.24878501 0.0852615
v -0.196369 3.23429489 0.0852605
v -0.085174 3.17503595 0.0852455
v -0.11122199 3.19502687 0.0852455
v -0.10308399 3.15471506 0.0852455
v -0.14052699 3.17935371 0.0852455
v -0.16404399 3.21449899 0.0852455
v -0.12665499 3.22252368 0.0852455
v -0.053794 3.13808012 0.0851425
v -0.046711 3.16042709 0.08512949
v -0.141827 3.28916502 0.0854735
v -0.132448 3.26963377 0.0853655
v -0.06859099 3.31063509 0.0854985
v -0.062089 3.28871202 0.0854705
v -0.016742 3.31641769 0.0856625
v -0.015848 3.29356002 0.0856235
v -0.69514 3.2071557 0.0852455
v -0.665362 3.19214487 0.0852455
v -0.680408 3.23045969 0.0852455
v -0.63820201 3.21238994 0.0852455
v -0.84694099 3.18964004 0.0850825
v -0.90753501 3.15750074 0.0851505
v -0.779729 3.21168708 0.0850135
v -0.78974497 3.23323774 0.0850385
v -1.01222896 3.08716297 0.0853185
v -0.97184097 3.13669109 0.0852485
v -0.92116397 3.17585992 0.0851785
v -0.85793101 3.20966196 0.0851085
v -0.99292397 3.07086801 0.0852885
v -0.955024 3.11947488 0.0852195
v -0.73433899 3.23711395 0.0851425
v -0.73708701 3.21371698 0.08512949
v -1.06063294 3.02307081 0.0852045
v -1.04453301 3.00869703 0.0852375
v -1.01663303 3.03799295 0.0852615
v -1.03965699 3.04692602 0.0852605
v -1.16457903 3.07066011 0.0852455
v -1.13292801 3.06016111 0.0852455
v -1.15340697 3.09587097 0.0852455
v -1.10901403 3.08414602 0.0852455
v -1.07610297 3.05729675 0.0852455
v -1.10970401 3.03873491 0.0852455
v -1.20773303 3.09457778 0.0851425
v -1.20703303 3.07102489 0.08512949
v -1.07563197 2.97953081 0.0854735
v -1.09010994 2.99550294 0.0853655
v -1.13536799 2.93723011 0.0854985
v -1.14863205 2.9557681 0.0854705
v -1.17946195 2.91464185 0.0856625
v -1.18858802 2.93560791 0.0856235
v -0.606462 3.17368078 0.0852455
v -0.642331 3.16025495 0.0852455
v 0.001886 3.15387392 0.0850135
v 0.002513 3.12923002 0.0850385
v 0.002441 3.31644773 0.0856625
v 0.002424 3.29360389 0.0856235
v -1.24544203 3.06158781 0.0850415
v -1.25213503 3.0848217 0.0850635
v -1.83432698 2.60587787 0.0852455
v -1.82503199 2.63737297 0.0852455
v -1.80789005 2.59999275 0.0852455
v -1.792117 2.6419487 0.0852455
v -1.94237601 2.50574111 0.0850825
v -2.00258898 2.47833585 0.0851505
v -1.88509094 2.54181289 0.0850135
v -1.87504005 2.52033186 0.0850385
v -2.11732006 2.43230676 0.0853185
v -2.05468511 2.43877887 0.0852485
v -1.99543404 2.45673513 0.0851785
v -1.93320703 2.48489189 0.0851085
v -2.12092995 2.45727586 0.0852885
v -2.05983996 2.46215009 0.0852195
v -1.83795404 2.55753612 0.0851425
v -1.85683095 2.57143592 0.08512949
v -2.19727993 2.42320585 0.0852045
v -2.20161294 2.44446992 0.0852375
v -2.161592 2.45417404 0.0852615
v -2.16588211 2.42966604 0.0852605
v -2.20376801 2.30950069 0.0852455
v -2.19917202 2.34201002 0.0852455
v -2.17675495 2.30753183 0.0852455
v -2.16727709 2.35134077 0.0852455
v -2.17509388 2.39289903 0.0852455
v -2.20740795 2.37245082 0.0852455
v -2.20029711 2.26114416 0.0851425
v -2.2210021 2.27214384 0.08512949
v -2.24323892 2.43065595 0.0854735
v -2.23625803 2.41014289 0.0853655
v -2.31055903 2.39469909 0.0854985
v -2.29984998 2.37449169 0.0854705
v -2.3516221 2.36251783 0.0856625
v -2.33625793 2.34557914 0.0856235
v -1.79078495 2.75953769 0.0852455
v -1.80153799 2.7279787 0.0852455
v -1.81762301 2.76586008 0.0852455
v -1.835101 2.72340774 0.0852455
v -1.67014503 2.85333013 0.0850825
v -1.60438203 2.87280988 0.0851505
v -1.73356699 2.82199907 0.0850135
v -1.741508 2.84440374 0.0850385
v -1.48038005 2.89589595 0.0853185
v -1.54390001 2.90297794 0.0852485
v -1.60750603 2.89546012 0.0851785
v -1.67631995 2.87531805 0.0851085
v -1.48275804 2.8707509 0.0852885
v -1.54384994 2.87891578 0.0852195
v -1.78377997 2.80837678 0.0851425
v -1.76543295 2.79359006 0.08512949
v -1.40094995 2.88403797 0.0852045
v -1.40238094 2.86250972 0.0852375
v -1.44281494 2.86388015 0.0852615
v -1.43263196 2.88638305 0.0852605
v -1.36005997 2.99079704 0.0852455
v -1.37530601 2.96114206 0.0852455
v -1.38568902 3.00097703 0.0852455
v -1.40917801 2.96151781 0.0852455
v -1.41386902 2.9193058 0.0852455
v -1.37688195 2.92957973 0.0852455
v -1.34599995 3.03808784 0.0851425
v -1.33001005 3.02079105 0.08512949
v -1.35975205 2.86345481 0.0854735
v -1.36060094 2.88499689 0.0853655
v -1.28748798 2.87508487 0.0854985
v -1.29100203 2.89761304 0.0854705
v -1.21710896 2.9241538 0.0856235
v -1.20918798 2.90266084 0.0856635
v -1.24018895 2.88983106 0.0856625
v -1.24835503 2.91119289 0.0856235
v -1.830657 2.67354774 0.0852455
v -1.79564905 2.6890788 0.0852455
v -1.27984798 3.07605695 0.0850385
v -1.27053403 3.05324077 0.0850135
v -1.29597497 3.0409398 0.0850415
v -1.30746996 3.06221771 0.0850635
v 1.80779194 -2.6001482 -0.0854315
v 1.83764803 -2.55777692 -0.08553449
v 1.85652494 -2.57167816 -0.08554749
v 1.83422803 -2.60604095 -0.0854315
v 1.87486398 -2.52027797 -0.08563849
v 1.88491594 -2.54176092 -0.08566349
v 2.11732292 -2.43211984 -0.0853585
v 2.16571688 -2.42966699 -0.08541649
v 2.16142797 -2.45417499 -0.08541549
v 2.12093305 -2.45709419 -0.08538849
v 1.93327796 -2.48463106 -0.0855685
v 1.94244694 -2.50548505 -0.08559449
v 2.31105589 -2.39482784 -0.08517749
v 2.24391007 -2.43099689 -0.0852015
v 2.23682403 -2.41034698 -0.0853105
v 2.30034804 -2.37462091 -0.08520549
v 2.19766211 -2.4233179 -0.08547249
v 2.20200705 -2.44468021 -0.0854405
v 2.05483698 -2.438519 -0.08542849
v 2.05999088 -2.46189928 -0.0854575
v 1.82503402 -2.63736105 -0.0854315
v 1.79211795 -2.64193487 -0.0854315
v 1.99554097 -2.4564743 -0.08549849
v 2.00269699 -2.4780693 -0.08552549
v 1.83065903 -2.6735363 -0.0854315
v 1.79565095 -2.68906784 -0.0854315
v 2.17668199 -2.30770921 -0.0854315
v 2.20006299 -2.26141691 -0.08553449
v 2.22076797 -2.27241897 -0.08554749
v 2.20369505 -2.30967712 -0.0854315
v 1.24798703 -2.91099786 -0.08505249
v 1.23981905 -2.88963604 -0.08501349
v 1.28705394 -2.87477684 -0.08517749
v 1.29056704 -2.89729929 -0.08520549
v 2.19917297 -2.3419981 -0.0854315
v 2.16727805 -2.35132694 -0.0854315
v 2.20758605 -2.37240505 -0.0854315
v 2.17527198 -2.3928523 -0.0854315
v 2.3366661 -2.34561204 -0.08505249
v 2.35202693 -2.36255121 -0.08501349
v 1.81772697 -2.76568126 -0.0854315
v 1.78408598 -2.80814123 -0.08553449
v 1.76574003 -2.79335784 -0.08554749
v 1.79088795 -2.75935697 -0.0854315
v 1.74167501 -2.84444618 -0.08563849
v 1.73373401 -2.82204198 -0.08566349
v 1.48034501 -2.89605093 -0.0853585
v 1.43280196 -2.88640499 -0.08541649
v 1.44298398 -2.86389827 -0.08541549
v 1.48272299 -2.87090587 -0.08538849
v 1.676229 -2.8755269 -0.0855685
v 1.67005503 -2.85353708 -0.08559449
v 1.35921704 -2.86290788 -0.0852015
v 1.36012494 -2.88461399 -0.0853105
v 1.40061903 -2.88379716 -0.08547249
v 1.40206396 -2.86217403 -0.0854405
v 1.54371094 -2.90317201 -0.08542849
v 1.54366099 -2.87910509 -0.08545649
v 1.80153894 -2.72796821 -0.0854315
v 1.83510303 -2.72339105 -0.0854315
v 1.60737001 -2.89566993 -0.08549849
v 1.60424697 -2.87302684 -0.08552549
v 1.38581502 -3.000813 -0.0854315
v 1.34629595 -3.03788185 -0.08553449
v 1.33030605 -3.02058219 -0.08554749
v 1.36018598 -2.99063491 -0.0854315
v 1.41368997 -2.91927385 -0.0854315
v 1.37670302 -2.92955017 -0.0854315
v 1.37530899 -2.96113014 -0.0854315
v 1.40918004 -2.96150827 -0.0854315
v 1.30775201 -3.06219816 -0.0856135
v 1.29625701 -3.04092216 -0.08563549
v 2.2342441 -2.21533203 -0.08563849
v 2.25105309 -2.23335599 -0.08566349
v 2.34953403 -2.33300304 -0.08505249
v 2.36554908 -2.3493123 -0.08501349
v 0.51667398 -3.11905908 -0.08554749
v 0.52041798 -3.09591627 -0.08553449
v 0.57140499 -3.10526418 -0.0854315
v 0.55665499 -3.12798786 -0.0854315
v 0.47545999 -3.11758613 -0.08566349
v 0.46759399 -3.0952053 -0.08563849
v 0.216717 -3.24866485 -0.08541549
v 0.196499 -3.23417329 -0.08541649
v 0.232765 -3.20204019 -0.0853585
v 0.247673 -3.22239589 -0.08538849
v 0.40898698 -3.13197088 -0.08559449
v 0.40093201 -3.11066389 -0.0855685
v 0.132199 -3.27017211 -0.0853105
v 0.14160299 -3.28988027 -0.0852015
v 0.068336 -3.31106996 -0.08517749
v 0.06183499 -3.28914785 -0.08520549
v 0.181097 -3.27030611 -0.0854405
v 0.16924099 -3.25200891 -0.08547249
v 0.281856 -3.162858 -0.08542849
v 0.29454401 -3.18315887 -0.08545649
v 0.61185199 -3.12412405 -0.0854315
v 0.58514899 -3.14390993 -0.0854315
v 0.336759 -3.13415813 -0.08549849
v 0.34677401 -3.15458393 -0.08552549
v 0.64233297 -3.16024303 -0.0854315
v 0.60646301 -3.17367029 -0.0854315
v 0.047097 -3.16046285 -0.08554749
v 0.05418 -3.13811492 -0.08553449
v 0.10327 -3.15478992 -0.0854315
v 0.08536099 -3.17510318 -0.0854315
v 1.13547503 -2.93669605 -0.08517749
v 1.17960298 -2.91423893 -0.08501349
v 1.18872904 -2.93520784 -0.08505249
v 1.14873695 -2.95524501 -0.08520549
v 0.140529 -3.17934227 -0.0854315
v 0.111224 -3.19501495 -0.0854315
v 0.16389499 -3.21458625 -0.0854315
v 0.12650699 -3.2226119 -0.0854315
v 0.016487 -3.31671524 -0.08501349
v 0.015592 -3.29386186 -0.08505249
v 0.73671501 -3.21375703 -0.08554749
v 0.73396801 -3.2371602 -0.08553449
v 0.68022102 -3.23040294 -0.0854315
v 0.69495302 -3.20709419 -0.0854315
v 0.77965199 -3.21182918 -0.08566349
v 0.78966701 -3.23338222 -0.08563849
v 1.01653695 -3.03811883 -0.08541549
v 1.03955996 -3.04705286 -0.08541649
v 1.01237499 -3.08724117 -0.0853585
v 0.99306798 -3.07094907 -0.08538849
v 0.84716701 -3.18972587 -0.08559449
v 0.85815697 -3.20974588 -0.0855685
v 1.09019601 -2.99489212 -0.0853105
v 1.07564199 -2.97876119 -0.0852015
v 1.04453599 -3.00823116 -0.0854405
v 1.060714 -3.02266216 -0.08547249
v 0.97212302 -3.13668823 -0.08542849
v 0.95530498 -3.11947727 -0.08545649
v 0.63820302 -3.21236991 -0.0854315
v 0.66536402 -3.19213295 -0.0854315
v 0.92141997 -3.1759119 -0.08549849
v 0.90779101 -3.15755128 -0.08552549
v 1.206689 -3.07108306 -0.08554749
v 1.20738899 -3.09463405 -0.08553449
v 1.15321505 -3.09583902 -0.0854315
v 1.16438698 -3.07062912 -0.0854315
v 1.10982203 -3.03857612 -0.0854315
v 1.07622194 -3.05714607 -0.0854315
v 1.10901701 -3.08413505 -0.0854315
v 1.13293099 -3.06015014 -0.0854315
v 1.21986603 -2.92270612 -0.0850535
v 1.210469 -2.90180397 -0.08501349
v 1.245247 -3.06175994 -0.08563549
v 1.25193905 -3.08500003 -0.0856135
v 1.27228605 -3.05268287 -0.08566349
v 1.28161299 -3.07549285 -0.08563849
v 3.15341711 -0.56996309 -0.0854315
v 3.14500188 -0.51881909 -0.08553449
v 3.16820693 -0.51549708 -0.08554749
v 3.17639708 -0.55563408 -0.0854315
v 3.14525699 -0.46599406 -0.08563849
v 3.16748595 -0.47426107 -0.08566349
v 3.25636005 -0.23315307 -0.0853585
v 3.28915309 -0.19747507 -0.08541649
v 3.30327105 -0.21795606 -0.08541549
v 3.27643799 -0.24842506 -0.08538849
v 3.16192793 -0.39961805 -0.0855685
v 3.18308305 -0.40806406 -0.08559449
v 3.36837196 -0.07073807 -0.08517749
v 3.34584403 -0.14360606 -0.0852015
v 3.32631206 -0.13384707 -0.0853105
v 3.34657192 -0.06384207 -0.08520549
v 3.30747795 -0.17054607 -0.08547249
v 3.32555103 -0.18273806 -0.0854405
v 3.21628403 -0.28151807 -0.08542849
v 3.23634696 -0.29457506 -0.08545649
v 3.19179701 -0.58441609 -0.0854315
v 3.17153096 -0.61074405 -0.0854315
v 3.18658208 -0.33588406 -0.08549849
v 3.20682907 -0.34627705 -0.08552549
v 3.22116804 -0.60626208 -0.0854315
v 3.20709204 -0.64188706 -0.0854315
v 3.21147394 -0.10281407 -0.0854315
v 3.19570899 -0.05343307 -0.08553449
v 3.21817994 -0.04676107 -0.08554749
v 3.23211288 -0.08528307 -0.0854315
v 2.97211694 -1.18408405 -0.08505249
v 2.95131993 -1.17457211 -0.08501349
v 2.9745841 -1.13086402 -0.08517749
v 2.99288201 -1.14446508 -0.08520549
v 3.25155091 -0.11150207 -0.0854315
v 3.23534488 -0.14051407 -0.0854315
v 3.27886509 -0.12728607 -0.0854315
v 3.27015495 -0.16452007 -0.0854315
v 3.35213208 -0.01769107 -0.08505249
v 3.37496209 -0.01900207 -0.08501349
v 3.2765479 -0.68105006 -0.0854315
v 3.28232193 -0.73491305 -0.08553449
v 3.25887489 -0.73722809 -0.08554749
v 3.25297308 -0.69535309 -0.0854315
v 3.2775259 -0.79052805 -0.08563849
v 3.25616002 -0.78012108 -0.08566349
v 3.12734389 -1.01053106 -0.0853585
v 3.08667206 -1.03697609 -0.08541649
v 3.07816195 -1.01379704 -0.08541549
v 3.11140799 -0.99093109 -0.08538849
v 3.25264692 -0.85857909 -0.0855685
v 3.2328279 -0.84722709 -0.08559449
v 3.01772594 -1.07181203 -0.0852015
v 3.03359103 -1.08665502 -0.0853105
v 3.06189608 -1.05768609 -0.08547249
v 3.0477631 -1.04124009 -0.0854405
v 3.17752409 -0.97119307 -0.08542849
v 3.16061592 -0.95405405 -0.08545649
v 3.23855805 -0.66549408 -0.0854315
v 3.25929093 -0.6387071 -0.0854315
v 3.2176609 -0.92121005 -0.08549849
v 3.19955611 -0.90725004 -0.08552549
v 3.13336896 -1.15150702 -0.0854315
v 3.13117599 -1.20564901 -0.08553449
v 3.10764288 -1.20452201 -0.08554749
v 3.10795998 -1.16221904 -0.0854315
v 3.09608697 -1.07381808 -0.0854315
v 3.07691407 -1.10707902 -0.0854315
v 3.09805703 -1.13057112 -0.0854315
v 3.12247896 -1.10710203 -0.0854315
v 3.12073802 -1.25001108 -0.0856135
v 3.09762501 -1.24289608 -0.08563549
v 2.59645605 -1.84513104 -0.08554749
v 2.58290195 -1.82600402 -0.08553449
v 2.6258161 -1.79692411 -0.0854315
v 2.63122201 -1.82346403 -0.0854315
v 2.56603097 -1.87296712 -0.08566349
v 2.54473304 -1.86253202 -0.08563849
v 2.47340703 -2.14783716 -0.08541549
v 2.44883203 -2.15168094 -0.08541649
v 2.45216608 -2.10333919 -0.0853585
v 2.47706699 -2.10740327 -0.08538849
v 2.52871203 -1.92983305 -0.08559449
v 2.50803208 -1.92027604 -0.0855685
v 2.42821002 -2.22242021 -0.0853105
v 2.44873189 -2.22988224 -0.0852015
v 2.41133999 -2.29635191 -0.08517749
v 2.39133596 -2.28528118 -0.08520549
v 2.46317291 -2.18823623 -0.0854405
v 2.441895 -2.18350315 -0.08547249
v 2.45970296 -2.04098129 -0.08542849
v 2.48298096 -2.04655885 -0.08545649
v 2.6678791 -1.78201603 -0.0854315
v 2.66270303 -1.81485104 -0.0854315
v 2.47873401 -1.98201704 -0.08549849
v 2.50019788 -1.98956811 -0.08552549
v 2.71493792 -1.78640806 -0.0854315
v 2.69876909 -1.82113111 -0.0854315
v 2.29060006 -2.20385694 -0.08554749
v 2.27998709 -2.18294906 -0.08553449
v 2.326689 -2.16041994 -0.0854315
v 2.32816195 -2.18746089 -0.0854315
v 2.90990209 -1.28128504 -0.08517749
v 2.92562389 -1.23433303 -0.08501349
v 2.94683098 -1.24288702 -0.08505249
v 2.93235802 -1.28521406 -0.08520549
v 2.37047505 -2.15180921 -0.0854315
v 2.36056494 -2.18352985 -0.0854315
v 2.41184592 -2.16055917 -0.0854315
v 2.3908081 -2.19249916 -0.0854315
v 2.37832188 -2.33672809 -0.08501349
v 2.3616631 -2.32106828 -0.08505249
v 2.81976199 -1.75840103 -0.08554749
v 2.83420705 -1.77702009 -0.08553449
v 2.79114103 -1.80988204 -0.0854315
v 2.78530788 -1.78293001 -0.0854315
v 2.84902811 -1.72693407 -0.08566349
v 2.8712759 -1.73527312 -0.08563849
v 2.89618611 -1.43699312 -0.08541549
v 2.91886591 -1.42722201 -0.08541649
v 2.92764592 -1.47493612 -0.0853585
v 2.90246105 -1.4768511 -0.08538849
v 2.88167691 -1.66383802 -0.08559449
v 2.90355205 -1.67041409 -0.0855685
v 2.91840601 -1.35452401 -0.0853105
v 2.89671611 -1.35322213 -0.0852015
v 2.89519596 -1.39604711 -0.0854405
v 2.91685009 -1.39499604 -0.08547249
v 2.93361091 -1.53842306 -0.08542849
v 2.90954804 -1.53793013 -0.08545649
v 2.74853992 -1.82648205 -0.0854315
v 2.75371909 -1.79301405 -0.0854315
v 2.92494607 -1.60193407 -0.08549849
v 2.9023571 -1.59839701 -0.08552549
v 3.05489397 -1.32719707 -0.08554749
v 3.07190203 -1.34349906 -0.08553449
v 3.03411197 -1.38233602 -0.0854315
v 3.02440691 -1.35652005 -0.0854315
v 2.96302604 -1.37191402 -0.0854315
v 2.95208001 -1.4087131 -0.0854315
v 2.99439191 -1.40497708 -0.0854315
v 2.9946289 -1.37110507 -0.0854315
v 2.96026897 -1.21214008 -0.0850535
v 2.93892192 -1.20382309 -0.08501349
v 3.07585811 -1.29351902 -0.08563549
v 3.09692001 -1.30540001 -0.0856135
v 3.08877205 -1.26808607 -0.08566349
v 3.1114161 -1.27781307 -0.08563849
v -2.62581491 -1.79692411 -0.0854315
v -2.58290004 -1.82600402 -0.08553449
v -2.59645605 -1.84513104 -0.08554749
v -2.63122105 -1.82346403 -0.0854315
v -2.54473209 -1.86253202 -0.08563849
v -2.56602907 -1.87296903 -0.08566349
v -2.45216488 -2.10333919 -0.0853585
v -2.44882988 -2.15168428 -0.08541649
v -2.47340488 -2.14783716 -0.08541549
v -2.47706604 -2.10740327 -0.08538849
v -2.50803208 -1.92027902 -0.0855685
v -2.52871203 -1.92983305 -0.08559449
v -2.41133809 -2.29635191 -0.08517749
v -2.44872999 -2.22988414 -0.0852015
v -2.42820811 -2.22242498 -0.0853105
v -2.39133501 -2.28528118 -0.08520549
v -2.4418919 -2.18350315 -0.08547249
v -2.46317195 -2.18823623 -0.0854405
v -2.45970201 -2.04098129 -0.08542849
v -2.48297905 -2.04655885 -0.08545649
v -2.66270303 -1.81485104 -0.0854315
v -2.667876 -1.78201603 -0.0854315
v -2.47873306 -1.98201906 -0.08549849
v -2.50019788 -1.98956811 -0.08552549
v -2.6987679 -1.82113111 -0.0854315
v -2.71493601 -1.78640806 -0.0854315
v -2.32668805 -2.16041994 -0.0854315
v -2.27997899 -2.1829462 -0.08553449
v -2.2905941 -2.20385408 -0.08554749
v -2.32816004 -2.18746328 -0.0854315
v -2.94683003 -1.24289012 -0.08505249
v -2.92562294 -1.23433303 -0.08501349
v -2.9099009 -1.28129112 -0.08517749
v -2.93235707 -1.28521609 -0.08520549
v -2.36056208 -2.18352985 -0.0854315
v -2.3704741 -2.15180921 -0.0854315
v -2.39080691 -2.19249916 -0.0854315
v -2.41184306 -2.16055917 -0.0854315
v -2.36166191 -2.32106828 -0.08505249
v -2.37832093 -2.33672809 -0.08501349
v -2.79114103 -1.80988204 -0.0854315
v -2.8342061 -1.77702009 -0.08553449
v -2.81976008 -1.75841009 -0.08554749
v -2.78530693 -1.78293502 -0.0854315
v -2.8712759 -1.73527813 -0.08563849
v -2.84902691 -1.72693407 -0.08566349
v -2.92764592 -1.47493612 -0.0853585
v -2.91886591 -1.42722511 -0.08541649
v -2.89618611 -1.43699312 -0.08541549
v -2.90246009 -1.47685408 -0.08538849
v -2.9035511 -1.67041409 -0.0855685
v -2.88167691 -1.66383802 -0.08559449
v -2.89671492 -1.35322213 -0.0852015
v -2.9184041 -1.35452902 -0.0853105
v -2.91685009 -1.3950001 -0.08547249
v -2.8951931 -1.39605402 -0.0854405
v -2.933609 -1.53842306 -0.08542849
v -2.90954709 -1.53793203 -0.08545649
v -2.75371789 -1.79301405 -0.0854315
v -2.74853897 -1.82648205 -0.0854315
v -2.92494607 -1.60193407 -0.08549849
v -2.9023559 -1.59839701 -0.08552549
v -3.03411102 -1.38233602 -0.0854315
v -3.07189989 -1.34349906 -0.08553449
v -3.05489301 -1.32719707 -0.08554749
v -3.024405 -1.35652005 -0.0854315
v -2.95208001 -1.4087131 -0.0854315
v -2.96302604 -1.37191605 -0.0854315
v -2.99462699 -1.3711071 -0.0854315
v -2.99439001 -1.40497708 -0.0854315
v -3.09691691 -1.30540502 -0.0856135
v -3.07585406 -1.29352605 -0.08563549
v -2.23327088 -2.21627903 -0.08563849
v -2.25099396 -2.23342609 -0.08566349
v -2.34882593 -2.33369922 -0.08505249
v -2.36483407 -2.35001516 -0.08501349
v -3.16820693 -0.51549708 -0.08554749
v -3.14500093 -0.51881909 -0.08553449
v -3.15341711 -0.56996309 -0.0854315
v -3.17639708 -0.55563408 -0.0854315
v -3.16748595 -0.47426107 -0.08566349
v -3.14525699 -0.46599406 -0.08563849
v -3.3032701 -0.21795606 -0.08541549
v -3.2891519 -0.19747507 -0.08541649
v -3.25636005 -0.23315307 -0.0853585
v -3.27643799 -0.24842506 -0.08538849
v -3.18308305 -0.40806406 -0.08559449
v -3.16192698 -0.39961805 -0.0855685
v -3.32631206 -0.13384707 -0.0853105
v -3.34584403 -0.14360606 -0.0852015
v -3.36837196 -0.07073807 -0.08517749
v -3.34657192 -0.06384207 -0.08520549
v -3.32555103 -0.18273606 -0.0854405
v -3.30747795 -0.17054607 -0.08547249
v -3.21628403 -0.28151807 -0.08542849
v -3.236346 -0.29457506 -0.08545649
v -3.17153096 -0.61074405 -0.0854315
v -3.19179606 -0.58441609 -0.0854315
v -3.18658208 -0.33588406 -0.08549849
v -3.20682907 -0.34627705 -0.08552549
v -3.20709204 -0.64188706 -0.0854315
v -3.22116804 -0.60626506 -0.0854315
v -3.21817994 -0.04676107 -0.08554749
v -3.19570899 -0.05343307 -0.08553449
v -3.21147298 -0.10281407 -0.0854315
v -3.23211288 -0.08527907 -0.0854315
v -2.9745841 -1.13086402 -0.08517749
v -2.95131897 -1.17457401 -0.08501349
v -2.97211599 -1.18408405 -0.08505249
v -2.99288201 -1.14446508 -0.08520549
v -3.23534488 -0.14051407 -0.0854315
v -3.25154995 -0.11150207 -0.0854315
v -3.27015495 -0.16452007 -0.0854315
v -3.2788639 -0.12728607 -0.0854315
v -3.37496089 -0.01900207 -0.08501349
v -3.35213208 -0.01769107 -0.08505249
v -3.25887394 -0.73722809 -0.08554749
v -3.28232097 -0.73491305 -0.08553449
v -3.276546 -0.68105006 -0.0854315
v -3.25297188 -0.69535309 -0.0854315
v -3.25615906 -0.78012108 -0.08566349
v -3.27752494 -0.79053109 -0.08563849
v -3.078161 -1.01379704 -0.08541549
v -3.08667206 -1.03697812 -0.08541649
v -3.12734389 -1.01053309 -0.0853585
v -3.11140799 -0.99093407 -0.08538849
v -3.2328279 -0.84722709 -0.08559449
v -3.25264692 -0.85857909 -0.0855685
v -3.03359007 -1.08666002 -0.0853105
v -3.01772403 -1.07181608 -0.0852015
v -3.04776191 -1.04124009 -0.0854405
v -3.06189489 -1.05768609 -0.08547249
v -3.17752194 -0.9711951 -0.08542849
v -3.16061496 -0.95405709 -0.08545649
v -3.25928998 -0.63871204 -0.0854315
v -3.2385571 -0.66549408 -0.0854315
v -3.21765995 -0.92121207 -0.08549849
v -3.19955301 -0.90725207 -0.08552549
v -3.10764193 -1.20452201 -0.08554749
v -3.13117504 -1.20564901 -0.08553449
v -3.13336801 -1.15150809 -0.0854315
v -3.10795903 -1.16221904 -0.0854315
v -3.07691311 -1.10707902 -0.0854315
v -3.09608507 -1.07381808 -0.0854315
v -3.12247896 -1.10710609 -0.0854315
v -3.09805703 -1.1305741 -0.0854315
v -2.95904302 -1.21498608 -0.0850535
v -2.93832588 -1.20521509 -0.08501349
v -3.09762311 -1.24290502 -0.08563549
v -3.12073493 -1.25002408 -0.0856135
v -3.08804893 -1.2697761 -0.08566349
v -3.11068701 -1.27951908 -0.08563849
v -0.57140302 -3.10526418 -0.0854315
v -0.520415 -3.09591627 -0.08553449
v -0.51667201 -3.11905908 -0.08554749
v -0.55665302 -3.12798786 -0.0854315
v -0.467592 -3.0952053 -0.08563849
v -0.475459 -3.11758613 -0.08566349
v -0.232764 -3.20204019 -0.0853585
v -0.19649699 -3.23417329 -0.08541649
v -0.21671399 -3.24866485 -0.08541549
v -0.24767099 -3.22239589 -0.08538849
v -0.40092998 -3.11066389 -0.0855685
v -0.408984 -3.13197088 -0.08559449
v -0.06833499 -3.31106996 -0.08517749
v -0.14160199 -3.28988027 -0.0852015
v -0.13219699 -3.27017211 -0.0853105
v -0.061833 -3.28914785 -0.08520549
v -0.16923899 -3.25200891 -0.08547249
v -0.181095 -3.27030611 -0.0854405
v -0.28185299 -3.162858 -0.08542849
v -0.29454201 -3.18315887 -0.08545649
v -0.58514702 -3.14390993 -0.0854315
v -0.61184901 -3.12412405 -0.0854315
v -0.33675599 -3.13415813 -0.08549849
v -0.34677299 -3.15458393 -0.08552549
v -0.606462 -3.17367029 -0.0854315
v -0.642331 -3.16024303 -0.0854315
v -0.10326799 -3.15478992 -0.0854315
v -0.054163 -3.13810825 -0.08553449
v -0.04707999 -3.16045618 -0.08554749
v -0.085359 -3.17510318 -0.0854315
v -1.18872594 -2.93520784 -0.08505249
v -1.1796 -2.91423893 -0.08501349
v -1.13547205 -2.93669605 -0.08517749
v -1.148736 -2.95524501 -0.08520549
v -0.11122199 -3.19501495 -0.0854315
v -0.14052699 -3.17934227 -0.0854315
v -0.126505 -3.2226119 -0.0854315
v -0.16389299 -3.21458625 -0.0854315
v -0.01559 -3.29386186 -0.08505249
v -0.016485 -3.31672 -0.08501349
v -0.68021899 -3.23040294 -0.0854315
v -0.73396599 -3.2371602 -0.08553449
v -0.73671299 -3.21375894 -0.08554749
v -0.69495099 -3.20709419 -0.0854315
v -0.78966498 -3.23338222 -0.08563849
v -0.77964901 -3.21183109 -0.08566349
v -1.01237297 -3.08724308 -0.0853585
v -1.039559 -3.04705286 -0.08541649
v -1.01653504 -3.03811883 -0.08541549
v -0.99306702 -3.07094907 -0.08538849
v -0.85815501 -3.20974588 -0.0855685
v -0.84716498 -3.18972587 -0.08559449
v -1.07563996 -2.97876215 -0.0852015
v -1.09019398 -2.99489212 -0.0853105
v -1.06071102 -3.02266216 -0.08547249
v -1.04453396 -3.00823116 -0.0854405
v -0.97211998 -3.13669204 -0.08542849
v -0.95530402 -3.11947727 -0.08545649
v -0.665362 -3.19213295 -0.0854315
v -0.63820201 -3.21237516 -0.0854315
v -0.92141801 -3.1759119 -0.08549849
v -0.90778899 -3.15755128 -0.08552549
v -1.15321302 -3.09583902 -0.0854315
v -1.20738697 -3.09463405 -0.08553449
v -1.20668804 -3.07108306 -0.08554749
v -1.16438496 -3.07062912 -0.0854315
v -1.07622003 -3.05714607 -0.0854315
v -1.10982 -3.03857612 -0.0854315
v -1.13292801 -3.06015396 -0.0854315
v -1.10901403 -3.08413505 -0.0854315
v -1.25193297 -3.08500194 -0.0856135
v -1.24523997 -3.06176805 -0.08563549
v 0.002528 -3.12913894 -0.08563849
v 0.001902 -3.15378189 -0.08566349
v 0.002424 -3.29388284 -0.08505249
v 0.002441 -3.31673908 -0.08501349
v -1.85652399 -2.57168293 -0.08554749
v -1.837646 -2.55777692 -0.08553449
v -1.80779004 -2.6001482 -0.0854315
v -1.83422601 -2.60604095 -0.0854315
v -1.88491404 -2.54176092 -0.08566349
v -1.87486302 -2.52027988 -0.08563849
v -2.16142606 -2.45417499 -0.08541549
v -2.16571497 -2.42966699 -0.08541649
v -2.11732006 -2.43212413 -0.0853585
v -2.12092995 -2.45709419 -0.08538849
v -1.94244599 -2.50548791 -0.08559449
v -1.93327701 -2.48463821 -0.0855685
v -2.23682189 -2.41034698 -0.0853105
v -2.24390792 -2.43100214 -0.0852015
v -2.31105494 -2.39482784 -0.08517749
v -2.30034589 -2.37462091 -0.08520549
v -2.2020061 -2.44468593 -0.0854405
v -2.19765996 -2.4233179 -0.08547249
v -2.05483508 -2.438519 -0.08542849
v -2.05998897 -2.46189928 -0.08545649
v -1.792117 -2.6419363 -0.0854315
v -1.82503199 -2.63736391 -0.0854315
v -1.99553895 -2.4564743 -0.08549849
v -2.00269508 -2.47807312 -0.08552549
v -1.79564905 -2.68906784 -0.0854315
v -1.830657 -2.6735363 -0.0854315
v -2.22076797 -2.27242422 -0.08554749
v -2.20006299 -2.26142215 -0.08553449
v -2.17668104 -2.30770921 -0.0854315
v -2.2036941 -2.30967712 -0.0854315
v -1.28705203 -2.87477684 -0.08517749
v -1.23981702 -2.88964128 -0.08501349
v -1.24798297 -2.91099786 -0.08505249
v -1.29056596 -2.89729929 -0.08520549
v -2.16727709 -2.35132885 -0.0854315
v -2.19917202 -2.3419981 -0.0854315
v -2.17527103 -2.3928523 -0.0854315
v -2.20758509 -2.37241029 -0.0854315
v -2.35202598 -2.36255121 -0.08501349
v -2.336663 -2.34561204 -0.08505249
v -1.76573801 -2.79335928 -0.08554749
v -1.78408503 -2.80814123 -0.08553449
v -1.81772494 -2.76568126 -0.0854315
v -1.79088699 -2.75935983 -0.0854315
v -1.73373198 -2.82204198 -0.08566349
v -1.74167299 -2.84444618 -0.08563849
v -1.44298195 -2.86389827 -0.08541549
v -1.43279898 -2.88640499 -0.08541649
v -1.48034298 -2.89605712 -0.0853585
v -1.48272097 -2.87090587 -0.08538849
v -1.670053 -2.85354328 -0.08559449
v -1.67622804 -2.87552928 -0.0855685
v -1.36012303 -2.88461399 -0.0853105
v -1.35921502 -2.86290788 -0.0852015
v -1.40206205 -2.86217403 -0.0854405
v -1.400617 -2.88379716 -0.08547249
v -1.54370999 -2.90317201 -0.08542849
v -1.54366004 -2.87910509 -0.08545649
v -1.835101 -2.72339105 -0.0854315
v -1.80153799 -2.72796821 -0.0854315
v -1.60736894 -2.89566993 -0.08549849
v -1.60424494 -2.87302684 -0.08552549
v -1.33030402 -3.02058219 -0.08554749
v -1.34629404 -3.03788185 -0.08553449
v -1.38581395 -3.000813 -0.0854315
v -1.36018502 -2.99063491 -0.0854315
v -1.37670099 -2.92955017 -0.0854315
v -1.41368794 -2.91927623 -0.0854315
v -1.40917801 -2.96150827 -0.0854315
v -1.37530601 -2.96113014 -0.0854315
v -1.21699702 -2.92387294 -0.0850535
v -1.20907604 -2.90238094 -0.08501349
v -1.29624998 -3.04092502 -0.08563549
v -1.30774498 -3.06220006 -0.0856135
v -1.27058804 -3.0533719 -0.08566349
v -1.27990305 -3.07619094 -0.08563849
v 1.85652494 2.57169008 -0.08554749
v 1.83764803 2.55778694 -0.08553449
v 1.80779194 2.60016107 -0.0854315
v 1.83422803 2.60605287 -0.0854315
v 1.88491594 2.54177284 -0.08566349
v 1.87486398 2.52028989 -0.08563849
v 2.16142797 2.45418071 -0.08541549
v 2.16571688 2.42967796 -0.08541649
v 2.11732292 2.43213176 -0.0853585
v 2.12093305 2.45710611 -0.08538849
v 1.94244694 2.50549697 -0.08559449
v 1.93327796 2.48464298 -0.0855685
v 2.23682403 2.41035985 -0.0853105
v 2.24391007 2.43100881 -0.0852015
v 2.31105589 2.39483976 -0.08517749
v 2.30034804 2.37463283 -0.08520549
v 2.20200705 2.44468975 -0.0854405
v 2.19766211 2.42333078 -0.08547249
v 2.05483698 2.43852996 -0.08542849
v 2.05999088 2.46190595 -0.08545649
v 1.79211795 2.64194679 -0.0854315
v 1.82503402 2.63737297 -0.0854315
v 1.99554097 2.45648574 -0.08549849
v 2.00269699 2.47808408 -0.08552549
v 1.79565095 2.6890788 -0.0854315
v 1.83065903 2.67354774 -0.0854315
v 2.22076797 2.27242803 -0.08554749
v 2.20006299 2.26143074 -0.08553449
v 2.17668199 2.3077197 -0.0854315
v 2.20369505 2.30968904 -0.0854315
v 1.28705394 2.87478113 -0.08517749
v 1.23981905 2.88964891 -0.08501349
v 1.24798703 2.91100788 -0.08505249
v 1.29056704 2.89731693 -0.08520549
v 2.16727805 2.35133886 -0.0854315
v 2.19917297 2.34201002 -0.0854315
v 2.17527198 2.3928647 -0.0854315
v 2.20758605 2.37241697 -0.0854315
v 2.35202693 2.36256313 -0.08501349
v 2.3366661 2.34561872 -0.08505249
v 1.76574003 2.7933669 -0.08554749
v 1.78408598 2.8081541 -0.08553449
v 1.81772697 2.76569414 -0.0854315
v 1.79088795 2.75937175 -0.0854315
v 1.73373401 2.82205295 -0.08566349
v 1.74167501 2.8444581 -0.08563849
v 1.44298398 2.86391115 -0.08541549
v 1.43280196 2.88641405 -0.08541649
v 1.48034501 2.89606094 -0.0853585
v 1.48272299 2.87091779 -0.08538849
v 1.67005503 2.85354805 -0.08559449
v 1.67622995 2.87554216 -0.0855685
v 1.36012494 2.88462781 -0.0853105
v 1.35921704 2.8629198 -0.0852015
v 1.40206396 2.86218595 -0.0854405
v 1.40061903 2.88381004 -0.08547249
v 1.54371094 2.90318393 -0.08542849
v 1.54366099 2.87911701 -0.08545649
v 1.83510303 2.72340202 -0.0854315
v 1.80153894 2.72797203 -0.0854315
v 1.60737001 2.89568376 -0.08549849
v 1.60424697 2.873034 -0.08552549
v 1.33030605 3.02059269 -0.08554749
v 1.34629595 3.03789377 -0.08553449
v 1.38581502 3.00082683 -0.0854315
v 1.36018598 2.99064683 -0.0854315
v 1.37670302 2.92956209 -0.0854315
v 1.41368997 2.91928482 -0.0854315
v 1.40918004 2.96151781 -0.0854315
v 1.37530899 2.96114206 -0.0854315
v 1.29625701 3.04093504 -0.08563549
v 1.30775201 3.06221389 -0.0856135
v 2.25105309 2.23336696 -0.08566349
v 2.2342441 2.21534299 -0.08563849
v 2.36554908 2.34932279 -0.08501349
v 2.34953403 2.33301401 -0.08505249
v 0.57140499 3.10527706 -0.0854315
v 0.52041798 3.09592914 -0.08553449
v 0.51667398 3.11907196 -0.08554749
v 0.55665499 3.12799596 -0.0854315
v 0.46759399 3.0952177 -0.08563849
v 0.47545999 3.11759805 -0.08566349
v 0.232765 3.20205688 -0.0853585
v 0.196499 3.23418712 -0.08541649
v 0.216717 3.24867677 -0.08541549
v 0.247673 3.22240304 -0.08538849
v 0.40093201 3.1106801 -0.0855685
v 0.40898698 3.13198375 -0.08559449
v 0.068336 3.31108284 -0.08517749
v 0.14160299 3.28988981 -0.0852015
v 0.132199 3.27018404 -0.0853105
v 0.06183499 3.28916072 -0.08520549
v 0.16924099 3.25202083 -0.08547249
v 0.181097 3.27031707 -0.0854405
v 0.281856 3.16286897 -0.08542849
v 0.29454401 3.18316412 -0.08545649
v 0.58514899 3.1439147 -0.0854315
v 0.61185199 3.12412881 -0.0854315
v 0.336759 3.13417005 -0.08549849
v 0.34677401 3.15459585 -0.08552549
v 0.60646301 3.17368078 -0.0854315
v 0.64233297 3.16025495 -0.0854315
v 0.10327 3.15479707 -0.0854315
v 0.05418 3.13812685 -0.08553449
v 0.047097 3.16047382 -0.08554749
v 0.08536099 3.17511892 -0.0854315
v 1.18872904 2.93521785 -0.08505249
v 1.17960298 2.9142518 -0.08501349
v 1.13547396 2.93671274 -0.08517749
v 1.14873695 2.95525074 -0.08520549
v 0.111224 3.19502687 -0.0854315
v 0.140529 3.17935371 -0.0854315
v 0.12650699 3.22262382 -0.0854315
v 0.16389499 3.2145977 -0.0854315
v 0.015592 3.29387474 -0.08505249
v 0.016487 3.31673288 -0.08501349
v 0.68022102 3.230412 -0.0854315
v 0.73396801 3.23716783 -0.08553449
v 0.73671501 3.21377086 -0.08554749
v 0.69495302 3.20710897 -0.0854315
v 0.78966701 3.23339271 -0.08563849
v 0.77965199 3.21183872 -0.08566349
v 1.01237499 3.08725595 -0.0853585
v 1.03955996 3.04706382 -0.08541649
v 1.01653695 3.03813076 -0.08541549
v 0.99306798 3.07096099 -0.08538849
v 0.85815697 3.20975875 -0.0855685
v 0.84716701 3.18973684 -0.08559449
v 1.07564199 2.97877311 -0.0852015
v 1.09019601 2.99490404 -0.0853105
v 1.060714 3.02267408 -0.08547249
v 1.04453599 3.00824213 -0.0854405
v 0.97212302 3.13670492 -0.08542849
v 0.95530498 3.11948871 -0.08545649
v 0.66536402 3.19214487 -0.0854315
v 0.63820302 3.21238994 -0.0854315
v 0.92141997 3.17592287 -0.08549849
v 0.90779101 3.15756416 -0.08552549
v 1.15321505 3.09585094 -0.0854315
v 1.20738899 3.09464597 -0.08553449
v 1.206689 3.07109308 -0.08554749
v 1.16438698 3.07063579 -0.0854315
v 1.07622194 3.05715704 -0.0854315
v 1.10982203 3.03859472 -0.0854315
v 1.13293099 3.06015586 -0.0854315
v 1.10901701 3.08414602 -0.0854315
v 1.21986603 2.92271471 -0.0850535
v 1.210469 2.90181589 -0.08501349
v 1.25193905 3.08501291 -0.0856135
v 1.245247 3.06177902 -0.08563549
v 1.28161299 3.07550382 -0.08563849
v 1.27228605 3.05269384 -0.08566349
v 3.16820693 0.51550895 -0.08554749
v 3.14500188 0.51883095 -0.08553449
v 3.15341711 0.56997489 -0.0854315
v 3.17639708 0.55564594 -0.0854315
v 3.16748595 0.47427293 -0.08566349
v 3.14525699 0.46600592 -0.08563849
v 3.30327105 0.21796792 -0.08541549
v 3.28915309 0.19748692 -0.08541649
v 3.25636005 0.23316492 -0.0853585
v 3.27643799 0.24843692 -0.08538849
v 3.18308305 0.40807592 -0.08559449
v 3.16192793 0.39962992 -0.0855685
v 3.32631206 0.13385893 -0.0853105
v 3.34584403 0.14361593 -0.0852015
v 3.36837196 0.07075092 -0.08517749
v 3.34657192 0.06385392 -0.08520549
v 3.32555103 0.18274992 -0.0854405
v 3.30747795 0.17055892 -0.08547249
v 3.21628403 0.28152692 -0.08542849
v 3.23634696 0.29458493 -0.08545649
v 3.17153096 0.61075592 -0.0854315
v 3.19179701 0.58442592 -0.0854315
v 3.18658208 0.33589592 -0.08549849
v 3.20682907 0.34628891 -0.08552549
v 3.20709204 0.64189893 -0.0854315
v 3.22116804 0.60627394 -0.0854315
v 3.21816802 0.04675292 -0.08554749
v 3.19569706 0.05342492 -0.08553449
v 3.21147394 0.10282592 -0.0854315
v 3.23211288 0.08529593 -0.0854315
v 2.9745841 1.13087093 -0.08517749
v 2.95131993 1.17458391 -0.08501349
v 2.97211694 1.18409597 -0.08505249
v 2.99288201 1.14447689 -0.08520549
v 3.23534488 0.14052592 -0.0854315
v 3.25155091 0.11151392 -0.0854315
v 3.27015495 0.16453193 -0.0854315
v 3.27886509 0.12729792 -0.0854315
v 3.37496209 0.01901392 -0.08501349
v 3.35213208 0.01770292 -0.08505249
v 3.25887489 0.7372359 -0.08554749
v 3.28232193 0.73492294 -0.08553449
v 3.2765479 0.68106192 -0.0854315
v 3.25297308 0.69536495 -0.0854315
v 3.25616002 0.78013294 -0.08566349
v 3.2775259 0.79053992 -0.08563849
v 3.07816195 1.01380896 -0.08541549
v 3.08667206 1.03698492 -0.08541649
v 3.12734389 1.01054096 -0.0853585
v 3.11140799 0.99094295 -0.08538849
v 3.2328279 0.84723889 -0.08559449
v 3.25264692 0.8585909 -0.0855685
v 3.03359103 1.08666694 -0.0853105
v 3.01772594 1.07182395 -0.0852015
v 3.0477631 1.04125297 -0.0854405
v 3.06189608 1.05769789 -0.08547249
v 3.17752409 0.97120195 -0.08542849
v 3.16061592 0.95406591 -0.08545649
v 3.25929093 0.63871693 -0.0854315
v 3.23855805 0.66550594 -0.0854315
v 3.2176609 0.92122191 -0.08549849
v 3.19955611 0.9072619 -0.08552549
v 3.10764288 1.20453393 -0.08554749
v 3.13117599 1.20566093 -0.08553449
v 3.13336896 1.15151989 -0.0854315
v 3.10795998 1.16223192 -0.0854315
v 3.07691407 1.10709095 -0.0854315
v 3.09608697 1.07382988 -0.0854315
v 3.12247896 1.10711193 -0.0854315
v 3.09805703 1.13058292 -0.0854315
v 3.09762501 1.24290287 -0.08563549
v 3.12073802 1.25002396 -0.0856135
v 3.21238708 -0.00234707 -0.08566349
v 3.18775796 -0.00342207 -0.08563849
v 3.37532401 0.00008892 -0.08501349
v 3.35247302 -0.00031507 -0.08505249
v 2.6258161 1.79693591 -0.0854315
v 2.58290195 1.8260169 -0.08553449
v 2.59645605 1.84514188 -0.08554749
v 2.63122201 1.82347691 -0.0854315
v 2.54473304 1.86254286 -0.08563849
v 2.56603097 1.87297797 -0.08566349
v 2.45216608 2.10335111 -0.0853585
v 2.44883203 2.15168571 -0.08541649
v 2.47340703 2.14785003 -0.08541549
v 2.47706699 2.10741376 -0.08538849
v 2.50803208 1.92029094 -0.0855685
v 2.52871203 1.92983996 -0.08559449
v 2.41133999 2.29636669 -0.08517749
v 2.44873189 2.22989416 -0.0852015
v 2.42821002 2.2224369 -0.0853105
v 2.39133596 2.28529214 -0.08520549
v 2.441895 2.18351173 -0.08547249
v 2.46317291 2.18824672 -0.0854405
v 2.45970296 2.04099369 -0.08542849
v 2.48298192 2.04657077 -0.08545649
v 2.66270303 1.81485796 -0.0854315
v 2.6678791 1.78202796 -0.0854315
v 2.47873401 1.98202896 -0.08549849
v 2.50019788 1.98957896 -0.08552549
v 2.69876909 1.82114088 -0.0854315
v 2.71493792 1.78641986 -0.0854315
v 2.326689 2.16042614 -0.0854315
v 2.27998709 2.18295574 -0.08553449
v 2.29060006 2.20386982 -0.08554749
v 2.32816195 2.18747091 -0.0854315
v 2.94683098 1.24289989 -0.08505249
v 2.92562389 1.23434495 -0.08501349
v 2.90990209 1.28129696 -0.08517749
v 2.93235802 1.28522586 -0.08520549
v 2.36056494 2.18354082 -0.0854315
v 2.37047505 2.15182209 -0.0854315
v 2.3908081 2.19251108 -0.0854315
v 2.41184592 2.16056871 -0.0854315
v 2.3616631 2.321074 -0.08505249
v 2.37832188 2.33674001 -0.08501349
v 2.79114103 1.80989396 -0.0854315
v 2.83420705 1.77703189 -0.08553449
v 2.81976199 1.75841295 -0.08554749
v 2.78530788 1.78294193 -0.0854315
v 2.8712759 1.73528492 -0.08563849
v 2.84902811 1.72694587 -0.08566349
v 2.92764592 1.47494292 -0.0853585
v 2.91886591 1.42722892 -0.08541649
v 2.89618611 1.43700587 -0.08541549
v 2.90246105 1.47686398 -0.08538849
v 2.90355205 1.67042493 -0.0855685
v 2.88167691 1.6638509 -0.08559449
v 2.89671611 1.35323298 -0.0852015
v 2.91840601 1.35453593 -0.0853105
v 2.91685009 1.39500689 -0.08547249
v 2.89519596 1.39605891 -0.0854405
v 2.93361091 1.53843295 -0.08542849
v 2.90954804 1.53794395 -0.08545649
v 2.75371909 1.79302096 -0.0854315
v 2.74853992 1.82649397 -0.0854315
v 2.92494607 1.60194587 -0.08549849
v 2.9023571 1.59840989 -0.08552549
v 3.03411197 1.38234293 -0.0854315
v 3.07190203 1.34351098 -0.08553449
v 3.05489397 1.32720696 -0.08554749
v 3.02440691 1.35653197 -0.0854315
v 2.95208001 1.4087249 -0.0854315
v 2.96302604 1.37192595 -0.0854315
v 2.9946289 1.37111687 -0.0854315
v 2.99439191 1.40498888 -0.0854315
v 2.96026897 1.21215188 -0.0850535
v 2.93892192 1.20383489 -0.08501349
v 3.09692001 1.30541288 -0.0856135
v 3.07585811 1.29353094 -0.08563549
v 3.1114161 1.27782392 -0.08563849
v 3.08877205 1.26809787 -0.08566349
v -2.59645605 1.84514391 -0.08554749
v -2.58290004 1.8260169 -0.08553449
v -2.62581491 1.79693591 -0.0854315
v -2.63122105 1.82347691 -0.0854315
v -2.56602907 1.87298095 -0.08566349
v -2.54473209 1.86254286 -0.08563849
v -2.47340488 2.14785003 -0.08541549
v -2.44882988 2.15169572 -0.08541649
v -2.45216488 2.10335111 -0.0853585
v -2.47706604 2.10741376 -0.08538849
v -2.52871203 1.92984497 -0.08559449
v -2.50803208 1.92029297 -0.0855685
v -2.42820811 2.2224369 -0.0853105
v -2.44872999 2.22989702 -0.0852015
v -2.41133809 2.29636669 -0.08517749
v -2.39133501 2.28529214 -0.08520549
v -2.46317195 2.18824672 -0.0854405
v -2.4418919 2.18351507 -0.08547249
v -2.45970201 2.04099369 -0.08542849
v -2.48297905 2.04657411 -0.08545649
v -2.667876 1.78202796 -0.0854315
v -2.66270303 1.81486296 -0.0854315
v -2.47873306 1.98203086 -0.08549849
v -2.50019788 1.98957896 -0.08552549
v -2.71493601 1.78641986 -0.0854315
v -2.6987679 1.82114291 -0.0854315
v -2.2905941 2.20386695 -0.08554749
v -2.27997899 2.18295812 -0.08553449
v -2.32668805 2.16043186 -0.0854315
v -2.32816004 2.18747377 -0.0854315
v -2.9099009 1.28129792 -0.08517749
v -2.92562294 1.23434495 -0.08501349
v -2.94683003 1.24289989 -0.08505249
v -2.93235707 1.28522694 -0.08520549
v -2.3704741 2.15182209 -0.0854315
v -2.36056208 2.18354082 -0.0854315
v -2.41184306 2.16057205 -0.0854315
v -2.39080691 2.19251108 -0.0854315
v -2.37832093 2.33674001 -0.08501349
v -2.36166191 2.32108116 -0.08505249
v -2.81976008 1.75841987 -0.08554749
v -2.8342061 1.77703189 -0.08553449
v -2.79114103 1.80989396 -0.0854315
v -2.78530693 1.78294193 -0.0854315
v -2.84902691 1.72694587 -0.08566349
v -2.8712759 1.7352879 -0.08563849
v -2.89618611 1.43700587 -0.08541549
v -2.91886591 1.42723393 -0.08541649
v -2.92764592 1.47494697 -0.0853585
v -2.90246009 1.47686588 -0.08538849
v -2.88167691 1.6638509 -0.08559449
v -2.9035511 1.67042791 -0.0855685
v -2.9184041 1.35453987 -0.0853105
v -2.89671492 1.35323298 -0.0852015
v -2.8951931 1.39606189 -0.0854405
v -2.91685009 1.3950119 -0.08547249
v -2.933609 1.53843498 -0.08542849
v -2.90954709 1.53794395 -0.08545649
v -2.74853897 1.82649791 -0.0854315
v -2.75371789 1.79302597 -0.0854315
v -2.92494607 1.60194587 -0.08549849
v -2.9023559 1.59840893 -0.08552549
v -3.05489301 1.32720887 -0.08554749
v -3.07189989 1.34351098 -0.08553449
v -3.03411102 1.38234293 -0.0854315
v -3.024405 1.35653197 -0.0854315
v -2.96302604 1.37192797 -0.0854315
v -2.95208001 1.4087249 -0.0854315
v -2.99439001 1.40498888 -0.0854315
v -2.99462699 1.37111997 -0.0854315
v -3.07585406 1.29353594 -0.08563549
v -3.09691691 1.30541694 -0.0856135
v -2.25099396 2.23343277 -0.08566349
v -2.23327088 2.21629285 -0.08563849
v -2.36483407 2.35002708 -0.08501349
v -2.34882593 2.33371114 -0.08505249
v -3.15341711 0.56997489 -0.0854315
v -3.14500093 0.51883095 -0.08553449
v -3.16820693 0.51550895 -0.08554749
v -3.17639708 0.55564594 -0.0854315
v -3.14525699 0.46600592 -0.08563849
v -3.16748595 0.47427293 -0.08566349
v -3.25636005 0.23316492 -0.0853585
v -3.2891519 0.19748392 -0.08541649
v -3.3032701 0.21796792 -0.08541549
v -3.27643799 0.24843692 -0.08538849
v -3.16192698 0.39962992 -0.0855685
v -3.18308305 0.40807592 -0.08559449
v -3.36837196 0.07075092 -0.08517749
v -3.34584403 0.14361593 -0.0852015
v -3.32631206 0.13385893 -0.0853105
v -3.34657192 0.06385392 -0.08520549
v -3.30747795 0.17055892 -0.08547249
v -3.32555103 0.18274793 -0.0854405
v -3.21628308 0.28152993 -0.08542849
v -3.236346 0.29458493 -0.08545649
v -3.19179606 0.58442592 -0.0854315
v -3.17153096 0.61075592 -0.0854315
v -3.18658208 0.33589592 -0.08549849
v -3.20682907 0.34628891 -0.08552549
v -3.22116804 0.60627394 -0.0854315
v -3.20709204 0.64189893 -0.0854315
v -3.21147298 0.10282592 -0.0854315
v -3.19569706 0.05342492 -0.08553449
v -3.21816802 0.04675292 -0.08554749
v -3.23211288 0.08528892 -0.0854315
v -2.97211599 1.18409597 -0.08505249
v -2.95131897 1.17458593 -0.08501349
v -2.9745841 1.13087594 -0.08517749
v -2.99288201 1.14447689 -0.08520549
v -3.25154995 0.11151092 -0.0854315
v -3.23534488 0.14052592 -0.0854315
v -3.2788639 0.12729792 -0.0854315
v -3.27015495 0.16453193 -0.0854315
v -3.35213208 0.01770292 -0.08505249
v -3.37496089 0.01901392 -0.08501349
v -3.276546 0.68106192 -0.0854315
v -3.28232002 0.73492491 -0.08553449
v -3.25887394 0.73724091 -0.08554749
v -3.25297188 0.69536495 -0.0854315
v -3.27752494 0.79053992 -0.08563849
v -3.25615906 0.78013294 -0.08566349
v -3.12734389 1.01054287 -0.0853585
v -3.08667206 1.0369879 -0.08541649
v -3.078161 1.01380896 -0.08541549
v -3.11140799 0.99094593 -0.08538849
v -3.25264692 0.8585909 -0.0855685
v -3.2328279 0.84723889 -0.08559449
v -3.01772403 1.07182598 -0.0852015
v -3.03359007 1.08667194 -0.0853105
v -3.06189489 1.05769789 -0.08547249
v -3.04776191 1.04125297 -0.0854405
v -3.17752194 0.97120493 -0.08542849
v -3.16061496 0.95406591 -0.08545649
v -3.2385571 0.66550594 -0.0854315
v -3.25928998 0.6387189 -0.0854315
v -3.21765995 0.92122393 -0.08549849
v -3.19955301 0.90726393 -0.08552549
v -3.13336801 1.15151989 -0.0854315
v -3.13117504 1.20566093 -0.08553449
v -3.10764193 1.20453393 -0.08554749
v -3.10795903 1.16223192 -0.0854315
v -3.09608507 1.07382988 -0.0854315
v -3.07691311 1.10709095 -0.0854315
v -3.09805703 1.1305859 -0.0854315
v -3.12247896 1.10711789 -0.0854315
v -2.95904302 1.21499788 -0.0850535
v -2.93832588 1.20522689 -0.08501349
v -3.12073493 1.25003087 -0.0856135
v -3.09762311 1.24291491 -0.08563549
v -3.18775796 -0.00342207 -0.08563849
v -3.21238708 -0.00234907 -0.08566349
v -3.35247302 -0.00031507 -0.08505249
v -3.37532401 0.00008892 -0.08501349
v -3.11068701 1.27952396 -0.08563849
v -3.08804893 1.26978492 -0.08566349
v -0.51667201 3.11907196 -0.08554749
v -0.52041602 3.09592914 -0.08553449
v -0.57140302 3.10527706 -0.0854315
v -0.55665302 3.12799596 -0.0854315
v -0.475459 3.11759805 -0.08566349
v -0.467592 3.0952177 -0.08563849
v -0.21671399 3.24867677 -0.08541549
v -0.19649599 3.23418712 -0.08541649
v -0.232763 3.20205688 -0.0853585
v -0.24767099 3.22240304 -0.08538849
v -0.408984 3.13198375 -0.08559449
v -0.40092998 3.1106801 -0.0855685
v -0.13219699 3.27018404 -0.0853105
v -0.14160199 3.28988981 -0.0852015
v -0.06833499 3.31108284 -0.08517749
v -0.061833 3.28916072 -0.08520549
v -0.181095 3.27031707 -0.0854405
v -0.16923899 3.25202083 -0.08547249
v -0.28185299 3.16286897 -0.08542849
v -0.29454201 3.18316412 -0.08545649
v -0.61184901 3.12413311 -0.0854315
v -0.58514702 3.1439147 -0.0854315
v -0.33675599 3.13417005 -0.08549849
v -0.34677299 3.15459585 -0.08552549
v -0.642331 3.16025495 -0.0854315
v -0.606462 3.17368078 -0.0854315
v -0.04707999 3.16046714 -0.08554749
v -0.054163 3.13811969 -0.08553449
v -0.10326799 3.15479707 -0.0854315
v -0.085359 3.17511892 -0.0854315
v -1.13547205 2.93671274 -0.08517749
v -1.1796 2.9142518 -0.08501349
v -1.18872594 2.93521785 -0.08505249
v -1.148736 2.95525074 -0.08520549
v -0.14052699 3.17935371 -0.0854315
v -0.11122199 3.19502687 -0.0854315
v -0.16389299 3.2145977 -0.0854315
v -0.126505 3.22262382 -0.0854315
v -0.016485 3.31673288 -0.08501349
v -0.01559 3.29387474 -0.08505249
v -0.73671299 3.21377086 -0.08554749
v -0.73396599 3.23716783 -0.08553449
v -0.68021899 3.230412 -0.0854315
v -0.69495099 3.20710897 -0.0854315
v -0.77964901 3.2118411 -0.08566349
v -0.78966498 3.23339271 -0.08563849
v -1.01653504 3.03813076 -0.08541549
v -1.039559 3.04706382 -0.08541649
v -1.01237297 3.08725595 -0.0853585
v -0.99306702 3.07096099 -0.08538849
v -0.84716498 3.18973684 -0.08559449
v -0.85815501 3.20975875 -0.0855685
v -1.09019398 2.99490404 -0.0853105
v -1.07563996 2.97877311 -0.0852015
v -1.04453396 3.00824213 -0.0854405
v -1.06071102 3.02267408 -0.08547249
v -0.97211998 3.13670492 -0.08542849
v -0.95530402 3.11948871 -0.08545649
v -0.63820201 3.21238994 -0.0854315
v -0.665362 3.19214487 -0.0854315
v -0.92141801 3.17592287 -0.08549849
v -0.90778899 3.15756416 -0.08552549
v -1.20668804 3.07109308 -0.08554749
v -1.20738697 3.09464597 -0.08553449
v -1.15321302 3.09585094 -0.0854315
v -1.16438496 3.07064008 -0.0854315
v -1.10982 3.03859472 -0.0854315
v -1.07622003 3.05715704 -0.0854315
v -1.10901403 3.08414602 -0.0854315
v -1.13292801 3.06016111 -0.0854315
v -1.24523997 3.06178093 -0.08563549
v -1.25193202 3.08501386 -0.0856135
v 0.001902 3.15379476 -0.08566349
v 0.002528 3.12915086 -0.08563849
v 0.002441 3.31673908 -0.08501349
v 0.002424 3.29389476 -0.08505249
v -1.80779004 2.60016775 -0.0854315
v -1.837646 2.55778884 -0.08553449
v -1.85652399 2.57169008 -0.08554749
v -1.83422601 2.60605287 -0.0854315
v -1.87486302 2.52029275 -0.08563849
v -1.88491404 2.54177284 -0.08566349
v -2.11732006 2.43213701 -0.0853585
v -2.16571497 2.42967796 -0.08541649
v -2.16142606 2.45418596 -0.08541549
v -2.12092995 2.45710611 -0.08538849
v -1.93327701 2.48465013 -0.0855685
v -1.94244599 2.50549888 -0.08559449
v -2.31105494 2.39483976 -0.08517749
v -2.24390792 2.43101501 -0.0852015
v -2.23682189 2.41035985 -0.0853105
v -2.30034589 2.37463283 -0.08520549
v -2.19765996 2.42333078 -0.08547249
v -2.2020061 2.4446907 -0.0854405
v -2.05483508 2.43853473 -0.08542849
v -2.05998897 2.46190595 -0.08545649
v -1.82503199 2.63737297 -0.0854315
v -1.792117 2.6419487 -0.0854315
v -1.99553895 2.45648574 -0.08549849
v -2.00269508 2.47808599 -0.08552549
v -1.830657 2.67354774 -0.0854315
v -1.79564905 2.6890788 -0.0854315
v -2.17668104 2.3077197 -0.0854315
v -2.20006299 2.26143598 -0.08553449
v -2.22076797 2.27243614 -0.08554749
v -2.2036941 2.30968904 -0.0854315
v -1.24798297 2.91101074 -0.08505249
v -1.23981702 2.88964891 -0.08501349
v -1.28705203 2.87478876 -0.08517749
v -1.29056596 2.89731693 -0.08520549
v -2.19917202 2.34201002 -0.0854315
v -2.16727709 2.35134077 -0.0854315
v -2.20758509 2.37241697 -0.0854315
v -2.17527103 2.3928647 -0.0854315
v -2.336663 2.34562301 -0.08505249
v -2.35202598 2.36256313 -0.08501349
v -1.81772494 2.76569414 -0.0854315
v -1.78408503 2.8081541 -0.08553449
v -1.76573801 2.7933669 -0.08554749
v -1.79088699 2.75937175 -0.0854315
v -1.74167299 2.8444581 -0.08563849
v -1.73373198 2.82205295 -0.08566349
v -1.48034298 2.89606285 -0.0853585
v -1.43279898 2.88641405 -0.08541649
v -1.44298195 2.86391115 -0.08541549
v -1.48272097 2.87091779 -0.08538849
v -1.67622804 2.87554407 -0.0855685
v -1.670053 2.85355615 -0.08559449
v -1.35921502 2.86291885 -0.0852015
v -1.36012303 2.88462781 -0.0853105
v -1.400617 2.88380909 -0.08547249
v -1.40206205 2.86218595 -0.0854405
v -1.54370904 2.90318393 -0.08542849
v -1.54366004 2.87912178 -0.08545649
v -1.80153799 2.7279787 -0.0854315
v -1.835101 2.72340774 -0.0854315
v -1.60736894 2.89568376 -0.08549849
v -1.60424494 2.873034 -0.08552549
v -1.38581395 3.00082683 -0.0854315
v -1.34629404 3.03789377 -0.08553449
v -1.33030402 3.02059793 -0.08554749
v -1.36018502 2.99064683 -0.0854315
v -1.41368794 2.91928672 -0.0854315
v -1.37670099 2.92956209 -0.0854315
v -1.37530601 2.96114206 -0.0854315
v -1.40917801 2.96151781 -0.0854315
v -1.21699702 2.9238801 -0.0850535
v -1.20907604 2.90238714 -0.08501349
v -1.30774498 3.0622158 -0.0856135
v -1.29624998 3.04093694 -0.08563549
v -1.27990305 3.07620286 -0.08563849
v -1.27058804 3.05338811 -0.08566349
g Group32941
f 1220 1219 1218 1217
g Group32944
f 15 3 1217 1218
f 1 16 1219 1220
g Group36573
f 1 3 15 16
g Group32941
f 1219 1222 1221 1218
g Group32944
f 8 15 1218 1221
f 16 7 1222 1219
g Group36573
f 16 15 8 7
g Group32941
f 1226 1225 1224 1223
g Group32944
f 20 9 1223 1224
f 13 19 1225 1226
g Group36573
f 13 9 20 19
g Group32941
f 1222 1228 1227 1221
g Group32944
f 12 8 1221 1227
f 7 5 1228 1222
g Group36573
f 7 8 12 5
g Group32941
f 1232 1231 1230 1229
g Group32944
f 29 31 1229 1230
f 32 30 1231 1232
g Group36573
f 32 31 29 30
g Group32941
f 1225 1234 1233 1224
g Group32944
f 17 20 1224 1233
f 19 18 1234 1225
g Group36573
f 19 20 17 18
g Group32941
f 1236 1226 1223 1235
g Group32944
f 9 10 1235 1223
f 14 13 1226 1236
g Group36573
f 14 10 9 13
g Group32941
f 1231 1233 1234 1230
g Group32944
f 18 29 1230 1234
g Group36573
f 30 29 18 17
g Group32941
f 1217 1238 1237 1220
g Group32944
f 2 1 1220 1237
f 3 4 1238 1217
g Group36573
f 3 1 2 4
g Group32941
f 1240 1236 1235 1239
g Group32944
f 10 11 1239 1235
f 6 14 1236 1240
g Group36573
f 6 11 10 14
g Group32941
f 1238 1242 1241 1237
g Group32944
f 69 2 1237 1241
f 4 70 1242 1238
g Group36573
f 4 2 69 70
g Group32941
f 1228 1240 1239 1227
g Group32944
f 11 12 1227 1239
f 5 6 1240 1228
g Group36573
f 5 12 11 6
g Group32941
f 1246 1245 1244 1243
g Group32944
f 27 23 1243 1244
f 21 28 1245 1246
g Group36573
f 21 23 27 28
g Group32941
f 1250 1249 1248 1247
g Group32944
f 68 66 1250 1247
f 65 67 1248 1249
g Group36573
f 66 68 67 65
g Group32941
f 1243 1252 1251 1246
g Group32944
f 22 21 1246 1251
f 23 24 1252 1243
g Group36573
f 23 21 22 24
g Group32941
f 1252 1254 1253 1251
g Group32944
f 26 22 1251 1253
f 24 25 1254 1252
g Group36573
f 24 22 26 25
g Group32941
f 1231 1253 1254 1233
g Group32944
f 25 17 1233 1254
f 30 26 1253 1231
g Group36573
f 30 17 25 26
g Group32941
f 1232 1229 1256 1255
g Group32944
f 34 32 1232 1255
f 31 33 1256 1229
g Group36573
f 32 34 33 31
g Group32941
f 1260 1259 1258 1257
g Group32944
f 49 37 1257 1258
f 35 50 1259 1260
g Group36573
f 35 37 49 50
g Group32941
f 1259 1262 1261 1258
g Group32944
f 42 49 1258 1261
f 50 41 1262 1259
g Group36573
f 50 49 42 41
g Group32941
f 1266 1265 1264 1263
g Group32944
f 54 43 1263 1264
f 47 53 1265 1266
g Group36573
f 47 43 54 53
g Group32941
f 1262 1268 1267 1261
g Group32944
f 46 42 1261 1267
f 41 39 1268 1262
g Group36573
f 41 42 46 39
g Group32941
f 1250 1270 1269 1249
g Group32944
f 63 65 1249 1269
f 66 64 1270 1250
g Group36573
f 66 65 63 64
g Group32941
f 1265 1272 1271 1264
g Group32944
f 51 54 1264 1271
f 53 52 1272 1265
g Group36573
f 53 54 51 52
g Group32941
f 1274 1266 1263 1273
g Group32944
f 43 44 1273 1263
f 48 47 1266 1274
g Group36573
f 48 44 43 47
g Group32941
f 1270 1271 1272 1269
g Group32944
f 52 63 1269 1272
g Group36573
f 64 63 52 51
g Group32941
f 1257 1276 1275 1260
g Group32944
f 36 35 1260 1275
f 37 38 1276 1257
g Group36573
f 37 35 36 38
g Group32941
f 1278 1274 1273 1277
g Group32944
f 44 45 1277 1273
f 40 48 1274 1278
g Group36573
f 40 45 44 48
g Group32941
f 1276 1241 1242 1275
g Group32944
f 70 36 1275 1242
f 38 69 1241 1276
g Group36573
f 38 36 70 69
g Group32941
f 1268 1278 1277 1267
g Group32944
f 45 46 1267 1277
f 39 40 1278 1268
g Group36573
f 39 46 45 40
g Group32941
f 1282 1281 1280 1279
g Group32944
f 61 57 1279 1280
f 55 62 1281 1282
g Group36573
f 55 57 61 62
g Group32941
f 1270 1284 1283 1271
g Group32944
f 59 51 1271 1283
f 64 60 1284 1270
g Group36573
f 64 51 59 60
g Group32941
f 1279 1286 1285 1282
g Group32944
f 56 55 1282 1285
f 57 58 1286 1279
g Group36573
f 57 55 56 58
g Group32941
f 1286 1283 1284 1285
g Group32944
f 60 56 1285 1284
f 58 59 1283 1286
g Group36573
f 58 56 60 59
g Group32941
f 1280 1281 1288 1287
g Group32944
f 76 61 1280 1287
f 62 75 1288 1281
g Group36573
f 61 76 75 62
g Group32941
f 1244 1245 1290 1289
g Group32944
f 72 27 1244 1289
f 28 71 1290 1245
g Group36573
f 27 72 71 28
g Group32941
f 1256 1292 1291 1255
g Group32944
f 74 34 1255 1291
f 33 73 1292 1256
g Group36573
f 33 34 74 73
g Group32941
f 1296 1295 1294 1293
g Group32944
f 92 77 1296 1293
f 79 91 1294 1295
g Group36573
f 77 92 91 79
g Group32941
f 1293 1294 1298 1297
g Group32944
f 83 92 1293 1297
f 91 84 1298 1294
g Group36573
f 92 83 84 91
g Group32941
f 1302 1301 1300 1299
g Group32944
f 95 89 1302 1299
f 85 96 1300 1301
g Group36573
f 89 95 96 85
g Group32941
f 1297 1298 1304 1303
g Group32944
f 81 83 1297 1303
f 84 88 1304 1298
g Group36573
f 83 81 88 84
g Group32941
f 1308 1307 1306 1305
g Group32944
f 106 108 1308 1305
f 107 105 1306 1307
g Group36573
f 108 106 105 107
g Group32941
f 1299 1300 1310 1309
g Group32944
f 94 95 1299 1309
f 96 93 1310 1300
g Group36573
f 95 94 93 96
g Group32941
f 1312 1311 1301 1302
g Group32944
f 89 90 1312 1302
f 86 85 1301 1311
g Group36573
f 90 89 85 86
g Group32941
f 1305 1306 1309 1310
g Group32944
f 105 94 1309 1306
g Group36573
f 106 93 94 105
g Group32941
f 1295 1296 1314 1313
g Group32944
f 80 79 1295 1313
f 77 78 1314 1296
g Group36573
f 79 80 78 77
g Group32941
f 1316 1315 1311 1312
g Group32944
f 90 82 1316 1312
f 87 86 1311 1315
g Group36573
f 82 90 86 87
g Group32941
f 1313 1314 1318 1317
g Group32944
f 148 80 1313 1317
f 78 147 1318 1314
g Group36573
f 80 148 147 78
g Group32941
f 1303 1304 1315 1316
g Group32944
f 82 81 1303 1316
f 88 87 1315 1304
g Group36573
f 81 82 87 88
g Group32941
f 1322 1321 1320 1319
g Group32944
f 104 97 1322 1319
f 99 103 1320 1321
g Group36573
f 97 104 103 99
g Group32941
f 1326 1325 1324 1323
g Group32944
f 145 141 1323 1324
f 142 146 1325 1326
g Group36573
f 142 141 145 146
g Group32941
f 1321 1322 1328 1327
g Group32944
f 100 99 1321 1327
f 97 98 1328 1322
g Group36573
f 99 100 98 97
g Group32941
f 1327 1328 1330 1329
g Group32944
f 101 100 1327 1329
f 98 102 1330 1328
g Group36573
f 100 101 102 98
g Group32941
f 1305 1310 1329 1330
g Group32944
f 102 106 1305 1330
f 93 101 1329 1310
g Group36573
f 106 102 101 93
g Group32941
f 1308 1332 1331 1307
g Group32944
f 109 107 1307 1331
f 108 110 1332 1308
g Group36573
f 108 107 109 110
g Group32941
f 1336 1335 1334 1333
g Group32944
f 126 111 1336 1333
f 113 125 1334 1335
g Group36573
f 111 126 125 113
g Group32941
f 1333 1334 1338 1337
g Group32944
f 117 126 1333 1337
f 125 118 1338 1334
g Group36573
f 126 117 118 125
g Group32941
f 1342 1341 1340 1339
g Group32944
f 129 123 1342 1339
f 119 130 1340 1341
g Group36573
f 123 129 130 119
g Group32941
f 1337 1338 1344 1343
g Group32944
f 115 117 1337 1343
f 118 122 1344 1338
g Group36573
f 117 115 122 118
g Group32941
f 1326 1323 1346 1345
g Group32944
f 140 142 1326 1345
f 141 139 1346 1323
g Group36573
f 142 140 139 141
g Group32941
f 1339 1340 1348 1347
g Group32944
f 128 129 1339 1347
f 130 127 1348 1340
g Group36573
f 129 128 127 130
g Group32941
f 1350 1349 1341 1342
g Group32944
f 123 124 1350 1342
f 120 119 1341 1349
g Group36573
f 124 123 119 120
g Group32941
f 1345 1346 1347 1348
g Group32944
f 139 128 1347 1346
g Group36573
f 140 127 128 139
g Group32941
f 1335 1336 1352 1351
g Group32944
f 114 113 1335 1351
f 111 112 1352 1336
g Group36573
f 113 114 112 111
g Group32941
f 1354 1353 1349 1350
g Group32944
f 124 116 1354 1350
f 121 120 1349 1353
g Group36573
f 116 124 120 121
g Group32941
f 1351 1352 1317 1318
g Group32944
f 147 114 1351 1318
f 112 148 1317 1352
g Group36573
f 114 147 148 112
g Group32941
f 1343 1344 1353 1354
g Group32944
f 116 115 1343 1354
f 122 121 1353 1344
g Group36573
f 115 116 121 122
g Group32941
f 1358 1357 1356 1355
g Group32944
f 138 131 1358 1355
f 133 137 1356 1357
g Group36573
f 131 138 137 133
g Group32941
f 1345 1348 1360 1359
g Group32944
f 136 140 1345 1359
f 127 135 1360 1348
g Group36573
f 140 136 135 127
g Group32941
f 1357 1358 1362 1361
g Group32944
f 134 133 1357 1361
f 131 132 1362 1358
g Group36573
f 133 134 132 131
g Group32941
f 1361 1362 1359 1360
g Group32944
f 135 134 1361 1360
f 132 136 1359 1362
g Group36573
f 134 135 136 132
g Group32941
f 1364 1324 1325 1363
g Group32944
f 146 143 1363 1325
f 144 145 1324 1364
g Group36573
f 144 143 146 145
g Group32941
f 1356 1366 1365 1355
g Group32944
f 151 138 1355 1365
f 137 152 1366 1356
g Group36573
f 137 138 151 152
g Group32941
f 1366 1368 1367 1365
g Group32944
f 150 151 1365 1367
f 152 149 1368 1366
g Group36573
f 152 151 150 149
g Group32941
f 1288 1367 1368 1287
g Group32944
f 149 76 1287 1368
f 75 150 1367 1288
g Group36573
f 75 76 149 150
g Group32941
f 1248 1364 1363 1247
g Group32944
f 143 68 1247 1363
f 67 144 1364 1248
g Group36573
f 67 68 143 144
g Group32941
f 1372 1371 1370 1369
g Group32944
f 167 155 1369 1370
f 153 168 1371 1372
g Group36573
f 153 155 167 168
g Group32941
f 1371 1374 1373 1370
g Group32944
f 160 167 1370 1373
f 168 159 1374 1371
g Group36573
f 168 167 160 159
g Group32941
f 1378 1377 1376 1375
g Group32944
f 172 161 1375 1376
f 165 171 1377 1378
g Group36573
f 165 161 172 171
g Group32941
f 1374 1380 1379 1373
g Group32944
f 164 160 1373 1379
f 159 157 1380 1374
g Group36573
f 159 160 164 157
g Group32941
f 1384 1383 1382 1381
g Group32944
f 181 183 1381 1382
f 184 182 1383 1384
g Group36573
f 184 183 181 182
g Group32941
f 1377 1386 1385 1376
g Group32944
f 169 172 1376 1385
f 171 170 1386 1377
g Group36573
f 171 172 169 170
g Group32941
f 1388 1378 1375 1387
g Group32944
f 161 162 1387 1375
f 166 165 1378 1388
g Group36573
f 166 162 161 165
g Group32941
f 1383 1385 1386 1382
g Group32944
f 170 181 1382 1386
g Group36573
f 182 181 170 169
g Group32941
f 1369 1390 1389 1372
g Group32944
f 154 153 1372 1389
f 155 156 1390 1369
g Group36573
f 155 153 154 156
g Group32941
f 1392 1388 1387 1391
g Group32944
f 162 163 1391 1387
f 158 166 1388 1392
g Group36573
f 158 163 162 166
g Group32941
f 1390 1394 1393 1389
g Group32944
f 221 154 1389 1393
f 156 222 1394 1390
g Group36573
f 156 154 221 222
g Group32941
f 1380 1392 1391 1379
g Group32944
f 163 164 1379 1391
f 157 158 1392 1380
g Group36573
f 157 164 163 158
g Group32941
f 1398 1397 1396 1395
g Group32944
f 179 175 1395 1396
f 173 180 1397 1398
g Group36573
f 173 175 179 180
g Group32941
f 1402 1401 1400 1399
g Group32944
f 220 218 1402 1399
f 217 219 1400 1401
g Group36573
f 218 220 219 217
g Group32941
f 1395 1404 1403 1398
g Group32944
f 174 173 1398 1403
f 175 176 1404 1395
g Group36573
f 175 173 174 176
g Group32941
f 1404 1406 1405 1403
g Group32944
f 178 174 1403 1405
f 176 177 1406 1404
g Group36573
f 176 174 178 177
g Group32941
f 1383 1405 1406 1385
g Group32944
f 177 169 1385 1406
f 182 178 1405 1383
g Group36573
f 182 169 177 178
g Group32941
f 1384 1381 1408 1407
g Group32944
f 186 184 1384 1407
f 183 185 1408 1381
g Group36573
f 184 186 185 183
g Group32941
f 1412 1411 1410 1409
g Group32944
f 201 189 1409 1410
f 187 202 1411 1412
g Group36573
f 187 189 201 202
g Group32941
f 1411 1414 1413 1410
g Group32944
f 194 201 1410 1413
f 202 193 1414 1411
g Group36573
f 202 201 194 193
g Group32941
f 1418 1417 1416 1415
g Group32944
f 206 195 1415 1416
f 199 205 1417 1418
g Group36573
f 199 195 206 205
g Group32941
f 1414 1420 1419 1413
g Group32944
f 198 194 1413 1419
f 193 191 1420 1414
g Group36573
f 193 194 198 191
g Group32941
f 1402 1422 1421 1401
g Group32944
f 215 217 1401 1421
f 218 216 1422 1402
g Group36573
f 218 217 215 216
g Group32941
f 1417 1424 1423 1416
g Group32944
f 203 206 1416 1423
f 205 204 1424 1417
g Group36573
f 205 206 203 204
g Group32941
f 1426 1418 1415 1425
g Group32944
f 195 196 1425 1415
f 200 199 1418 1426
g Group36573
f 200 196 195 199
g Group32941
f 1422 1423 1424 1421
g Group32944
f 204 215 1421 1424
g Group36573
f 216 215 204 203
g Group32941
f 1409 1428 1427 1412
g Group32944
f 188 187 1412 1427
f 189 190 1428 1409
g Group36573
f 189 187 188 190
g Group32941
f 1430 1426 1425 1429
g Group32944
f 196 197 1429 1425
f 192 200 1426 1430
g Group36573
f 192 197 196 200
g Group32941
f 1428 1393 1394 1427
g Group32944
f 222 188 1427 1394
f 190 221 1393 1428
g Group36573
f 190 188 222 221
g Group32941
f 1420 1430 1429 1419
g Group32944
f 197 198 1419 1429
f 191 192 1430 1420
g Group36573
f 191 198 197 192
g Group32941
f 1434 1433 1432 1431
g Group32944
f 213 209 1431 1432
f 207 214 1433 1434
g Group36573
f 207 209 213 214
g Group32941
f 1422 1436 1435 1423
g Group32944
f 211 203 1423 1435
f 216 212 1436 1422
g Group36573
f 216 203 211 212
g Group32941
f 1431 1438 1437 1434
g Group32944
f 208 207 1434 1437
f 209 210 1438 1431
g Group36573
f 209 207 208 210
g Group32941
f 1438 1435 1436 1437
g Group32944
f 212 208 1437 1436
f 210 211 1435 1438
g Group36573
f 210 208 212 211
g Group32941
f 1432 1433 1440 1439
g Group32944
f 224 213 1432 1439
f 214 223 1440 1433
g Group36573
f 213 224 223 214
g Group32941
f 1444 1443 1442 1441
g Group32944
f 240 225 1444 1441
f 227 239 1442 1443
g Group36573
f 225 240 239 227
g Group32941
f 1441 1442 1446 1445
g Group32944
f 231 240 1441 1445
f 239 232 1446 1442
g Group36573
f 240 231 232 239
g Group32941
f 1450 1449 1448 1447
g Group32944
f 243 237 1450 1447
f 233 244 1448 1449
g Group36573
f 237 243 244 233
g Group32941
f 1445 1446 1452 1451
g Group32944
f 229 231 1445 1451
f 232 236 1452 1446
g Group36573
f 231 229 236 232
g Group32941
f 1456 1455 1454 1453
g Group32944
f 254 256 1456 1453
f 255 253 1454 1455
g Group36573
f 256 254 253 255
g Group32941
f 1447 1448 1458 1457
g Group32944
f 242 243 1447 1457
f 244 241 1458 1448
g Group36573
f 243 242 241 244
g Group32941
f 1460 1459 1449 1450
g Group32944
f 237 238 1460 1450
f 234 233 1449 1459
g Group36573
f 238 237 233 234
g Group32941
f 1453 1454 1457 1458
g Group32944
f 253 242 1457 1454
g Group36573
f 254 241 242 253
g Group32941
f 1443 1444 1462 1461
g Group32944
f 228 227 1443 1461
f 225 226 1462 1444
g Group36573
f 227 228 226 225
g Group32941
f 1464 1463 1459 1460
g Group32944
f 238 230 1464 1460
f 235 234 1459 1463
g Group36573
f 230 238 234 235
g Group32941
f 1461 1462 1466 1465
g Group32944
f 296 228 1461 1465
f 226 295 1466 1462
g Group36573
f 228 296 295 226
g Group32941
f 1451 1452 1463 1464
g Group32944
f 230 229 1451 1464
f 236 235 1463 1452
g Group36573
f 229 230 235 236
g Group32941
f 1470 1469 1468 1467
g Group32944
f 252 245 1470 1467
f 247 251 1468 1469
g Group36573
f 245 252 251 247
g Group32941
f 1474 1473 1472 1471
g Group32944
f 293 289 1471 1472
f 290 294 1473 1474
g Group36573
f 290 289 293 294
g Group32941
f 1469 1470 1476 1475
g Group32944
f 248 247 1469 1475
f 245 246 1476 1470
g Group36573
f 247 248 246 245
g Group32941
f 1475 1476 1478 1477
g Group32944
f 249 248 1475 1477
f 246 250 1478 1476
g Group36573
f 248 249 250 246
g Group32941
f 1453 1458 1477 1478
g Group32944
f 250 254 1453 1478
f 241 249 1477 1458
g Group36573
f 254 250 249 241
g Group32941
f 1456 1480 1479 1455
g Group32944
f 257 255 1455 1479
f 256 258 1480 1456
g Group36573
f 256 255 257 258
g Group32941
f 1484 1483 1482 1481
g Group32944
f 274 259 1484 1481
f 261 273 1482 1483
g Group36573
f 259 274 273 261
g Group32941
f 1481 1482 1486 1485
g Group32944
f 265 274 1481 1485
f 273 266 1486 1482
g Group36573
f 274 265 266 273
g Group32941
f 1490 1489 1488 1487
g Group32944
f 277 271 1490 1487
f 267 278 1488 1489
g Group36573
f 271 277 278 267
g Group32941
f 1485 1486 1492 1491
g Group32944
f 263 265 1485 1491
f 266 270 1492 1486
g Group36573
f 265 263 270 266
g Group32941
f 1474 1471 1494 1493
g Group32944
f 288 290 1474 1493
f 289 287 1494 1471
g Group36573
f 290 288 287 289
g Group32941
f 1487 1488 1496 1495
g Group32944
f 276 277 1487 1495
f 278 275 1496 1488
g Group36573
f 277 276 275 278
g Group32941
f 1498 1497 1489 1490
g Group32944
f 271 272 1498 1490
f 268 267 1489 1497
g Group36573
f 272 271 267 268
g Group32941
f 1493 1494 1495 1496
g Group32944
f 287 276 1495 1494
g Group36573
f 288 275 276 287
g Group32941
f 1483 1484 1500 1499
g Group32944
f 262 261 1483 1499
f 259 260 1500 1484
g Group36573
f 261 262 260 259
g Group32941
f 1502 1501 1497 1498
g Group32944
f 272 264 1502 1498
f 269 268 1497 1501
g Group36573
f 264 272 268 269
g Group32941
f 1499 1500 1465 1466
g Group32944
f 295 262 1499 1466
f 260 296 1465 1500
g Group36573
f 262 295 296 260
g Group32941
f 1491 1492 1501 1502
g Group32944
f 264 263 1491 1502
f 270 269 1501 1492
g Group36573
f 263 264 269 270
g Group32941
f 1506 1505 1504 1503
g Group32944
f 286 279 1506 1503
f 281 285 1504 1505
g Group36573
f 279 286 285 281
g Group32941
f 1493 1496 1508 1507
g Group32944
f 284 288 1493 1507
f 275 283 1508 1496
g Group36573
f 288 284 283 275
g Group32941
f 1505 1506 1510 1509
g Group32944
f 282 281 1505 1509
f 279 280 1510 1506
g Group36573
f 281 282 280 279
g Group32941
f 1509 1510 1507 1508
g Group32944
f 283 282 1509 1508
f 280 284 1507 1510
g Group36573
f 282 283 284 280
g Group32941
f 1512 1472 1473 1511
g Group32944
f 294 291 1511 1473
f 292 293 1472 1512
g Group36573
f 292 291 294 293
g Group32941
f 1504 1514 1513 1503
g Group32944
f 299 286 1503 1513
f 285 300 1514 1504
g Group36573
f 285 286 299 300
g Group32941
f 1514 1516 1515 1513
g Group32944
f 298 299 1513 1515
f 300 297 1516 1514
g Group36573
f 300 299 298 297
g Group32941
f 1440 1515 1516 1439
g Group32944
f 297 224 1439 1516
f 223 298 1515 1440
g Group36573
f 223 224 297 298
g Group32941
f 1400 1512 1511 1399
g Group32944
f 291 220 1399 1511
f 219 292 1512 1400
g Group36573
f 219 220 291 292
g Group32941
f 1468 1289 1290 1467
g Group32944
f 71 252 1467 1290
f 251 72 1289 1468
g Group36573
f 251 252 71 72
g Group32941
f 1480 1291 1292 1479
g Group32944
f 73 257 1479 1292
f 258 74 1291 1480
g Group36573
f 258 257 73 74
g Group32941
f 1520 1519 1518 1517
g Group32944
f 315 303 1517 1518
f 301 316 1519 1520
g Group36573
f 301 303 315 316
g Group32941
f 1519 1522 1521 1518
g Group32944
f 308 315 1518 1521
f 316 307 1522 1519
g Group36573
f 316 315 308 307
g Group32941
f 1526 1525 1524 1523
g Group32944
f 320 309 1523 1524
f 313 319 1525 1526
g Group36573
f 313 309 320 319
g Group32941
f 1522 1528 1527 1521
g Group32944
f 312 308 1521 1527
f 307 305 1528 1522
g Group36573
f 307 308 312 305
g Group32941
f 1532 1531 1530 1529
g Group32944
f 329 331 1529 1530
f 332 330 1531 1532
g Group36573
f 332 331 329 330
g Group32941
f 1525 1534 1533 1524
g Group32944
f 317 320 1524 1533
f 319 318 1534 1525
g Group36573
f 319 320 317 318
g Group32941
f 1536 1526 1523 1535
g Group32944
f 309 310 1535 1523
f 314 313 1526 1536
g Group36573
f 314 310 309 313
g Group32941
f 1531 1533 1534 1530
g Group32944
f 318 329 1530 1534
g Group36573
f 330 329 318 317
g Group32941
f 1517 1538 1537 1520
g Group32944
f 302 301 1520 1537
f 303 304 1538 1517
g Group36573
f 303 301 302 304
g Group32941
f 1540 1536 1535 1539
g Group32944
f 310 311 1539 1535
f 306 314 1536 1540
g Group36573
f 306 311 310 314
g Group32941
f 1538 1542 1541 1537
g Group32944
f 369 302 1537 1541
f 304 370 1542 1538
g Group36573
f 304 302 369 370
g Group32941
f 1528 1540 1539 1527
g Group32944
f 311 312 1527 1539
f 305 306 1540 1528
g Group36573
f 305 312 311 306
g Group32941
f 1546 1545 1544 1543
g Group32944
f 327 323 1543 1544
f 321 328 1545 1546
g Group36573
f 321 323 327 328
g Group32941
f 1550 1549 1548 1547
g Group32944
f 368 366 1550 1547
f 365 367 1548 1549
g Group36573
f 366 368 367 365
g Group32941
f 1543 1552 1551 1546
g Group32944
f 322 321 1546 1551
f 323 324 1552 1543
g Group36573
f 323 321 322 324
g Group32941
f 1552 1554 1553 1551
g Group32944
f 326 322 1551 1553
f 324 325 1554 1552
g Group36573
f 324 322 326 325
g Group32941
f 1531 1553 1554 1533
g Group32944
f 325 317 1533 1554
f 330 326 1553 1531
g Group36573
f 330 317 325 326
g Group32941
f 1532 1529 1556 1555
g Group32944
f 334 332 1532 1555
f 331 333 1556 1529
g Group36573
f 332 334 333 331
g Group32941
f 1560 1559 1558 1557
g Group32944
f 349 337 1557 1558
f 335 350 1559 1560
g Group36573
f 335 337 349 350
g Group32941
f 1559 1562 1561 1558
g Group32944
f 342 349 1558 1561
f 350 341 1562 1559
g Group36573
f 350 349 342 341
g Group32941
f 1566 1565 1564 1563
g Group32944
f 354 343 1563 1564
f 347 353 1565 1566
g Group36573
f 347 343 354 353
g Group32941
f 1562 1568 1567 1561
g Group32944
f 346 342 1561 1567
f 341 339 1568 1562
g Group36573
f 341 342 346 339
g Group32941
f 1550 1570 1569 1549
g Group32944
f 363 365 1549 1569
f 366 364 1570 1550
g Group36573
f 366 365 363 364
g Group32941
f 1565 1572 1571 1564
g Group32944
f 351 354 1564 1571
f 353 352 1572 1565
g Group36573
f 353 354 351 352
g Group32941
f 1574 1566 1563 1573
g Group32944
f 343 344 1573 1563
f 348 347 1566 1574
g Group36573
f 348 344 343 347
g Group32941
f 1570 1571 1572 1569
g Group32944
f 352 363 1569 1572
g Group36573
f 364 363 352 351
g Group32941
f 1557 1576 1575 1560
g Group32944
f 336 335 1560 1575
f 337 338 1576 1557
g Group36573
f 337 335 336 338
g Group32941
f 1578 1574 1573 1577
g Group32944
f 344 345 1577 1573
f 340 348 1574 1578
g Group36573
f 340 345 344 348
g Group32941
f 1576 1541 1542 1575
g Group32944
f 370 336 1575 1542
f 338 369 1541 1576
g Group36573
f 338 336 370 369
g Group32941
f 1568 1578 1577 1567
g Group32944
f 345 346 1567 1577
f 339 340 1578 1568
g Group36573
f 339 346 345 340
g Group32941
f 1582 1581 1580 1579
g Group32944
f 361 357 1579 1580
f 355 362 1581 1582
g Group36573
f 355 357 361 362
g Group32941
f 1570 1584 1583 1571
g Group32944
f 359 351 1571 1583
f 364 360 1584 1570
g Group36573
f 364 351 359 360
g Group32941
f 1579 1586 1585 1582
g Group32944
f 356 355 1582 1585
f 357 358 1586 1579
g Group36573
f 357 355 356 358
g Group32941
f 1586 1583 1584 1585
g Group32944
f 360 356 1585 1584
f 358 359 1583 1586
g Group36573
f 358 356 360 359
g Group32941
f 1580 1581 1588 1587
g Group32944
f 376 361 1580 1587
f 362 375 1588 1581
g Group36573
f 361 376 375 362
g Group32941
f 1544 1545 1590 1589
g Group32944
f 372 327 1544 1589
f 328 371 1590 1545
g Group36573
f 327 372 371 328
g Group32941
f 1556 1592 1591 1555
g Group32944
f 374 334 1555 1591
f 333 373 1592 1556
g Group36573
f 333 334 374 373
g Group32941
f 1596 1595 1594 1593
g Group32944
f 392 377 1596 1593
f 379 391 1594 1595
g Group36573
f 377 392 391 379
g Group32941
f 1593 1594 1598 1597
g Group32944
f 383 392 1593 1597
f 391 384 1598 1594
g Group36573
f 392 383 384 391
g Group32941
f 1602 1601 1600 1599
g Group32944
f 395 389 1602 1599
f 385 396 1600 1601
g Group36573
f 389 395 396 385
g Group32941
f 1597 1598 1604 1603
g Group32944
f 381 383 1597 1603
f 384 388 1604 1598
g Group36573
f 383 381 388 384
g Group32941
f 1608 1607 1606 1605
g Group32944
f 406 408 1608 1605
f 407 405 1606 1607
g Group36573
f 408 406 405 407
g Group32941
f 1599 1600 1610 1609
g Group32944
f 394 395 1599 1609
f 396 393 1610 1600
g Group36573
f 395 394 393 396
g Group32941
f 1612 1611 1601 1602
g Group32944
f 389 390 1612 1602
f 386 385 1601 1611
g Group36573
f 390 389 385 386
g Group32941
f 1605 1606 1609 1610
g Group32944
f 405 394 1609 1606
g Group36573
f 406 393 394 405
g Group32941
f 1595 1596 1614 1613
g Group32944
f 380 379 1595 1613
f 377 378 1614 1596
g Group36573
f 379 380 378 377
g Group32941
f 1616 1615 1611 1612
g Group32944
f 390 382 1616 1612
f 387 386 1611 1615
g Group36573
f 382 390 386 387
g Group32941
f 1613 1614 1618 1617
g Group32944
f 448 380 1613 1617
f 378 447 1618 1614
g Group36573
f 380 448 447 378
g Group32941
f 1603 1604 1615 1616
g Group32944
f 382 381 1603 1616
f 388 387 1615 1604
g Group36573
f 381 382 387 388
g Group32941
f 1622 1621 1620 1619
g Group32944
f 404 397 1622 1619
f 399 403 1620 1621
g Group36573
f 397 404 403 399
g Group32941
f 1626 1625 1624 1623
g Group32944
f 445 441 1623 1624
f 442 446 1625 1626
g Group36573
f 442 441 445 446
g Group32941
f 1621 1622 1628 1627
g Group32944
f 400 399 1621 1627
f 397 398 1628 1622
g Group36573
f 399 400 398 397
g Group32941
f 1627 1628 1630 1629
g Group32944
f 401 400 1627 1629
f 398 402 1630 1628
g Group36573
f 400 401 402 398
g Group32941
f 1605 1610 1629 1630
g Group32944
f 402 406 1605 1630
f 393 401 1629 1610
g Group36573
f 406 402 401 393
g Group32941
f 1608 1632 1631 1607
g Group32944
f 409 407 1607 1631
f 408 410 1632 1608
g Group36573
f 408 407 409 410
g Group32941
f 1636 1635 1634 1633
g Group32944
f 426 411 1636 1633
f 413 425 1634 1635
g Group36573
f 411 426 425 413
g Group32941
f 1633 1634 1638 1637
g Group32944
f 417 426 1633 1637
f 425 418 1638 1634
g Group36573
f 426 417 418 425
g Group32941
f 1642 1641 1640 1639
g Group32944
f 429 423 1642 1639
f 419 430 1640 1641
g Group36573
f 423 429 430 419
g Group32941
f 1637 1638 1644 1643
g Group32944
f 415 417 1637 1643
f 418 422 1644 1638
g Group36573
f 417 415 422 418
g Group32941
f 1626 1623 1646 1645
g Group32944
f 440 442 1626 1645
f 441 439 1646 1623
g Group36573
f 442 440 439 441
g Group32941
f 1639 1640 1648 1647
g Group32944
f 428 429 1639 1647
f 430 427 1648 1640
g Group36573
f 429 428 427 430
g Group32941
f 1650 1649 1641 1642
g Group32944
f 423 424 1650 1642
f 420 419 1641 1649
g Group36573
f 424 423 419 420
g Group32941
f 1645 1646 1647 1648
g Group32944
f 439 428 1647 1646
g Group36573
f 440 427 428 439
g Group32941
f 1635 1636 1652 1651
g Group32944
f 414 413 1635 1651
f 411 412 1652 1636
g Group36573
f 413 414 412 411
g Group32941
f 1654 1653 1649 1650
g Group32944
f 424 416 1654 1650
f 421 420 1649 1653
g Group36573
f 416 424 420 421
g Group32941
f 1651 1652 1617 1618
g Group32944
f 447 414 1651 1618
f 412 448 1617 1652
g Group36573
f 414 447 448 412
g Group32941
f 1643 1644 1653 1654
g Group32944
f 416 415 1643 1654
f 422 421 1653 1644
g Group36573
f 415 416 421 422
g Group32941
f 1658 1657 1656 1655
g Group32944
f 438 431 1658 1655
f 433 437 1656 1657
g Group36573
f 431 438 437 433
g Group32941
f 1645 1648 1660 1659
g Group32944
f 436 440 1645 1659
f 427 435 1660 1648
g Group36573
f 440 436 435 427
g Group32941
f 1657 1658 1662 1661
g Group32944
f 434 433 1657 1661
f 431 432 1662 1658
g Group36573
f 433 434 432 431
g Group32941
f 1661 1662 1659 1660
g Group32944
f 435 434 1661 1660
f 432 436 1659 1662
g Group36573
f 434 435 436 432
g Group32941
f 1664 1624 1625 1663
g Group32944
f 446 443 1663 1625
f 444 445 1624 1664
g Group36573
f 444 443 446 445
g Group32941
f 1656 1666 1665 1655
g Group32944
f 451 438 1655 1665
f 437 452 1666 1656
g Group36573
f 437 438 451 452
g Group32941
f 1666 1668 1667 1665
g Group32944
f 450 451 1665 1667
f 452 449 1668 1666
g Group36573
f 452 451 450 449
g Group32941
f 1588 1667 1668 1587
g Group32944
f 449 376 1587 1668
f 375 450 1667 1588
g Group36573
f 375 376 449 450
g Group32941
f 1548 1664 1663 1547
g Group32944
f 443 368 1547 1663
f 367 444 1664 1548
g Group36573
f 367 368 443 444
g Group32941
f 1672 1671 1670 1669
g Group32944
f 467 455 1669 1670
f 453 468 1671 1672
g Group36573
f 453 455 467 468
g Group32941
f 1671 1674 1673 1670
g Group32944
f 460 467 1670 1673
f 468 459 1674 1671
g Group36573
f 468 467 460 459
g Group32941
f 1678 1677 1676 1675
g Group32944
f 472 461 1675 1676
f 465 471 1677 1678
g Group36573
f 465 461 472 471
g Group32941
f 1674 1680 1679 1673
g Group32944
f 464 460 1673 1679
f 459 457 1680 1674
g Group36573
f 459 460 464 457
g Group32941
f 1684 1683 1682 1681
g Group32944
f 481 483 1681 1682
f 484 482 1683 1684
g Group36573
f 484 483 481 482
g Group32941
f 1677 1686 1685 1676
g Group32944
f 469 472 1676 1685
f 471 470 1686 1677
g Group36573
f 471 472 469 470
g Group32941
f 1688 1678 1675 1687
g Group32944
f 461 462 1687 1675
f 466 465 1678 1688
g Group36573
f 466 462 461 465
g Group32941
f 1683 1685 1686 1682
g Group32944
f 470 481 1682 1686
g Group36573
f 482 481 470 469
g Group32941
f 1669 1690 1689 1672
g Group32944
f 454 453 1672 1689
f 455 456 1690 1669
g Group36573
f 455 453 454 456
g Group32941
f 1692 1688 1687 1691
g Group32944
f 462 463 1691 1687
f 458 466 1688 1692
g Group36573
f 458 463 462 466
g Group32941
f 1690 1694 1693 1689
g Group32944
f 521 454 1689 1693
f 456 522 1694 1690
g Group36573
f 456 454 521 522
g Group32941
f 1680 1692 1691 1679
g Group32944
f 463 464 1679 1691
f 457 458 1692 1680
g Group36573
f 457 464 463 458
g Group32941
f 1698 1697 1696 1695
g Group32944
f 479 475 1695 1696
f 473 480 1697 1698
g Group36573
f 473 475 479 480
g Group32941
f 1702 1701 1700 1699
g Group32944
f 520 518 1702 1699
f 517 519 1700 1701
g Group36573
f 518 520 519 517
g Group32941
f 1695 1704 1703 1698
g Group32944
f 474 473 1698 1703
f 475 476 1704 1695
g Group36573
f 475 473 474 476
g Group32941
f 1704 1706 1705 1703
g Group32944
f 478 474 1703 1705
f 476 477 1706 1704
g Group36573
f 476 474 478 477
g Group32941
f 1683 1705 1706 1685
g Group32944
f 477 469 1685 1706
f 482 478 1705 1683
g Group36573
f 482 469 477 478
g Group32941
f 1684 1681 1708 1707
g Group32944
f 486 484 1684 1707
f 483 485 1708 1681
g Group36573
f 484 486 485 483
g Group32941
f 1712 1711 1710 1709
g Group32944
f 501 489 1709 1710
f 487 502 1711 1712
g Group36573
f 487 489 501 502
g Group32941
f 1711 1714 1713 1710
g Group32944
f 494 501 1710 1713
f 502 493 1714 1711
g Group36573
f 502 501 494 493
g Group32941
f 1718 1717 1716 1715
g Group32944
f 506 495 1715 1716
f 499 505 1717 1718
g Group36573
f 499 495 506 505
g Group32941
f 1714 1720 1719 1713
g Group32944
f 498 494 1713 1719
f 493 491 1720 1714
g Group36573
f 493 494 498 491
g Group32941
f 1702 1722 1721 1701
g Group32944
f 515 517 1701 1721
f 518 516 1722 1702
g Group36573
f 518 517 515 516
g Group32941
f 1717 1724 1723 1716
g Group32944
f 503 506 1716 1723
f 505 504 1724 1717
g Group36573
f 505 506 503 504
g Group32941
f 1726 1718 1715 1725
g Group32944
f 495 496 1725 1715
f 500 499 1718 1726
g Group36573
f 500 496 495 499
g Group32941
f 1722 1723 1724 1721
g Group32944
f 504 515 1721 1724
g Group36573
f 516 515 504 503
g Group32941
f 1709 1728 1727 1712
g Group32944
f 488 487 1712 1727
f 489 490 1728 1709
g Group36573
f 489 487 488 490
g Group32941
f 1730 1726 1725 1729
g Group32944
f 496 497 1729 1725
f 492 500 1726 1730
g Group36573
f 492 497 496 500
g Group32941
f 1728 1693 1694 1727
g Group32944
f 522 488 1727 1694
f 490 521 1693 1728
g Group36573
f 490 488 522 521
g Group32941
f 1720 1730 1729 1719
g Group32944
f 497 498 1719 1729
f 491 492 1730 1720
g Group36573
f 491 498 497 492
g Group32941
f 1734 1733 1732 1731
g Group32944
f 513 509 1731 1732
f 507 514 1733 1734
g Group36573
f 507 509 513 514
g Group32941
f 1722 1736 1735 1723
g Group32944
f 511 503 1723 1735
f 516 512 1736 1722
g Group36573
f 516 503 511 512
g Group32941
f 1731 1738 1737 1734
g Group32944
f 508 507 1734 1737
f 509 510 1738 1731
g Group36573
f 509 507 508 510
g Group32941
f 1738 1735 1736 1737
g Group32944
f 512 508 1737 1736
f 510 511 1735 1738
g Group36573
f 510 508 512 511
g Group32941
f 1732 1733 1740 1739
g Group32944
f 528 513 1732 1739
f 514 527 1740 1733
g Group36573
f 513 528 527 514
g Group32941
f 1696 1697 1742 1741
g Group32944
f 524 479 1696 1741
f 480 523 1742 1697
g Group36573
f 479 524 523 480
g Group32941
f 1708 1744 1743 1707
g Group32944
f 526 486 1707 1743
f 485 525 1744 1708
g Group36573
f 485 486 526 525
g Group32941
f 1748 1747 1746 1745
g Group32944
f 544 529 1748 1745
f 531 543 1746 1747
g Group36573
f 529 544 543 531
g Group32941
f 1745 1746 1750 1749
g Group32944
f 535 544 1745 1749
f 543 536 1750 1746
g Group36573
f 544 535 536 543
g Group32941
f 1754 1753 1752 1751
g Group32944
f 547 541 1754 1751
f 537 548 1752 1753
g Group36573
f 541 547 548 537
g Group32941
f 1749 1750 1756 1755
g Group32944
f 533 535 1749 1755
f 536 540 1756 1750
g Group36573
f 535 533 540 536
g Group32941
f 1760 1759 1758 1757
g Group32944
f 558 560 1760 1757
f 559 557 1758 1759
g Group36573
f 560 558 557 559
g Group32941
f 1751 1752 1762 1761
g Group32944
f 546 547 1751 1761
f 548 545 1762 1752
g Group36573
f 547 546 545 548
g Group32941
f 1764 1763 1753 1754
g Group32944
f 541 542 1764 1754
f 538 537 1753 1763
g Group36573
f 542 541 537 538
g Group32941
f 1757 1758 1761 1762
g Group32944
f 557 546 1761 1758
g Group36573
f 558 545 546 557
g Group32941
f 1747 1748 1766 1765
g Group32944
f 532 531 1747 1765
f 529 530 1766 1748
g Group36573
f 531 532 530 529
g Group32941
f 1768 1767 1763 1764
g Group32944
f 542 534 1768 1764
f 539 538 1763 1767
g Group36573
f 534 542 538 539
g Group32941
f 1765 1766 1770 1769
g Group32944
f 600 532 1765 1769
f 530 599 1770 1766
g Group36573
f 532 600 599 530
g Group32941
f 1755 1756 1767 1768
g Group32944
f 534 533 1755 1768
f 540 539 1767 1756
g Group36573
f 533 534 539 540
g Group32941
f 1774 1773 1772 1771
g Group32944
f 556 549 1774 1771
f 551 555 1772 1773
g Group36573
f 549 556 555 551
g Group32941
f 1778 1777 1776 1775
g Group32944
f 597 593 1775 1776
f 594 598 1777 1778
g Group36573
f 594 593 597 598
g Group32941
f 1773 1774 1780 1779
g Group32944
f 552 551 1773 1779
f 549 550 1780 1774
g Group36573
f 551 552 550 549
g Group32941
f 1779 1780 1782 1781
g Group32944
f 553 552 1779 1781
f 550 554 1782 1780
g Group36573
f 552 553 554 550
g Group32941
f 1757 1762 1781 1782
g Group32944
f 554 558 1757 1782
f 545 553 1781 1762
g Group36573
f 558 554 553 545
g Group32941
f 1760 1784 1783 1759
g Group32944
f 561 559 1759 1783
f 560 562 1784 1760
g Group36573
f 560 559 561 562
g Group32941
f 1788 1787 1786 1785
g Group32944
f 578 563 1788 1785
f 565 577 1786 1787
g Group36573
f 563 578 577 565
g Group32941
f 1785 1786 1790 1789
g Group32944
f 569 578 1785 1789
f 577 570 1790 1786
g Group36573
f 578 569 570 577
g Group32941
f 1794 1793 1792 1791
g Group32944
f 581 575 1794 1791
f 571 582 1792 1793
g Group36573
f 575 581 582 571
g Group32941
f 1789 1790 1796 1795
g Group32944
f 567 569 1789 1795
f 570 574 1796 1790
g Group36573
f 569 567 574 570
g Group32941
f 1778 1775 1798 1797
g Group32944
f 592 594 1778 1797
f 593 591 1798 1775
g Group36573
f 594 592 591 593
g Group32941
f 1791 1792 1800 1799
g Group32944
f 580 581 1791 1799
f 582 579 1800 1792
g Group36573
f 581 580 579 582
g Group32941
f 1802 1801 1793 1794
g Group32944
f 575 576 1802 1794
f 572 571 1793 1801
g Group36573
f 576 575 571 572
g Group32941
f 1797 1798 1799 1800
g Group32944
f 591 580 1799 1798
g Group36573
f 592 579 580 591
g Group32941
f 1787 1788 1804 1803
g Group32944
f 566 565 1787 1803
f 563 564 1804 1788
g Group36573
f 565 566 564 563
g Group32941
f 1806 1805 1801 1802
g Group32944
f 576 568 1806 1802
f 573 572 1801 1805
g Group36573
f 568 576 572 573
g Group32941
f 1803 1804 1769 1770
g Group32944
f 599 566 1803 1770
f 564 600 1769 1804
g Group36573
f 566 599 600 564
g Group32941
f 1795 1796 1805 1806
g Group32944
f 568 567 1795 1806
f 574 573 1805 1796
g Group36573
f 567 568 573 574
g Group32941
f 1810 1809 1808 1807
g Group32944
f 590 583 1810 1807
f 585 589 1808 1809
g Group36573
f 583 590 589 585
g Group32941
f 1797 1800 1812 1811
g Group32944
f 588 592 1797 1811
f 579 587 1812 1800
g Group36573
f 592 588 587 579
g Group32941
f 1809 1810 1814 1813
g Group32944
f 586 585 1809 1813
f 583 584 1814 1810
g Group36573
f 585 586 584 583
g Group32941
f 1813 1814 1811 1812
g Group32944
f 587 586 1813 1812
f 584 588 1811 1814
g Group36573
f 586 587 588 584
g Group32941
f 1816 1776 1777 1815
g Group32944
f 598 595 1815 1777
f 596 597 1776 1816
g Group36573
f 596 595 598 597
g Group32941
f 1808 1818 1817 1807
g Group32944
f 603 590 1807 1817
f 589 604 1818 1808
g Group36573
f 589 590 603 604
g Group32941
f 1818 1820 1819 1817
g Group32944
f 602 603 1817 1819
f 604 601 1820 1818
g Group36573
f 604 603 602 601
g Group32941
f 1740 1819 1820 1739
g Group32944
f 601 528 1739 1820
f 527 602 1819 1740
g Group36573
f 527 528 601 602
g Group32941
f 1700 1816 1815 1699
g Group32944
f 595 520 1699 1815
f 519 596 1816 1700
g Group36573
f 519 520 595 596
g Group32941
f 1772 1589 1590 1771
g Group32944
f 371 556 1771 1590
f 555 372 1589 1772
g Group36573
f 555 556 371 372
g Group32941
f 1784 1591 1592 1783
g Group32944
f 373 561 1783 1592
f 562 374 1591 1784
g Group36573
f 562 561 373 374
g Group32941
f 1320 1741 1742 1319
g Group32944
f 523 104 1319 1742
f 103 524 1741 1320
g Group36573
f 103 104 523 524
g Group32941
f 1332 1743 1744 1331
g Group32944
f 525 109 1331 1744
f 110 526 1743 1332
g Group36573
f 110 109 525 526
g Group32941
f 1824 1823 1822 1821
g Group32944
f 620 605 1824 1821
f 607 619 1822 1823
g Group36573
f 605 620 619 607
g Group32941
f 1821 1822 1826 1825
g Group32944
f 611 620 1821 1825
f 619 612 1826 1822
g Group36573
f 620 611 612 619
g Group32941
f 1830 1829 1828 1827
g Group32944
f 623 617 1830 1827
f 613 624 1828 1829
g Group36573
f 617 623 624 613
g Group32941
f 1825 1826 1832 1831
g Group32944
f 609 611 1825 1831
f 612 616 1832 1826
g Group36573
f 611 609 616 612
g Group32941
f 1836 1835 1834 1833
g Group32944
f 634 636 1836 1833
f 635 633 1834 1835
g Group36573
f 636 634 633 635
g Group32941
f 1827 1828 1838 1837
g Group32944
f 622 623 1827 1837
f 624 621 1838 1828
g Group36573
f 623 622 621 624
g Group32941
f 1840 1839 1829 1830
g Group32944
f 617 618 1840 1830
f 614 613 1829 1839
g Group36573
f 618 617 613 614
g Group32941
f 1833 1834 1837 1838
g Group32944
f 633 622 1837 1834
g Group36573
f 634 621 622 633
g Group32941
f 1823 1824 1842 1841
g Group32944
f 608 607 1823 1841
f 605 606 1842 1824
g Group36573
f 607 608 606 605
g Group32941
f 1844 1843 1839 1840
g Group32944
f 618 610 1844 1840
f 615 614 1839 1843
g Group36573
f 610 618 614 615
g Group32941
f 1841 1842 1846 1845
g Group32944
f 674 608 1841 1845
f 606 673 1846 1842
g Group36573
f 608 674 673 606
g Group32941
f 1831 1832 1843 1844
g Group32944
f 610 609 1831 1844
f 616 615 1843 1832
g Group36573
f 609 610 615 616
g Group32941
f 1850 1849 1848 1847
g Group32944
f 632 625 1850 1847
f 627 631 1848 1849
g Group36573
f 625 632 631 627
g Group32941
f 1854 1853 1852 1851
g Group32944
f 671 669 1851 1852
f 670 672 1853 1854
g Group36573
f 670 669 671 672
g Group32941
f 1849 1850 1856 1855
g Group32944
f 628 627 1849 1855
f 625 626 1856 1850
g Group36573
f 627 628 626 625
g Group32941
f 1855 1856 1858 1857
g Group32944
f 629 628 1855 1857
f 626 630 1858 1856
g Group36573
f 628 629 630 626
g Group32941
f 1833 1838 1857 1858
g Group32944
f 630 634 1833 1858
f 621 629 1857 1838
g Group36573
f 634 630 629 621
g Group32941
f 1836 1860 1859 1835
g Group32944
f 637 635 1835 1859
f 636 638 1860 1836
g Group36573
f 636 635 637 638
g Group32941
f 1864 1863 1862 1861
g Group32944
f 654 639 1864 1861
f 641 653 1862 1863
g Group36573
f 639 654 653 641
g Group32941
f 1861 1862 1866 1865
g Group32944
f 645 654 1861 1865
f 653 646 1866 1862
g Group36573
f 654 645 646 653
g Group32941
f 1870 1869 1868 1867
g Group32944
f 657 651 1870 1867
f 647 658 1868 1869
g Group36573
f 651 657 658 647
g Group32941
f 1865 1866 1872 1871
g Group32944
f 643 645 1865 1871
f 646 650 1872 1866
g Group36573
f 645 643 650 646
g Group32941
f 1854 1851 1874 1873
g Group32944
f 668 670 1854 1873
f 669 667 1874 1851
g Group36573
f 670 668 667 669
g Group32941
f 1867 1868 1876 1875
g Group32944
f 656 657 1867 1875
f 658 655 1876 1868
g Group36573
f 657 656 655 658
g Group32941
f 1878 1877 1869 1870
g Group32944
f 651 652 1878 1870
f 648 647 1869 1877
g Group36573
f 652 651 647 648
g Group32941
f 1873 1874 1875 1876
g Group32944
f 667 656 1875 1874
g Group36573
f 668 655 656 667
g Group32941
f 1863 1864 1880 1879
g Group32944
f 642 641 1863 1879
f 639 640 1880 1864
g Group36573
f 641 642 640 639
g Group32941
f 1882 1881 1877 1878
g Group32944
f 652 644 1882 1878
f 649 648 1877 1881
g Group36573
f 644 652 648 649
g Group32941
f 1879 1880 1845 1846
g Group32944
f 673 642 1879 1846
f 640 674 1845 1880
g Group36573
f 642 673 674 640
g Group32941
f 1871 1872 1881 1882
g Group32944
f 644 643 1871 1882
f 650 649 1881 1872
g Group36573
f 643 644 649 650
g Group32941
f 1886 1885 1884 1883
g Group32944
f 666 659 1886 1883
f 661 665 1884 1885
g Group36573
f 659 666 665 661
g Group32941
f 1873 1876 1888 1887
g Group32944
f 664 668 1873 1887
f 655 663 1888 1876
g Group36573
f 668 664 663 655
g Group32941
f 1885 1886 1890 1889
g Group32944
f 662 661 1885 1889
f 659 660 1890 1886
g Group36573
f 661 662 660 659
g Group32941
f 1889 1890 1887 1888
g Group32944
f 663 662 1889 1888
f 660 664 1887 1890
g Group36573
f 662 663 664 660
g Group32941
f 1884 1892 1891 1883
g Group32944
f 679 666 1883 1891
f 665 680 1892 1884
g Group36573
f 665 666 679 680
g Group32941
f 1848 1894 1893 1847
g Group32944
f 675 632 1847 1893
f 631 676 1894 1848
g Group36573
f 631 632 675 676
g Group32941
f 1859 1860 1896 1895
g Group32944
f 677 637 1859 1895
f 638 678 1896 1860
g Group36573
f 637 677 678 638
g Group32941
f 1900 1899 1898 1897
g Group32944
f 695 683 1897 1898
f 681 696 1899 1900
g Group36573
f 681 683 695 696
g Group32941
f 1899 1902 1901 1898
g Group32944
f 688 695 1898 1901
f 696 687 1902 1899
g Group36573
f 696 695 688 687
g Group32941
f 1906 1905 1904 1903
g Group32944
f 700 689 1903 1904
f 693 699 1905 1906
g Group36573
f 693 689 700 699
g Group32941
f 1902 1908 1907 1901
g Group32944
f 692 688 1901 1907
f 687 685 1908 1902
g Group36573
f 687 688 692 685
g Group32941
f 1912 1911 1910 1909
g Group32944
f 709 711 1909 1910
f 712 710 1911 1912
g Group36573
f 712 711 709 710
g Group32941
f 1905 1914 1913 1904
g Group32944
f 697 700 1904 1913
f 699 698 1914 1905
g Group36573
f 699 700 697 698
g Group32941
f 1916 1906 1903 1915
g Group32944
f 689 690 1915 1903
f 694 693 1906 1916
g Group36573
f 694 690 689 693
g Group32941
f 1911 1913 1914 1910
g Group32944
f 698 709 1910 1914
g Group36573
f 710 709 698 697
g Group32941
f 1897 1918 1917 1900
g Group32944
f 682 681 1900 1917
f 683 684 1918 1897
g Group36573
f 683 681 682 684
g Group32941
f 1920 1916 1915 1919
g Group32944
f 690 691 1919 1915
f 686 694 1916 1920
g Group36573
f 686 691 690 694
g Group32941
f 1918 1922 1921 1917
g Group32944
f 751 682 1917 1921
f 684 752 1922 1918
g Group36573
f 684 682 751 752
g Group32941
f 1908 1920 1919 1907
g Group32944
f 691 692 1907 1919
f 685 686 1920 1908
g Group36573
f 685 692 691 686
g Group32941
f 1926 1925 1924 1923
g Group32944
f 707 703 1923 1924
f 701 708 1925 1926
g Group36573
f 701 703 707 708
g Group32941
f 1930 1929 1928 1927
g Group32944
f 750 746 1930 1927
f 745 749 1928 1929
g Group36573
f 746 750 749 745
g Group32941
f 1923 1932 1931 1926
g Group32944
f 702 701 1926 1931
f 703 704 1932 1923
g Group36573
f 703 701 702 704
g Group32941
f 1932 1934 1933 1931
g Group32944
f 706 702 1931 1933
f 704 705 1934 1932
g Group36573
f 704 702 706 705
g Group32941
f 1911 1933 1934 1913
g Group32944
f 705 697 1913 1934
f 710 706 1933 1911
g Group36573
f 710 697 705 706
g Group32941
f 1912 1909 1936 1935
g Group32944
f 714 712 1912 1935
f 711 713 1936 1909
g Group36573
f 712 714 713 711
g Group32941
f 1940 1939 1938 1937
g Group32944
f 729 717 1937 1938
f 715 730 1939 1940
g Group36573
f 715 717 729 730
g Group32941
f 1939 1942 1941 1938
g Group32944
f 722 729 1938 1941
f 730 721 1942 1939
g Group36573
f 730 729 722 721
g Group32941
f 1946 1945 1944 1943
g Group32944
f 734 723 1943 1944
f 727 733 1945 1946
g Group36573
f 727 723 734 733
g Group32941
f 1942 1948 1947 1941
g Group32944
f 726 722 1941 1947
f 721 719 1948 1942
g Group36573
f 721 722 726 719
g Group32941
f 1930 1950 1949 1929
g Group32944
f 743 745 1929 1949
f 746 744 1950 1930
g Group36573
f 746 745 743 744
g Group32941
f 1945 1952 1951 1944
g Group32944
f 731 734 1944 1951
f 733 732 1952 1945
g Group36573
f 733 734 731 732
g Group32941
f 1954 1946 1943 1953
g Group32944
f 723 724 1953 1943
f 728 727 1946 1954
g Group36573
f 728 724 723 727
g Group32941
f 1950 1951 1952 1949
g Group32944
f 732 743 1949 1952
g Group36573
f 744 743 732 731
g Group32941
f 1937 1956 1955 1940
g Group32944
f 716 715 1940 1955
f 717 718 1956 1937
g Group36573
f 717 715 716 718
g Group32941
f 1958 1954 1953 1957
g Group32944
f 724 725 1957 1953
f 720 728 1954 1958
g Group36573
f 720 725 724 728
g Group32941
f 1956 1921 1922 1955
g Group32944
f 752 716 1955 1922
f 718 751 1921 1956
g Group36573
f 718 716 752 751
g Group32941
f 1948 1958 1957 1947
g Group32944
f 725 726 1947 1957
f 719 720 1958 1948
g Group36573
f 719 726 725 720
g Group32941
f 1962 1961 1960 1959
g Group32944
f 741 737 1959 1960
f 735 742 1961 1962
g Group36573
f 735 737 741 742
g Group32941
f 1950 1964 1963 1951
g Group32944
f 739 731 1951 1963
f 744 740 1964 1950
g Group36573
f 744 731 739 740
g Group32941
f 1959 1966 1965 1962
g Group32944
f 736 735 1962 1965
f 737 738 1966 1959
g Group36573
f 737 735 736 738
g Group32941
f 1966 1963 1964 1965
g Group32944
f 740 736 1965 1964
f 738 739 1963 1966
g Group36573
f 738 736 740 739
g Group32941
f 1968 1967 1927 1928
g Group32944
f 749 748 1968 1928
f 747 750 1927 1967
g Group36573
f 748 749 750 747
g Group32941
f 1960 1961 1970 1969
g Group32944
f 756 741 1960 1969
f 742 755 1970 1961
g Group36573
f 741 756 755 742
g Group32941
f 1969 1970 1972 1971
g Group32944
f 753 756 1969 1971
f 755 754 1972 1970
g Group36573
f 756 753 754 755
g Group32941
f 1891 1892 1971 1972
g Group32944
f 754 679 1891 1972
f 680 753 1971 1892
g Group36573
f 679 754 753 680
g Group32941
f 1852 1853 1967 1968
g Group32944
f 748 671 1852 1968
f 672 747 1967 1853
g Group36573
f 671 748 747 672
g Group32941
f 1976 1975 1974 1973
g Group32944
f 772 757 1976 1973
f 759 771 1974 1975
g Group36573
f 757 772 771 759
g Group32941
f 1973 1974 1978 1977
g Group32944
f 763 772 1973 1977
f 771 764 1978 1974
g Group36573
f 772 763 764 771
g Group32941
f 1982 1981 1980 1979
g Group32944
f 775 769 1982 1979
f 765 776 1980 1981
g Group36573
f 769 775 776 765
g Group32941
f 1977 1978 1984 1983
g Group32944
f 761 763 1977 1983
f 764 768 1984 1978
g Group36573
f 763 761 768 764
g Group32941
f 1988 1987 1986 1985
g Group32944
f 786 788 1988 1985
f 787 785 1986 1987
g Group36573
f 788 786 785 787
g Group32941
f 1979 1980 1990 1989
g Group32944
f 774 775 1979 1989
f 776 773 1990 1980
g Group36573
f 775 774 773 776
g Group32941
f 1992 1991 1981 1982
g Group32944
f 769 770 1992 1982
f 766 765 1981 1991
g Group36573
f 770 769 765 766
g Group32941
f 1985 1986 1989 1990
g Group32944
f 785 774 1989 1986
g Group36573
f 786 773 774 785
g Group32941
f 1975 1976 1994 1993
g Group32944
f 760 759 1975 1993
f 757 758 1994 1976
g Group36573
f 759 760 758 757
g Group32941
f 1996 1995 1991 1992
g Group32944
f 770 762 1996 1992
f 767 766 1991 1995
g Group36573
f 762 770 766 767
g Group32941
f 1993 1994 1998 1997
g Group32944
f 826 760 1993 1997
f 758 825 1998 1994
g Group36573
f 760 826 825 758
g Group32941
f 1983 1984 1995 1996
g Group32944
f 762 761 1983 1996
f 768 767 1995 1984
g Group36573
f 761 762 767 768
g Group32941
f 2002 2001 2000 1999
g Group32944
f 784 777 2002 1999
f 779 783 2000 2001
g Group36573
f 777 784 783 779
g Group32941
f 2006 2005 2004 2003
g Group32944
f 823 821 2003 2004
f 822 824 2005 2006
g Group36573
f 822 821 823 824
g Group32941
f 2001 2002 2008 2007
g Group32944
f 780 779 2001 2007
f 777 778 2008 2002
g Group36573
f 779 780 778 777
g Group32941
f 2007 2008 2010 2009
g Group32944
f 781 780 2007 2009
f 778 782 2010 2008
g Group36573
f 780 781 782 778
g Group32941
f 1985 1990 2009 2010
g Group32944
f 782 786 1985 2010
f 773 781 2009 1990
g Group36573
f 786 782 781 773
g Group32941
f 1988 2012 2011 1987
g Group32944
f 789 787 1987 2011
f 788 790 2012 1988
g Group36573
f 788 787 789 790
g Group32941
f 2016 2015 2014 2013
g Group32944
f 806 791 2016 2013
f 793 805 2014 2015
g Group36573
f 791 806 805 793
g Group32941
f 2013 2014 2018 2017
g Group32944
f 797 806 2013 2017
f 805 798 2018 2014
g Group36573
f 806 797 798 805
g Group32941
f 2022 2021 2020 2019
g Group32944
f 809 803 2022 2019
f 799 810 2020 2021
g Group36573
f 803 809 810 799
g Group32941
f 2017 2018 2024 2023
g Group32944
f 795 797 2017 2023
f 798 802 2024 2018
g Group36573
f 797 795 802 798
g Group32941
f 2006 2003 2026 2025
g Group32944
f 820 822 2006 2025
f 821 819 2026 2003
g Group36573
f 822 820 819 821
g Group32941
f 2019 2020 2028 2027
g Group32944
f 808 809 2019 2027
f 810 807 2028 2020
g Group36573
f 809 808 807 810
g Group32941
f 2030 2029 2021 2022
g Group32944
f 803 804 2030 2022
f 800 799 2021 2029
g Group36573
f 804 803 799 800
g Group32941
f 2025 2026 2027 2028
g Group32944
f 819 808 2027 2026
g Group36573
f 820 807 808 819
g Group32941
f 2015 2016 2032 2031
g Group32944
f 794 793 2015 2031
f 791 792 2032 2016
g Group36573
f 793 794 792 791
g Group32941
f 2034 2033 2029 2030
g Group32944
f 804 796 2034 2030
f 801 800 2029 2033
g Group36573
f 796 804 800 801
g Group32941
f 2031 2032 1997 1998
g Group32944
f 825 794 2031 1998
f 792 826 1997 2032
g Group36573
f 794 825 826 792
g Group32941
f 2023 2024 2033 2034
g Group32944
f 796 795 2023 2034
f 802 801 2033 2024
g Group36573
f 795 796 801 802
g Group32941
f 2038 2037 2036 2035
g Group32944
f 818 811 2038 2035
f 813 817 2036 2037
g Group36573
f 811 818 817 813
g Group32941
f 2025 2028 2040 2039
g Group32944
f 816 820 2025 2039
f 807 815 2040 2028
g Group36573
f 820 816 815 807
g Group32941
f 2037 2038 2042 2041
g Group32944
f 814 813 2037 2041
f 811 812 2042 2038
g Group36573
f 813 814 812 811
g Group32941
f 2041 2042 2039 2040
g Group32944
f 815 814 2041 2040
f 812 816 2039 2042
g Group36573
f 814 815 816 812
g Group32941
f 2036 2044 2043 2035
g Group32944
f 831 818 2035 2043
f 817 832 2044 2036
g Group36573
f 817 818 831 832
g Group32941
f 2000 2046 2045 1999
g Group32944
f 827 784 1999 2045
f 783 828 2046 2000
g Group36573
f 783 784 827 828
g Group32941
f 2011 2012 2048 2047
g Group32944
f 829 789 2011 2047
f 790 830 2048 2012
g Group36573
f 789 829 830 790
g Group32941
f 2052 2051 2050 2049
g Group32944
f 847 835 2049 2050
f 833 848 2051 2052
g Group36573
f 833 835 847 848
g Group32941
f 2051 2054 2053 2050
g Group32944
f 840 847 2050 2053
f 848 839 2054 2051
g Group36573
f 848 847 840 839
g Group32941
f 2058 2057 2056 2055
g Group32944
f 852 841 2055 2056
f 845 851 2057 2058
g Group36573
f 845 841 852 851
g Group32941
f 2054 2060 2059 2053
g Group32944
f 844 840 2053 2059
f 839 837 2060 2054
g Group36573
f 839 840 844 837
g Group32941
f 2064 2063 2062 2061
g Group32944
f 861 863 2061 2062
f 864 862 2063 2064
g Group36573
f 864 863 861 862
g Group32941
f 2057 2066 2065 2056
g Group32944
f 849 852 2056 2065
f 851 850 2066 2057
g Group36573
f 851 852 849 850
g Group32941
f 2068 2058 2055 2067
g Group32944
f 841 842 2067 2055
f 846 845 2058 2068
g Group36573
f 846 842 841 845
g Group32941
f 2063 2065 2066 2062
g Group32944
f 850 861 2062 2066
g Group36573
f 862 861 850 849
g Group32941
f 2049 2070 2069 2052
g Group32944
f 834 833 2052 2069
f 835 836 2070 2049
g Group36573
f 835 833 834 836
g Group32941
f 2072 2068 2067 2071
g Group32944
f 842 843 2071 2067
f 838 846 2068 2072
g Group36573
f 838 843 842 846
g Group32941
f 2070 2074 2073 2069
g Group32944
f 903 834 2069 2073
f 836 904 2074 2070
g Group36573
f 836 834 903 904
g Group32941
f 2060 2072 2071 2059
g Group32944
f 843 844 2059 2071
f 837 838 2072 2060
g Group36573
f 837 844 843 838
g Group32941
f 2078 2077 2076 2075
g Group32944
f 859 855 2075 2076
f 853 860 2077 2078
g Group36573
f 853 855 859 860
g Group32941
f 2082 2081 2080 2079
g Group32944
f 902 898 2082 2079
f 897 901 2080 2081
g Group36573
f 898 902 901 897
g Group32941
f 2075 2084 2083 2078
g Group32944
f 854 853 2078 2083
f 855 856 2084 2075
g Group36573
f 855 853 854 856
g Group32941
f 2084 2086 2085 2083
g Group32944
f 858 854 2083 2085
f 856 857 2086 2084
g Group36573
f 856 854 858 857
g Group32941
f 2063 2085 2086 2065
g Group32944
f 857 849 2065 2086
f 862 858 2085 2063
g Group36573
f 862 849 857 858
g Group32941
f 2064 2061 2088 2087
g Group32944
f 866 864 2064 2087
f 863 865 2088 2061
g Group36573
f 864 866 865 863
g Group32941
f 2092 2091 2090 2089
g Group32944
f 881 869 2089 2090
f 867 882 2091 2092
g Group36573
f 867 869 881 882
g Group32941
f 2091 2094 2093 2090
g Group32944
f 874 881 2090 2093
f 882 873 2094 2091
g Group36573
f 882 881 874 873
g Group32941
f 2098 2097 2096 2095
g Group32944
f 886 875 2095 2096
f 879 885 2097 2098
g Group36573
f 879 875 886 885
g Group32941
f 2094 2100 2099 2093
g Group32944
f 878 874 2093 2099
f 873 871 2100 2094
g Group36573
f 873 874 878 871
g Group32941
f 2082 2102 2101 2081
g Group32944
f 895 897 2081 2101
f 898 896 2102 2082
g Group36573
f 898 897 895 896
g Group32941
f 2097 2104 2103 2096
g Group32944
f 883 886 2096 2103
f 885 884 2104 2097
g Group36573
f 885 886 883 884
g Group32941
f 2106 2098 2095 2105
g Group32944
f 875 876 2105 2095
f 880 879 2098 2106
g Group36573
f 880 876 875 879
g Group32941
f 2102 2103 2104 2101
g Group32944
f 884 895 2101 2104
g Group36573
f 896 895 884 883
g Group32941
f 2089 2108 2107 2092
g Group32944
f 868 867 2092 2107
f 869 870 2108 2089
g Group36573
f 869 867 868 870
g Group32941
f 2110 2106 2105 2109
g Group32944
f 876 877 2109 2105
f 872 880 2106 2110
g Group36573
f 872 877 876 880
g Group32941
f 2108 2073 2074 2107
g Group32944
f 904 868 2107 2074
f 870 903 2073 2108
g Group36573
f 870 868 904 903
g Group32941
f 2100 2110 2109 2099
g Group32944
f 877 878 2099 2109
f 871 872 2110 2100
g Group36573
f 871 878 877 872
g Group32941
f 2114 2113 2112 2111
g Group32944
f 893 889 2111 2112
f 887 894 2113 2114
g Group36573
f 887 889 893 894
g Group32941
f 2102 2116 2115 2103
g Group32944
f 891 883 2103 2115
f 896 892 2116 2102
g Group36573
f 896 883 891 892
g Group32941
f 2111 2118 2117 2114
g Group32944
f 888 887 2114 2117
f 889 890 2118 2111
g Group36573
f 889 887 888 890
g Group32941
f 2118 2115 2116 2117
g Group32944
f 892 888 2117 2116
f 890 891 2115 2118
g Group36573
f 890 888 892 891
g Group32941
f 2120 2119 2079 2080
g Group32944
f 901 900 2120 2080
f 899 902 2079 2119
g Group36573
f 900 901 902 899
g Group32941
f 2112 2113 2122 2121
g Group32944
f 908 893 2112 2121
f 894 907 2122 2113
g Group36573
f 893 908 907 894
g Group32941
f 2121 2122 2124 2123
g Group32944
f 905 908 2121 2123
f 907 906 2124 2122
g Group36573
f 908 905 906 907
g Group32941
f 2043 2044 2123 2124
g Group32944
f 906 831 2043 2124
f 832 905 2123 2044
g Group36573
f 831 906 905 832
g Group32941
f 2004 2005 2119 2120
g Group32944
f 900 823 2004 2120
f 824 899 2119 2005
g Group36573
f 823 900 899 824
g Group32941
f 2076 2077 1893 1894
g Group32944
f 676 859 2076 1894
f 860 675 1893 2077
g Group36573
f 859 676 675 860
g Group32941
f 2087 2088 1895 1896
g Group32944
f 678 866 2087 1896
f 865 677 1895 2088
g Group36573
f 866 678 677 865
g Group32941
f 2128 2127 2126 2125
g Group32944
f 924 909 2128 2125
f 911 923 2126 2127
g Group36573
f 909 924 923 911
g Group32941
f 2125 2126 2130 2129
g Group32944
f 915 924 2125 2129
f 923 916 2130 2126
g Group36573
f 924 915 916 923
g Group32941
f 2134 2133 2132 2131
g Group32944
f 927 921 2134 2131
f 917 928 2132 2133
g Group36573
f 921 927 928 917
g Group32941
f 2129 2130 2136 2135
g Group32944
f 913 915 2129 2135
f 916 920 2136 2130
g Group36573
f 915 913 920 916
g Group32941
f 2140 2139 2138 2137
g Group32944
f 938 940 2140 2137
f 939 937 2138 2139
g Group36573
f 940 938 937 939
g Group32941
f 2131 2132 2142 2141
g Group32944
f 926 927 2131 2141
f 928 925 2142 2132
g Group36573
f 927 926 925 928
g Group32941
f 2144 2143 2133 2134
g Group32944
f 921 922 2144 2134
f 918 917 2133 2143
g Group36573
f 922 921 917 918
g Group32941
f 2137 2138 2141 2142
g Group32944
f 937 926 2141 2138
g Group36573
f 938 925 926 937
g Group32941
f 2127 2128 2146 2145
g Group32944
f 912 911 2127 2145
f 909 910 2146 2128
g Group36573
f 911 912 910 909
g Group32941
f 2148 2147 2143 2144
g Group32944
f 922 914 2148 2144
f 919 918 2143 2147
g Group36573
f 914 922 918 919
g Group32941
f 2145 2146 2150 2149
g Group32944
f 978 912 2145 2149
f 910 977 2150 2146
g Group36573
f 912 978 977 910
g Group32941
f 2135 2136 2147 2148
g Group32944
f 914 913 2135 2148
f 920 919 2147 2136
g Group36573
f 913 914 919 920
g Group32941
f 2154 2153 2152 2151
g Group32944
f 936 929 2154 2151
f 931 935 2152 2153
g Group36573
f 929 936 935 931
g Group32941
f 2158 2157 2156 2155
g Group32944
f 975 973 2155 2156
f 974 976 2157 2158
g Group36573
f 974 973 975 976
g Group32941
f 2153 2154 2160 2159
g Group32944
f 932 931 2153 2159
f 929 930 2160 2154
g Group36573
f 931 932 930 929
g Group32941
f 2159 2160 2162 2161
g Group32944
f 933 932 2159 2161
f 930 934 2162 2160
g Group36573
f 932 933 934 930
g Group32941
f 2137 2142 2161 2162
g Group32944
f 934 938 2137 2162
f 925 933 2161 2142
g Group36573
f 938 934 933 925
g Group32941
f 2140 2164 2163 2139
g Group32944
f 941 939 2139 2163
f 940 942 2164 2140
g Group36573
f 940 939 941 942
g Group32941
f 2168 2167 2166 2165
g Group32944
f 958 943 2168 2165
f 945 957 2166 2167
g Group36573
f 943 958 957 945
g Group32941
f 2165 2166 2170 2169
g Group32944
f 949 958 2165 2169
f 957 950 2170 2166
g Group36573
f 958 949 950 957
g Group32941
f 2174 2173 2172 2171
g Group32944
f 961 955 2174 2171
f 951 962 2172 2173
g Group36573
f 955 961 962 951
g Group32941
f 2169 2170 2176 2175
g Group32944
f 947 949 2169 2175
f 950 954 2176 2170
g Group36573
f 949 947 954 950
g Group32941
f 2158 2155 2178 2177
g Group32944
f 972 974 2158 2177
f 973 971 2178 2155
g Group36573
f 974 972 971 973
g Group32941
f 2171 2172 2180 2179
g Group32944
f 960 961 2171 2179
f 962 959 2180 2172
g Group36573
f 961 960 959 962
g Group32941
f 2182 2181 2173 2174
g Group32944
f 955 956 2182 2174
f 952 951 2173 2181
g Group36573
f 956 955 951 952
g Group32941
f 2177 2178 2179 2180
g Group32944
f 971 960 2179 2178
g Group36573
f 972 959 960 971
g Group32941
f 2167 2168 2184 2183
g Group32944
f 946 945 2167 2183
f 943 944 2184 2168
g Group36573
f 945 946 944 943
g Group32941
f 2186 2185 2181 2182
g Group32944
f 956 948 2186 2182
f 953 952 2181 2185
g Group36573
f 948 956 952 953
g Group32941
f 2183 2184 2149 2150
g Group32944
f 977 946 2183 2150
f 944 978 2149 2184
g Group36573
f 946 977 978 944
g Group32941
f 2175 2176 2185 2186
g Group32944
f 948 947 2175 2186
f 954 953 2185 2176
g Group36573
f 947 948 953 954
g Group32941
f 2190 2189 2188 2187
g Group32944
f 970 963 2190 2187
f 965 969 2188 2189
g Group36573
f 963 970 969 965
g Group32941
f 2177 2180 2192 2191
g Group32944
f 968 972 2177 2191
f 959 967 2192 2180
g Group36573
f 972 968 967 959
g Group32941
f 2189 2190 2194 2193
g Group32944
f 966 965 2189 2193
f 963 964 2194 2190
g Group36573
f 965 966 964 963
g Group32941
f 2193 2194 2191 2192
g Group32944
f 967 966 2193 2192
f 964 968 2191 2194
g Group36573
f 966 967 968 964
g Group32941
f 2188 2196 2195 2187
g Group32944
f 983 970 2187 2195
f 969 984 2196 2188
g Group36573
f 969 970 983 984
g Group32941
f 2152 2198 2197 2151
g Group32944
f 979 936 2151 2197
f 935 980 2198 2152
g Group36573
f 935 936 979 980
g Group32941
f 2163 2164 2200 2199
g Group32944
f 981 941 2163 2199
f 942 982 2200 2164
g Group36573
f 941 981 982 942
g Group32941
f 2204 2203 2202 2201
g Group32944
f 999 987 2201 2202
f 985 1000 2203 2204
g Group36573
f 985 987 999 1000
g Group32941
f 2203 2206 2205 2202
g Group32944
f 992 999 2202 2205
f 1000 991 2206 2203
g Group36573
f 1000 999 992 991
g Group32941
f 2210 2209 2208 2207
g Group32944
f 1004 993 2207 2208
f 997 1003 2209 2210
g Group36573
f 997 993 1004 1003
g Group32941
f 2206 2212 2211 2205
g Group32944
f 996 992 2205 2211
f 991 989 2212 2206
g Group36573
f 991 992 996 989
g Group32941
f 2216 2215 2214 2213
g Group32944
f 1013 1015 2213 2214
f 1016 1014 2215 2216
g Group36573
f 1016 1015 1013 1014
g Group32941
f 2209 2218 2217 2208
g Group32944
f 1001 1004 2208 2217
f 1003 1002 2218 2209
g Group36573
f 1003 1004 1001 1002
g Group32941
f 2220 2210 2207 2219
g Group32944
f 993 994 2219 2207
f 998 997 2210 2220
g Group36573
f 998 994 993 997
g Group32941
f 2215 2217 2218 2214
g Group32944
f 1002 1013 2214 2218
g Group36573
f 1014 1013 1002 1001
g Group32941
f 2201 2222 2221 2204
g Group32944
f 986 985 2204 2221
f 987 988 2222 2201
g Group36573
f 987 985 986 988
g Group32941
f 2224 2220 2219 2223
g Group32944
f 994 995 2223 2219
f 990 998 2220 2224
g Group36573
f 990 995 994 998
g Group32941
f 2222 2226 2225 2221
g Group32944
f 1055 986 2221 2225
f 988 1056 2226 2222
g Group36573
f 988 986 1055 1056
g Group32941
f 2212 2224 2223 2211
g Group32944
f 995 996 2211 2223
f 989 990 2224 2212
g Group36573
f 989 996 995 990
g Group32941
f 2230 2229 2228 2227
g Group32944
f 1011 1007 2227 2228
f 1005 1012 2229 2230
g Group36573
f 1005 1007 1011 1012
g Group32941
f 2234 2233 2232 2231
g Group32944
f 1054 1050 2234 2231
f 1049 1053 2232 2233
g Group36573
f 1050 1054 1053 1049
g Group32941
f 2227 2236 2235 2230
g Group32944
f 1006 1005 2230 2235
f 1007 1008 2236 2227
g Group36573
f 1007 1005 1006 1008
g Group32941
f 2236 2238 2237 2235
g Group32944
f 1010 1006 2235 2237
f 1008 1009 2238 2236
g Group36573
f 1008 1006 1010 1009
g Group32941
f 2215 2237 2238 2217
g Group32944
f 1009 1001 2217 2238
f 1014 1010 2237 2215
g Group36573
f 1014 1001 1009 1010
g Group32941
f 2216 2213 2240 2239
g Group32944
f 1018 1016 2216 2239
f 1015 1017 2240 2213
g Group36573
f 1016 1018 1017 1015
g Group32941
f 2244 2243 2242 2241
g Group32944
f 1033 1021 2241 2242
f 1019 1034 2243 2244
g Group36573
f 1019 1021 1033 1034
g Group32941
f 2243 2246 2245 2242
g Group32944
f 1026 1033 2242 2245
f 1034 1025 2246 2243
g Group36573
f 1034 1033 1026 1025
g Group32941
f 2250 2249 2248 2247
g Group32944
f 1038 1027 2247 2248
f 1031 1037 2249 2250
g Group36573
f 1031 1027 1038 1037
g Group32941
f 2246 2252 2251 2245
g Group32944
f 1030 1026 2245 2251
f 1025 1023 2252 2246
g Group36573
f 1025 1026 1030 1023
g Group32941
f 2234 2254 2253 2233
g Group32944
f 1047 1049 2233 2253
f 1050 1048 2254 2234
g Group36573
f 1050 1049 1047 1048
g Group32941
f 2249 2256 2255 2248
g Group32944
f 1035 1038 2248 2255
f 1037 1036 2256 2249
g Group36573
f 1037 1038 1035 1036
g Group32941
f 2258 2250 2247 2257
g Group32944
f 1027 1028 2257 2247
f 1032 1031 2250 2258
g Group36573
f 1032 1028 1027 1031
g Group32941
f 2254 2255 2256 2253
g Group32944
f 1036 1047 2253 2256
g Group36573
f 1048 1047 1036 1035
g Group32941
f 2241 2260 2259 2244
g Group32944
f 1020 1019 2244 2259
f 1021 1022 2260 2241
g Group36573
f 1021 1019 1020 1022
g Group32941
f 2262 2258 2257 2261
g Group32944
f 1028 1029 2261 2257
f 1024 1032 2258 2262
g Group36573
f 1024 1029 1028 1032
g Group32941
f 2260 2225 2226 2259
g Group32944
f 1056 1020 2259 2226
f 1022 1055 2225 2260
g Group36573
f 1022 1020 1056 1055
g Group32941
f 2252 2262 2261 2251
g Group32944
f 1029 1030 2251 2261
f 1023 1024 2262 2252
g Group36573
f 1023 1030 1029 1024
g Group32941
f 2266 2265 2264 2263
g Group32944
f 1045 1041 2263 2264
f 1039 1046 2265 2266
g Group36573
f 1039 1041 1045 1046
g Group32941
f 2254 2268 2267 2255
g Group32944
f 1043 1035 2255 2267
f 1048 1044 2268 2254
g Group36573
f 1048 1035 1043 1044
g Group32941
f 2263 2270 2269 2266
g Group32944
f 1040 1039 2266 2269
f 1041 1042 2270 2263
g Group36573
f 1041 1039 1040 1042
g Group32941
f 2270 2267 2268 2269
g Group32944
f 1044 1040 2269 2268
f 1042 1043 2267 2270
g Group36573
f 1042 1040 1044 1043
g Group32941
f 2272 2271 2231 2232
g Group32944
f 1053 1052 2272 2232
f 1051 1054 2231 2271
g Group36573
f 1052 1053 1054 1051
g Group32941
f 2264 2265 2274 2273
g Group32944
f 1064 1045 2264 2273
f 1046 1063 2274 2265
g Group36573
f 1045 1064 1063 1046
g Group32941
f 2228 2229 2276 2275
g Group32944
f 1058 1011 2228 2275
f 1012 1057 2276 2229
g Group36573
f 1011 1058 1057 1012
g Group32941
f 2240 2278 2277 2239
g Group32944
f 1060 1018 2239 2277
f 1017 1059 2278 2240
g Group36573
f 1017 1018 1060 1059
g Group32941
f 2273 2274 2280 2279
g Group32944
f 1061 1064 2273 2279
f 1063 1062 2280 2274
g Group36573
f 1064 1061 1062 1063
g Group32941
f 2195 2196 2279 2280
g Group32944
f 1062 983 2195 2280
f 984 1061 2279 2196
g Group36573
f 983 1062 1061 984
g Group32941
f 2156 2157 2271 2272
g Group32944
f 1052 975 2156 2272
f 976 1051 2271 2157
g Group36573
f 975 1052 1051 976
g Group32941
f 2284 2283 2282 2281
g Group32944
f 1080 1065 2284 2281
f 1067 1079 2282 2283
g Group36573
f 1065 1080 1079 1067
g Group32941
f 2281 2282 2286 2285
g Group32944
f 1071 1080 2281 2285
f 1079 1072 2286 2282
g Group36573
f 1080 1071 1072 1079
g Group32941
f 2290 2289 2288 2287
g Group32944
f 1083 1077 2290 2287
f 1073 1084 2288 2289
g Group36573
f 1077 1083 1084 1073
g Group32941
f 2285 2286 2292 2291
g Group32944
f 1069 1071 2285 2291
f 1072 1076 2292 2286
g Group36573
f 1071 1069 1076 1072
g Group32941
f 2296 2295 2294 2293
g Group32944
f 1094 1096 2296 2293
f 1095 1093 2294 2295
g Group36573
f 1096 1094 1093 1095
g Group32941
f 2287 2288 2298 2297
g Group32944
f 1082 1083 2287 2297
f 1084 1081 2298 2288
g Group36573
f 1083 1082 1081 1084
g Group32941
f 2300 2299 2289 2290
g Group32944
f 1077 1078 2300 2290
f 1074 1073 2289 2299
g Group36573
f 1078 1077 1073 1074
g Group32941
f 2293 2294 2297 2298
g Group32944
f 1093 1082 2297 2294
g Group36573
f 1094 1081 1082 1093
g Group32941
f 2283 2284 2302 2301
g Group32944
f 1068 1067 2283 2301
f 1065 1066 2302 2284
g Group36573
f 1067 1068 1066 1065
g Group32941
f 2304 2303 2299 2300
g Group32944
f 1078 1070 2304 2300
f 1075 1074 2299 2303
g Group36573
f 1070 1078 1074 1075
g Group32941
f 2301 2302 2306 2305
g Group32944
f 1134 1068 2301 2305
f 1066 1133 2306 2302
g Group36573
f 1068 1134 1133 1066
g Group32941
f 2291 2292 2303 2304
g Group32944
f 1070 1069 2291 2304
f 1076 1075 2303 2292
g Group36573
f 1069 1070 1075 1076
g Group32941
f 2310 2309 2308 2307
g Group32944
f 1092 1085 2310 2307
f 1087 1091 2308 2309
g Group36573
f 1085 1092 1091 1087
g Group32941
f 2314 2313 2312 2311
g Group32944
f 1131 1129 2311 2312
f 1130 1132 2313 2314
g Group36573
f 1130 1129 1131 1132
g Group32941
f 2309 2310 2316 2315
g Group32944
f 1088 1087 2309 2315
f 1085 1086 2316 2310
g Group36573
f 1087 1088 1086 1085
g Group32941
f 2315 2316 2318 2317
g Group32944
f 1089 1088 2315 2317
f 1086 1090 2318 2316
g Group36573
f 1088 1089 1090 1086
g Group32941
f 2293 2298 2317 2318
g Group32944
f 1090 1094 2293 2318
f 1081 1089 2317 2298
g Group36573
f 1094 1090 1089 1081
g Group32941
f 2296 2320 2319 2295
g Group32944
f 1097 1095 2295 2319
f 1096 1098 2320 2296
g Group36573
f 1096 1095 1097 1098
g Group32941
f 2324 2323 2322 2321
g Group32944
f 1114 1099 2324 2321
f 1101 1113 2322 2323
g Group36573
f 1099 1114 1113 1101
g Group32941
f 2321 2322 2326 2325
g Group32944
f 1105 1114 2321 2325
f 1113 1106 2326 2322
g Group36573
f 1114 1105 1106 1113
g Group32941
f 2330 2329 2328 2327
g Group32944
f 1117 1111 2330 2327
f 1107 1118 2328 2329
g Group36573
f 1111 1117 1118 1107
g Group32941
f 2325 2326 2332 2331
g Group32944
f 1103 1105 2325 2331
f 1106 1110 2332 2326
g Group36573
f 1105 1103 1110 1106
g Group32941
f 2314 2311 2334 2333
g Group32944
f 1128 1130 2314 2333
f 1129 1127 2334 2311
g Group36573
f 1130 1128 1127 1129
g Group32941
f 2327 2328 2336 2335
g Group32944
f 1116 1117 2327 2335
f 1118 1115 2336 2328
g Group36573
f 1117 1116 1115 1118
g Group32941
f 2338 2337 2329 2330
g Group32944
f 1111 1112 2338 2330
f 1108 1107 2329 2337
g Group36573
f 1112 1111 1107 1108
g Group32941
f 2333 2334 2335 2336
g Group32944
f 1127 1116 2335 2334
g Group36573
f 1128 1115 1116 1127
g Group32941
f 2323 2324 2340 2339
g Group32944
f 1102 1101 2323 2339
f 1099 1100 2340 2324
g Group36573
f 1101 1102 1100 1099
g Group32941
f 2342 2341 2337 2338
g Group32944
f 1112 1104 2342 2338
f 1109 1108 2337 2341
g Group36573
f 1104 1112 1108 1109
g Group32941
f 2339 2340 2305 2306
g Group32944
f 1133 1102 2339 2306
f 1100 1134 2305 2340
g Group36573
f 1102 1133 1134 1100
g Group32941
f 2331 2332 2341 2342
g Group32944
f 1104 1103 2331 2342
f 1110 1109 2341 2332
g Group36573
f 1103 1104 1109 1110
g Group32941
f 2346 2345 2344 2343
g Group32944
f 1126 1119 2346 2343
f 1121 1125 2344 2345
g Group36573
f 1119 1126 1125 1121
g Group32941
f 2333 2336 2348 2347
g Group32944
f 1124 1128 2333 2347
f 1115 1123 2348 2336
g Group36573
f 1128 1124 1123 1115
g Group32941
f 2345 2346 2350 2349
g Group32944
f 1122 1121 2345 2349
f 1119 1120 2350 2346
g Group36573
f 1121 1122 1120 1119
g Group32941
f 2349 2350 2347 2348
g Group32944
f 1123 1122 2349 2348
f 1120 1124 2347 2350
g Group36573
f 1122 1123 1124 1120
g Group32941
f 2344 2352 2351 2343
g Group32944
f 1139 1126 2343 2351
f 1125 1140 2352 2344
g Group36573
f 1125 1126 1139 1140
g Group32941
f 2308 2354 2353 2307
g Group32944
f 1135 1092 2307 2353
f 1091 1136 2354 2308
g Group36573
f 1091 1092 1135 1136
g Group32941
f 2319 2320 2356 2355
g Group32944
f 1137 1097 2319 2355
f 1098 1138 2356 2320
g Group36573
f 1097 1137 1138 1098
g Group32941
f 2360 2359 2358 2357
g Group32944
f 1155 1143 2357 2358
f 1141 1156 2359 2360
g Group36573
f 1141 1143 1155 1156
g Group32941
f 2359 2362 2361 2358
g Group32944
f 1148 1155 2358 2361
f 1156 1147 2362 2359
g Group36573
f 1156 1155 1148 1147
g Group32941
f 2366 2365 2364 2363
g Group32944
f 1160 1149 2363 2364
f 1153 1159 2365 2366
g Group36573
f 1153 1149 1160 1159
g Group32941
f 2362 2368 2367 2361
g Group32944
f 1152 1148 2361 2367
f 1147 1145 2368 2362
g Group36573
f 1147 1148 1152 1145
g Group32941
f 2372 2371 2370 2369
g Group32944
f 1169 1171 2369 2370
f 1172 1170 2371 2372
g Group36573
f 1172 1171 1169 1170
g Group32941
f 2365 2374 2373 2364
g Group32944
f 1157 1160 2364 2373
f 1159 1158 2374 2365
g Group36573
f 1159 1160 1157 1158
g Group32941
f 2376 2366 2363 2375
g Group32944
f 1149 1150 2375 2363
f 1154 1153 2366 2376
g Group36573
f 1154 1150 1149 1153
g Group32941
f 2371 2373 2374 2370
g Group32944
f 1158 1169 2370 2374
g Group36573
f 1170 1169 1158 1157
g Group32941
f 2357 2378 2377 2360
g Group32944
f 1142 1141 2360 2377
f 1143 1144 2378 2357
g Group36573
f 1143 1141 1142 1144
g Group32941
f 2380 2376 2375 2379
g Group32944
f 1150 1151 2379 2375
f 1146 1154 2376 2380
g Group36573
f 1146 1151 1150 1154
g Group32941
f 2378 2382 2381 2377
g Group32944
f 1211 1142 2377 2381
f 1144 1212 2382 2378
g Group36573
f 1144 1142 1211 1212
g Group32941
f 2368 2380 2379 2367
g Group32944
f 1151 1152 2367 2379
f 1145 1146 2380 2368
g Group36573
f 1145 1152 1151 1146
g Group32941
f 2386 2385 2384 2383
g Group32944
f 1167 1163 2383 2384
f 1161 1168 2385 2386
g Group36573
f 1161 1163 1167 1168
g Group32941
f 2390 2389 2388 2387
g Group32944
f 1210 1206 2390 2387
f 1205 1209 2388 2389
g Group36573
f 1206 1210 1209 1205
g Group32941
f 2383 2392 2391 2386
g Group32944
f 1162 1161 2386 2391
f 1163 1164 2392 2383
g Group36573
f 1163 1161 1162 1164
g Group32941
f 2392 2394 2393 2391
g Group32944
f 1166 1162 2391 2393
f 1164 1165 2394 2392
g Group36573
f 1164 1162 1166 1165
g Group32941
f 2371 2393 2394 2373
g Group32944
f 1165 1157 2373 2394
f 1170 1166 2393 2371
g Group36573
f 1170 1157 1165 1166
g Group32941
f 2372 2369 2396 2395
g Group32944
f 1174 1172 2372 2395
f 1171 1173 2396 2369
g Group36573
f 1172 1174 1173 1171
g Group32941
f 2400 2399 2398 2397
g Group32944
f 1189 1177 2397 2398
f 1175 1190 2399 2400
g Group36573
f 1175 1177 1189 1190
g Group32941
f 2399 2402 2401 2398
g Group32944
f 1182 1189 2398 2401
f 1190 1181 2402 2399
g Group36573
f 1190 1189 1182 1181
g Group32941
f 2406 2405 2404 2403
g Group32944
f 1194 1183 2403 2404
f 1187 1193 2405 2406
g Group36573
f 1187 1183 1194 1193
g Group32941
f 2402 2408 2407 2401
g Group32944
f 1186 1182 2401 2407
f 1181 1179 2408 2402
g Group36573
f 1181 1182 1186 1179
g Group32941
f 2390 2410 2409 2389
g Group32944
f 1203 1205 2389 2409
f 1206 1204 2410 2390
g Group36573
f 1206 1205 1203 1204
g Group32941
f 2405 2412 2411 2404
g Group32944
f 1191 1194 2404 2411
f 1193 1192 2412 2405
g Group36573
f 1193 1194 1191 1192
g Group32941
f 2414 2406 2403 2413
g Group32944
f 1183 1184 2413 2403
f 1188 1187 2406 2414
g Group36573
f 1188 1184 1183 1187
g Group32941
f 2410 2411 2412 2409
g Group32944
f 1192 1203 2409 2412
g Group36573
f 1204 1203 1192 1191
g Group32941
f 2397 2416 2415 2400
g Group32944
f 1176 1175 2400 2415
f 1177 1178 2416 2397
g Group36573
f 1177 1175 1176 1178
g Group32941
f 2418 2414 2413 2417
g Group32944
f 1184 1185 2417 2413
f 1180 1188 2414 2418
g Group36573
f 1180 1185 1184 1188
g Group32941
f 2416 2381 2382 2415
g Group32944
f 1212 1176 2415 2382
f 1178 1211 2381 2416
g Group36573
f 1178 1176 1212 1211
g Group32941
f 2408 2418 2417 2407
g Group32944
f 1185 1186 2407 2417
f 1179 1180 2418 2408
g Group36573
f 1179 1186 1185 1180
g Group32941
f 2422 2421 2420 2419
g Group32944
f 1201 1197 2419 2420
f 1195 1202 2421 2422
g Group36573
f 1195 1197 1201 1202
g Group32941
f 2410 2424 2423 2411
g Group32944
f 1199 1191 2411 2423
f 1204 1200 2424 2410
g Group36573
f 1204 1191 1199 1200
g Group32941
f 2419 2426 2425 2422
g Group32944
f 1196 1195 2422 2425
f 1197 1198 2426 2419
g Group36573
f 1197 1195 1196 1198
g Group32941
f 2426 2423 2424 2425
g Group32944
f 1200 1196 2425 2424
f 1198 1199 2423 2426
g Group36573
f 1198 1196 1200 1199
g Group32941
f 2428 2427 2387 2388
g Group32944
f 1209 1208 2428 2388
f 1207 1210 2387 2427
g Group36573
f 1208 1209 1210 1207
g Group32941
f 2420 2421 2430 2429
g Group32944
f 1216 1201 2420 2429
f 1202 1215 2430 2421
g Group36573
f 1201 1216 1215 1202
g Group32941
f 2429 2430 2432 2431
g Group32944
f 1213 1216 2429 2431
f 1215 1214 2432 2430
g Group36573
f 1216 1213 1214 1215
g Group32941
f 2351 2352 2431 2432
g Group32944
f 1214 1139 2351 2432
f 1140 1213 2431 2352
g Group36573
f 1139 1214 1213 1140
g Group32941
f 2312 2313 2427 2428
g Group32944
f 1208 1131 2312 2428
f 1132 1207 2427 2313
g Group36573
f 1131 1208 1207 1132
g Group32941
f 2384 2385 2197 2198
g Group32944
f 980 1167 2384 2198
f 1168 979 2197 2385
g Group36573
f 1167 980 979 1168
g Group32941
f 2395 2396 2199 2200
g Group32944
f 982 1174 2395 2200
f 1173 981 2199 2396
g Group36573
f 1174 982 981 1173
g Group32941
f 1924 1925 2353 2354
g Group32944
f 1136 707 1924 2354
f 708 1135 2353 1925
g Group36573
f 707 1136 1135 708
g Group32941
f 1935 1936 2355 2356
g Group32944
f 1138 714 1935 2356
f 713 1137 2355 1936
g Group36573
f 714 1138 1137 713
g Group32941
f 1396 1397 2045 2046
g Group32944
f 828 179 1396 2046
f 180 827 2045 1397
g Group36573
f 179 828 827 180
g Group32941
f 1407 1408 2047 2048
g Group32944
f 830 186 1407 2048
f 185 829 2047 1408
g Group36573
f 186 830 829 185
g Group32941
f 1619 1620 2275 2276
g Group32944
f 1057 404 1619 2276
f 403 1058 2275 1620
g Group36573
f 404 1057 1058 403
g Group32941
f 1631 1632 2277 2278
g Group32944
f 1059 409 1631 2278
f 410 1060 2277 1632
g Group36573
f 409 1059 1060 410

 