# File exported by ZBrush version 2021
# www.zbrush.com
#Vertex Count 2432
#Face Count 2432
#Auto scale x=1.000000 y=1.000000 z=1.000000
#Auto offset x=0.000000 y=0.000000 z=0.000000
v 0.23099899 -3.05617618 0.14540149
v 0.171488 -3.10508537 0.14540149
v 0.25415301 -2.99497127 0.14540149
v 0.25206899 -2.96442747 0.14540149
v 0.305307 -2.99260139 0.14540149
v 0.301283 -2.96009349 0.14540149
v 0.27374601 -3.06802225 0.14540149
v 0.31406998 -3.08101463 0.14540149
v 0.20128299 -3.12864017 0.14540149
v 0.232287 -3.15128231 0.14540149
v 0.095803 -3.16666841 0.14540149
v 0.10980799 -3.19717741 0.14540149
v 0.08167299 -3.13562917 0.14540149
v 0.38921099 -3.04096031 0.14540149
v 0.456954 -3.07762956 0.14540149
v 0.35631701 -2.9846673 0.14540149
v 0.352959 -2.95461559 0.14540149
v 0.349505 -3.06073141 0.14540149
v 0.432197 -3.10642862 0.14540149
v 0.406075 -3.13456058 0.14540149
v 0.54298901 -3.12365245 0.14540149
v 0.53505802 -3.15627336 0.14540149
v 0.55094498 -3.09048843 0.14540149
v 0.63477599 -3.11396932 0.14540149
v 0.62795901 -3.08179426 0.14540149
v 0.64186501 -3.14519262 0.14540149
v 0.289745 -3.0303545 0.14540149
v 0.242705 -3.02559137 0.14540149
v 0.638318 -3.12958335 0.14540149
v 0.53905499 -3.13996362 0.14540149
v 0.41919401 -3.12052345 0.14540149
v 0.33184099 -3.07091426 0.14540149
v 0.21673299 -3.13999939 0.14540149
v 0.29386401 -3.07458162 0.14540149
v 0.102775 -3.18192434 0.14540149
v 0.372646 -3.01284551 0.14540149
v 0.327205 -3.02674436 0.14540149
v 0.310669 -3.05070543 0.14540149
v 0.83638602 -2.95460319 0.14540149
v 0.78716802 -3.01385021 0.14540149
v 0.84758001 -2.89012146 0.14540149
v 0.83977502 -2.86052417 0.14540149
v 0.897372 -2.87815761 0.14540149
v 0.88728702 -2.84697628 0.14540149
v 0.88059997 -2.9581623 0.14540149
v 0.92265099 -2.9633212 0.14540149
v 0.82087099 -3.0313673 0.14540149
v 0.85558801 -3.04775428 0.14540149
v 0.72445601 -3.08861255 0.14540149
v 0.743963 -3.11593341 0.14540149
v 0.70472502 -3.06079053 0.14540149
v 0.98888802 -2.90982151 0.14540149
v 1.06233203 -2.93304443 0.14540149
v 0.94596797 -2.8607316 0.14540149
v 0.93700301 -2.83186054 0.14540149
v 0.95362502 -2.93671941 0.14540149
v 1.04345095 -2.96600246 0.14540149
v 1.02310395 -2.99856138 0.14540149
v 1.15550398 -2.96202039 0.14540149
v 1.153867 -2.99555349 0.14540149
v 1.15706098 -2.92795324 0.14540149
v 1.24381697 -2.9351983 0.14540149
v 1.23105204 -2.90487957 0.14540149
v 1.25666701 -2.9645276 0.14540149
v 0.88920801 -2.91815233 0.14540149
v 0.84211498 -2.92235851 0.14540149
v 1.25023901 -2.94987344 0.14540149
v 1.15471601 -2.97877836 0.14540149
v 1.03333902 -2.98229551 0.14540149
v 0.93819797 -2.95006322 0.14540149
v 0.83818501 -3.03960418 0.14540149
v 0.90159398 -2.96081829 0.14540149
v 0.734182 -3.10227727 0.14540149
v 0.96732002 -2.88533353 0.14540149
v 0.92531502 -2.90754747 0.14540149
v 0.913594 -2.93419647 0.14540149
v 1.41131401 -2.74088048 0.14540149
v 1.37414705 -2.80835056 0.14540149
v 1.41015696 -2.67544841 0.14540149
v 1.39691305 -2.64785337 0.14540149
v 1.45680105 -2.65430927 0.14540149
v 1.44102203 -2.62559127 0.14540149
v 1.45540797 -2.73605251 0.14540149
v 1.49767804 -2.73319149 0.14540149
v 1.41054403 -2.81920433 0.14540149
v 1.44772696 -2.82874441 0.14540149
v 1.32664501 -2.89358234 0.14540149
v 1.35095095 -2.91672945 0.14540149
v 1.30202305 -2.86998319 0.14540149
v 1.55264401 -2.66816139 0.14540149
v 1.62915098 -2.67713928 0.14540149
v 1.50124394 -2.62804842 0.14540149
v 1.486997 -2.60137844 0.14540149
v 1.52308404 -2.70122242 0.14540149
v 1.61681795 -2.71305418 0.14540149
v 1.60297095 -2.7488656 0.14540149
v 1.72611296 -2.68802738 0.14540149
v 1.73082399 -2.72126817 0.14540149
v 1.72122097 -2.65427827 0.14540149
v 1.80779004 -2.64504432 0.14540149
v 1.789541 -2.61768055 0.14540149
v 1.82593596 -2.67142725 0.14540149
v 1.456321 -2.69513225 0.14540149
v 1.41086399 -2.70813655 0.14540149
v 1.81686198 -2.65823841 0.14540149
v 1.72849905 -2.70463132 0.14540149
v 1.60995698 -2.73096036 0.14540149
v 1.51044797 -2.71723222 0.14540149
v 1.42910003 -2.82402038 0.14540149
v 1.47652602 -2.73469257 0.14540149
v 1.33877301 -2.90517759 0.14540149
v 1.52684998 -2.64818239 0.14540149
v 1.48978304 -2.67791032 0.14540149
v 1.48329401 -2.70630025 0.14540149
v 1.93605399 -2.42234945 0.14540149
v 1.91227698 -2.49562263 0.14540149
v 1.92257595 -2.35830831 0.14540149
v 1.90436494 -2.33371019 0.14540149
v 1.96439898 -2.32875442 0.14540149
v 1.94348502 -2.3035283 0.14540149
v 1.978446 -2.40929317 0.14540149
v 2.01941895 -2.3985095 0.14540149
v 1.95006895 -2.49940443 0.14540149
v 1.98838603 -2.50177526 0.14540149
v 1.88170397 -2.58827543 0.14540149
v 1.90994203 -2.60643339 0.14540149
v 1.853073 -2.5697422 0.14540149
v 2.06113195 -2.32427835 0.14540149
v 2.137959 -2.31866455 0.14540149
v 2.00308895 -2.29458141 0.14540149
v 1.98406899 -2.27107858 0.14540149
v 2.0383389 -2.3623352 0.14540149
v 2.1326251 -2.35626649 0.14540149
v 2.12577796 -2.39404153 0.14540149
v 2.23523688 -2.3110795 0.14540149
v 2.24613404 -2.34282922 0.14540149
v 2.22406911 -2.27885532 0.14540149
v 2.30733895 -2.25346231 0.14540149
v 2.28425908 -2.23002719 0.14540149
v 2.33013796 -2.27594518 0.14540149
v 1.97162795 -2.3689332 0.14540149
v 1.92943704 -2.39028024 0.14540149
v 2.31873703 -2.26470756 0.14540149
v 2.24071288 -2.32693433 0.14540149
v 2.12926411 -2.3751502 0.14540149
v 2.02894902 -2.38043642 0.14540149
v 1.96920299 -2.5006504 0.14540149
v 1.99892902 -2.40397548 0.14540149
v 1.89580094 -2.59737825 0.14540149
v 2.03203392 -2.30953025 0.14540149
v 2.00123906 -2.34571552 0.14540149
v 2.00022006 -2.37481355 0.14540149
v 2.39043688 -2.01151323 0.14540149
v 2.38087701 -2.08795023 0.14540149
v 2.36515188 -1.95115637 0.14540149
v 2.342633 -1.93042445 0.14540149
v 2.40065908 -1.91426444 0.14540149
v 2.37537503 -1.89342439 0.14540149
v 2.42961692 -1.9907124 0.14540149
v 2.46782803 -1.97241139 0.14540149
v 2.41870808 -2.08455753 0.14540149
v 2.45678496 -2.07966756 0.14540149
v 2.36828994 -2.18470859 0.14540149
v 2.39944195 -2.19722843 0.14540149
v 2.33668398 -2.1718955 0.14540149
v 2.49482297 -1.89165639 0.14540149
v 2.56921792 -1.87169337 0.14540149
v 2.43222904 -1.87341046 0.14540149
v 2.40912199 -1.85391235 0.14540149
v 2.47959804 -1.93331837 0.14540149
v 2.57105898 -1.90961444 0.14540149
v 2.57144403 -1.94800639 0.14540149
v 2.66333198 -1.84592044 0.14540149
v 2.68001008 -1.87505137 0.14540149
v 2.64629602 -1.81637239 0.14540149
v 2.72330188 -1.77576839 0.14540149
v 2.69621992 -1.75709343 0.14540149
v 2.74992609 -1.79355037 0.14540149
v 2.41532111 -1.95236039 0.14540149
v 2.37790298 -1.98126041 0.14540149
v 2.73661088 -1.78465735 0.14540149
v 2.67169404 -1.86046946 0.14540149
v 2.57131099 -1.92879045 0.14540149
v 2.47378397 -1.95287036 0.14540149
v 2.43773198 -2.0821743 0.14540149
v 2.44873189 -1.98164141 0.14540149
v 2.3838489 -2.19099617 0.14540149
v 2.46346688 -1.88264143 0.14540149
v 2.4400351 -1.92398738 0.14540149
v 2.44451093 -1.95274639 0.14540149
v 2.76004791 -1.52140939 0.14540149
v 2.76507711 -1.59828043 0.14540149
v 2.72383093 -1.46691036 0.14540149
v 2.69780492 -1.45079135 0.14540149
v 2.75174188 -1.42397737 0.14540149
v 2.72298407 -1.40827643 0.14540149
v 2.79459691 -1.49359846 0.14540149
v 2.82867193 -1.46841538 0.14540149
v 2.80158495 -1.58781242 0.14540149
v 2.83805799 -1.57583236 0.14540149
v 2.77096104 -1.69567441 0.14540149
v 2.80391502 -1.70209145 0.14540149
v 2.737504 -1.68905139 0.14540149
v 2.83995509 -1.38401246 0.14540149
v 2.90924811 -1.35037338 0.14540149
v 2.77503991 -1.37791037 0.14540149
v 2.74867105 -1.36310243 0.14540149
v 2.8328619 -1.42780339 0.14540149
v 2.91820907 -1.38728034 0.14540149
v 2.92582798 -1.42490541 0.14540149
v 2.99680995 -1.30731439 0.14540149
v 3.01868605 -1.33279144 0.14540149
v 2.974509 -1.28152144 0.14540149
v 3.04247188 -1.22710835 0.14540149
v 3.01235699 -1.21388542 0.14540149
v 3.07197189 -1.23956441 0.14540149
v 2.77332902 -1.45862543 0.14540149
v 2.74202895 -1.49406337 0.14540149
v 3.05721902 -1.23333537 0.14540149
v 3.00776791 -1.32003045 0.14540149
v 2.92207288 -1.40606534 0.14540149
v 2.83083605 -1.44809138 0.14540149
v 2.81981802 -1.5818814 0.14540149
v 2.81165909 -1.48107338 0.14540149
v 2.7874279 -1.6989144 0.14540149
v 2.80746197 -1.38107836 0.14540149
v 2.79224491 -1.42609643 0.14540149
v 2.80206704 -1.45350241 0.14540149
v 3.03042006 -0.97084641 0.14540149
v 3.04983997 -1.04539036 0.14540149
v 2.98457694 -0.92414742 0.14540149
v 2.95598101 -0.91322439 0.14540149
v 3.003901 -0.8767274 0.14540149
v 2.97269201 -0.86673539 0.14540149
v 3.05910491 -0.9370234 0.14540149
v 3.08782291 -0.90586942 0.14540149
v 3.08372402 -1.02823138 0.14540149
v 3.11728692 -1.00959742 0.14540149
v 3.07397508 -1.13992941 0.14540149
v 3.10754895 -1.14002442 0.14540149
v 3.03986907 -1.13973438 0.14540149
v 3.08299708 -0.82085943 0.14540149
v 3.14470911 -0.77474939 0.14540149
v 3.01809406 -0.82709342 0.14540149
v 2.98941206 -0.81753343 0.14540149
v 3.08428406 -0.86519742 0.14540149
v 3.1604669 -0.80931639 0.14540149
v 3.17504 -0.8448314 0.14540149
v 3.22259092 -0.71597242 0.14540149
v 3.24887108 -0.73686242 0.14540149
v 3.19582605 -0.69483238 0.14540149
v 3.252321 -0.62859839 0.14540149
v 3.22025203 -0.62128442 0.14540149
v 3.28363704 -0.63527143 0.14540149
v 3.03162789 -0.90669041 0.14540149
v 3.00757098 -0.9473924 0.14540149
v 3.26797795 -0.63193339 0.14540149
v 3.23574996 -0.72639137 0.14540149
v 3.16779899 -0.82703042 0.14540149
v 3.08611702 -0.88550943 0.14540149
v 3.10051393 -1.01897144 0.14540149
v 3.07350206 -0.92151439 0.14540149
v 3.09075689 -1.14000737 0.14540149
v 3.05053305 -0.8241024 0.14540149
v 3.04407501 -0.8711704 0.14540149
v 3.05888199 -0.89624142 0.14540149
v 3.19227099 -0.37871241 0.14540149
v 3.22539997 -0.44826039 0.14540149
v 3.13844203 -0.34150239 0.14540149
v 3.10829711 -0.3361594 0.14540149
v 3.14847898 -0.2912774 0.14540149
v 3.1159451 -0.28735539 0.14540149
v 3.21406292 -0.3400844 0.14540149
v 3.23639106 -0.30407339 0.14540149
v 3.25544309 -0.42502141 0.14540149
v 3.28488206 -0.4003824 0.14540149
v 3.26693797 -0.5365554 0.14540149
v 3.29992198 -0.53031641 0.14540149
v 3.23340392 -0.5427894 0.14540149
v 3.21562099 -0.2214974 0.14540149
v 3.26752495 -0.1645814 0.14540149
v 3.15305709 -0.2398604 0.14540149
v 3.12308001 -0.2358824 0.14540149
v 3.22523999 -0.26479941 0.14540149
v 3.28951811 -0.1955574 0.14540149
v 3.31052804 -0.22768239 0.14540149
v 3.33292508 -0.0921744 0.14540149
v 3.36267089 -0.1077284 0.14540149
v 3.30265188 -0.0764574 0.14540149
v 3.18135809 -0.31547641 0.14540149
v 3.16540694 -0.35999339 0.14540149
v 3.34780788 -0.0999194 0.14540149
v 3.30006194 -0.2115684 0.14540149
v 3.23087501 -0.2843984 0.14540149
v 3.27018404 -0.4127624 0.14540149
v 3.22527504 -0.3221364 0.14540149
v 3.283432 -0.53346341 0.14540149
v 3.18434691 -0.2308014 0.14540149
v 3.18688392 -0.27825939 0.14540149
v 3.206151 -0.30007541 0.14540149
v -3.21563196 -0.22205939 0.14540149
v -3.26755094 -0.1651504 0.14540149
v -3.15331411 -0.2420194 0.14540149
v -3.12291908 -0.23835639 0.14540149
v -3.14831399 -0.2929874 0.14540149
v -3.1160469 -0.2872824 0.14540149
v -3.22524905 -0.2653664 0.14540149
v -3.23614597 -0.30629739 0.14540149
v -3.2895379 -0.1961314 0.14540149
v -3.3105421 -0.2282644 0.14540149
v -3.33296299 -0.0927504 0.14540149
v -3.36270809 -0.1083124 0.14540149
v -3.30269289 -0.0770364 0.14540149
v -3.19226098 -0.37927141 0.14540149
v -3.22538209 -0.44881939 0.14540149
v -3.13774299 -0.34351241 0.14540149
v -3.1079061 -0.33860939 0.14540149
v -3.21406006 -0.34064039 0.14540149
v -3.25542402 -0.42558538 0.14540149
v -3.28486609 -0.40095141 0.14540149
v -3.26689791 -0.53711241 0.14540149
v -3.29988408 -0.53088241 0.14540149
v -3.23336911 -0.54334139 0.14540149
v -3.25248503 -0.62828338 0.14540149
v -3.22070097 -0.61981242 0.14540149
v -3.28330493 -0.63697642 0.14540149
v -3.18680501 -0.27939039 0.14540149
v -3.18448591 -0.2321664 0.14540149
v -3.26789307 -0.63262742 0.14540149
v -3.28339195 -0.53403538 0.14540149
v -3.27016711 -0.41333138 0.14540149
v -3.22514796 -0.3235324 0.14540149
v -3.30007696 -0.2121424 0.14540149
v -3.2307651 -0.28579041 0.14540149
v -3.34784507 -0.1005084 0.14540149
v -3.16505003 -0.3612774 0.14540149
v -3.18126606 -0.31661739 0.14540149
v -3.20605111 -0.3013384 0.14540149
v -3.08291506 -0.82138937 0.14540149
v -3.1446309 -0.77530038 0.14540149
v -3.01794695 -0.82923537 0.14540149
v -2.98878502 -0.81990939 0.14540149
v -3.00342392 -0.87834239 0.14540149
v -2.97280693 -0.86666041 0.14540149
v -3.08419203 -0.86573243 0.14540149
v -3.08716702 -0.90799939 0.14540149
v -3.16038298 -0.80985641 0.14540149
v -3.17494797 -0.84538137 0.14540149
v -3.22252488 -0.71652638 0.14540149
v -3.24880003 -0.73742443 0.14540149
v -3.19576597 -0.69539141 0.14540149
v -3.03030991 -0.97137337 0.14540149
v -3.049721 -1.04591834 0.14540149
v -2.98351502 -0.92597442 0.14540149
v -2.95513796 -0.91553539 0.14540149
v -3.05900001 -0.9375534 0.14540149
v -3.08360195 -1.02876341 0.14540149
v -3.1171689 -1.01012945 0.14540149
v -3.07383894 -1.14046442 0.14540149
v -3.10740709 -1.14056634 0.14540149
v -3.03973293 -1.14025938 0.14540149
v -3.04249 -1.22726941 0.14540149
v -3.01287508 -1.21295237 0.14540149
v -3.07111311 -1.24162042 0.14540149
v -3.0437901 -0.87225639 0.14540149
v -3.0504179 -0.82544839 0.14540149
v -3.05680108 -1.23444342 0.14540149
v -3.09061694 -1.14054441 0.14540149
v -3.10039901 -1.01950836 0.14540149
v -3.07312202 -0.92282837 0.14540149
v -3.16771411 -0.82758241 0.14540149
v -3.08574891 -0.88683539 0.14540149
v -3.23567891 -0.72694838 0.14540149
v -3.00697708 -0.94857341 0.14540149
v -3.03133392 -0.90776938 0.14540149
v -3.05854892 -0.89744043 0.14540149
v -2.83977389 -1.38450336 0.14540149
v -2.90907502 -1.35086846 0.14540149
v -2.77449393 -1.37997138 0.14540149
v -2.7476139 -1.36532044 0.14540149
v -2.75097298 -1.42545437 0.14540149
v -2.72311091 -1.40821945 0.14540149
v -2.83267498 -1.4282844 0.14540149
v -2.82763004 -1.47035837 0.14540149
v -2.91802811 -1.38778638 0.14540149
v -2.92564296 -1.42541337 0.14540149
v -2.99664688 -1.30784738 0.14540149
v -3.01851391 -1.33330643 0.14540149
v -2.97434496 -1.28203141 0.14540149
v -2.75984907 -1.52189743 0.14540149
v -2.76485991 -1.59875643 0.14540149
v -2.72244691 -1.46849346 0.14540149
v -2.69654798 -1.45288443 0.14540149
v -2.79440093 -1.49406945 0.14540149
v -2.80137109 -1.58829343 0.14540149
v -2.83784604 -1.57632339 0.14540149
v -2.77073001 -1.69615936 0.14540149
v -2.80367994 -1.70257735 0.14540149
v -2.73727488 -1.68952345 0.14540149
v -2.72358393 -1.77550542 0.14540149
v -2.69719409 -1.75586438 0.14540149
v -2.74899196 -1.79498136 0.14540149
v -2.79176592 -1.4270904 0.14540149
v -2.80709505 -1.38235938 0.14540149
v -2.73628997 -1.78525042 0.14540149
v -2.78719496 -1.69940042 0.14540149
v -2.81960797 -1.58237946 0.14540149
v -2.81103897 -1.48228538 0.14540149
v -2.92189097 -1.40656638 0.14540149
v -2.83022594 -1.44930934 0.14540149
v -3.00759697 -1.32054746 0.14540149
v -2.74123597 -1.49509537 0.14540149
v -2.77283811 -1.45962441 0.14540149
v -2.8015151 -1.45460343 0.14540149
v -2.49456191 -1.89208138 0.14540149
v -2.56895804 -1.87212646 0.14540149
v -2.43130397 -1.87531042 0.14540149
v -2.40767288 -1.85586142 0.14540149
v -2.39962792 -1.91555643 0.14540149
v -2.37551689 -1.89337146 0.14540149
v -2.4793291 -1.93374538 0.14540149
v -2.46644592 -1.97411036 0.14540149
v -2.57079005 -1.91005945 0.14540149
v -2.57117295 -1.94845044 0.14540149
v -2.66307497 -1.84637844 0.14540149
v -2.67974805 -1.87551236 0.14540149
v -2.64604497 -1.81683635 0.14540149
v -2.39015507 -2.01193046 0.14540149
v -2.3805809 -2.08836221 0.14540149
v -2.36350011 -1.95243334 0.14540149
v -2.34100699 -1.93222141 0.14540149
v -2.42933511 -1.99113345 0.14540149
v -2.41841197 -2.08498048 0.14540149
v -2.45649004 -2.08009147 0.14540149
v -2.3679769 -2.18511152 0.14540149
v -2.39912605 -2.19764041 0.14540149
v -2.33637404 -2.17229557 0.14540149
v -2.30671405 -2.25414657 0.14540149
v -2.28450107 -2.22988843 0.14540149
v -2.3279879 -2.27807235 0.14540149
v -2.43938303 -1.9248594 0.14540149
v -2.46287107 -1.88381838 0.14540149
v -2.31735301 -2.26610946 0.14540149
v -2.38353395 -2.19140625 0.14540149
v -2.43743705 -2.0826044 0.14540149
v -2.44790101 -1.9826914 0.14540149
v -2.571038 -1.92923343 0.14540149
v -2.47296094 -1.95392537 0.14540149
v -2.67143392 -1.86093235 0.14540149
v -2.37692809 -1.98211443 0.14540149
v -2.41466188 -1.95323145 0.14540149
v -2.44376611 -1.95370841 0.14540149
v -2.06079888 -2.3246293 0.14540149
v -2.13762593 -2.31903743 0.14540149
v -2.0018301 -2.2962594 0.14540149
v -1.98228204 -2.27269744 0.14540149
v -1.96314704 -2.32982158 0.14540149
v -1.94364297 -2.30348348 0.14540149
v -2.0380001 -2.36268234 0.14540149
v -2.01774907 -2.39990425 0.14540149
v -2.13228392 -2.35664033 0.14540149
v -2.12543106 -2.39441251 0.14540149
v -2.234905 -2.31146621 0.14540149
v -2.24579501 -2.34321928 0.14540149
v -2.22374105 -2.27923917 0.14540149
v -1.93570601 -2.42267942 0.14540149
v -1.91191601 -2.4959526 0.14540149
v -1.92072296 -2.35923242 0.14540149
v -1.90243804 -2.33514833 0.14540149
v -1.97809898 -2.40963935 0.14540149
v -1.94970595 -2.49974536 0.14540149
v -1.98802304 -2.50211238 0.14540149
v -1.88132703 -2.58860731 0.14540149
v -1.90955996 -2.6067686 0.14540149
v -1.85269999 -2.57006835 0.14540149
v -1.808164 -2.64487123 0.14540149
v -1.79091596 -2.61686563 0.14540149
v -1.82455599 -2.67237234 0.14540149
v -2.00043988 -2.34642124 0.14540149
v -2.03123307 -2.31054925 0.14540149
v -1.81636202 -2.6586194 0.14540149
v -1.89542305 -2.59770441 0.14540149
v -1.96884 -2.50099134 0.14540149
v -1.99791801 -2.4048295 0.14540149
v -2.12892103 -2.37551832 0.14540149
v -2.02795004 -2.3813095 0.14540149
v -2.24037504 -2.32732152 0.14540149
v -1.92832696 -2.39090538 0.14540149
v -1.97081899 -2.3696413 0.14540149
v -1.99931705 -2.37559747 0.14540149
v -1.55225396 -2.66843032 0.14540149
v -1.62875795 -2.67741727 0.14540149
v -1.49969494 -2.62943124 0.14540149
v -1.48494195 -2.60261249 0.14540149
v -1.45537602 -2.65509748 0.14540149
v -1.44118702 -2.62555837 0.14540149
v -1.52268695 -2.7014904 0.14540149
v -1.49578094 -2.73421144 0.14540149
v -1.61642003 -2.71333837 0.14540149
v -1.60256695 -2.7491436 0.14540149
v -1.72571897 -2.68832922 0.14540149
v -1.73042404 -2.7215662 0.14540149
v -1.72083401 -2.65457344 0.14540149
v -1.41091299 -2.74112463 0.14540149
v -1.37373197 -2.80858421 0.14540149
v -1.40816497 -2.67598962 0.14540149
v -1.39475095 -2.64888334 0.14540149
v -1.455006 -2.73630952 0.14540149
v -1.41012597 -2.81943416 0.14540149
v -1.44730901 -2.8289895 0.14540149
v -1.32621598 -2.89381218 0.14540149
v -1.35051894 -2.91696929 0.14540149
v -1.30159902 -2.87019825 0.14540149
v -1.24375402 -2.93526363 0.14540149
v -1.23209905 -2.90449762 0.14540149
v -1.25466394 -2.96536827 0.14540149
v -1.48886704 -2.67844438 0.14540149
v -1.52587497 -2.64902544 0.14540149
v -1.24921095 -2.95031738 0.14540149
v -1.33834195 -2.90540361 0.14540149
v -1.42868304 -2.8242712 0.14540149
v -1.47537505 -2.73532962 0.14540149
v -1.60955703 -2.73123931 0.14540149
v -1.509305 -2.71788644 0.14540149
v -1.72810101 -2.70493841 0.14540149
v -1.40965902 -2.70852136 0.14540149
v -1.45539999 -2.69565248 0.14540149
v -1.48226201 -2.70688343 0.14540149
v -0.98845601 -2.9099822 0.14540149
v -1.06189596 -2.93323421 0.14540149
v -0.94418501 -2.86179351 0.14540149
v -0.93475198 -2.83267641 0.14540149
v -0.89582598 -2.87864017 0.14540149
v -0.88745802 -2.84696245 0.14540149
v -0.95318597 -2.93688726 0.14540149
v -0.92059701 -2.9639554 0.14540149
v -1.04300904 -2.96618032 0.14540149
v -1.02265703 -2.99873638 0.14540149
v -1.15506196 -2.96222257 0.14540149
v -1.15341901 -2.99575042 0.14540149
v -1.15662598 -2.92815542 0.14540149
v -0.83594602 -2.9547472 0.14540149
v -0.78671801 -3.0139985 0.14540149
v -0.84552502 -2.8902564 0.14540149
v -0.837457 -2.86111259 0.14540149
v -0.88015902 -2.95832252 0.14540149
v -0.82041698 -3.03151559 0.14540149
v -0.85513198 -3.04790639 0.14540149
v -0.72399401 -3.08872747 0.14540149
v -0.743496 -3.11605739 0.14540149
v -0.70426601 -3.0609126 0.14540149
v -0.63519698 -3.11390638 0.14540149
v -0.629547 -3.08150434 0.14540149
v -0.640239 -3.14552354 0.14540149
v -0.92431801 -2.90787458 0.14540149
v -0.96620798 -2.88595342 0.14540149
v -0.63771998 -3.12971544 0.14540149
v -0.73371601 -3.10241031 0.14540149
v -0.83772897 -3.03975248 0.14540149
v -0.90034699 -2.96120548 0.14540149
v -1.03289496 -2.98247528 0.14540149
v -0.936957 -2.9504714 0.14540149
v -1.154271 -2.97897863 0.14540149
v -0.84086 -2.92249441 0.14540149
v -0.88820701 -2.91847229 0.14540149
v -0.91247397 -2.93455743 0.14540149
v -0.388756 -3.0410304 0.14540149
v -0.456492 -3.07770729 0.14540149
v -0.35436901 -2.98534727 0.14540149
v -0.35059699 -2.95497226 0.14540149
v -0.3037 -2.99277019 0.14540149
v -0.30145698 -2.96008062 0.14540149
v -0.349047 -3.06079244 0.14540149
v -0.311935 -3.0812354 0.14540149
v -0.43173098 -3.10650253 0.14540149
v -0.405604 -3.13463163 0.14540149
v -0.542521 -3.12374734 0.14540149
v -0.53458398 -3.15636158 0.14540149
v -0.55048102 -3.09058141 0.14540149
v -0.230541 -3.05621337 0.14540149
v -0.171021 -3.10511732 0.14540149
v -0.252112 -2.99468755 0.14540149
v -0.249686 -2.9645462 0.14540149
v -0.27328699 -3.06807136 0.14540149
v -0.20081299 -3.1286726 0.14540149
v -0.23181399 -3.15132141 0.14540149
v -0.09532699 -3.16669035 0.14540149
v -0.10932599 -3.1972022 0.14540149
v -0.081201 -3.13563919 0.14540149
v -0.003377 -3.17466163 0.14540149
v -0.00394 -3.14177036 0.14540149
v -0.002365 -3.20666837 0.14540149
v -0.32616499 -3.02685737 0.14540149
v -0.37143901 -3.0132265 0.14540149
v -0.002873 -3.19067049 0.14540149
v -0.102297 -3.18194341 0.14540149
v -0.21626 -3.14003753 0.14540149
v -0.29256901 -3.0747056 0.14540149
v -0.41872599 -3.12059354 0.14540149
v -0.33054599 -3.07106018 0.14540149
v -0.53858298 -3.14005661 0.14540149
v -0.24144999 -3.02547025 0.14540149
v -0.28870499 -3.0304532 0.14540149
v -0.309502 -3.05081653 0.14540149
v 0.23099899 3.05618238 0.14540149
v 0.171488 3.10509157 0.14540149
v 0.25415301 2.9949727 0.14540149
v 0.25206899 2.96443367 0.14540149
v 0.305307 2.99261379 0.14540149
v 0.301283 2.96009969 0.14540149
v 0.27374601 3.06801939 0.14540149
v 0.31406998 3.08102083 0.14540149
v 0.20128299 3.12864971 0.14540149
v 0.232287 3.1512885 0.14540149
v 0.095803 3.16667556 0.14540149
v 0.10980799 3.1971836 0.14540149
v 0.08167299 3.13563346 0.14540149
v 0.38921099 3.04096555 0.14540149
v 0.456954 3.0776267 0.14540149
v 0.35631701 2.98467254 0.14540149
v 0.352959 2.95462179 0.14540149
v 0.349505 3.06073761 0.14540149
v 0.432197 3.10643482 0.14540149
v 0.406075 3.13456964 0.14540149
v 0.54298901 3.12365865 0.14540149
v 0.53505802 3.15627479 0.14540149
v 0.55094498 3.09049558 0.14540149
v 0.63477599 3.11397647 0.14540149
v 0.62795901 3.08179664 0.14540149
v 0.64186501 3.14519882 0.14540149
v 0.289745 3.03036069 0.14540149
v 0.242705 3.02559852 0.14540149
v 0.638318 3.12958478 0.14540149
v 0.53905499 3.13997459 0.14540149
v 0.41919401 3.1205244 0.14540149
v 0.33184099 3.07092571 0.14540149
v 0.21673299 3.14000558 0.14540149
v 0.29386401 3.07458877 0.14540149
v 0.102775 3.18193769 0.14540149
v 0.372646 3.01285648 0.14540149
v 0.327205 3.02675056 0.14540149
v 0.310669 3.05071163 0.14540149
v 0.83638602 2.95460939 0.14540149
v 0.78716802 3.0138607 0.14540149
v 0.84758001 2.89013338 0.14540149
v 0.83977502 2.86053562 0.14540149
v 0.897372 2.87816047 0.14540149
v 0.88728702 2.84698247 0.14540149
v 0.88059997 2.95817565 0.14540149
v 0.92265099 2.9633274 0.14540149
v 0.82087099 3.0313735 0.14540149
v 0.85558801 3.04776144 0.14540149
v 0.72445601 3.08861446 0.14540149
v 0.743963 3.11593437 0.14540149
v 0.70472502 3.06079053 0.14540149
v 0.98888802 2.90982055 0.14540149
v 1.06233203 2.9330554 0.14540149
v 0.94596797 2.86073875 0.14540149
v 0.93700301 2.83186769 0.14540149
v 0.95362502 2.93672561 0.14540149
v 1.04345095 2.96600866 0.14540149
v 1.02310395 2.99856758 0.14540149
v 1.15550398 2.96203136 0.14540149
v 1.153867 2.99555969 0.14540149
v 1.15706098 2.92795658 0.14540149
v 1.24381697 2.93520641 0.14540149
v 1.23105204 2.90488958 0.14540149
v 1.25666701 2.96453476 0.14540149
v 0.88920801 2.91816139 0.14540149
v 0.84211498 2.92236566 0.14540149
v 1.25023901 2.94986963 0.14540149
v 1.15471601 2.9787898 0.14540149
v 1.03333902 2.98230171 0.14540149
v 0.93819797 2.95006942 0.14540149
v 0.83818501 3.03961038 0.14540149
v 0.90159398 2.96081972 0.14540149
v 0.734182 3.10228967 0.14540149
v 0.96732002 2.88534069 0.14540149
v 0.92531502 2.90755367 0.14540149
v 0.913594 2.93420267 0.14540149
v 1.41131401 2.74088668 0.14540149
v 1.37414705 2.80835676 0.14540149
v 1.41015696 2.67545843 0.14540149
v 1.39691305 2.64785671 0.14540149
v 1.45680105 2.65431881 0.14540149
v 1.44102203 2.62560463 0.14540149
v 1.45540797 2.73605871 0.14540149
v 1.49767804 2.73319339 0.14540149
v 1.41054403 2.81921052 0.14540149
v 1.44772696 2.8287487 0.14540149
v 1.32664501 2.89358854 0.14540149
v 1.35095095 2.91673564 0.14540149
v 1.30202305 2.86998939 0.14540149
v 1.55264401 2.66815948 0.14540149
v 1.62915098 2.67713975 0.14540149
v 1.50124394 2.62805366 0.14540149
v 1.486997 2.60138082 0.14540149
v 1.52308404 2.70123243 0.14540149
v 1.61681795 2.71306371 0.14540149
v 1.60297095 2.74886655 0.14540149
v 1.72611296 2.68803358 0.14540149
v 1.73082399 2.72127056 0.14540149
v 1.72122097 2.6542797 0.14540149
v 1.80779004 2.64505338 0.14540149
v 1.789541 2.6176815 0.14540149
v 1.82593596 2.67143344 0.14540149
v 1.456321 2.6951394 0.14540149
v 1.41086399 2.70814371 0.14540149
v 1.81686198 2.65823841 0.14540149
v 1.72849905 2.70464038 0.14540149
v 1.60995698 2.73097181 0.14540149
v 1.51044797 2.71724462 0.14540149
v 1.42910003 2.82403373 0.14540149
v 1.47652602 2.73470258 0.14540149
v 1.33877301 2.90518379 0.14540149
v 1.52684998 2.64818859 0.14540149
v 1.48978304 2.67791652 0.14540149
v 1.48329401 2.70630264 0.14540149
v 1.93605399 2.42235565 0.14540149
v 1.91227698 2.49562883 0.14540149
v 1.92257595 2.35831737 0.14540149
v 1.90436494 2.33371782 0.14540149
v 1.96439898 2.32876062 0.14540149
v 1.94348502 2.30353546 0.14540149
v 1.978446 2.40929937 0.14540149
v 2.01941895 2.39851665 0.14540149
v 1.95006895 2.49941253 0.14540149
v 1.98838603 2.50177764 0.14540149
v 1.88170397 2.58828878 0.14540149
v 1.90994203 2.60643959 0.14540149
v 1.853073 2.56974983 0.14540149
v 2.06113195 2.32428455 0.14540149
v 2.137959 2.31867075 0.14540149
v 2.00308895 2.29458761 0.14540149
v 1.98406899 2.2710824 0.14540149
v 2.0383389 2.36233663 0.14540149
v 2.1326251 2.35627365 0.14540149
v 2.12577796 2.39405155 0.14540149
v 2.23523688 2.3110857 0.14540149
v 2.24613404 2.34283542 0.14540149
v 2.22406911 2.2788577 0.14540149
v 2.30733895 2.25346851 0.14540149
v 2.28425908 2.23003482 0.14540149
v 2.33013796 2.27595138 0.14540149
v 1.97162795 2.36894464 0.14540149
v 1.92943704 2.39028644 0.14540149
v 2.31873703 2.26470947 0.14540149
v 2.24071288 2.32694053 0.14540149
v 2.12926411 2.37515354 0.14540149
v 2.02894902 2.3804388 0.14540149
v 1.96920299 2.50065374 0.14540149
v 1.99892902 2.40398168 0.14540149
v 1.89580094 2.5973854 0.14540149
v 2.03203392 2.30953264 0.14540149
v 2.00123906 2.34572172 0.14540149
v 2.00022006 2.37481451 0.14540149
v 2.39043688 2.01152181 0.14540149
v 2.38087701 2.08795642 0.14540149
v 2.36515188 1.95116555 0.14540149
v 2.342633 1.93043065 0.14540149
v 2.40065908 1.91426861 0.14540149
v 2.37537503 1.89343059 0.14540149
v 2.42961692 1.99072158 0.14540149
v 2.46782803 1.97241759 0.14540149
v 2.41870808 2.08456373 0.14540149
v 2.45678496 2.07967758 0.14540149
v 2.36828994 2.18471145 0.14540149
v 2.39944195 2.19723463 0.14540149
v 2.33668398 2.1719017 0.14540149
v 2.49482297 1.89166355 0.14540149
v 2.56921792 1.8716886 0.14540149
v 2.43222904 1.87341761 0.14540149
v 2.40912199 1.85391354 0.14540149
v 2.47959804 1.93332564 0.14540149
v 2.57105898 1.90962362 0.14540149
v 2.57144403 1.94801354 0.14540149
v 2.66333198 1.84592664 0.14540149
v 2.68001008 1.87506353 0.14540149
v 2.64629602 1.81637954 0.14540149
v 2.72330188 1.77577555 0.14540149
v 2.69621992 1.75709962 0.14540149
v 2.74992609 1.79355764 0.14540149
v 2.41532111 1.95236456 0.14540149
v 2.37790298 1.98126661 0.14540149
v 2.73661088 1.78466355 0.14540149
v 2.67169404 1.86047554 0.14540149
v 2.57131099 1.92879664 0.14540149
v 2.47378397 1.95287263 0.14540149
v 2.43773198 2.08218336 0.14540149
v 2.44873189 1.9816426 0.14540149
v 2.3838489 2.1909976 0.14540149
v 2.46346688 1.88265264 0.14540149
v 2.4400351 1.92399454 0.14540149
v 2.44451093 1.95275259 0.14540149
v 2.76004791 1.52141654 0.14540149
v 2.76507711 1.59828758 0.14540149
v 2.72383093 1.46691465 0.14540149
v 2.69780492 1.45079565 0.14540149
v 2.75174188 1.42398357 0.14540149
v 2.72298407 1.40828657 0.14540149
v 2.79459691 1.4936006 0.14540149
v 2.82867193 1.46842157 0.14540149
v 2.80158495 1.58781862 0.14540149
v 2.83805799 1.57583856 0.14540149
v 2.77096104 1.69568061 0.14540149
v 2.80391502 1.70209765 0.14540149
v 2.737504 1.68905556 0.14540149
v 2.83995509 1.38402462 0.14540149
v 2.90924811 1.35037958 0.14540149
v 2.77503991 1.37791264 0.14540149
v 2.74867105 1.36311662 0.14540149
v 2.8328619 1.42781055 0.14540149
v 2.91820907 1.38728654 0.14540149
v 2.92582798 1.42491161 0.14540149
v 2.99680995 1.30732464 0.14540149
v 3.01868605 1.33279562 0.14540149
v 2.974509 1.2815206 0.14540149
v 3.04247188 1.22711956 0.14540149
v 3.01235699 1.21389162 0.14540149
v 3.07197189 1.23956859 0.14540149
v 2.77332902 1.45863163 0.14540149
v 2.74202895 1.4940716 0.14540149
v 3.05721902 1.2333436 0.14540149
v 3.00776791 1.32003665 0.14540149
v 2.92207288 1.40606761 0.14540149
v 2.83083605 1.44809758 0.14540149
v 2.81981802 1.5818876 0.14540149
v 2.81165909 1.48108255 0.14540149
v 2.7874279 1.69892156 0.14540149
v 2.80746197 1.38108658 0.14540149
v 2.79224491 1.42610359 0.14540149
v 2.80206704 1.45350861 0.14540149
v 3.03042006 0.97085857 0.14540149
v 3.04983997 1.04539954 0.14540149
v 2.98457694 0.92414957 0.14540149
v 2.95598101 0.91322857 0.14540149
v 3.003901 0.87673157 0.14540149
v 2.97269201 0.86674261 0.14540149
v 3.05910491 0.93703061 0.14540149
v 3.08782291 0.90587657 0.14540149
v 3.08372402 1.02823865 0.14540149
v 3.11728692 1.00959956 0.14540149
v 3.07397508 1.13993763 0.14540149
v 3.10754895 1.1400336 0.14540149
v 3.03986907 1.13974058 0.14540149
v 3.08299708 0.82086557 0.14540149
v 3.14470911 0.7747606 0.14540149
v 3.01809406 0.82710057 0.14540149
v 2.98941206 0.81753557 0.14540149
v 3.08428406 0.86520361 0.14540149
v 3.1604669 0.80932056 0.14540149
v 3.17504 0.84483557 0.14540149
v 3.22259092 0.71597862 0.14540149
v 3.24887108 0.73686957 0.14540149
v 3.19582605 0.69483858 0.14540149
v 3.252321 0.62860262 0.14540149
v 3.22025203 0.62129157 0.14540149
v 3.28363704 0.63527858 0.14540149
v 3.03162789 0.90670162 0.14540149
v 3.00757098 0.94739157 0.14540149
v 3.26797795 0.6319406 0.14540149
v 3.23574996 0.72639858 0.14540149
v 3.16779899 0.82703661 0.14540149
v 3.08611702 0.8855136 0.14540149
v 3.10051393 1.0189836 0.14540149
v 3.07350206 0.92151659 0.14540149
v 3.09075689 1.14001464 0.14540149
v 3.05053305 0.8241086 0.14540149
v 3.04407501 0.8711766 0.14540149
v 3.05888199 0.89624762 0.14540149
v 3.19227099 0.37871959 0.14540149
v 3.22539997 0.4482676 0.14540149
v 3.13844203 0.34150961 0.14540149
v 3.10829711 0.33616659 0.14540149
v 3.14847898 0.29128459 0.14540149
v 3.1159451 0.2873626 0.14540149
v 3.21406292 0.3400906 0.14540149
v 3.23639106 0.30407959 0.14540149
v 3.25544309 0.4250276 0.14540149
v 3.28488206 0.40038859 0.14540149
v 3.26693797 0.5365616 0.14540149
v 3.29992198 0.53032261 0.14540149
v 3.23340392 0.54279661 0.14540149
v 3.21562099 0.22150158 0.14540149
v 3.26752495 0.1645876 0.14540149
v 3.15305709 0.23986759 0.14540149
v 3.12308001 0.23588959 0.14540149
v 3.22523999 0.26480659 0.14540149
v 3.28951811 0.1955616 0.14540149
v 3.31052804 0.22768959 0.14540149
v 3.33292508 0.09218059 0.14540149
v 3.36267089 0.10773559 0.14540149
v 3.30265188 0.07646459 0.14540149
v 3.34563994 0.00076559 0.14540149
v 3.31276607 -0.0003704 0.14540149
v 3.37765097 0.00140759 0.14540149
v 3.18135809 0.3154836 0.14540149
v 3.16540694 0.35999959 0.14540149
v 3.36164593 0.00108759 0.14540149
v 3.34780788 0.09992659 0.14540149
v 3.30006194 0.21157559 0.14540149
v 3.23087501 0.28440558 0.14540149
v 3.27018404 0.4127666 0.14540149
v 3.22527504 0.3221426 0.14540149
v 3.283432 0.53347057 0.14540149
v 3.18434691 0.2308076 0.14540149
v 3.18688392 0.2782616 0.14540149
v 3.206151 0.30008259 0.14540149
v -3.34574604 0.00033259 0.14540149
v -3.31293797 -0.0019914 0.14540149
v -3.37765097 0.00305059 0.14540149
v -3.21563196 0.2220636 0.14540149
v -3.26755094 0.1651566 0.14540149
v -3.15331411 0.24202559 0.14540149
v -3.12291908 0.23836259 0.14540149
v -3.14831399 0.2929936 0.14540149
v -3.1160469 0.28728959 0.14540149
v -3.22524905 0.2653726 0.14540149
v -3.23614597 0.3063046 0.14540149
v -3.2895379 0.19613759 0.14540149
v -3.3105421 0.22827059 0.14540149
v -3.33296299 0.09275659 0.14540149
v -3.36270809 0.10831959 0.14540149
v -3.30269289 0.07704359 0.14540149
v -3.19226098 0.3792786 0.14540149
v -3.22538209 0.44882658 0.14540149
v -3.13774299 0.34351858 0.14540149
v -3.1079061 0.3386136 0.14540149
v -3.21406006 0.3406476 0.14540149
v -3.25542402 0.42559158 0.14540149
v -3.28486609 0.40095758 0.14540149
v -3.26689791 0.53711861 0.14540149
v -3.29988408 0.53088957 0.14540149
v -3.23336911 0.54334759 0.14540149
v -3.25248503 0.62828958 0.14540149
v -3.22070097 0.61981856 0.14540149
v -3.28330493 0.63698262 0.14540149
v -3.18680501 0.27939659 0.14540149
v -3.18448591 0.23217259 0.14540149
v -3.26789307 0.63263356 0.14540149
v -3.28339195 0.53404158 0.14540149
v -3.27016711 0.4133386 0.14540149
v -3.22514796 0.32353958 0.14540149
v -3.36170005 0.00169559 0.14540149
v -3.30007696 0.21214959 0.14540149
v -3.2307651 0.28579759 0.14540149
v -3.34784507 0.10051459 0.14540149
v -3.16505003 0.3612836 0.14540149
v -3.18126606 0.31662359 0.14540149
v -3.20605111 0.3013426 0.14540149
v -3.08291506 0.8213936 0.14540149
v -3.1446309 0.77530556 0.14540149
v -3.01794695 0.82924157 0.14540149
v -2.98878502 0.81991362 0.14540149
v -3.00342392 0.87834858 0.14540149
v -2.97280693 0.86666661 0.14540149
v -3.08419203 0.86573362 0.14540149
v -3.08716702 0.90799862 0.14540149
v -3.16038298 0.80986261 0.14540149
v -3.17494797 0.84538757 0.14540149
v -3.22252488 0.71653258 0.14540149
v -3.24880003 0.73743057 0.14540149
v -3.19576597 0.69539558 0.14540149
v -3.03030991 0.97138059 0.14540149
v -3.049721 1.04592454 0.14540149
v -2.98351502 0.9259786 0.14540149
v -2.95513796 0.91553658 0.14540149
v -3.05900001 0.93755757 0.14540149
v -3.08360195 1.02877259 0.14540149
v -3.1171689 1.01013362 0.14540149
v -3.07383894 1.14046359 0.14540149
v -3.10740709 1.14056062 0.14540149
v -3.03973293 1.14026558 0.14540149
v -3.04249 1.22728264 0.14540149
v -3.01287508 1.21296656 0.14540149
v -3.07111311 1.24162662 0.14540149
v -3.0437901 0.87226557 0.14540149
v -3.0504179 0.82545459 0.14540149
v -3.05680108 1.23444962 0.14540149
v -3.09061694 1.14054656 0.14540149
v -3.10039901 1.01951563 0.14540149
v -3.07312202 0.92284059 0.14540149
v -3.16771411 0.82758861 0.14540149
v -3.08574891 0.88684159 0.14540149
v -3.23567891 0.72695958 0.14540149
v -3.00697708 0.94858062 0.14540149
v -3.03133392 0.90777659 0.14540149
v -3.05854892 0.8974446 0.14540149
v -2.83977389 1.38451063 0.14540149
v -2.90907502 1.35087764 0.14540149
v -2.77449393 1.37998056 0.14540149
v -2.7476139 1.36531961 0.14540149
v -2.75097298 1.42546057 0.14540149
v -2.72311091 1.4082266 0.14540149
v -2.83267498 1.4282906 0.14540149
v -2.82763004 1.47036564 0.14540149
v -2.91802811 1.38779258 0.14540149
v -2.92564296 1.42542159 0.14540149
v -2.99664688 1.30785358 0.14540149
v -3.01851391 1.33331561 0.14540149
v -2.97434496 1.28203856 0.14540149
v -2.75984907 1.52189457 0.14540149
v -2.76485991 1.59876561 0.14540149
v -2.72244691 1.46848762 0.14540149
v -2.69654798 1.45289063 0.14540149
v -2.79440093 1.49407863 0.14540149
v -2.80137109 1.58830058 0.14540149
v -2.83784604 1.57633256 0.14540149
v -2.77073001 1.69616663 0.14540149
v -2.80367994 1.70258462 0.14540149
v -2.73727488 1.68952953 0.14540149
v -2.72358393 1.77550363 0.14540149
v -2.69719409 1.75587058 0.14540149
v -2.74899196 1.79498755 0.14540149
v -2.79176592 1.42709755 0.14540149
v -2.80709505 1.38236856 0.14540149
v -2.73628997 1.78524553 0.14540149
v -2.78719496 1.69939959 0.14540149
v -2.81960797 1.58238256 0.14540149
v -2.81103897 1.48229455 0.14540149
v -2.92189097 1.40657258 0.14540149
v -2.83022594 1.44931554 0.14540149
v -3.00759697 1.32055664 0.14540149
v -2.74123597 1.49510157 0.14540149
v -2.77283811 1.45962357 0.14540149
v -2.8015151 1.45461058 0.14540149
v -2.49456191 1.89209556 0.14540149
v -2.56895804 1.87213254 0.14540149
v -2.43130397 1.87532663 0.14540149
v -2.40767288 1.85586261 0.14540149
v -2.39962792 1.91556453 0.14540149
v -2.37551689 1.89337754 0.14540149
v -2.4793291 1.93375158 0.14540149
v -2.46644592 1.97411453 0.14540149
v -2.57079005 1.91006565 0.14540149
v -2.57117295 1.94845664 0.14540149
v -2.66307497 1.8463906 0.14540149
v -2.67974805 1.87552464 0.14540149
v -2.64604497 1.81684255 0.14540149
v -2.39015507 2.01193761 0.14540149
v -2.3805809 2.08836841 0.14540149
v -2.36350011 1.95244061 0.14540149
v -2.34100699 1.93222856 0.14540149
v -2.42933511 1.99113965 0.14540149
v -2.41841197 2.08498764 0.14540149
v -2.45649004 2.08009767 0.14540149
v -2.3679769 2.18512582 0.14540149
v -2.39912605 2.19765138 0.14540149
v -2.33637404 2.17230176 0.14540149
v -2.30671405 2.25415277 0.14540149
v -2.28450107 2.22989273 0.14540149
v -2.3279879 2.27808046 0.14540149
v -2.43938303 1.92485857 0.14540149
v -2.46287107 1.88382458 0.14540149
v -2.31735301 2.26611566 0.14540149
v -2.38353395 2.19141244 0.14540149
v -2.43743705 2.0826087 0.14540149
v -2.44790101 1.98269856 0.14540149
v -2.571038 1.92923963 0.14540149
v -2.47296094 1.95393657 0.14540149
v -2.67143392 1.86093962 0.14540149
v -2.37692809 1.98211658 0.14540149
v -2.41466188 1.95323562 0.14540149
v -2.44376611 1.95371258 0.14540149
v -2.06079888 2.3246355 0.14540149
v -2.13762593 2.31904459 0.14540149
v -2.0018301 2.2962656 0.14540149
v -1.98228204 2.2727046 0.14540149
v -1.96314704 2.32982444 0.14540149
v -1.94364297 2.30348968 0.14540149
v -2.0380001 2.36268854 0.14540149
v -2.01774907 2.39990282 0.14540149
v -2.13228392 2.35664463 0.14540149
v -2.12543106 2.39441871 0.14540149
v -2.234905 2.31147241 0.14540149
v -2.24579501 2.34322547 0.14540149
v -2.22374105 2.27924537 0.14540149
v -1.93570601 2.42269182 0.14540149
v -1.91191601 2.4959588 0.14540149
v -1.92072296 2.35923862 0.14540149
v -1.90243804 2.33515548 0.14540149
v -1.97809898 2.40964555 0.14540149
v -1.94970595 2.49975061 0.14540149
v -1.98802304 2.50211858 0.14540149
v -1.88132703 2.58861637 0.14540149
v -1.90955996 2.60677766 0.14540149
v -1.85269999 2.57006979 0.14540149
v -1.808164 2.64487743 0.14540149
v -1.79091596 2.61687183 0.14540149
v -1.82455599 2.67238378 0.14540149
v -2.00043988 2.34643459 0.14540149
v -2.03123307 2.31055641 0.14540149
v -1.81636202 2.65862846 0.14540149
v -1.89542305 2.59771537 0.14540149
v -1.96884 2.50099563 0.14540149
v -1.99791801 2.40484046 0.14540149
v -2.12892103 2.37552261 0.14540149
v -2.02795004 2.38131237 0.14540149
v -2.24037504 2.32733154 0.14540149
v -1.92832696 2.39091157 0.14540149
v -1.97081899 2.36964464 0.14540149
v -1.99931705 2.37560367 0.14540149
v -1.55225396 2.66843175 0.14540149
v -1.62875795 2.67742347 0.14540149
v -1.49969494 2.6294465 0.14540149
v -1.48494195 2.6026225 0.14540149
v -1.45537602 2.65510845 0.14540149
v -1.44118702 2.62556457 0.14540149
v -1.52268695 2.7014985 0.14540149
v -1.49578094 2.73422479 0.14540149
v -1.61642003 2.71334457 0.14540149
v -1.60256695 2.74914979 0.14540149
v -1.72571897 2.6883316 0.14540149
v -1.73042404 2.72157383 0.14540149
v -1.72083401 2.65457773 0.14540149
v -1.41091299 2.74113082 0.14540149
v -1.37373197 2.80859041 0.14540149
v -1.40816497 2.67599058 0.14540149
v -1.39475095 2.64889049 0.14540149
v -1.455006 2.73630762 0.14540149
v -1.41012597 2.81945037 0.14540149
v -1.44730901 2.82900238 0.14540149
v -1.32621598 2.89381551 0.14540149
v -1.35051894 2.91697549 0.14540149
v -1.30159902 2.87020444 0.14540149
v -1.24375402 2.93526983 0.14540149
v -1.23209905 2.90450859 0.14540149
v -1.25466394 2.9653778 0.14540149
v -1.48886704 2.67845153 0.14540149
v -1.52587497 2.64903163 0.14540149
v -1.24921095 2.95032453 0.14540149
v -1.33834195 2.90541267 0.14540149
v -1.42868304 2.8242774 0.14540149
v -1.47537505 2.73533678 0.14540149
v -1.60955703 2.73124551 0.14540149
v -1.509305 2.7178874 0.14540149
v -1.72810101 2.70494461 0.14540149
v -1.40965902 2.70852756 0.14540149
v -1.45539999 2.69565963 0.14540149
v -1.48226201 2.70688581 0.14540149
v -0.98845601 2.9099884 0.14540149
v -1.06189596 2.93323373 0.14540149
v -0.94418501 2.86179781 0.14540149
v -0.93475198 2.83267736 0.14540149
v -0.89582598 2.87864351 0.14540149
v -0.88745802 2.84696579 0.14540149
v -0.95318597 2.93689346 0.14540149
v -0.92059701 2.96396255 0.14540149
v -1.04300904 2.96618652 0.14540149
v -1.02265703 2.99874258 0.14540149
v -1.15506196 2.96222877 0.14540149
v -1.15341901 2.99575662 0.14540149
v -1.15662598 2.92816162 0.14540149
v -0.83594602 2.95475053 0.14540149
v -0.78671801 3.01399946 0.14540149
v -0.84552502 2.8902626 0.14540149
v -0.837457 2.86111879 0.14540149
v -0.88015902 2.95832347 0.14540149
v -0.82041698 3.03151941 0.14540149
v -0.85513198 3.04791259 0.14540149
v -0.72399401 3.08874177 0.14540149
v -0.743496 3.11606359 0.14540149
v -0.70426601 3.0609188 0.14540149
v -0.63519698 3.11391258 0.14540149
v -0.629547 3.08150959 0.14540149
v -0.640239 3.1455307 0.14540149
v -0.92431801 2.9078865 0.14540149
v -0.96620798 2.88596057 0.14540149
v -0.63771998 3.12972164 0.14540149
v -0.73371601 3.10241365 0.14540149
v -0.83772897 3.03975868 0.14540149
v -0.90034699 2.96120739 0.14540149
v -1.03289496 2.98248481 0.14540149
v -0.936957 2.95047569 0.14540149
v -1.154271 2.97898578 0.14540149
v -0.84086 2.9224987 0.14540149
v -0.88820701 2.91847848 0.14540149
v -0.91247397 2.9345684 0.14540149
v -0.388756 3.04103469 0.14540149
v -0.456492 3.07771444 0.14540149
v -0.35436901 2.98535347 0.14540149
v -0.35059699 2.95497846 0.14540149
v -0.3037 2.99277448 0.14540149
v -0.30145698 2.96009159 0.14540149
v -0.349047 3.06079673 0.14540149
v -0.311935 3.08123445 0.14540149
v -0.43173098 3.10650873 0.14540149
v -0.405604 3.13463783 0.14540149
v -0.542521 3.12375354 0.14540149
v -0.53458398 3.15636777 0.14540149
v -0.55048102 3.09059047 0.14540149
v -0.230541 3.05622768 0.14540149
v -0.171021 3.10512352 0.14540149
v -0.252112 2.99469375 0.14540149
v -0.249686 2.9645586 0.14540149
v -0.27328699 3.06807756 0.14540149
v -0.20081299 3.12867879 0.14540149
v -0.23181399 3.15132761 0.14540149
v -0.09532699 3.16669273 0.14540149
v -0.10932599 3.19720363 0.14540149
v -0.081201 3.13564872 0.14540149
v -0.003377 3.17466259 0.14540149
v -0.00394 3.14177465 0.14540149
v -0.002365 3.20666837 0.14540149
v -0.32616499 3.02686262 0.14540149
v -0.37143901 3.01323461 0.14540149
v -0.002873 3.19066667 0.14540149
v -0.102297 3.18195438 0.14540149
v -0.21626 3.14004182 0.14540149
v -0.29256901 3.07471275 0.14540149
v -0.41872599 3.12059974 0.14540149
v -0.33054599 3.07106638 0.14540149
v -0.53858298 3.14006567 0.14540149
v -0.24144999 3.02547645 0.14540149
v -0.28870499 3.0304594 0.14540149
v -0.309502 3.05082845 0.14540149
v 0.171488 -3.10508537 -0.14540149
v 0.23099899 -3.05617618 -0.14540149
v 0.27374601 -3.06802225 -0.14540149
v 0.20128299 -3.12864017 -0.14540149
v 0.301283 -2.96009349 -0.14540149
v 0.305307 -2.99260139 -0.14540149
v 0.25415301 -2.99497127 -0.14540149
v 0.25206899 -2.96442747 -0.14540149
v 0.08167299 -3.13562917 -0.14540149
v 0.095803 -3.16666841 -0.14540149
v 0.54298901 -3.12365245 -0.14540149
v 0.55094498 -3.09048843 -0.14540149
v 0.62795901 -3.08179426 -0.14540149
v 0.63477599 -3.11396932 -0.14540149
v 0.349505 -3.06073141 -0.14540149
v 0.38921099 -3.04096031 -0.14540149
v 0.456954 -3.07762956 -0.14540149
v 0.432197 -3.10642862 -0.14540149
v 0.352959 -2.95461559 -0.14540149
v 0.35631701 -2.9846673 -0.14540149
v 0.289745 -3.0303545 -0.14540149
v 0.242705 -3.02559137 -0.14540149
v 0.638318 -3.12958335 -0.14540149
v 0.53905499 -3.13996362 -0.14540149
v 0.64186501 -3.14519262 -0.14540149
v 0.53505802 -3.15627336 -0.14540149
v 0.41919401 -3.12052345 -0.14540149
v 0.406075 -3.13456058 -0.14540149
v 0.33184099 -3.07091426 -0.14540149
v 0.31406998 -3.08101463 -0.14540149
v 0.21673299 -3.13999939 -0.14540149
v 0.29386401 -3.07458162 -0.14540149
v 0.232287 -3.15128231 -0.14540149
v 0.102775 -3.18192434 -0.14540149
v 0.10980799 -3.19717741 -0.14540149
v 0.372646 -3.01284551 -0.14540149
v 0.327205 -3.02674436 -0.14540149
v 0.310669 -3.05070543 -0.14540149
v 0.78716802 -3.01385021 -0.14540149
v 0.83638602 -2.95460319 -0.14540149
v 0.88059997 -2.9581623 -0.14540149
v 0.82087099 -3.0313673 -0.14540149
v 0.88728702 -2.84697628 -0.14540149
v 0.897372 -2.87815761 -0.14540149
v 0.84758001 -2.89012146 -0.14540149
v 0.83977502 -2.86052417 -0.14540149
v 0.70472502 -3.06079053 -0.14540149
v 0.72445601 -3.08861255 -0.14540149
v 1.15550398 -2.96202039 -0.14540149
v 1.15706098 -2.92795324 -0.14540149
v 1.23105204 -2.90487957 -0.14540149
v 1.24381697 -2.9351983 -0.14540149
v 0.95362502 -2.93671941 -0.14540149
v 0.98888802 -2.90982151 -0.14540149
v 1.06233203 -2.93304443 -0.14540149
v 1.04345095 -2.96600246 -0.14540149
v 0.93700301 -2.83186054 -0.14540149
v 0.94596797 -2.8607316 -0.14540149
v 0.88920801 -2.91815233 -0.14540149
v 0.84211498 -2.92235851 -0.14540149
v 1.25023901 -2.94987344 -0.14540149
v 1.15471601 -2.97877836 -0.14540149
v 1.25666701 -2.9645276 -0.14540149
v 1.153867 -2.99555349 -0.14540149
v 1.03333902 -2.98229551 -0.14540149
v 1.02310395 -2.99856138 -0.14540149
v 0.93819797 -2.95006322 -0.14540149
v 0.92265099 -2.9633212 -0.14540149
v 0.83818501 -3.03960418 -0.14540149
v 0.90159398 -2.96081829 -0.14540149
v 0.85558801 -3.04775428 -0.14540149
v 0.734182 -3.10227727 -0.14540149
v 0.743963 -3.11593341 -0.14540149
v 0.96732002 -2.88533353 -0.14540149
v 0.92531502 -2.90754747 -0.14540149
v 0.913594 -2.93419647 -0.14540149
v 1.37414705 -2.80835056 -0.14540149
v 1.41131401 -2.74088048 -0.14540149
v 1.45540797 -2.73605251 -0.14540149
v 1.41054403 -2.81920433 -0.14540149
v 1.44102203 -2.62559127 -0.14540149
v 1.45680105 -2.65430927 -0.14540149
v 1.41015696 -2.67544841 -0.14540149
v 1.39691305 -2.64785337 -0.14540149
v 1.30202305 -2.86998319 -0.14540149
v 1.32664501 -2.89358234 -0.14540149
v 1.72611296 -2.68802738 -0.14540149
v 1.72122097 -2.65427827 -0.14540149
v 1.789541 -2.61768055 -0.14540149
v 1.80779004 -2.64504432 -0.14540149
v 1.52308404 -2.70122242 -0.14540149
v 1.55264401 -2.66816139 -0.14540149
v 1.62915098 -2.67713928 -0.14540149
v 1.61681795 -2.71305418 -0.14540149
v 1.486997 -2.60137844 -0.14540149
v 1.50124394 -2.62804842 -0.14540149
v 1.456321 -2.69513225 -0.14540149
v 1.41086399 -2.70813655 -0.14540149
v 1.81686198 -2.65823841 -0.14540149
v 1.72849905 -2.70463132 -0.14540149
v 1.82593596 -2.67142725 -0.14540149
v 1.73082399 -2.72126817 -0.14540149
v 1.60995698 -2.73096036 -0.14540149
v 1.60297095 -2.7488656 -0.14540149
v 1.51044797 -2.71723222 -0.14540149
v 1.49767804 -2.73319149 -0.14540149
v 1.42910003 -2.82402038 -0.14540149
v 1.47652602 -2.73469257 -0.14540149
v 1.44772696 -2.82874441 -0.14540149
v 1.33877301 -2.90517759 -0.14540149
v 1.35095095 -2.91672945 -0.14540149
v 1.52684998 -2.64818239 -0.14540149
v 1.48978304 -2.67791032 -0.14540149
v 1.48329401 -2.70630025 -0.14540149
v 1.91227698 -2.49562263 -0.14540149
v 1.93605399 -2.42234945 -0.14540149
v 1.978446 -2.40929317 -0.14540149
v 1.95006895 -2.49940443 -0.14540149
v 1.94348502 -2.3035283 -0.14540149
v 1.96439898 -2.32875442 -0.14540149
v 1.92257595 -2.35830831 -0.14540149
v 1.90436494 -2.33371019 -0.14540149
v 1.853073 -2.5697422 -0.14540149
v 1.88170397 -2.58827543 -0.14540149
v 2.23523688 -2.3110795 -0.14540149
v 2.22406911 -2.27885532 -0.14540149
v 2.28425908 -2.23002719 -0.14540149
v 2.30733895 -2.25346231 -0.14540149
v 2.0383389 -2.3623352 -0.14540149
v 2.06113195 -2.32427835 -0.14540149
v 2.137959 -2.31866455 -0.14540149
v 2.1326251 -2.35626649 -0.14540149
v 1.98406899 -2.27107858 -0.14540149
v 2.00308895 -2.29458141 -0.14540149
v 1.97162795 -2.3689332 -0.14540149
v 1.92943704 -2.39028024 -0.14540149
v 2.31873703 -2.26470756 -0.14540149
v 2.24071288 -2.32693433 -0.14540149
v 2.33013796 -2.27594518 -0.14540149
v 2.24613404 -2.34282922 -0.14540149
v 2.12926411 -2.3751502 -0.14540149
v 2.12577796 -2.39404153 -0.14540149
v 2.02894902 -2.38043642 -0.14540149
v 2.01941895 -2.3985095 -0.14540149
v 1.96920299 -2.5006504 -0.14540149
v 1.99892902 -2.40397548 -0.14540149
v 1.98838603 -2.50177526 -0.14540149
v 1.89580094 -2.59737825 -0.14540149
v 1.90994203 -2.60643339 -0.14540149
v 2.03203392 -2.30953025 -0.14540149
v 2.00123906 -2.34571552 -0.14540149
v 2.00022006 -2.37481355 -0.14540149
v 2.38087701 -2.08795023 -0.14540149
v 2.39043688 -2.01151323 -0.14540149
v 2.42961692 -1.9907124 -0.14540149
v 2.41870808 -2.08455753 -0.14540149
v 2.37537503 -1.89342439 -0.14540149
v 2.40065908 -1.91426444 -0.14540149
v 2.36515188 -1.95115637 -0.14540149
v 2.342633 -1.93042445 -0.14540149
v 2.33668398 -2.1718955 -0.14540149
v 2.36828994 -2.18470859 -0.14540149
v 2.66333198 -1.84592044 -0.14540149
v 2.64629602 -1.81637239 -0.14540149
v 2.69621992 -1.75709343 -0.14540149
v 2.72330188 -1.77576839 -0.14540149
v 2.47959804 -1.93331837 -0.14540149
v 2.49482297 -1.89165639 -0.14540149
v 2.56921792 -1.87169337 -0.14540149
v 2.57105898 -1.90961444 -0.14540149
v 2.40912199 -1.85391235 -0.14540149
v 2.43222904 -1.87341046 -0.14540149
v 2.41532111 -1.95236039 -0.14540149
v 2.37790298 -1.98126041 -0.14540149
v 2.73661088 -1.78465735 -0.14540149
v 2.67169404 -1.86046946 -0.14540149
v 2.74992609 -1.79355037 -0.14540149
v 2.68001008 -1.87505137 -0.14540149
v 2.57131099 -1.92879045 -0.14540149
v 2.57144403 -1.94800639 -0.14540149
v 2.47378397 -1.95287036 -0.14540149
v 2.46782803 -1.97241139 -0.14540149
v 2.43773198 -2.0821743 -0.14540149
v 2.44873189 -1.98164141 -0.14540149
v 2.45678496 -2.07966756 -0.14540149
v 2.3838489 -2.19099617 -0.14540149
v 2.39944195 -2.19722843 -0.14540149
v 2.46346688 -1.88264143 -0.14540149
v 2.4400351 -1.92398738 -0.14540149
v 2.44451093 -1.95274639 -0.14540149
v 2.76507711 -1.59828043 -0.14540149
v 2.76004791 -1.52140939 -0.14540149
v 2.79459691 -1.49359846 -0.14540149
v 2.80158495 -1.58781242 -0.14540149
v 2.72298407 -1.40827643 -0.14540149
v 2.75174188 -1.42397737 -0.14540149
v 2.72383093 -1.46691036 -0.14540149
v 2.69780492 -1.45079135 -0.14540149
v 2.737504 -1.68905139 -0.14540149
v 2.77096104 -1.69567441 -0.14540149
v 2.99680995 -1.30731439 -0.14540149
v 2.974509 -1.28152144 -0.14540149
v 3.01235699 -1.21388542 -0.14540149
v 3.04247188 -1.22710835 -0.14540149
v 2.8328619 -1.42780339 -0.14540149
v 2.83995509 -1.38401246 -0.14540149
v 2.90924811 -1.35037338 -0.14540149
v 2.91820907 -1.38728034 -0.14540149
v 2.74867105 -1.36310243 -0.14540149
v 2.77503991 -1.37791037 -0.14540149
v 2.77332902 -1.45862543 -0.14540149
v 2.74202895 -1.49406337 -0.14540149
v 3.05721902 -1.23333537 -0.14540149
v 3.00776791 -1.32003045 -0.14540149
v 3.07197189 -1.23956441 -0.14540149
v 3.01868605 -1.33279144 -0.14540149
v 2.92207288 -1.40606534 -0.14540149
v 2.92582798 -1.42490541 -0.14540149
v 2.83083605 -1.44809138 -0.14540149
v 2.82867193 -1.46841538 -0.14540149
v 2.81981802 -1.5818814 -0.14540149
v 2.81165909 -1.48107338 -0.14540149
v 2.83805799 -1.57583236 -0.14540149
v 2.7874279 -1.6989144 -0.14540149
v 2.80391502 -1.70209145 -0.14540149
v 2.80746197 -1.38107836 -0.14540149
v 2.79224491 -1.42609643 -0.14540149
v 2.80206704 -1.45350241 -0.14540149
v 3.04983997 -1.04539036 -0.14540149
v 3.03042006 -0.97084641 -0.14540149
v 3.05910491 -0.9370234 -0.14540149
v 3.08372402 -1.02823138 -0.14540149
v 2.97269201 -0.86673539 -0.14540149
v 3.003901 -0.8767274 -0.14540149
v 2.98457694 -0.92414742 -0.14540149
v 2.95598101 -0.91322439 -0.14540149
v 3.03986907 -1.13973438 -0.14540149
v 3.07397508 -1.13992941 -0.14540149
v 3.22259092 -0.71597242 -0.14540149
v 3.19582605 -0.69483238 -0.14540149
v 3.22025203 -0.62128442 -0.14540149
v 3.252321 -0.62859839 -0.14540149
v 3.08428406 -0.86519742 -0.14540149
v 3.08299708 -0.82085943 -0.14540149
v 3.14470911 -0.77474939 -0.14540149
v 3.1604669 -0.80931639 -0.14540149
v 2.98941206 -0.81753343 -0.14540149
v 3.01809406 -0.82709342 -0.14540149
v 3.03162789 -0.90669041 -0.14540149
v 3.00757098 -0.9473924 -0.14540149
v 3.26797795 -0.63193339 -0.14540149
v 3.23574996 -0.72639137 -0.14540149
v 3.28363704 -0.63527143 -0.14540149
v 3.24887108 -0.73686242 -0.14540149
v 3.16779899 -0.82703042 -0.14540149
v 3.17504 -0.8448314 -0.14540149
v 3.08611702 -0.88550943 -0.14540149
v 3.08782291 -0.90586942 -0.14540149
v 3.10051393 -1.01897144 -0.14540149
v 3.07350206 -0.92151439 -0.14540149
v 3.11728692 -1.00959742 -0.14540149
v 3.09075689 -1.14000737 -0.14540149
v 3.10754895 -1.14002442 -0.14540149
v 3.05053305 -0.8241024 -0.14540149
v 3.04407501 -0.8711704 -0.14540149
v 3.05888199 -0.89624142 -0.14540149
v 3.22539997 -0.44826039 -0.14540149
v 3.19227099 -0.37871241 -0.14540149
v 3.21406292 -0.3400844 -0.14540149
v 3.25544309 -0.42502141 -0.14540149
v 3.1159451 -0.28735539 -0.14540149
v 3.14847898 -0.2912774 -0.14540149
v 3.13844203 -0.34150239 -0.14540149
v 3.10829711 -0.3361594 -0.14540149
v 3.23340392 -0.5427894 -0.14540149
v 3.26693797 -0.5365554 -0.14540149
v 3.22523999 -0.26479941 -0.14540149
v 3.21562099 -0.2214974 -0.14540149
v 3.26752495 -0.1645814 -0.14540149
v 3.28951811 -0.1955574 -0.14540149
v 3.30265188 -0.0764574 -0.14540149
v 3.33292508 -0.0921744 -0.14540149
v 3.12308001 -0.2358824 -0.14540149
v 3.15305709 -0.2398604 -0.14540149
v 3.18135809 -0.31547641 -0.14540149
v 3.16540694 -0.35999339 -0.14540149
v 3.30006194 -0.2115684 -0.14540149
v 3.34780788 -0.0999194 -0.14540149
v 3.36267089 -0.1077284 -0.14540149
v 3.31052804 -0.22768239 -0.14540149
v 3.23087501 -0.2843984 -0.14540149
v 3.23639106 -0.30407339 -0.14540149
v 3.27018404 -0.4127624 -0.14540149
v 3.22527504 -0.3221364 -0.14540149
v 3.28488206 -0.4003824 -0.14540149
v 3.283432 -0.53346341 -0.14540149
v 3.29992198 -0.53031641 -0.14540149
v 3.18434691 -0.2308014 -0.14540149
v 3.18688392 -0.27825939 -0.14540149
v 3.206151 -0.30007541 -0.14540149
v -3.26755094 -0.1651504 -0.14540149
v -3.21563196 -0.22205939 -0.14540149
v -3.22524905 -0.2653664 -0.14540149
v -3.2895379 -0.1961314 -0.14540149
v -3.1160469 -0.2872824 -0.14540149
v -3.14831399 -0.2929874 -0.14540149
v -3.15331411 -0.2420194 -0.14540149
v -3.12291908 -0.23835639 -0.14540149
v -3.30269289 -0.0770364 -0.14540149
v -3.33296299 -0.0927504 -0.14540149
v -3.26689791 -0.53711241 -0.14540149
v -3.23336911 -0.54334139 -0.14540149
v -3.22070097 -0.61981242 -0.14540149
v -3.25248503 -0.62828338 -0.14540149
v -3.21406006 -0.34064039 -0.14540149
v -3.19226098 -0.37927141 -0.14540149
v -3.22538209 -0.44881939 -0.14540149
v -3.25542402 -0.42558538 -0.14540149
v -3.1079061 -0.33860939 -0.14540149
v -3.13774299 -0.34351241 -0.14540149
v -3.18680501 -0.27939039 -0.14540149
v -3.18448591 -0.2321664 -0.14540149
v -3.26789307 -0.63262742 -0.14540149
v -3.28339195 -0.53403538 -0.14540149
v -3.28330493 -0.63697642 -0.14540149
v -3.29988408 -0.53088241 -0.14540149
v -3.27016711 -0.41333138 -0.14540149
v -3.28486609 -0.40095141 -0.14540149
v -3.22514796 -0.3235324 -0.14540149
v -3.23614597 -0.30629739 -0.14540149
v -3.30007696 -0.2121424 -0.14540149
v -3.2307651 -0.28579041 -0.14540149
v -3.3105421 -0.2282644 -0.14540149
v -3.34784507 -0.1005084 -0.14540149
v -3.36270809 -0.1083124 -0.14540149
v -3.16505003 -0.3612774 -0.14540149
v -3.18126606 -0.31661739 -0.14540149
v -3.20605111 -0.3013384 -0.14540149
v -3.1446309 -0.77530038 -0.14540149
v -3.08291506 -0.82138937 -0.14540149
v -3.08419203 -0.86573243 -0.14540149
v -3.16038298 -0.80985641 -0.14540149
v -2.97280693 -0.86666041 -0.14540149
v -3.00342392 -0.87834239 -0.14540149
v -3.01794695 -0.82923537 -0.14540149
v -2.98878502 -0.81990939 -0.14540149
v -3.19576597 -0.69539141 -0.14540149
v -3.22252488 -0.71652638 -0.14540149
v -3.07383894 -1.14046442 -0.14540149
v -3.03973293 -1.14025938 -0.14540149
v -3.01287508 -1.21295237 -0.14540149
v -3.04249 -1.22726941 -0.14540149
v -3.05900001 -0.9375534 -0.14540149
v -3.03030991 -0.97137337 -0.14540149
v -3.049721 -1.04591834 -0.14540149
v -3.08360195 -1.02876341 -0.14540149
v -2.95513796 -0.91553539 -0.14540149
v -2.98351502 -0.92597442 -0.14540149
v -3.0437901 -0.87225639 -0.14540149
v -3.0504179 -0.82544839 -0.14540149
v -3.05680108 -1.23444342 -0.14540149
v -3.09061694 -1.14054441 -0.14540149
v -3.07111311 -1.24162042 -0.14540149
v -3.10740709 -1.14056634 -0.14540149
v -3.10039901 -1.01950836 -0.14540149
v -3.1171689 -1.01012945 -0.14540149
v -3.07312202 -0.92282837 -0.14540149
v -3.08716702 -0.90799939 -0.14540149
v -3.16771411 -0.82758241 -0.14540149
v -3.08574891 -0.88683539 -0.14540149
v -3.17494797 -0.84538137 -0.14540149
v -3.23567891 -0.72694838 -0.14540149
v -3.24880003 -0.73742443 -0.14540149
v -3.00697708 -0.94857341 -0.14540149
v -3.03133392 -0.90776938 -0.14540149
v -3.05854892 -0.89744043 -0.14540149
v -2.90907502 -1.35086846 -0.14540149
v -2.83977389 -1.38450336 -0.14540149
v -2.83267498 -1.4282844 -0.14540149
v -2.91802811 -1.38778638 -0.14540149
v -2.72311091 -1.40821945 -0.14540149
v -2.75097298 -1.42545437 -0.14540149
v -2.77449393 -1.37997138 -0.14540149
v -2.7476139 -1.36532044 -0.14540149
v -2.97434496 -1.28203141 -0.14540149
v -2.99664688 -1.30784738 -0.14540149
v -2.77073001 -1.69615936 -0.14540149
v -2.73727488 -1.68952345 -0.14540149
v -2.69719409 -1.75586438 -0.14540149
v -2.72358393 -1.77550542 -0.14540149
v -2.79440093 -1.49406945 -0.14540149
v -2.75984907 -1.52189743 -0.14540149
v -2.76485991 -1.59875643 -0.14540149
v -2.80137109 -1.58829343 -0.14540149
v -2.69654798 -1.45288443 -0.14540149
v -2.72244691 -1.46849346 -0.14540149
v -2.79176592 -1.4270904 -0.14540149
v -2.80709505 -1.38235938 -0.14540149
v -2.73628997 -1.78525042 -0.14540149
v -2.78719496 -1.69940042 -0.14540149
v -2.74899196 -1.79498136 -0.14540149
v -2.80367994 -1.70257735 -0.14540149
v -2.81960797 -1.58237946 -0.14540149
v -2.83784604 -1.57632339 -0.14540149
v -2.81103897 -1.48228538 -0.14540149
v -2.82763004 -1.47035837 -0.14540149
v -2.92189097 -1.40656638 -0.14540149
v -2.83022594 -1.44930934 -0.14540149
v -2.92564296 -1.42541337 -0.14540149
v -3.00759697 -1.32054746 -0.14540149
v -3.01851391 -1.33330643 -0.14540149
v -2.74123597 -1.49509537 -0.14540149
v -2.77283811 -1.45962441 -0.14540149
v -2.8015151 -1.45460343 -0.14540149
v -2.56895804 -1.87212646 -0.14540149
v -2.49456191 -1.89208138 -0.14540149
v -2.4793291 -1.93374538 -0.14540149
v -2.57079005 -1.91005945 -0.14540149
v -2.37551689 -1.89337146 -0.14540149
v -2.39962792 -1.91555643 -0.14540149
v -2.43130397 -1.87531042 -0.14540149
v -2.40767288 -1.85586142 -0.14540149
v -2.64604497 -1.81683635 -0.14540149
v -2.66307497 -1.84637844 -0.14540149
v -2.3679769 -2.18511152 -0.14540149
v -2.33637404 -2.17229557 -0.14540149
v -2.28450107 -2.22988843 -0.14540149
v -2.30671405 -2.25414657 -0.14540149
v -2.42933511 -1.99113345 -0.14540149
v -2.39015507 -2.01193046 -0.14540149
v -2.3805809 -2.08836221 -0.14540149
v -2.41841197 -2.08498048 -0.14540149
v -2.34100699 -1.93222141 -0.14540149
v -2.36350011 -1.95243334 -0.14540149
v -2.43938303 -1.9248594 -0.14540149
v -2.46287107 -1.88381838 -0.14540149
v -2.31735301 -2.26610946 -0.14540149
v -2.38353395 -2.19140625 -0.14540149
v -2.3279879 -2.27807235 -0.14540149
v -2.39912605 -2.19764041 -0.14540149
v -2.43743705 -2.0826044 -0.14540149
v -2.45649004 -2.08009147 -0.14540149
v -2.44790101 -1.9826914 -0.14540149
v -2.46644592 -1.97411036 -0.14540149
v -2.571038 -1.92923343 -0.14540149
v -2.47296094 -1.95392537 -0.14540149
v -2.57117295 -1.94845044 -0.14540149
v -2.67143392 -1.86093235 -0.14540149
v -2.67974805 -1.87551236 -0.14540149
v -2.37692809 -1.98211443 -0.14540149
v -2.41466188 -1.95323145 -0.14540149
v -2.44376611 -1.95370841 -0.14540149
v -2.13762593 -2.31903743 -0.14540149
v -2.06079888 -2.3246293 -0.14540149
v -2.0380001 -2.36268234 -0.14540149
v -2.13228392 -2.35664033 -0.14540149
v -1.94364297 -2.30348348 -0.14540149
v -1.96314704 -2.32982158 -0.14540149
v -2.0018301 -2.2962594 -0.14540149
v -1.98228204 -2.27269744 -0.14540149
v -2.22374105 -2.27923917 -0.14540149
v -2.234905 -2.31146621 -0.14540149
v -1.88132703 -2.58860731 -0.14540149
v -1.85269999 -2.57006835 -0.14540149
v -1.79091596 -2.61686563 -0.14540149
v -1.808164 -2.64487123 -0.14540149
v -1.97809898 -2.40963935 -0.14540149
v -1.93570601 -2.42267942 -0.14540149
v -1.91191601 -2.4959526 -0.14540149
v -1.94970595 -2.49974536 -0.14540149
v -1.90243804 -2.33514833 -0.14540149
v -1.92072296 -2.35923242 -0.14540149
v -2.00043988 -2.34642124 -0.14540149
v -2.03123307 -2.31054925 -0.14540149
v -1.81636202 -2.6586194 -0.14540149
v -1.89542305 -2.59770441 -0.14540149
v -1.82455599 -2.67237234 -0.14540149
v -1.90955996 -2.6067686 -0.14540149
v -1.96884 -2.50099134 -0.14540149
v -1.98802304 -2.50211238 -0.14540149
v -1.99791801 -2.4048295 -0.14540149
v -2.01774907 -2.39990425 -0.14540149
v -2.12892103 -2.37551832 -0.14540149
v -2.02795004 -2.3813095 -0.14540149
v -2.12543106 -2.39441251 -0.14540149
v -2.24037504 -2.32732152 -0.14540149
v -2.24579501 -2.34321928 -0.14540149
v -1.92832696 -2.39090538 -0.14540149
v -1.97081899 -2.3696413 -0.14540149
v -1.99931705 -2.37559747 -0.14540149
v -1.62875795 -2.67741727 -0.14540149
v -1.55225396 -2.66843032 -0.14540149
v -1.52268695 -2.7014904 -0.14540149
v -1.61642003 -2.71333837 -0.14540149
v -1.44118702 -2.62555837 -0.14540149
v -1.45537602 -2.65509748 -0.14540149
v -1.49969494 -2.62943124 -0.14540149
v -1.48494195 -2.60261249 -0.14540149
v -1.72083401 -2.65457344 -0.14540149
v -1.72571897 -2.68832922 -0.14540149
v -1.32621598 -2.89381218 -0.14540149
v -1.30159902 -2.87019825 -0.14540149
v -1.23209905 -2.90449762 -0.14540149
v -1.24375402 -2.93526363 -0.14540149
v -1.455006 -2.73630952 -0.14540149
v -1.41091299 -2.74112463 -0.14540149
v -1.37373197 -2.80858421 -0.14540149
v -1.41012597 -2.81943416 -0.14540149
v -1.39475095 -2.64888334 -0.14540149
v -1.40816497 -2.67598962 -0.14540149
v -1.48886704 -2.67844438 -0.14540149
v -1.52587497 -2.64902544 -0.14540149
v -1.24921095 -2.95031738 -0.14540149
v -1.33834195 -2.90540361 -0.14540149
v -1.25466394 -2.96536827 -0.14540149
v -1.35051894 -2.91696929 -0.14540149
v -1.42868304 -2.8242712 -0.14540149
v -1.44730901 -2.8289895 -0.14540149
v -1.47537505 -2.73532962 -0.14540149
v -1.49578094 -2.73421144 -0.14540149
v -1.60955703 -2.73123931 -0.14540149
v -1.509305 -2.71788644 -0.14540149
v -1.60256695 -2.7491436 -0.14540149
v -1.72810101 -2.70493841 -0.14540149
v -1.73042404 -2.7215662 -0.14540149
v -1.40965902 -2.70852136 -0.14540149
v -1.45539999 -2.69565248 -0.14540149
v -1.48226201 -2.70688343 -0.14540149
v -1.06189596 -2.93323421 -0.14540149
v -0.98845601 -2.9099822 -0.14540149
v -0.95318597 -2.93688726 -0.14540149
v -1.04300904 -2.96618032 -0.14540149
v -0.88745802 -2.84696245 -0.14540149
v -0.89582598 -2.87864017 -0.14540149
v -0.94418501 -2.86179351 -0.14540149
v -0.93475198 -2.83267641 -0.14540149
v -1.15662598 -2.92815542 -0.14540149
v -1.15506196 -2.96222257 -0.14540149
v -0.72399401 -3.08872747 -0.14540149
v -0.70426601 -3.0609126 -0.14540149
v -0.629547 -3.08150434 -0.14540149
v -0.63519698 -3.11390638 -0.14540149
v -0.88015902 -2.95832252 -0.14540149
v -0.83594602 -2.9547472 -0.14540149
v -0.78671801 -3.0139985 -0.14540149
v -0.82041698 -3.03151559 -0.14540149
v -0.837457 -2.86111259 -0.14540149
v -0.84552502 -2.8902564 -0.14540149
v -0.92431801 -2.90787458 -0.14540149
v -0.96620798 -2.88595342 -0.14540149
v -0.63771998 -3.12971544 -0.14540149
v -0.73371601 -3.10241031 -0.14540149
v -0.640239 -3.14552354 -0.14540149
v -0.743496 -3.11605739 -0.14540149
v -0.83772897 -3.03975248 -0.14540149
v -0.85513198 -3.04790639 -0.14540149
v -0.90034699 -2.96120548 -0.14540149
v -0.92059701 -2.9639554 -0.14540149
v -1.03289496 -2.98247528 -0.14540149
v -0.936957 -2.9504714 -0.14540149
v -1.02265703 -2.99873638 -0.14540149
v -1.154271 -2.97897863 -0.14540149
v -1.15341901 -2.99575042 -0.14540149
v -0.84086 -2.92249441 -0.14540149
v -0.88820701 -2.91847229 -0.14540149
v -0.91247397 -2.93455743 -0.14540149
v -0.456492 -3.07770729 -0.14540149
v -0.388756 -3.0410304 -0.14540149
v -0.349047 -3.06079244 -0.14540149
v -0.43173098 -3.10650253 -0.14540149
v -0.30145698 -2.96008062 -0.14540149
v -0.3037 -2.99277019 -0.14540149
v -0.35436901 -2.98534727 -0.14540149
v -0.35059699 -2.95497226 -0.14540149
v -0.55048102 -3.09058141 -0.14540149
v -0.542521 -3.12374734 -0.14540149
v -0.09532699 -3.16669035 -0.14540149
v -0.081201 -3.13563919 -0.14540149
v -0.00394 -3.14177036 -0.14540149
v -0.003377 -3.17466163 -0.14540149
v -0.27328699 -3.06807136 -0.14540149
v -0.230541 -3.05621337 -0.14540149
v -0.171021 -3.10511732 -0.14540149
v -0.20081299 -3.1286726 -0.14540149
v -0.249686 -2.9645462 -0.14540149
v -0.252112 -2.99468755 -0.14540149
v -0.32616499 -3.02685737 -0.14540149
v -0.37143901 -3.0132265 -0.14540149
v -0.002873 -3.19067049 -0.14540149
v -0.102297 -3.18194341 -0.14540149
v -0.002365 -3.20666837 -0.14540149
v -0.10932599 -3.1972022 -0.14540149
v -0.21626 -3.14003753 -0.14540149
v -0.23181399 -3.15132141 -0.14540149
v -0.29256901 -3.0747056 -0.14540149
v -0.311935 -3.0812354 -0.14540149
v -0.41872599 -3.12059354 -0.14540149
v -0.33054599 -3.07106018 -0.14540149
v -0.405604 -3.13463163 -0.14540149
v -0.53858298 -3.14005661 -0.14540149
v -0.53458398 -3.15636158 -0.14540149
v -0.24144999 -3.02547025 -0.14540149
v -0.28870499 -3.0304532 -0.14540149
v -0.309502 -3.05081653 -0.14540149
v 0.27374601 3.06801939 -0.14540149
v 0.23099899 3.05618238 -0.14540149
v 0.171488 3.10509157 -0.14540149
v 0.20128299 3.12864971 -0.14540149
v 0.25415301 2.9949727 -0.14540149
v 0.305307 2.99261379 -0.14540149
v 0.301283 2.96009969 -0.14540149
v 0.25206899 2.96443367 -0.14540149
v 0.08167299 3.13563346 -0.14540149
v 0.095803 3.16667556 -0.14540149
v 0.62795901 3.08179664 -0.14540149
v 0.55094498 3.09049558 -0.14540149
v 0.54298901 3.12365865 -0.14540149
v 0.63477599 3.11397647 -0.14540149
v 0.456954 3.0776267 -0.14540149
v 0.38921099 3.04096555 -0.14540149
v 0.349505 3.06073761 -0.14540149
v 0.432197 3.10643482 -0.14540149
v 0.352959 2.95462179 -0.14540149
v 0.35631701 2.98467254 -0.14540149
v 0.242705 3.02559852 -0.14540149
v 0.289745 3.03036069 -0.14540149
v 0.53905499 3.13997459 -0.14540149
v 0.638318 3.12958478 -0.14540149
v 0.53505802 3.15627479 -0.14540149
v 0.64186501 3.14519882 -0.14540149
v 0.41919401 3.1205244 -0.14540149
v 0.406075 3.13456964 -0.14540149
v 0.33184099 3.07092571 -0.14540149
v 0.31406998 3.08102083 -0.14540149
v 0.29386401 3.07458877 -0.14540149
v 0.21673299 3.14000558 -0.14540149
v 0.232287 3.1512885 -0.14540149
v 0.102775 3.18193769 -0.14540149
v 0.10980799 3.1971836 -0.14540149
v 0.327205 3.02675056 -0.14540149
v 0.372646 3.01285648 -0.14540149
v 0.310669 3.05071163 -0.14540149
v 0.88059997 2.95817565 -0.14540149
v 0.83638602 2.95460939 -0.14540149
v 0.78716802 3.0138607 -0.14540149
v 0.82087099 3.0313735 -0.14540149
v 0.84758001 2.89013338 -0.14540149
v 0.897372 2.87816047 -0.14540149
v 0.88728702 2.84698247 -0.14540149
v 0.83977502 2.86053562 -0.14540149
v 0.70472502 3.06079053 -0.14540149
v 0.72445601 3.08861446 -0.14540149
v 1.23105204 2.90488958 -0.14540149
v 1.15706098 2.92795658 -0.14540149
v 1.15550398 2.96203136 -0.14540149
v 1.24381697 2.93520641 -0.14540149
v 1.06233203 2.9330554 -0.14540149
v 0.98888802 2.90982055 -0.14540149
v 0.95362502 2.93672561 -0.14540149
v 1.04345095 2.96600866 -0.14540149
v 0.93700301 2.83186769 -0.14540149
v 0.94596797 2.86073875 -0.14540149
v 0.84211498 2.92236566 -0.14540149
v 0.88920801 2.91816139 -0.14540149
v 1.15471601 2.9787898 -0.14540149
v 1.25023901 2.94986963 -0.14540149
v 1.153867 2.99555969 -0.14540149
v 1.25666701 2.96453476 -0.14540149
v 1.03333902 2.98230171 -0.14540149
v 1.02310395 2.99856758 -0.14540149
v 0.93819797 2.95006942 -0.14540149
v 0.92265099 2.9633274 -0.14540149
v 0.90159398 2.96081972 -0.14540149
v 0.83818501 3.03961038 -0.14540149
v 0.85558801 3.04776144 -0.14540149
v 0.734182 3.10228967 -0.14540149
v 0.743963 3.11593437 -0.14540149
v 0.92531502 2.90755367 -0.14540149
v 0.96732002 2.88534069 -0.14540149
v 0.913594 2.93420267 -0.14540149
v 1.45540797 2.73605871 -0.14540149
v 1.41131401 2.74088668 -0.14540149
v 1.37414705 2.80835676 -0.14540149
v 1.41054403 2.81921052 -0.14540149
v 1.41015696 2.67545843 -0.14540149
v 1.45680105 2.65431881 -0.14540149
v 1.44102203 2.62560463 -0.14540149
v 1.39691305 2.64785671 -0.14540149
v 1.30202305 2.86998939 -0.14540149
v 1.32664501 2.89358854 -0.14540149
v 1.789541 2.6176815 -0.14540149
v 1.72122097 2.6542797 -0.14540149
v 1.72611296 2.68803358 -0.14540149
v 1.80779004 2.64505338 -0.14540149
v 1.62915098 2.67713975 -0.14540149
v 1.55264401 2.66815948 -0.14540149
v 1.52308404 2.70123243 -0.14540149
v 1.61681795 2.71306371 -0.14540149
v 1.486997 2.60138082 -0.14540149
v 1.50124394 2.62805366 -0.14540149
v 1.41086399 2.70814371 -0.14540149
v 1.456321 2.6951394 -0.14540149
v 1.72849905 2.70464038 -0.14540149
v 1.81686198 2.65823841 -0.14540149
v 1.73082399 2.72127056 -0.14540149
v 1.82593596 2.67143344 -0.14540149
v 1.60995698 2.73097181 -0.14540149
v 1.60297095 2.74886655 -0.14540149
v 1.51044797 2.71724462 -0.14540149
v 1.49767804 2.73319339 -0.14540149
v 1.47652602 2.73470258 -0.14540149
v 1.42910003 2.82403373 -0.14540149
v 1.44772696 2.8287487 -0.14540149
v 1.33877301 2.90518379 -0.14540149
v 1.35095095 2.91673564 -0.14540149
v 1.48978304 2.67791652 -0.14540149
v 1.52684998 2.64818859 -0.14540149
v 1.48329401 2.70630264 -0.14540149
v 1.978446 2.40929937 -0.14540149
v 1.93605399 2.42235565 -0.14540149
v 1.91227698 2.49562883 -0.14540149
v 1.95006895 2.49941253 -0.14540149
v 1.92257595 2.35831737 -0.14540149
v 1.96439898 2.32876062 -0.14540149
v 1.94348502 2.30353546 -0.14540149
v 1.90436494 2.33371782 -0.14540149
v 1.853073 2.56974983 -0.14540149
v 1.88170397 2.58828878 -0.14540149
v 2.28425908 2.23003482 -0.14540149
v 2.22406911 2.2788577 -0.14540149
v 2.23523688 2.3110857 -0.14540149
v 2.30733895 2.25346851 -0.14540149
v 2.137959 2.31867075 -0.14540149
v 2.06113195 2.32428455 -0.14540149
v 2.0383389 2.36233663 -0.14540149
v 2.1326251 2.35627365 -0.14540149
v 1.98406899 2.2710824 -0.14540149
v 2.00308895 2.29458761 -0.14540149
v 1.92943704 2.39028644 -0.14540149
v 1.97162795 2.36894464 -0.14540149
v 2.24071288 2.32694053 -0.14540149
v 2.31873703 2.26470947 -0.14540149
v 2.24613404 2.34283542 -0.14540149
v 2.33013796 2.27595138 -0.14540149
v 2.12926411 2.37515354 -0.14540149
v 2.12577796 2.39405155 -0.14540149
v 2.02894902 2.3804388 -0.14540149
v 2.01941895 2.39851665 -0.14540149
v 1.99892902 2.40398168 -0.14540149
v 1.96920299 2.50065374 -0.14540149
v 1.98838603 2.50177764 -0.14540149
v 1.89580094 2.5973854 -0.14540149
v 1.90994203 2.60643959 -0.14540149
v 2.00123906 2.34572172 -0.14540149
v 2.03203392 2.30953264 -0.14540149
v 2.00022006 2.37481451 -0.14540149
v 2.42961692 1.99072158 -0.14540149
v 2.39043688 2.01152181 -0.14540149
v 2.38087701 2.08795642 -0.14540149
v 2.41870808 2.08456373 -0.14540149
v 2.36515188 1.95116555 -0.14540149
v 2.40065908 1.91426861 -0.14540149
v 2.37537503 1.89343059 -0.14540149
v 2.342633 1.93043065 -0.14540149
v 2.33668398 2.1719017 -0.14540149
v 2.36828994 2.18471145 -0.14540149
v 2.69621992 1.75709962 -0.14540149
v 2.64629602 1.81637954 -0.14540149
v 2.66333198 1.84592664 -0.14540149
v 2.72330188 1.77577555 -0.14540149
v 2.56921792 1.8716886 -0.14540149
v 2.49482297 1.89166355 -0.14540149
v 2.47959804 1.93332564 -0.14540149
v 2.57105898 1.90962362 -0.14540149
v 2.40912199 1.85391354 -0.14540149
v 2.43222904 1.87341761 -0.14540149
v 2.37790298 1.98126661 -0.14540149
v 2.41532111 1.95236456 -0.14540149
v 2.67169404 1.86047554 -0.14540149
v 2.73661088 1.78466355 -0.14540149
v 2.68001008 1.87506353 -0.14540149
v 2.74992609 1.79355764 -0.14540149
v 2.57131099 1.92879664 -0.14540149
v 2.57144403 1.94801354 -0.14540149
v 2.47378397 1.95287263 -0.14540149
v 2.46782803 1.97241759 -0.14540149
v 2.44873189 1.9816426 -0.14540149
v 2.43773198 2.08218336 -0.14540149
v 2.45678496 2.07967758 -0.14540149
v 2.3838489 2.1909976 -0.14540149
v 2.39944195 2.19723463 -0.14540149
v 2.4400351 1.92399454 -0.14540149
v 2.46346688 1.88265264 -0.14540149
v 2.44451093 1.95275259 -0.14540149
v 2.79459691 1.4936006 -0.14540149
v 2.76004791 1.52141654 -0.14540149
v 2.76507711 1.59828758 -0.14540149
v 2.80158495 1.58781862 -0.14540149
v 2.72383093 1.46691465 -0.14540149
v 2.75174188 1.42398357 -0.14540149
v 2.72298407 1.40828657 -0.14540149
v 2.69780492 1.45079565 -0.14540149
v 2.737504 1.68905556 -0.14540149
v 2.77096104 1.69568061 -0.14540149
v 3.01235699 1.21389162 -0.14540149
v 2.974509 1.2815206 -0.14540149
v 2.99680995 1.30732464 -0.14540149
v 3.04247188 1.22711956 -0.14540149
v 2.90924811 1.35037958 -0.14540149
v 2.83995509 1.38402462 -0.14540149
v 2.8328619 1.42781055 -0.14540149
v 2.91820907 1.38728654 -0.14540149
v 2.74867105 1.36311662 -0.14540149
v 2.77503991 1.37791264 -0.14540149
v 2.74202895 1.4940716 -0.14540149
v 2.77332902 1.45863163 -0.14540149
v 3.00776791 1.32003665 -0.14540149
v 3.05721902 1.2333436 -0.14540149
v 3.01868605 1.33279562 -0.14540149
v 3.07197189 1.23956859 -0.14540149
v 2.92207288 1.40606761 -0.14540149
v 2.92582798 1.42491161 -0.14540149
v 2.83083605 1.44809758 -0.14540149
v 2.82867193 1.46842157 -0.14540149
v 2.81165909 1.48108255 -0.14540149
v 2.81981802 1.5818876 -0.14540149
v 2.83805799 1.57583856 -0.14540149
v 2.7874279 1.69892156 -0.14540149
v 2.80391502 1.70209765 -0.14540149
v 2.79224491 1.42610359 -0.14540149
v 2.80746197 1.38108658 -0.14540149
v 2.80206704 1.45350861 -0.14540149
v 3.05910491 0.93703061 -0.14540149
v 3.03042006 0.97085857 -0.14540149
v 3.04983997 1.04539954 -0.14540149
v 3.08372402 1.02823865 -0.14540149
v 2.98457694 0.92414957 -0.14540149
v 3.003901 0.87673157 -0.14540149
v 2.97269201 0.86674261 -0.14540149
v 2.95598101 0.91322857 -0.14540149
v 3.03986907 1.13974058 -0.14540149
v 3.07397508 1.13993763 -0.14540149
v 3.22025203 0.62129157 -0.14540149
v 3.19582605 0.69483858 -0.14540149
v 3.22259092 0.71597862 -0.14540149
v 3.252321 0.62860262 -0.14540149
v 3.14470911 0.7747606 -0.14540149
v 3.08299708 0.82086557 -0.14540149
v 3.08428406 0.86520361 -0.14540149
v 3.1604669 0.80932056 -0.14540149
v 2.98941206 0.81753557 -0.14540149
v 3.01809406 0.82710057 -0.14540149
v 3.00757098 0.94739157 -0.14540149
v 3.03162789 0.90670162 -0.14540149
v 3.23574996 0.72639858 -0.14540149
v 3.26797795 0.6319406 -0.14540149
v 3.24887108 0.73686957 -0.14540149
v 3.28363704 0.63527858 -0.14540149
v 3.16779899 0.82703661 -0.14540149
v 3.17504 0.84483557 -0.14540149
v 3.08611702 0.8855136 -0.14540149
v 3.08782291 0.90587657 -0.14540149
v 3.07350206 0.92151659 -0.14540149
v 3.10051393 1.0189836 -0.14540149
v 3.11728692 1.00959956 -0.14540149
v 3.09075689 1.14001464 -0.14540149
v 3.10754895 1.1400336 -0.14540149
v 3.04407501 0.8711766 -0.14540149
v 3.05053305 0.8241086 -0.14540149
v 3.05888199 0.89624762 -0.14540149
v 3.21406292 0.3400906 -0.14540149
v 3.19227099 0.37871959 -0.14540149
v 3.22539997 0.4482676 -0.14540149
v 3.25544309 0.4250276 -0.14540149
v 3.13844203 0.34150961 -0.14540149
v 3.14847898 0.29128459 -0.14540149
v 3.1159451 0.2873626 -0.14540149
v 3.10829711 0.33616659 -0.14540149
v 3.23340392 0.54279661 -0.14540149
v 3.26693797 0.5365616 -0.14540149
v 3.31276607 -0.0003704 -0.14540149
v 3.30265188 0.07646459 -0.14540149
v 3.33292508 0.09218059 -0.14540149
v 3.34563994 0.00076559 -0.14540149
v 3.26752495 0.1645876 -0.14540149
v 3.21562099 0.22150158 -0.14540149
v 3.22523999 0.26480659 -0.14540149
v 3.28951811 0.1955616 -0.14540149
v 3.12308001 0.23588959 -0.14540149
v 3.15305709 0.23986759 -0.14540149
v 3.16540694 0.35999959 -0.14540149
v 3.18135809 0.3154836 -0.14540149
v 3.34780788 0.09992659 -0.14540149
v 3.36164593 0.00108759 -0.14540149
v 3.36267089 0.10773559 -0.14540149
v 3.37765097 0.00140759 -0.14540149
v 3.30006194 0.21157559 -0.14540149
v 3.31052804 0.22768959 -0.14540149
v 3.23087501 0.28440558 -0.14540149
v 3.23639106 0.30407959 -0.14540149
v 3.22527504 0.3221426 -0.14540149
v 3.27018404 0.4127666 -0.14540149
v 3.28488206 0.40038859 -0.14540149
v 3.283432 0.53347057 -0.14540149
v 3.29992198 0.53032261 -0.14540149
v 3.18688392 0.2782616 -0.14540149
v 3.18434691 0.2308076 -0.14540149
v 3.206151 0.30008259 -0.14540149
v -3.22524905 0.2653726 -0.14540149
v -3.21563196 0.2220636 -0.14540149
v -3.26755094 0.1651566 -0.14540149
v -3.2895379 0.19613759 -0.14540149
v -3.15331411 0.24202559 -0.14540149
v -3.14831399 0.2929936 -0.14540149
v -3.1160469 0.28728959 -0.14540149
v -3.12291908 0.23836259 -0.14540149
v -3.30269289 0.07704359 -0.14540149
v -3.33296299 0.09275659 -0.14540149
v -3.31293797 -0.0019914 -0.14540149
v -3.34574604 0.00033259 -0.14540149
v -3.22070097 0.61981856 -0.14540149
v -3.23336911 0.54334759 -0.14540149
v -3.26689791 0.53711861 -0.14540149
v -3.25248503 0.62828958 -0.14540149
v -3.22538209 0.44882658 -0.14540149
v -3.19226098 0.3792786 -0.14540149
v -3.21406006 0.3406476 -0.14540149
v -3.25542402 0.42559158 -0.14540149
v -3.1079061 0.3386136 -0.14540149
v -3.13774299 0.34351858 -0.14540149
v -3.18448591 0.23217259 -0.14540149
v -3.18680501 0.27939659 -0.14540149
v -3.28339195 0.53404158 -0.14540149
v -3.26789307 0.63263356 -0.14540149
v -3.29988408 0.53088957 -0.14540149
v -3.28330493 0.63698262 -0.14540149
v -3.27016711 0.4133386 -0.14540149
v -3.28486609 0.40095758 -0.14540149
v -3.22514796 0.32353958 -0.14540149
v -3.23614597 0.3063046 -0.14540149
v -3.2307651 0.28579759 -0.14540149
v -3.30007696 0.21214959 -0.14540149
v -3.3105421 0.22827059 -0.14540149
v -3.34784507 0.10051459 -0.14540149
v -3.36270809 0.10831959 -0.14540149
v -3.36170005 0.00169559 -0.14540149
v -3.37765097 0.00305059 -0.14540149
v -3.18126606 0.31662359 -0.14540149
v -3.16505003 0.3612836 -0.14540149
v -3.20605111 0.3013426 -0.14540149
v -3.08419203 0.86573362 -0.14540149
v -3.08291506 0.8213936 -0.14540149
v -3.1446309 0.77530556 -0.14540149
v -3.16038298 0.80986261 -0.14540149
v -3.01794695 0.82924157 -0.14540149
v -3.00342392 0.87834858 -0.14540149
v -2.97280693 0.86666661 -0.14540149
v -2.98878502 0.81991362 -0.14540149
v -3.19576597 0.69539558 -0.14540149
v -3.22252488 0.71653258 -0.14540149
v -3.01287508 1.21296656 -0.14540149
v -3.03973293 1.14026558 -0.14540149
v -3.07383894 1.14046359 -0.14540149
v -3.04249 1.22728264 -0.14540149
v -3.049721 1.04592454 -0.14540149
v -3.03030991 0.97138059 -0.14540149
v -3.05900001 0.93755757 -0.14540149
v -3.08360195 1.02877259 -0.14540149
v -2.95513796 0.91553658 -0.14540149
v -2.98351502 0.9259786 -0.14540149
v -3.0504179 0.82545459 -0.14540149
v -3.0437901 0.87226557 -0.14540149
v -3.09061694 1.14054656 -0.14540149
v -3.05680108 1.23444962 -0.14540149
v -3.10740709 1.14056062 -0.14540149
v -3.07111311 1.24162662 -0.14540149
v -3.10039901 1.01951563 -0.14540149
v -3.1171689 1.01013362 -0.14540149
v -3.07312202 0.92284059 -0.14540149
v -3.08716702 0.90799862 -0.14540149
v -3.08574891 0.88684159 -0.14540149
v -3.16771411 0.82758861 -0.14540149
v -3.17494797 0.84538757 -0.14540149
v -3.23567891 0.72695958 -0.14540149
v -3.24880003 0.73743057 -0.14540149
v -3.03133392 0.90777659 -0.14540149
v -3.00697708 0.94858062 -0.14540149
v -3.05854892 0.8974446 -0.14540149
v -2.83267498 1.4282906 -0.14540149
v -2.83977389 1.38451063 -0.14540149
v -2.90907502 1.35087764 -0.14540149
v -2.91802811 1.38779258 -0.14540149
v -2.77449393 1.37998056 -0.14540149
v -2.75097298 1.42546057 -0.14540149
v -2.72311091 1.4082266 -0.14540149
v -2.7476139 1.36531961 -0.14540149
v -2.97434496 1.28203856 -0.14540149
v -2.99664688 1.30785358 -0.14540149
v -2.69719409 1.75587058 -0.14540149
v -2.73727488 1.68952953 -0.14540149
v -2.77073001 1.69616663 -0.14540149
v -2.72358393 1.77550363 -0.14540149
v -2.76485991 1.59876561 -0.14540149
v -2.75984907 1.52189457 -0.14540149
v -2.79440093 1.49407863 -0.14540149
v -2.80137109 1.58830058 -0.14540149
v -2.69654798 1.45289063 -0.14540149
v -2.72244691 1.46848762 -0.14540149
v -2.80709505 1.38236856 -0.14540149
v -2.79176592 1.42709755 -0.14540149
v -2.78719496 1.69939959 -0.14540149
v -2.73628997 1.78524553 -0.14540149
v -2.80367994 1.70258462 -0.14540149
v -2.74899196 1.79498755 -0.14540149
v -2.81960797 1.58238256 -0.14540149
v -2.83784604 1.57633256 -0.14540149
v -2.81103897 1.48229455 -0.14540149
v -2.82763004 1.47036564 -0.14540149
v -2.83022594 1.44931554 -0.14540149
v -2.92189097 1.40657258 -0.14540149
v -2.92564296 1.42542159 -0.14540149
v -3.00759697 1.32055664 -0.14540149
v -3.01851391 1.33331561 -0.14540149
v -2.77283811 1.45962357 -0.14540149
v -2.74123597 1.49510157 -0.14540149
v -2.8015151 1.45461058 -0.14540149
v -2.4793291 1.93375158 -0.14540149
v -2.49456191 1.89209556 -0.14540149
v -2.56895804 1.87213254 -0.14540149
v -2.57079005 1.91006565 -0.14540149
v -2.43130397 1.87532663 -0.14540149
v -2.39962792 1.91556453 -0.14540149
v -2.37551689 1.89337754 -0.14540149
v -2.40767288 1.85586261 -0.14540149
v -2.64604497 1.81684255 -0.14540149
v -2.66307497 1.8463906 -0.14540149
v -2.28450107 2.22989273 -0.14540149
v -2.33637404 2.17230176 -0.14540149
v -2.3679769 2.18512582 -0.14540149
v -2.30671405 2.25415277 -0.14540149
v -2.3805809 2.08836841 -0.14540149
v -2.39015507 2.01193761 -0.14540149
v -2.42933511 1.99113965 -0.14540149
v -2.41841197 2.08498764 -0.14540149
v -2.34100699 1.93222856 -0.14540149
v -2.36350011 1.95244061 -0.14540149
v -2.46287107 1.88382458 -0.14540149
v -2.43938303 1.92485857 -0.14540149
v -2.38353395 2.19141244 -0.14540149
v -2.31735301 2.26611566 -0.14540149
v -2.39912605 2.19765138 -0.14540149
v -2.3279879 2.27808046 -0.14540149
v -2.43743705 2.0826087 -0.14540149
v -2.45649004 2.08009767 -0.14540149
v -2.44790101 1.98269856 -0.14540149
v -2.46644592 1.97411453 -0.14540149
v -2.47296094 1.95393657 -0.14540149
v -2.571038 1.92923963 -0.14540149
v -2.57117295 1.94845664 -0.14540149
v -2.67143392 1.86093962 -0.14540149
v -2.67974805 1.87552464 -0.14540149
v -2.41466188 1.95323562 -0.14540149
v -2.37692809 1.98211658 -0.14540149
v -2.44376611 1.95371258 -0.14540149
v -2.0380001 2.36268854 -0.14540149
v -2.06079888 2.3246355 -0.14540149
v -2.13762593 2.31904459 -0.14540149
v -2.13228392 2.35664463 -0.14540149
v -2.0018301 2.2962656 -0.14540149
v -1.96314704 2.32982444 -0.14540149
v -1.94364297 2.30348968 -0.14540149
v -1.98228204 2.2727046 -0.14540149
v -2.22374105 2.27924537 -0.14540149
v -2.234905 2.31147241 -0.14540149
v -1.79091596 2.61687183 -0.14540149
v -1.85269999 2.57006979 -0.14540149
v -1.88132703 2.58861637 -0.14540149
v -1.808164 2.64487743 -0.14540149
v -1.91191601 2.4959588 -0.14540149
v -1.93570601 2.42269182 -0.14540149
v -1.97809898 2.40964555 -0.14540149
v -1.94970595 2.49975061 -0.14540149
v -1.90243804 2.33515548 -0.14540149
v -1.92072296 2.35923862 -0.14540149
v -2.03123307 2.31055641 -0.14540149
v -2.00043988 2.34643459 -0.14540149
v -1.89542305 2.59771537 -0.14540149
v -1.81636202 2.65862846 -0.14540149
v -1.90955996 2.60677766 -0.14540149
v -1.82455599 2.67238378 -0.14540149
v -1.96884 2.50099563 -0.14540149
v -1.98802304 2.50211858 -0.14540149
v -1.99791801 2.40484046 -0.14540149
v -2.01774907 2.39990282 -0.14540149
v -2.02795004 2.38131237 -0.14540149
v -2.12892103 2.37552261 -0.14540149
v -2.12543106 2.39441871 -0.14540149
v -2.24037504 2.32733154 -0.14540149
v -2.24579501 2.34322547 -0.14540149
v -1.97081899 2.36964464 -0.14540149
v -1.92832696 2.39091157 -0.14540149
v -1.99931705 2.37560367 -0.14540149
v -1.52268695 2.7014985 -0.14540149
v -1.55225396 2.66843175 -0.14540149
v -1.62875795 2.67742347 -0.14540149
v -1.61642003 2.71334457 -0.14540149
v -1.49969494 2.6294465 -0.14540149
v -1.45537602 2.65510845 -0.14540149
v -1.44118702 2.62556457 -0.14540149
v -1.48494195 2.6026225 -0.14540149
v -1.72083401 2.65457773 -0.14540149
v -1.72571897 2.6883316 -0.14540149
v -1.23209905 2.90450859 -0.14540149
v -1.30159902 2.87020444 -0.14540149
v -1.32621598 2.89381551 -0.14540149
v -1.24375402 2.93526983 -0.14540149
v -1.37373197 2.80859041 -0.14540149
v -1.41091299 2.74113082 -0.14540149
v -1.455006 2.73630762 -0.14540149
v -1.41012597 2.81945037 -0.14540149
v -1.39475095 2.64889049 -0.14540149
v -1.40816497 2.67599058 -0.14540149
v -1.52587497 2.64903163 -0.14540149
v -1.48886704 2.67845153 -0.14540149
v -1.33834195 2.90541267 -0.14540149
v -1.24921095 2.95032453 -0.14540149
v -1.35051894 2.91697549 -0.14540149
v -1.25466394 2.9653778 -0.14540149
v -1.42868304 2.8242774 -0.14540149
v -1.44730901 2.82900238 -0.14540149
v -1.47537505 2.73533678 -0.14540149
v -1.49578094 2.73422479 -0.14540149
v -1.509305 2.7178874 -0.14540149
v -1.60955703 2.73124551 -0.14540149
v -1.60256695 2.74914979 -0.14540149
v -1.72810101 2.70494461 -0.14540149
v -1.73042404 2.72157383 -0.14540149
v -1.45539999 2.69565963 -0.14540149
v -1.40965902 2.70852756 -0.14540149
v -1.48226201 2.70688581 -0.14540149
v -0.95318597 2.93689346 -0.14540149
v -0.98845601 2.9099884 -0.14540149
v -1.06189596 2.93323373 -0.14540149
v -1.04300904 2.96618652 -0.14540149
v -0.94418501 2.86179781 -0.14540149
v -0.89582598 2.87864351 -0.14540149
v -0.88745802 2.84696579 -0.14540149
v -0.93475198 2.83267736 -0.14540149
v -1.15662598 2.92816162 -0.14540149
v -1.15506196 2.96222877 -0.14540149
v -0.629547 3.08150959 -0.14540149
v -0.70426601 3.0609188 -0.14540149
v -0.72399401 3.08874177 -0.14540149
v -0.63519698 3.11391258 -0.14540149
v -0.78671801 3.01399946 -0.14540149
v -0.83594602 2.95475053 -0.14540149
v -0.88015902 2.95832347 -0.14540149
v -0.82041698 3.03151941 -0.14540149
v -0.837457 2.86111879 -0.14540149
v -0.84552502 2.8902626 -0.14540149
v -0.96620798 2.88596057 -0.14540149
v -0.92431801 2.9078865 -0.14540149
v -0.73371601 3.10241365 -0.14540149
v -0.63771998 3.12972164 -0.14540149
v -0.743496 3.11606359 -0.14540149
v -0.640239 3.1455307 -0.14540149
v -0.83772897 3.03975868 -0.14540149
v -0.85513198 3.04791259 -0.14540149
v -0.90034699 2.96120739 -0.14540149
v -0.92059701 2.96396255 -0.14540149
v -0.936957 2.95047569 -0.14540149
v -1.03289496 2.98248481 -0.14540149
v -1.02265703 2.99874258 -0.14540149
v -1.154271 2.97898578 -0.14540149
v -1.15341901 2.99575662 -0.14540149
v -0.88820701 2.91847848 -0.14540149
v -0.84086 2.9224987 -0.14540149
v -0.91247397 2.9345684 -0.14540149
v -0.349047 3.06079673 -0.14540149
v -0.388756 3.04103469 -0.14540149
v -0.456492 3.07771444 -0.14540149
v -0.43173098 3.10650873 -0.14540149
v -0.35436901 2.98535347 -0.14540149
v -0.3037 2.99277448 -0.14540149
v -0.30145698 2.96009159 -0.14540149
v -0.35059699 2.95497846 -0.14540149
v -0.55048102 3.09059047 -0.14540149
v -0.542521 3.12375354 -0.14540149
v -0.00394 3.14177465 -0.14540149
v -0.081201 3.13564872 -0.14540149
v -0.09532699 3.16669273 -0.14540149
v -0.003377 3.17466259 -0.14540149
v -0.171021 3.10512352 -0.14540149
v -0.230541 3.05622768 -0.14540149
v -0.27328699 3.06807756 -0.14540149
v -0.20081299 3.12867879 -0.14540149
v -0.249686 2.9645586 -0.14540149
v -0.252112 2.99469375 -0.14540149
v -0.37143901 3.01323461 -0.14540149
v -0.32616499 3.02686262 -0.14540149
v -0.102297 3.18195438 -0.14540149
v -0.002873 3.19066667 -0.14540149
v -0.10932599 3.19720363 -0.14540149
v -0.002365 3.20666837 -0.14540149
v -0.21626 3.14004182 -0.14540149
v -0.23181399 3.15132761 -0.14540149
v -0.29256901 3.07471275 -0.14540149
v -0.311935 3.08123445 -0.14540149
v -0.33054599 3.07106638 -0.14540149
v -0.41872599 3.12059974 -0.14540149
v -0.405604 3.13463783 -0.14540149
v -0.53858298 3.14006567 -0.14540149
v -0.53458398 3.15636777 -0.14540149
v -0.28870499 3.0304594 -0.14540149
v -0.24144999 3.02547645 -0.14540149
v -0.309502 3.05082845 -0.14540149
g Group32941
f 1220 1219 1218 1217
g Group32944
f 1 2 1217 1218
g Group59270
f 9 2 1 7
g Group32941
f 1224 1223 1222 1221
g Group32944
f 6 4 1224 1221
f 4 3 1223 1224
g Group59270
f 4 6 5 3
g Group32941
f 1226 1220 1217 1225
g Group32944
f 2 13 1225 1217
g Group59270
f 11 13 2 9
g Group32941
f 1230 1229 1228 1227
g Group32944
f 25 23 1228 1229
g Group59270
f 24 21 23 25
g Group32941
f 1234 1233 1232 1231
g Group32944
f 15 14 1232 1233
g Group59270
f 19 18 14 15
g Group32941
f 1227 1228 1233 1234
g Group32944
f 23 15 1233 1228
g Group59270
f 21 19 15 23
g Group32941
f 1236 1235 1221 1222
g Group32944
f 17 6 1221 1235
f 16 17 1235 1236
g Group59270
f 16 5 6 17
g Group32941
f 1222 1223 1238 1237
g Group32944
f 3 28 1238 1223
g Group59270
f 5 27 28 3
g Group32941
f 1237 1238 1218 1219
g Group32944
f 28 1 1218 1238
g Group59270
f 27 7 1 28
g Group32941
f 1230 1227 1240 1239
g Group59270
f 24 29 30 21
g Group32941
f 1239 1240 1242 1241
g Group32944
f 22 26 1241 1242
g Group59270
f 29 26 22 30
g Group32941
f 1244 1242 1240 1243
g Group32944
f 20 22 1242 1244
g Group59270
f 20 31 30 22
g Group32941
f 1243 1240 1227 1234
g Group59270
f 31 19 21 30
g Group32941
f 1234 1231 1245 1243
g Group59270
f 19 31 32 18
g Group32941
f 1243 1245 1246 1244
g Group32944
f 8 20 1244 1246
g Group59270
f 31 20 8 32
g Group32941
f 1249 1246 1248 1247
g Group32944
f 10 8 1246 1249
g Group59270
f 10 33 34 8
g Group32941
f 1247 1248 1219 1220
g Group59270
f 33 9 7 34
g Group32941
f 1251 1249 1247 1250
g Group32944
f 12 10 1249 1251
g Group59270
f 12 35 33 10
g Group32941
f 1250 1247 1220 1226
g Group59270
f 35 11 9 33
g Group32941
f 1236 1222 1253 1252
g Group32944
f 36 16 1236 1252
g Group59270
f 16 36 37 5
g Group32941
f 1252 1253 1231 1232
g Group32944
f 14 36 1252 1232
g Group59270
f 36 14 18 37
g Group32941
f 1237 1219 1248 1254
g Group59270
f 27 38 34 7
g Group32941
f 1254 1248 1246 1245
g Group59270
f 38 32 8 34
g Group32941
f 1222 1237 1254 1253
g Group59270
f 5 37 38 27
g Group32941
f 1253 1254 1245 1231
g Group59270
f 37 18 32 38
g Group32941
f 1258 1257 1256 1255
g Group32944
f 39 40 1255 1256
g Group59270
f 47 40 39 45
g Group32941
f 1262 1261 1260 1259
g Group32944
f 44 42 1262 1259
f 42 41 1261 1262
g Group59270
f 42 44 43 41
g Group32941
f 1264 1258 1255 1263
g Group32944
f 40 51 1263 1255
g Group59270
f 49 51 40 47
g Group32941
f 1268 1267 1266 1265
g Group32944
f 63 61 1266 1267
g Group59270
f 62 59 61 63
g Group32941
f 1272 1271 1270 1269
g Group32944
f 53 52 1270 1271
g Group59270
f 57 56 52 53
g Group32941
f 1265 1266 1271 1272
g Group32944
f 61 53 1271 1266
g Group59270
f 59 57 53 61
g Group32941
f 1274 1273 1259 1260
g Group32944
f 55 44 1259 1273
f 54 55 1273 1274
g Group59270
f 54 43 44 55
g Group32941
f 1260 1261 1276 1275
g Group32944
f 41 66 1276 1261
g Group59270
f 43 65 66 41
g Group32941
f 1275 1276 1256 1257
g Group32944
f 66 39 1256 1276
g Group59270
f 65 45 39 66
g Group32941
f 1268 1265 1278 1277
g Group59270
f 62 67 68 59
g Group32941
f 1277 1278 1280 1279
g Group32944
f 60 64 1279 1280
g Group59270
f 67 64 60 68
g Group32941
f 1282 1280 1278 1281
g Group32944
f 58 60 1280 1282
g Group59270
f 58 69 68 60
g Group32941
f 1281 1278 1265 1272
g Group59270
f 69 57 59 68
g Group32941
f 1272 1269 1283 1281
g Group59270
f 57 69 70 56
g Group32941
f 1281 1283 1284 1282
g Group32944
f 46 58 1282 1284
g Group59270
f 69 58 46 70
g Group32941
f 1287 1284 1286 1285
g Group32944
f 48 46 1284 1287
g Group59270
f 48 71 72 46
g Group32941
f 1285 1286 1257 1258
g Group59270
f 71 47 45 72
g Group32941
f 1289 1287 1285 1288
g Group32944
f 50 48 1287 1289
g Group59270
f 50 73 71 48
g Group32941
f 1288 1285 1258 1264
g Group59270
f 73 49 47 71
g Group32941
f 1274 1260 1291 1290
g Group32944
f 74 54 1274 1290
g Group59270
f 54 74 75 43
g Group32941
f 1290 1291 1269 1270
g Group32944
f 52 74 1290 1270
g Group59270
f 74 52 56 75
g Group32941
f 1275 1257 1286 1292
g Group59270
f 65 76 72 45
g Group32941
f 1292 1286 1284 1283
g Group59270
f 76 70 46 72
g Group32941
f 1260 1275 1292 1291
g Group59270
f 43 75 76 65
g Group32941
f 1291 1292 1283 1269
g Group59270
f 75 56 70 76
g Group32941
f 1288 1239 1241 1289
g Group32944
f 26 50 1289 1241
g Group59270
f 73 50 26 29
g Group32941
f 1264 1230 1239 1288
g Group59270
f 49 73 29 24
g Group32941
f 1263 1229 1230 1264
g Group32944
f 51 25 1229 1263
g Group59270
f 51 49 24 25
g Group32941
f 1296 1295 1294 1293
g Group32944
f 77 78 1293 1294
g Group59270
f 85 78 77 83
g Group32941
f 1300 1299 1298 1297
g Group32944
f 82 80 1300 1297
f 80 79 1299 1300
g Group59270
f 80 82 81 79
g Group32941
f 1302 1296 1293 1301
g Group32944
f 78 89 1301 1293
g Group59270
f 87 89 78 85
g Group32941
f 1306 1305 1304 1303
g Group32944
f 101 99 1304 1305
g Group59270
f 100 97 99 101
g Group32941
f 1310 1309 1308 1307
g Group32944
f 91 90 1308 1309
g Group59270
f 95 94 90 91
g Group32941
f 1303 1304 1309 1310
g Group32944
f 99 91 1309 1304
g Group59270
f 97 95 91 99
g Group32941
f 1312 1311 1297 1298
g Group32944
f 93 82 1297 1311
f 92 93 1311 1312
g Group59270
f 92 81 82 93
g Group32941
f 1298 1299 1314 1313
g Group32944
f 79 104 1314 1299
g Group59270
f 81 103 104 79
g Group32941
f 1313 1314 1294 1295
g Group32944
f 104 77 1294 1314
g Group59270
f 103 83 77 104
g Group32941
f 1306 1303 1316 1315
g Group59270
f 100 105 106 97
g Group32941
f 1315 1316 1318 1317
g Group32944
f 98 102 1317 1318
g Group59270
f 105 102 98 106
g Group32941
f 1320 1318 1316 1319
g Group32944
f 96 98 1318 1320
g Group59270
f 96 107 106 98
g Group32941
f 1319 1316 1303 1310
g Group59270
f 107 95 97 106
g Group32941
f 1310 1307 1321 1319
g Group59270
f 95 107 108 94
g Group32941
f 1319 1321 1322 1320
g Group32944
f 84 96 1320 1322
g Group59270
f 107 96 84 108
g Group32941
f 1325 1322 1324 1323
g Group32944
f 86 84 1322 1325
g Group59270
f 86 109 110 84
g Group32941
f 1323 1324 1295 1296
g Group59270
f 109 85 83 110
g Group32941
f 1327 1325 1323 1326
g Group32944
f 88 86 1325 1327
g Group59270
f 88 111 109 86
g Group32941
f 1326 1323 1296 1302
g Group59270
f 111 87 85 109
g Group32941
f 1312 1298 1329 1328
g Group32944
f 112 92 1312 1328
g Group59270
f 92 112 113 81
g Group32941
f 1328 1329 1307 1308
g Group32944
f 90 112 1328 1308
g Group59270
f 112 90 94 113
g Group32941
f 1313 1295 1324 1330
g Group59270
f 103 114 110 83
g Group32941
f 1330 1324 1322 1321
g Group59270
f 114 108 84 110
g Group32941
f 1298 1313 1330 1329
g Group59270
f 81 113 114 103
g Group32941
f 1329 1330 1321 1307
g Group59270
f 113 94 108 114
g Group32941
f 1334 1333 1332 1331
g Group32944
f 115 116 1331 1332
g Group59270
f 123 116 115 121
g Group32941
f 1338 1337 1336 1335
g Group32944
f 120 118 1338 1335
f 118 117 1337 1338
g Group59270
f 118 120 119 117
g Group32941
f 1340 1334 1331 1339
g Group32944
f 116 127 1339 1331
g Group59270
f 125 127 116 123
g Group32941
f 1344 1343 1342 1341
g Group32944
f 139 137 1342 1343
g Group59270
f 138 135 137 139
g Group32941
f 1348 1347 1346 1345
g Group32944
f 129 128 1346 1347
g Group59270
f 133 132 128 129
g Group32941
f 1341 1342 1347 1348
g Group32944
f 137 129 1347 1342
g Group59270
f 135 133 129 137
g Group32941
f 1350 1349 1335 1336
g Group32944
f 131 120 1335 1349
f 130 131 1349 1350
g Group59270
f 130 119 120 131
g Group32941
f 1336 1337 1352 1351
g Group32944
f 117 142 1352 1337
g Group59270
f 119 141 142 117
g Group32941
f 1351 1352 1332 1333
g Group32944
f 142 115 1332 1352
g Group59270
f 141 121 115 142
g Group32941
f 1344 1341 1354 1353
g Group59270
f 138 143 144 135
g Group32941
f 1353 1354 1356 1355
g Group32944
f 136 140 1355 1356
g Group59270
f 143 140 136 144
g Group32941
f 1358 1356 1354 1357
g Group32944
f 134 136 1356 1358
g Group59270
f 134 145 144 136
g Group32941
f 1357 1354 1341 1348
g Group59270
f 145 133 135 144
g Group32941
f 1348 1345 1359 1357
g Group59270
f 133 145 146 132
g Group32941
f 1357 1359 1360 1358
g Group32944
f 122 134 1358 1360
g Group59270
f 145 134 122 146
g Group32941
f 1363 1360 1362 1361
g Group32944
f 124 122 1360 1363
g Group59270
f 124 147 148 122
g Group32941
f 1361 1362 1333 1334
g Group59270
f 147 123 121 148
g Group32941
f 1365 1363 1361 1364
g Group32944
f 126 124 1363 1365
g Group59270
f 126 149 147 124
g Group32941
f 1364 1361 1334 1340
g Group59270
f 149 125 123 147
g Group32941
f 1350 1336 1367 1366
g Group32944
f 150 130 1350 1366
g Group59270
f 130 150 151 119
g Group32941
f 1366 1367 1345 1346
g Group32944
f 128 150 1366 1346
g Group59270
f 150 128 132 151
g Group32941
f 1351 1333 1362 1368
g Group59270
f 141 152 148 121
g Group32941
f 1368 1362 1360 1359
g Group59270
f 152 146 122 148
g Group32941
f 1336 1351 1368 1367
g Group59270
f 119 151 152 141
g Group32941
f 1367 1368 1359 1345
g Group59270
f 151 132 146 152
g Group32941
f 1364 1315 1317 1365
g Group32944
f 102 126 1365 1317
g Group59270
f 149 126 102 105
g Group32941
f 1340 1306 1315 1364
g Group59270
f 125 149 105 100
g Group32941
f 1339 1305 1306 1340
g Group32944
f 127 101 1305 1339
g Group59270
f 127 125 100 101
g Group32941
f 1326 1277 1279 1327
g Group32944
f 64 88 1327 1279
g Group59270
f 111 88 64 67
g Group32941
f 1302 1268 1277 1326
g Group59270
f 87 111 67 62
g Group32941
f 1301 1267 1268 1302
g Group32944
f 89 63 1267 1301
g Group59270
f 89 87 62 63
g Group32941
f 1372 1371 1370 1369
g Group32944
f 153 154 1369 1370
g Group59270
f 161 154 153 159
g Group32941
f 1376 1375 1374 1373
g Group32944
f 158 156 1376 1373
f 156 155 1375 1376
g Group59270
f 156 158 157 155
g Group32941
f 1378 1372 1369 1377
g Group32944
f 154 165 1377 1369
g Group59270
f 163 165 154 161
g Group32941
f 1382 1381 1380 1379
g Group32944
f 177 175 1380 1381
g Group59270
f 176 173 175 177
g Group32941
f 1386 1385 1384 1383
g Group32944
f 167 166 1384 1385
g Group59270
f 171 170 166 167
g Group32941
f 1379 1380 1385 1386
g Group32944
f 175 167 1385 1380
g Group59270
f 173 171 167 175
g Group32941
f 1388 1387 1373 1374
g Group32944
f 169 158 1373 1387
f 168 169 1387 1388
g Group59270
f 168 157 158 169
g Group32941
f 1374 1375 1390 1389
g Group32944
f 155 180 1390 1375
g Group59270
f 157 179 180 155
g Group32941
f 1389 1390 1370 1371
g Group32944
f 180 153 1370 1390
g Group59270
f 179 159 153 180
g Group32941
f 1382 1379 1392 1391
g Group59270
f 176 181 182 173
g Group32941
f 1391 1392 1394 1393
g Group32944
f 174 178 1393 1394
g Group59270
f 181 178 174 182
g Group32941
f 1396 1394 1392 1395
g Group32944
f 172 174 1394 1396
g Group59270
f 172 183 182 174
g Group32941
f 1395 1392 1379 1386
g Group59270
f 183 171 173 182
g Group32941
f 1386 1383 1397 1395
g Group59270
f 171 183 184 170
g Group32941
f 1395 1397 1398 1396
g Group32944
f 160 172 1396 1398
g Group59270
f 183 172 160 184
g Group32941
f 1401 1398 1400 1399
g Group32944
f 162 160 1398 1401
g Group59270
f 162 185 186 160
g Group32941
f 1399 1400 1371 1372
g Group59270
f 185 161 159 186
g Group32941
f 1403 1401 1399 1402
g Group32944
f 164 162 1401 1403
g Group59270
f 164 187 185 162
g Group32941
f 1402 1399 1372 1378
g Group59270
f 187 163 161 185
g Group32941
f 1388 1374 1405 1404
g Group32944
f 188 168 1388 1404
g Group59270
f 168 188 189 157
g Group32941
f 1404 1405 1383 1384
g Group32944
f 166 188 1404 1384
g Group59270
f 188 166 170 189
g Group32941
f 1389 1371 1400 1406
g Group59270
f 179 190 186 159
g Group32941
f 1406 1400 1398 1397
g Group59270
f 190 184 160 186
g Group32941
f 1374 1389 1406 1405
g Group59270
f 157 189 190 179
g Group32941
f 1405 1406 1397 1383
g Group59270
f 189 170 184 190
g Group32941
f 1410 1409 1408 1407
g Group32944
f 191 192 1407 1408
g Group59270
f 199 192 191 197
g Group32941
f 1414 1413 1412 1411
g Group32944
f 196 194 1414 1411
f 194 193 1413 1414
g Group59270
f 194 196 195 193
g Group32941
f 1416 1410 1407 1415
g Group32944
f 192 203 1415 1407
g Group59270
f 201 203 192 199
g Group32941
f 1420 1419 1418 1417
g Group32944
f 215 213 1418 1419
g Group59270
f 214 211 213 215
g Group32941
f 1424 1423 1422 1421
g Group32944
f 205 204 1422 1423
g Group59270
f 209 208 204 205
g Group32941
f 1417 1418 1423 1424
g Group32944
f 213 205 1423 1418
g Group59270
f 211 209 205 213
g Group32941
f 1426 1425 1411 1412
g Group32944
f 207 196 1411 1425
f 206 207 1425 1426
g Group59270
f 206 195 196 207
g Group32941
f 1412 1413 1428 1427
g Group32944
f 193 218 1428 1413
g Group59270
f 195 217 218 193
g Group32941
f 1427 1428 1408 1409
g Group32944
f 218 191 1408 1428
g Group59270
f 217 197 191 218
g Group32941
f 1420 1417 1430 1429
g Group59270
f 214 219 220 211
g Group32941
f 1429 1430 1432 1431
g Group32944
f 212 216 1431 1432
g Group59270
f 219 216 212 220
g Group32941
f 1434 1432 1430 1433
g Group32944
f 210 212 1432 1434
g Group59270
f 210 221 220 212
g Group32941
f 1433 1430 1417 1424
g Group59270
f 221 209 211 220
g Group32941
f 1424 1421 1435 1433
g Group59270
f 209 221 222 208
g Group32941
f 1433 1435 1436 1434
g Group32944
f 198 210 1434 1436
g Group59270
f 221 210 198 222
g Group32941
f 1439 1436 1438 1437
g Group32944
f 200 198 1436 1439
g Group59270
f 200 223 224 198
g Group32941
f 1437 1438 1409 1410
g Group59270
f 223 199 197 224
g Group32941
f 1441 1439 1437 1440
g Group32944
f 202 200 1439 1441
g Group59270
f 202 225 223 200
g Group32941
f 1440 1437 1410 1416
g Group59270
f 225 201 199 223
g Group32941
f 1426 1412 1443 1442
g Group32944
f 226 206 1426 1442
g Group59270
f 206 226 227 195
g Group32941
f 1442 1443 1421 1422
g Group32944
f 204 226 1442 1422
g Group59270
f 226 204 208 227
g Group32941
f 1427 1409 1438 1444
g Group59270
f 217 228 224 197
g Group32941
f 1444 1438 1436 1435
g Group59270
f 228 222 198 224
g Group32941
f 1412 1427 1444 1443
g Group59270
f 195 227 228 217
g Group32941
f 1443 1444 1435 1421
g Group59270
f 227 208 222 228
g Group32941
f 1440 1391 1393 1441
g Group32944
f 178 202 1441 1393
g Group59270
f 225 202 178 181
g Group32941
f 1416 1382 1391 1440
g Group59270
f 201 225 181 176
g Group32941
f 1415 1381 1382 1416
g Group32944
f 203 177 1381 1415
g Group59270
f 203 201 176 177
g Group32941
f 1448 1447 1446 1445
g Group32944
f 229 230 1445 1446
g Group59270
f 237 230 229 235
g Group32941
f 1452 1451 1450 1449
g Group32944
f 234 232 1452 1449
f 232 231 1451 1452
g Group59270
f 232 234 233 231
g Group32941
f 1454 1448 1445 1453
g Group32944
f 230 241 1453 1445
g Group59270
f 239 241 230 237
g Group32941
f 1458 1457 1456 1455
g Group32944
f 253 251 1456 1457
g Group59270
f 252 249 251 253
g Group32941
f 1462 1461 1460 1459
g Group32944
f 243 242 1460 1461
g Group59270
f 247 246 242 243
g Group32941
f 1455 1456 1461 1462
g Group32944
f 251 243 1461 1456
g Group59270
f 249 247 243 251
g Group32941
f 1464 1463 1449 1450
g Group32944
f 245 234 1449 1463
f 244 245 1463 1464
g Group59270
f 244 233 234 245
g Group32941
f 1450 1451 1466 1465
g Group32944
f 231 256 1466 1451
g Group59270
f 233 255 256 231
g Group32941
f 1465 1466 1446 1447
g Group32944
f 256 229 1446 1466
g Group59270
f 255 235 229 256
g Group32941
f 1458 1455 1468 1467
g Group59270
f 252 257 258 249
g Group32941
f 1467 1468 1470 1469
g Group32944
f 250 254 1469 1470
g Group59270
f 257 254 250 258
g Group32941
f 1472 1470 1468 1471
g Group32944
f 248 250 1470 1472
g Group59270
f 248 259 258 250
g Group32941
f 1471 1468 1455 1462
g Group59270
f 259 247 249 258
g Group32941
f 1462 1459 1473 1471
g Group59270
f 247 259 260 246
g Group32941
f 1471 1473 1474 1472
g Group32944
f 236 248 1472 1474
g Group59270
f 259 248 236 260
g Group32941
f 1477 1474 1476 1475
g Group32944
f 238 236 1474 1477
g Group59270
f 238 261 262 236
g Group32941
f 1475 1476 1447 1448
g Group59270
f 261 237 235 262
g Group32941
f 1479 1477 1475 1478
g Group32944
f 240 238 1477 1479
g Group59270
f 240 263 261 238
g Group32941
f 1478 1475 1448 1454
g Group59270
f 263 239 237 261
g Group32941
f 1464 1450 1481 1480
g Group32944
f 264 244 1464 1480
g Group59270
f 244 264 265 233
g Group32941
f 1480 1481 1459 1460
g Group32944
f 242 264 1480 1460
g Group59270
f 264 242 246 265
g Group32941
f 1465 1447 1476 1482
g Group59270
f 255 266 262 235
g Group32941
f 1482 1476 1474 1473
g Group59270
f 266 260 236 262
g Group32941
f 1450 1465 1482 1481
g Group59270
f 233 265 266 255
g Group32941
f 1481 1482 1473 1459
g Group59270
f 265 246 260 266
g Group32941
f 1486 1485 1484 1483
g Group32944
f 267 268 1483 1484
g Group59270
f 275 268 267 273
g Group32941
f 1490 1489 1488 1487
g Group32944
f 272 270 1490 1487
f 270 269 1489 1490
g Group59270
f 270 272 271 269
g Group32941
f 1492 1486 1483 1491
g Group32944
f 268 279 1491 1483
g Group59270
f 277 279 268 275
g Group32941
f 1496 1495 1494 1493
g Group32944
f 281 280 1494 1495
g Group59270
f 285 284 280 281
g Group32941
f 1498 1497 1495 1496
g Group32944
f 289 281 1495 1497
g Group59270
f 287 285 281 289
g Group32941
f 1500 1499 1487 1488
g Group32944
f 283 272 1487 1499
f 282 283 1499 1500
g Group59270
f 282 271 272 283
g Group32941
f 1488 1489 1502 1501
g Group32944
f 269 291 1502 1489
g Group59270
f 271 290 291 269
g Group32941
f 1501 1502 1484 1485
g Group32944
f 291 267 1484 1502
g Group59270
f 290 273 267 291
g Group32941
f 1506 1505 1504 1503
g Group32944
f 286 288 1505 1506
g Group59270
f 286 293 292 288
g Group32941
f 1503 1504 1498 1496
g Group59270
f 293 285 287 292
g Group32941
f 1496 1493 1507 1503
g Group59270
f 285 293 294 284
g Group32941
f 1503 1507 1508 1506
g Group32944
f 274 286 1506 1508
g Group59270
f 293 286 274 294
g Group32941
f 1511 1508 1510 1509
g Group32944
f 276 274 1508 1511
g Group59270
f 276 295 296 274
g Group32941
f 1509 1510 1485 1486
g Group59270
f 295 275 273 296
g Group32941
f 1513 1511 1509 1512
g Group32944
f 278 276 1511 1513
g Group59270
f 278 297 295 276
g Group32941
f 1512 1509 1486 1492
g Group59270
f 297 277 275 295
g Group32941
f 1500 1488 1515 1514
g Group32944
f 298 282 1500 1514
g Group59270
f 282 298 299 271
g Group32941
f 1514 1515 1493 1494
g Group32944
f 280 298 1514 1494
g Group59270
f 298 280 284 299
g Group32941
f 1501 1485 1510 1516
g Group59270
f 290 300 296 273
g Group32941
f 1516 1510 1508 1507
g Group59270
f 300 294 274 296
g Group32941
f 1488 1501 1516 1515
g Group59270
f 271 299 300 290
g Group32941
f 1515 1516 1507 1493
g Group59270
f 299 284 294 300
g Group32941
f 1512 1467 1469 1513
g Group32944
f 254 278 1513 1469
g Group59270
f 297 278 254 257
g Group32941
f 1492 1458 1467 1512
g Group59270
f 277 297 257 252
g Group32941
f 1491 1457 1458 1492
g Group32944
f 279 253 1457 1491
g Group59270
f 279 277 252 253
g Group32941
f 1478 1429 1431 1479
g Group32944
f 216 240 1479 1431
g Group59270
f 263 240 216 219
g Group32941
f 1454 1420 1429 1478
g Group59270
f 239 263 219 214
g Group32941
f 1453 1419 1420 1454
g Group32944
f 241 215 1419 1453
g Group59270
f 241 239 214 215
g Group32941
f 1402 1353 1355 1403
g Group32944
f 140 164 1403 1355
g Group59270
f 187 164 140 143
g Group32941
f 1378 1344 1353 1402
g Group59270
f 163 187 143 138
g Group32941
f 1377 1343 1344 1378
g Group32944
f 165 139 1343 1377
g Group59270
f 165 163 138 139
g Group32941
f 1520 1519 1518 1517
g Group32944
f 301 302 1517 1518
g Group59270
f 309 302 301 307
g Group32941
f 1524 1523 1522 1521
g Group32944
f 306 304 1524 1521
f 304 303 1523 1524
g Group59270
f 304 306 305 303
g Group32941
f 1526 1520 1517 1525
g Group32944
f 302 313 1525 1517
g Group59270
f 311 313 302 309
g Group32941
f 1530 1529 1528 1527
g Group32944
f 325 323 1528 1529
g Group59270
f 324 321 323 325
g Group32941
f 1534 1533 1532 1531
g Group32944
f 315 314 1532 1533
g Group59270
f 319 318 314 315
g Group32941
f 1527 1528 1533 1534
g Group32944
f 323 315 1533 1528
g Group59270
f 321 319 315 323
g Group32941
f 1536 1535 1521 1522
g Group32944
f 317 306 1521 1535
f 316 317 1535 1536
g Group59270
f 316 305 306 317
g Group32941
f 1522 1523 1538 1537
g Group32944
f 303 328 1538 1523
g Group59270
f 305 327 328 303
g Group32941
f 1537 1538 1518 1519
g Group32944
f 328 301 1518 1538
g Group59270
f 327 307 301 328
g Group32941
f 1530 1527 1540 1539
g Group59270
f 324 329 330 321
g Group32941
f 1539 1540 1542 1541
g Group32944
f 322 326 1541 1542
g Group59270
f 329 326 322 330
g Group32941
f 1544 1542 1540 1543
g Group32944
f 320 322 1542 1544
g Group59270
f 320 331 330 322
g Group32941
f 1543 1540 1527 1534
g Group59270
f 331 319 321 330
g Group32941
f 1534 1531 1545 1543
g Group59270
f 319 331 332 318
g Group32941
f 1543 1545 1546 1544
g Group32944
f 308 320 1544 1546
g Group59270
f 331 320 308 332
g Group32941
f 1549 1546 1548 1547
g Group32944
f 310 308 1546 1549
g Group59270
f 310 333 334 308
g Group32941
f 1547 1548 1519 1520
g Group59270
f 333 309 307 334
g Group32941
f 1551 1549 1547 1550
g Group32944
f 312 310 1549 1551
g Group59270
f 312 335 333 310
g Group32941
f 1550 1547 1520 1526
g Group59270
f 335 311 309 333
g Group32941
f 1536 1522 1553 1552
g Group32944
f 336 316 1536 1552
g Group59270
f 316 336 337 305
g Group32941
f 1552 1553 1531 1532
g Group32944
f 314 336 1552 1532
g Group59270
f 336 314 318 337
g Group32941
f 1537 1519 1548 1554
g Group59270
f 327 338 334 307
g Group32941
f 1554 1548 1546 1545
g Group59270
f 338 332 308 334
g Group32941
f 1522 1537 1554 1553
g Group59270
f 305 337 338 327
g Group32941
f 1553 1554 1545 1531
g Group59270
f 337 318 332 338
g Group32941
f 1558 1557 1556 1555
g Group32944
f 339 340 1555 1556
g Group59270
f 347 340 339 345
g Group32941
f 1562 1561 1560 1559
g Group32944
f 344 342 1562 1559
f 342 341 1561 1562
g Group59270
f 342 344 343 341
g Group32941
f 1564 1558 1555 1563
g Group32944
f 340 351 1563 1555
g Group59270
f 349 351 340 347
g Group32941
f 1568 1567 1566 1565
g Group32944
f 363 361 1566 1567
g Group59270
f 362 359 361 363
g Group32941
f 1572 1571 1570 1569
g Group32944
f 353 352 1570 1571
g Group59270
f 357 356 352 353
g Group32941
f 1565 1566 1571 1572
g Group32944
f 361 353 1571 1566
g Group59270
f 359 357 353 361
g Group32941
f 1574 1573 1559 1560
g Group32944
f 355 344 1559 1573
f 354 355 1573 1574
g Group59270
f 354 343 344 355
g Group32941
f 1560 1561 1576 1575
g Group32944
f 341 366 1576 1561
g Group59270
f 343 365 366 341
g Group32941
f 1575 1576 1556 1557
g Group32944
f 366 339 1556 1576
g Group59270
f 365 345 339 366
g Group32941
f 1568 1565 1578 1577
g Group59270
f 362 367 368 359
g Group32941
f 1577 1578 1580 1579
g Group32944
f 360 364 1579 1580
g Group59270
f 367 364 360 368
g Group32941
f 1582 1580 1578 1581
g Group32944
f 358 360 1580 1582
g Group59270
f 358 369 368 360
g Group32941
f 1581 1578 1565 1572
g Group59270
f 369 357 359 368
g Group32941
f 1572 1569 1583 1581
g Group59270
f 357 369 370 356
g Group32941
f 1581 1583 1584 1582
g Group32944
f 346 358 1582 1584
g Group59270
f 369 358 346 370
g Group32941
f 1587 1584 1586 1585
g Group32944
f 348 346 1584 1587
g Group59270
f 348 371 372 346
g Group32941
f 1585 1586 1557 1558
g Group59270
f 371 347 345 372
g Group32941
f 1589 1587 1585 1588
g Group32944
f 350 348 1587 1589
g Group59270
f 350 373 371 348
g Group32941
f 1588 1585 1558 1564
g Group59270
f 373 349 347 371
g Group32941
f 1574 1560 1591 1590
g Group32944
f 374 354 1574 1590
g Group59270
f 354 374 375 343
g Group32941
f 1590 1591 1569 1570
g Group32944
f 352 374 1590 1570
g Group59270
f 374 352 356 375
g Group32941
f 1575 1557 1586 1592
g Group59270
f 365 376 372 345
g Group32941
f 1592 1586 1584 1583
g Group59270
f 376 370 346 372
g Group32941
f 1560 1575 1592 1591
g Group59270
f 343 375 376 365
g Group32941
f 1591 1592 1583 1569
g Group59270
f 375 356 370 376
g Group32941
f 1588 1539 1541 1589
g Group32944
f 326 350 1589 1541
g Group59270
f 373 350 326 329
g Group32941
f 1564 1530 1539 1588
g Group59270
f 349 373 329 324
g Group32941
f 1563 1529 1530 1564
g Group32944
f 351 325 1529 1563
g Group59270
f 351 349 324 325
g Group32941
f 1596 1595 1594 1593
g Group32944
f 377 378 1593 1594
g Group59270
f 385 378 377 383
g Group32941
f 1600 1599 1598 1597
g Group32944
f 382 380 1600 1597
f 380 379 1599 1600
g Group59270
f 380 382 381 379
g Group32941
f 1602 1596 1593 1601
g Group32944
f 378 389 1601 1593
g Group59270
f 387 389 378 385
g Group32941
f 1606 1605 1604 1603
g Group32944
f 401 399 1604 1605
g Group59270
f 400 397 399 401
g Group32941
f 1610 1609 1608 1607
g Group32944
f 391 390 1608 1609
g Group59270
f 395 394 390 391
g Group32941
f 1603 1604 1609 1610
g Group32944
f 399 391 1609 1604
g Group59270
f 397 395 391 399
g Group32941
f 1612 1611 1597 1598
g Group32944
f 393 382 1597 1611
f 392 393 1611 1612
g Group59270
f 392 381 382 393
g Group32941
f 1598 1599 1614 1613
g Group32944
f 379 404 1614 1599
g Group59270
f 381 403 404 379
g Group32941
f 1613 1614 1594 1595
g Group32944
f 404 377 1594 1614
g Group59270
f 403 383 377 404
g Group32941
f 1606 1603 1616 1615
g Group59270
f 400 405 406 397
g Group32941
f 1615 1616 1618 1617
g Group32944
f 398 402 1617 1618
g Group59270
f 405 402 398 406
g Group32941
f 1620 1618 1616 1619
g Group32944
f 396 398 1618 1620
g Group59270
f 396 407 406 398
g Group32941
f 1619 1616 1603 1610
g Group59270
f 407 395 397 406
g Group32941
f 1610 1607 1621 1619
g Group59270
f 395 407 408 394
g Group32941
f 1619 1621 1622 1620
g Group32944
f 384 396 1620 1622
g Group59270
f 407 396 384 408
g Group32941
f 1625 1622 1624 1623
g Group32944
f 386 384 1622 1625
g Group59270
f 386 409 410 384
g Group32941
f 1623 1624 1595 1596
g Group59270
f 409 385 383 410
g Group32941
f 1627 1625 1623 1626
g Group32944
f 388 386 1625 1627
g Group59270
f 388 411 409 386
g Group32941
f 1626 1623 1596 1602
g Group59270
f 411 387 385 409
g Group32941
f 1612 1598 1629 1628
g Group32944
f 412 392 1612 1628
g Group59270
f 392 412 413 381
g Group32941
f 1628 1629 1607 1608
g Group32944
f 390 412 1628 1608
g Group59270
f 412 390 394 413
g Group32941
f 1613 1595 1624 1630
g Group59270
f 403 414 410 383
g Group32941
f 1630 1624 1622 1621
g Group59270
f 414 408 384 410
g Group32941
f 1598 1613 1630 1629
g Group59270
f 381 413 414 403
g Group32941
f 1629 1630 1621 1607
g Group59270
f 413 394 408 414
g Group32941
f 1634 1633 1632 1631
g Group32944
f 415 416 1631 1632
g Group59270
f 423 416 415 421
g Group32941
f 1638 1637 1636 1635
g Group32944
f 420 418 1638 1635
f 418 417 1637 1638
g Group59270
f 418 420 419 417
g Group32941
f 1640 1634 1631 1639
g Group32944
f 416 427 1639 1631
g Group59270
f 425 427 416 423
g Group32941
f 1644 1643 1642 1641
g Group32944
f 439 437 1642 1643
g Group59270
f 438 435 437 439
g Group32941
f 1648 1647 1646 1645
g Group32944
f 429 428 1646 1647
g Group59270
f 433 432 428 429
g Group32941
f 1641 1642 1647 1648
g Group32944
f 437 429 1647 1642
g Group59270
f 435 433 429 437
g Group32941
f 1650 1649 1635 1636
g Group32944
f 431 420 1635 1649
f 430 431 1649 1650
g Group59270
f 430 419 420 431
g Group32941
f 1636 1637 1652 1651
g Group32944
f 417 442 1652 1637
g Group59270
f 419 441 442 417
g Group32941
f 1651 1652 1632 1633
g Group32944
f 442 415 1632 1652
g Group59270
f 441 421 415 442
g Group32941
f 1644 1641 1654 1653
g Group59270
f 438 443 444 435
g Group32941
f 1653 1654 1656 1655
g Group32944
f 436 440 1655 1656
g Group59270
f 443 440 436 444
g Group32941
f 1658 1656 1654 1657
g Group32944
f 434 436 1656 1658
g Group59270
f 434 445 444 436
g Group32941
f 1657 1654 1641 1648
g Group59270
f 445 433 435 444
g Group32941
f 1648 1645 1659 1657
g Group59270
f 433 445 446 432
g Group32941
f 1657 1659 1660 1658
g Group32944
f 422 434 1658 1660
g Group59270
f 445 434 422 446
g Group32941
f 1663 1660 1662 1661
g Group32944
f 424 422 1660 1663
g Group59270
f 424 447 448 422
g Group32941
f 1661 1662 1633 1634
g Group59270
f 447 423 421 448
g Group32941
f 1665 1663 1661 1664
g Group32944
f 426 424 1663 1665
g Group59270
f 426 449 447 424
g Group32941
f 1664 1661 1634 1640
g Group59270
f 449 425 423 447
g Group32941
f 1650 1636 1667 1666
g Group32944
f 450 430 1650 1666
g Group59270
f 430 450 451 419
g Group32941
f 1666 1667 1645 1646
g Group32944
f 428 450 1666 1646
g Group59270
f 450 428 432 451
g Group32941
f 1651 1633 1662 1668
g Group59270
f 441 452 448 421
g Group32941
f 1668 1662 1660 1659
g Group59270
f 452 446 422 448
g Group32941
f 1636 1651 1668 1667
g Group59270
f 419 451 452 441
g Group32941
f 1667 1668 1659 1645
g Group59270
f 451 432 446 452
g Group32941
f 1664 1615 1617 1665
g Group32944
f 402 426 1665 1617
g Group59270
f 449 426 402 405
g Group32941
f 1640 1606 1615 1664
g Group59270
f 425 449 405 400
g Group32941
f 1639 1605 1606 1640
g Group32944
f 427 401 1605 1639
g Group59270
f 427 425 400 401
g Group32941
f 1626 1577 1579 1627
g Group32944
f 364 388 1627 1579
g Group59270
f 411 388 364 367
g Group32941
f 1602 1568 1577 1626
g Group59270
f 387 411 367 362
g Group32941
f 1601 1567 1568 1602
g Group32944
f 389 363 1567 1601
g Group59270
f 389 387 362 363
g Group32941
f 1672 1671 1670 1669
g Group32944
f 453 454 1669 1670
g Group59270
f 461 454 453 459
g Group32941
f 1676 1675 1674 1673
g Group32944
f 458 456 1676 1673
f 456 455 1675 1676
g Group59270
f 456 458 457 455
g Group32941
f 1678 1672 1669 1677
g Group32944
f 454 465 1677 1669
g Group59270
f 463 465 454 461
g Group32941
f 1682 1681 1680 1679
g Group32944
f 477 475 1680 1681
g Group59270
f 476 473 475 477
g Group32941
f 1686 1685 1684 1683
g Group32944
f 467 466 1684 1685
g Group59270
f 471 470 466 467
g Group32941
f 1679 1680 1685 1686
g Group32944
f 475 467 1685 1680
g Group59270
f 473 471 467 475
g Group32941
f 1688 1687 1673 1674
g Group32944
f 469 458 1673 1687
f 468 469 1687 1688
g Group59270
f 468 457 458 469
g Group32941
f 1674 1675 1690 1689
g Group32944
f 455 480 1690 1675
g Group59270
f 457 479 480 455
g Group32941
f 1689 1690 1670 1671
g Group32944
f 480 453 1670 1690
g Group59270
f 479 459 453 480
g Group32941
f 1682 1679 1692 1691
g Group59270
f 476 481 482 473
g Group32941
f 1691 1692 1694 1693
g Group32944
f 474 478 1693 1694
g Group59270
f 481 478 474 482
g Group32941
f 1696 1694 1692 1695
g Group32944
f 472 474 1694 1696
g Group59270
f 472 483 482 474
g Group32941
f 1695 1692 1679 1686
g Group59270
f 483 471 473 482
g Group32941
f 1686 1683 1697 1695
g Group59270
f 471 483 484 470
g Group32941
f 1695 1697 1698 1696
g Group32944
f 460 472 1696 1698
g Group59270
f 483 472 460 484
g Group32941
f 1701 1698 1700 1699
g Group32944
f 462 460 1698 1701
g Group59270
f 462 485 486 460
g Group32941
f 1699 1700 1671 1672
g Group59270
f 485 461 459 486
g Group32941
f 1703 1701 1699 1702
g Group32944
f 464 462 1701 1703
g Group59270
f 464 487 485 462
g Group32941
f 1702 1699 1672 1678
g Group59270
f 487 463 461 485
g Group32941
f 1688 1674 1705 1704
g Group32944
f 488 468 1688 1704
g Group59270
f 468 488 489 457
g Group32941
f 1704 1705 1683 1684
g Group32944
f 466 488 1704 1684
g Group59270
f 488 466 470 489
g Group32941
f 1689 1671 1700 1706
g Group59270
f 479 490 486 459
g Group32941
f 1706 1700 1698 1697
g Group59270
f 490 484 460 486
g Group32941
f 1674 1689 1706 1705
g Group59270
f 457 489 490 479
g Group32941
f 1705 1706 1697 1683
g Group59270
f 489 470 484 490
g Group32941
f 1710 1709 1708 1707
g Group32944
f 491 492 1707 1708
g Group59270
f 499 492 491 497
g Group32941
f 1714 1713 1712 1711
g Group32944
f 496 494 1714 1711
f 494 493 1713 1714
g Group59270
f 494 496 495 493
g Group32941
f 1716 1710 1707 1715
g Group32944
f 492 503 1715 1707
g Group59270
f 501 503 492 499
g Group32941
f 1720 1719 1718 1717
g Group32944
f 515 513 1718 1719
g Group59270
f 514 511 513 515
g Group32941
f 1724 1723 1722 1721
g Group32944
f 505 504 1722 1723
g Group59270
f 509 508 504 505
g Group32941
f 1717 1718 1723 1724
g Group32944
f 513 505 1723 1718
g Group59270
f 511 509 505 513
g Group32941
f 1726 1725 1711 1712
g Group32944
f 507 496 1711 1725
f 506 507 1725 1726
g Group59270
f 506 495 496 507
g Group32941
f 1712 1713 1728 1727
g Group32944
f 493 518 1728 1713
g Group59270
f 495 517 518 493
g Group32941
f 1727 1728 1708 1709
g Group32944
f 518 491 1708 1728
g Group59270
f 517 497 491 518
g Group32941
f 1720 1717 1730 1729
g Group59270
f 514 519 520 511
g Group32941
f 1729 1730 1732 1731
g Group32944
f 512 516 1731 1732
g Group59270
f 519 516 512 520
g Group32941
f 1734 1732 1730 1733
g Group32944
f 510 512 1732 1734
g Group59270
f 510 521 520 512
g Group32941
f 1733 1730 1717 1724
g Group59270
f 521 509 511 520
g Group32941
f 1724 1721 1735 1733
g Group59270
f 509 521 522 508
g Group32941
f 1733 1735 1736 1734
g Group32944
f 498 510 1734 1736
g Group59270
f 521 510 498 522
g Group32941
f 1739 1736 1738 1737
g Group32944
f 500 498 1736 1739
g Group59270
f 500 523 524 498
g Group32941
f 1737 1738 1709 1710
g Group59270
f 523 499 497 524
g Group32941
f 1741 1739 1737 1740
g Group32944
f 502 500 1739 1741
g Group59270
f 502 525 523 500
g Group32941
f 1740 1737 1710 1716
g Group59270
f 525 501 499 523
g Group32941
f 1726 1712 1743 1742
g Group32944
f 526 506 1726 1742
g Group59270
f 506 526 527 495
g Group32941
f 1742 1743 1721 1722
g Group32944
f 504 526 1742 1722
g Group59270
f 526 504 508 527
g Group32941
f 1727 1709 1738 1744
g Group59270
f 517 528 524 497
g Group32941
f 1744 1738 1736 1735
g Group59270
f 528 522 498 524
g Group32941
f 1712 1727 1744 1743
g Group59270
f 495 527 528 517
g Group32941
f 1743 1744 1735 1721
g Group59270
f 527 508 522 528
g Group32941
f 1740 1691 1693 1741
g Group32944
f 478 502 1741 1693
g Group59270
f 525 502 478 481
g Group32941
f 1716 1682 1691 1740
g Group59270
f 501 525 481 476
g Group32941
f 1715 1681 1682 1716
g Group32944
f 503 477 1681 1715
g Group59270
f 503 501 476 477
g Group32941
f 1748 1747 1746 1745
g Group32944
f 529 530 1745 1746
g Group59270
f 537 530 529 535
g Group32941
f 1752 1751 1750 1749
g Group32944
f 534 532 1752 1749
f 532 531 1751 1752
g Group59270
f 532 534 533 531
g Group32941
f 1754 1748 1745 1753
g Group32944
f 530 541 1753 1745
g Group59270
f 539 541 530 537
g Group32941
f 1758 1757 1756 1755
g Group32944
f 553 551 1756 1757
g Group59270
f 552 549 551 553
g Group32941
f 1762 1761 1760 1759
g Group32944
f 543 542 1760 1761
g Group59270
f 547 546 542 543
g Group32941
f 1755 1756 1761 1762
g Group32944
f 551 543 1761 1756
g Group59270
f 549 547 543 551
g Group32941
f 1764 1763 1749 1750
g Group32944
f 545 534 1749 1763
f 544 545 1763 1764
g Group59270
f 544 533 534 545
g Group32941
f 1750 1751 1766 1765
g Group32944
f 531 556 1766 1751
g Group59270
f 533 555 556 531
g Group32941
f 1765 1766 1746 1747
g Group32944
f 556 529 1746 1766
g Group59270
f 555 535 529 556
g Group32941
f 1758 1755 1768 1767
g Group59270
f 552 557 558 549
g Group32941
f 1767 1768 1770 1769
g Group32944
f 550 554 1769 1770
g Group59270
f 557 554 550 558
g Group32941
f 1772 1770 1768 1771
g Group32944
f 548 550 1770 1772
g Group59270
f 548 559 558 550
g Group32941
f 1771 1768 1755 1762
g Group59270
f 559 547 549 558
g Group32941
f 1762 1759 1773 1771
g Group59270
f 547 559 560 546
g Group32941
f 1771 1773 1774 1772
g Group32944
f 536 548 1772 1774
g Group59270
f 559 548 536 560
g Group32941
f 1777 1774 1776 1775
g Group32944
f 538 536 1774 1777
g Group59270
f 538 561 562 536
g Group32941
f 1775 1776 1747 1748
g Group59270
f 561 537 535 562
g Group32941
f 1779 1777 1775 1778
g Group32944
f 540 538 1777 1779
g Group59270
f 540 563 561 538
g Group32941
f 1778 1775 1748 1754
g Group59270
f 563 539 537 561
g Group32941
f 1764 1750 1781 1780
g Group32944
f 564 544 1764 1780
g Group59270
f 544 564 565 533
g Group32941
f 1780 1781 1759 1760
g Group32944
f 542 564 1780 1760
g Group59270
f 564 542 546 565
g Group32941
f 1765 1747 1776 1782
g Group59270
f 555 566 562 535
g Group32941
f 1782 1776 1774 1773
g Group59270
f 566 560 536 562
g Group32941
f 1750 1765 1782 1781
g Group59270
f 533 565 566 555
g Group32941
f 1781 1782 1773 1759
g Group59270
f 565 546 560 566
g Group32941
f 1786 1785 1784 1783
g Group32944
f 567 568 1783 1784
g Group59270
f 575 568 567 573
g Group32941
f 1790 1789 1788 1787
g Group32944
f 572 570 1790 1787
f 570 569 1789 1790
g Group59270
f 570 572 571 569
g Group32941
f 1792 1786 1783 1791
g Group32944
f 568 579 1791 1783
g Group59270
f 577 579 568 575
g Group32941
f 1796 1795 1794 1793
g Group32944
f 591 589 1794 1795
g Group59270
f 590 587 589 591
g Group32941
f 1800 1799 1798 1797
g Group32944
f 581 580 1798 1799
g Group59270
f 585 584 580 581
g Group32941
f 1793 1794 1799 1800
g Group32944
f 589 581 1799 1794
g Group59270
f 587 585 581 589
g Group32941
f 1802 1801 1787 1788
g Group32944
f 583 572 1787 1801
f 582 583 1801 1802
g Group59270
f 582 571 572 583
g Group32941
f 1788 1789 1804 1803
g Group32944
f 569 594 1804 1789
g Group59270
f 571 593 594 569
g Group32941
f 1803 1804 1784 1785
g Group32944
f 594 567 1784 1804
g Group59270
f 593 573 567 594
g Group32941
f 1796 1793 1806 1805
g Group59270
f 590 595 596 587
g Group32941
f 1805 1806 1808 1807
g Group32944
f 588 592 1807 1808
g Group59270
f 595 592 588 596
g Group32941
f 1810 1808 1806 1809
g Group32944
f 586 588 1808 1810
g Group59270
f 586 597 596 588
g Group32941
f 1809 1806 1793 1800
g Group59270
f 597 585 587 596
g Group32941
f 1800 1797 1811 1809
g Group59270
f 585 597 598 584
g Group32941
f 1809 1811 1812 1810
g Group32944
f 574 586 1810 1812
g Group59270
f 597 586 574 598
g Group32941
f 1815 1812 1814 1813
g Group32944
f 576 574 1812 1815
g Group59270
f 576 599 600 574
g Group32941
f 1813 1814 1785 1786
g Group59270
f 599 575 573 600
g Group32941
f 1817 1815 1813 1816
g Group32944
f 578 576 1815 1817
g Group59270
f 578 601 599 576
g Group32941
f 1816 1813 1786 1792
g Group59270
f 601 577 575 599
g Group32941
f 1802 1788 1819 1818
g Group32944
f 602 582 1802 1818
g Group59270
f 582 602 603 571
g Group32941
f 1818 1819 1797 1798
g Group32944
f 580 602 1818 1798
g Group59270
f 602 580 584 603
g Group32941
f 1803 1785 1814 1820
g Group59270
f 593 604 600 573
g Group32941
f 1820 1814 1812 1811
g Group59270
f 604 598 574 600
g Group32941
f 1788 1803 1820 1819
g Group59270
f 571 603 604 593
g Group32941
f 1819 1820 1811 1797
g Group59270
f 603 584 598 604
g Group32941
f 1816 1767 1769 1817
g Group32944
f 554 578 1817 1769
g Group59270
f 601 578 554 557
g Group32941
f 1792 1758 1767 1816
g Group59270
f 577 601 557 552
g Group32941
f 1791 1757 1758 1792
g Group32944
f 579 553 1757 1791
g Group59270
f 579 577 552 553
g Group32941
f 1778 1729 1731 1779
g Group32944
f 516 540 1779 1731
g Group59270
f 563 540 516 519
g Group32941
f 1754 1720 1729 1778
g Group59270
f 539 563 519 514
g Group32941
f 1753 1719 1720 1754
g Group32944
f 541 515 1719 1753
g Group59270
f 541 539 514 515
g Group32941
f 1702 1653 1655 1703
g Group32944
f 440 464 1703 1655
g Group59270
f 487 464 440 443
g Group32941
f 1678 1644 1653 1702
g Group59270
f 463 487 443 438
g Group32941
f 1677 1643 1644 1678
g Group32944
f 465 439 1643 1677
g Group59270
f 465 463 438 439
g Group32941
f 1250 1805 1807 1251
g Group32944
f 592 12 1251 1807
g Group59270
f 35 12 592 595
g Group32941
f 1226 1796 1805 1250
g Group59270
f 11 35 595 590
g Group32941
f 1225 1795 1796 1226
g Group32944
f 13 591 1795 1225
g Group59270
f 13 11 590 591
g Group32941
f 1824 1823 1822 1821
g Group32944
f 606 605 1822 1823
g Group59270
f 613 611 605 606
g Group32941
f 1828 1827 1826 1825
g Group32944
f 607 608 1828 1825
f 608 610 1827 1828
g Group59270
f 608 607 609 610
g Group32941
f 1830 1829 1823 1824
g Group32944
f 617 606 1823 1829
g Group59270
f 615 613 606 617
g Group32941
f 1834 1833 1832 1831
g Group32944
f 627 629 1831 1832
g Group59270
f 628 629 627 625
g Group32941
f 1838 1837 1836 1835
g Group32944
f 618 619 1835 1836
g Group59270
f 623 619 618 622
g Group32941
f 1833 1838 1835 1832
g Group32944
f 619 627 1832 1835
g Group59270
f 625 627 619 623
g Group32941
f 1840 1826 1827 1839
g Group32944
f 621 620 1840 1839
f 610 621 1839 1827
g Group59270
f 620 621 610 609
g Group32941
f 1826 1842 1841 1825
g Group32944
f 632 607 1825 1841
g Group59270
f 609 607 632 631
g Group32941
f 1842 1821 1822 1841
g Group32944
f 605 632 1841 1822
g Group59270
f 631 632 605 611
g Group32941
f 1834 1844 1843 1833
g Group59270
f 628 625 634 633
g Group32941
f 1844 1846 1845 1843
g Group32944
f 630 626 1845 1846
g Group59270
f 633 634 626 630
g Group32941
f 1848 1847 1843 1845
g Group32944
f 626 624 1848 1845
g Group59270
f 624 626 634 635
g Group32941
f 1847 1838 1833 1843
g Group59270
f 635 634 625 623
g Group32941
f 1838 1847 1849 1837
g Group59270
f 623 622 636 635
g Group32941
f 1847 1848 1850 1849
g Group32944
f 624 612 1850 1848
g Group59270
f 635 636 612 624
g Group32941
f 1853 1852 1851 1850
g Group32944
f 612 614 1853 1850
g Group59270
f 614 612 638 637
g Group32941
f 1852 1824 1821 1851
g Group59270
f 637 638 611 613
g Group32941
f 1855 1854 1852 1853
g Group32944
f 614 616 1855 1853
g Group59270
f 616 614 637 639
g Group32941
f 1854 1830 1824 1852
g Group59270
f 639 637 613 615
g Group32941
f 1840 1857 1856 1826
g Group32944
f 620 640 1857 1840
g Group59270
f 620 609 641 640
g Group32941
f 1857 1836 1837 1856
g Group32944
f 640 618 1836 1857
g Group59270
f 640 641 622 618
g Group32941
f 1842 1858 1851 1821
g Group59270
f 631 611 638 642
g Group32941
f 1858 1849 1850 1851
g Group59270
f 642 638 612 636
g Group32941
f 1826 1856 1858 1842
g Group59270
f 609 631 642 641
g Group32941
f 1856 1837 1849 1858
g Group59270
f 641 642 636 622
g Group32941
f 1862 1861 1860 1859
g Group32944
f 644 643 1860 1861
g Group59270
f 651 649 643 644
g Group32941
f 1866 1865 1864 1863
g Group32944
f 645 646 1866 1863
f 646 648 1865 1866
g Group59270
f 646 645 647 648
g Group32941
f 1868 1867 1861 1862
g Group32944
f 655 644 1861 1867
g Group59270
f 653 651 644 655
g Group32941
f 1872 1871 1870 1869
g Group32944
f 665 667 1869 1870
g Group59270
f 666 667 665 663
g Group32941
f 1876 1875 1874 1873
g Group32944
f 656 657 1873 1874
g Group59270
f 661 657 656 660
g Group32941
f 1871 1876 1873 1870
g Group32944
f 657 665 1870 1873
g Group59270
f 663 665 657 661
g Group32941
f 1878 1864 1865 1877
g Group32944
f 659 658 1878 1877
f 648 659 1877 1865
g Group59270
f 658 659 648 647
g Group32941
f 1864 1880 1879 1863
g Group32944
f 670 645 1863 1879
g Group59270
f 647 645 670 669
g Group32941
f 1880 1859 1860 1879
g Group32944
f 643 670 1879 1860
g Group59270
f 669 670 643 649
g Group32941
f 1872 1882 1881 1871
g Group59270
f 666 663 672 671
g Group32941
f 1882 1884 1883 1881
g Group32944
f 668 664 1883 1884
g Group59270
f 671 672 664 668
g Group32941
f 1886 1885 1881 1883
g Group32944
f 664 662 1886 1883
g Group59270
f 662 664 672 673
g Group32941
f 1885 1876 1871 1881
g Group59270
f 673 672 663 661
g Group32941
f 1876 1885 1887 1875
g Group59270
f 661 660 674 673
g Group32941
f 1885 1886 1888 1887
g Group32944
f 662 650 1888 1886
g Group59270
f 673 674 650 662
g Group32941
f 1891 1890 1889 1888
g Group32944
f 650 652 1891 1888
g Group59270
f 652 650 676 675
g Group32941
f 1890 1862 1859 1889
g Group59270
f 675 676 649 651
g Group32941
f 1893 1892 1890 1891
g Group32944
f 652 654 1893 1891
g Group59270
f 654 652 675 677
g Group32941
f 1892 1868 1862 1890
g Group59270
f 677 675 651 653
g Group32941
f 1878 1895 1894 1864
g Group32944
f 658 678 1895 1878
g Group59270
f 658 647 679 678
g Group32941
f 1895 1874 1875 1894
g Group32944
f 678 656 1874 1895
g Group59270
f 678 679 660 656
g Group32941
f 1880 1896 1889 1859
g Group59270
f 669 649 676 680
g Group32941
f 1896 1887 1888 1889
g Group59270
f 680 676 650 674
g Group32941
f 1864 1894 1896 1880
g Group59270
f 647 669 680 679
g Group32941
f 1894 1875 1887 1896
g Group59270
f 679 680 674 660
g Group32941
f 1892 1893 1846 1844
g Group32944
f 654 630 1846 1893
g Group59270
f 677 633 630 654
g Group32941
f 1868 1892 1844 1834
g Group59270
f 653 628 633 677
g Group32941
f 1867 1868 1834 1831
g Group32944
f 629 655 1867 1831
g Group59270
f 655 629 628 653
g Group32941
f 1900 1899 1898 1897
g Group32944
f 682 681 1898 1899
g Group59270
f 689 687 681 682
g Group32941
f 1904 1903 1902 1901
g Group32944
f 683 684 1904 1901
f 684 686 1903 1904
g Group59270
f 684 683 685 686
g Group32941
f 1906 1905 1899 1900
g Group32944
f 693 682 1899 1905
g Group59270
f 691 689 682 693
g Group32941
f 1910 1909 1908 1907
g Group32944
f 703 705 1907 1908
g Group59270
f 704 705 703 701
g Group32941
f 1914 1913 1912 1911
g Group32944
f 694 695 1911 1912
g Group59270
f 699 695 694 698
g Group32941
f 1909 1914 1911 1908
g Group32944
f 695 703 1908 1911
g Group59270
f 701 703 695 699
g Group32941
f 1916 1902 1903 1915
g Group32944
f 697 696 1916 1915
f 686 697 1915 1903
g Group59270
f 696 697 686 685
g Group32941
f 1902 1918 1917 1901
g Group32944
f 708 683 1901 1917
g Group59270
f 685 683 708 707
g Group32941
f 1918 1897 1898 1917
g Group32944
f 681 708 1917 1898
g Group59270
f 707 708 681 687
g Group32941
f 1910 1920 1919 1909
g Group59270
f 704 701 710 709
g Group32941
f 1920 1922 1921 1919
g Group32944
f 706 702 1921 1922
g Group59270
f 709 710 702 706
g Group32941
f 1924 1923 1919 1921
g Group32944
f 702 700 1924 1921
g Group59270
f 700 702 710 711
g Group32941
f 1923 1914 1909 1919
g Group59270
f 711 710 701 699
g Group32941
f 1914 1923 1925 1913
g Group59270
f 699 698 712 711
g Group32941
f 1923 1924 1926 1925
g Group32944
f 700 688 1926 1924
g Group59270
f 711 712 688 700
g Group32941
f 1929 1928 1927 1926
g Group32944
f 688 690 1929 1926
g Group59270
f 690 688 714 713
g Group32941
f 1928 1900 1897 1927
g Group59270
f 713 714 687 689
g Group32941
f 1931 1930 1928 1929
g Group32944
f 690 692 1931 1929
g Group59270
f 692 690 713 715
g Group32941
f 1930 1906 1900 1928
g Group59270
f 715 713 689 691
g Group32941
f 1916 1933 1932 1902
g Group32944
f 696 716 1933 1916
g Group59270
f 696 685 717 716
g Group32941
f 1933 1912 1913 1932
g Group32944
f 716 694 1912 1933
g Group59270
f 716 717 698 694
g Group32941
f 1918 1934 1927 1897
g Group59270
f 707 687 714 718
g Group32941
f 1934 1925 1926 1927
g Group59270
f 718 714 688 712
g Group32941
f 1902 1932 1934 1918
g Group59270
f 685 707 718 717
g Group32941
f 1932 1913 1925 1934
g Group59270
f 717 718 712 698
g Group32941
f 1938 1937 1936 1935
g Group32944
f 720 719 1936 1937
g Group59270
f 727 725 719 720
g Group32941
f 1942 1941 1940 1939
g Group32944
f 721 722 1942 1939
f 722 724 1941 1942
g Group59270
f 722 721 723 724
g Group32941
f 1944 1943 1937 1938
g Group32944
f 731 720 1937 1943
g Group59270
f 729 727 720 731
g Group32941
f 1948 1947 1946 1945
g Group32944
f 741 743 1945 1946
g Group59270
f 742 743 741 739
g Group32941
f 1952 1951 1950 1949
g Group32944
f 732 733 1949 1950
g Group59270
f 737 733 732 736
g Group32941
f 1947 1952 1949 1946
g Group32944
f 733 741 1946 1949
g Group59270
f 739 741 733 737
g Group32941
f 1954 1940 1941 1953
g Group32944
f 735 734 1954 1953
f 724 735 1953 1941
g Group59270
f 734 735 724 723
g Group32941
f 1940 1956 1955 1939
g Group32944
f 746 721 1939 1955
g Group59270
f 723 721 746 745
g Group32941
f 1956 1935 1936 1955
g Group32944
f 719 746 1955 1936
g Group59270
f 745 746 719 725
g Group32941
f 1948 1958 1957 1947
g Group59270
f 742 739 748 747
g Group32941
f 1958 1960 1959 1957
g Group32944
f 744 740 1959 1960
g Group59270
f 747 748 740 744
g Group32941
f 1962 1961 1957 1959
g Group32944
f 740 738 1962 1959
g Group59270
f 738 740 748 749
g Group32941
f 1961 1952 1947 1957
g Group59270
f 749 748 739 737
g Group32941
f 1952 1961 1963 1951
g Group59270
f 737 736 750 749
g Group32941
f 1961 1962 1964 1963
g Group32944
f 738 726 1964 1962
g Group59270
f 749 750 726 738
g Group32941
f 1967 1966 1965 1964
g Group32944
f 726 728 1967 1964
g Group59270
f 728 726 752 751
g Group32941
f 1966 1938 1935 1965
g Group59270
f 751 752 725 727
g Group32941
f 1969 1968 1966 1967
g Group32944
f 728 730 1969 1967
g Group59270
f 730 728 751 753
g Group32941
f 1968 1944 1938 1966
g Group59270
f 753 751 727 729
g Group32941
f 1954 1971 1970 1940
g Group32944
f 734 754 1971 1954
g Group59270
f 734 723 755 754
g Group32941
f 1971 1950 1951 1970
g Group32944
f 754 732 1950 1971
g Group59270
f 754 755 736 732
g Group32941
f 1956 1972 1965 1935
g Group59270
f 745 725 752 756
g Group32941
f 1972 1963 1964 1965
g Group59270
f 756 752 726 750
g Group32941
f 1940 1970 1972 1956
g Group59270
f 723 745 756 755
g Group32941
f 1970 1951 1963 1972
g Group59270
f 755 756 750 736
g Group32941
f 1968 1969 1922 1920
g Group32944
f 730 706 1922 1969
g Group59270
f 753 709 706 730
g Group32941
f 1944 1968 1920 1910
g Group59270
f 729 704 709 753
g Group32941
f 1943 1944 1910 1907
g Group32944
f 705 731 1943 1907
g Group59270
f 731 705 704 729
g Group32941
f 1930 1931 1884 1882
g Group32944
f 692 668 1884 1931
g Group59270
f 715 671 668 692
g Group32941
f 1906 1930 1882 1872
g Group59270
f 691 666 671 715
g Group32941
f 1905 1906 1872 1869
g Group32944
f 667 693 1905 1869
g Group59270
f 693 667 666 691
g Group32941
f 1976 1975 1974 1973
g Group32944
f 758 757 1974 1975
g Group59270
f 765 763 757 758
g Group32941
f 1980 1979 1978 1977
g Group32944
f 759 760 1980 1977
f 760 762 1979 1980
g Group59270
f 760 759 761 762
g Group32941
f 1982 1981 1975 1976
g Group32944
f 769 758 1975 1981
g Group59270
f 767 765 758 769
g Group32941
f 1986 1985 1984 1983
g Group32944
f 779 781 1983 1984
g Group59270
f 780 781 779 777
g Group32941
f 1990 1989 1988 1987
g Group32944
f 770 771 1987 1988
g Group59270
f 775 771 770 774
g Group32941
f 1985 1990 1987 1984
g Group32944
f 771 779 1984 1987
g Group59270
f 777 779 771 775
g Group32941
f 1992 1978 1979 1991
g Group32944
f 773 772 1992 1991
f 762 773 1991 1979
g Group59270
f 772 773 762 761
g Group32941
f 1978 1994 1993 1977
g Group32944
f 784 759 1977 1993
g Group59270
f 761 759 784 783
g Group32941
f 1994 1973 1974 1993
g Group32944
f 757 784 1993 1974
g Group59270
f 783 784 757 763
g Group32941
f 1986 1996 1995 1985
g Group59270
f 780 777 786 785
g Group32941
f 1996 1998 1997 1995
g Group32944
f 782 778 1997 1998
g Group59270
f 785 786 778 782
g Group32941
f 2000 1999 1995 1997
g Group32944
f 778 776 2000 1997
g Group59270
f 776 778 786 787
g Group32941
f 1999 1990 1985 1995
g Group59270
f 787 786 777 775
g Group32941
f 1990 1999 2001 1989
g Group59270
f 775 774 788 787
g Group32941
f 1999 2000 2002 2001
g Group32944
f 776 764 2002 2000
g Group59270
f 787 788 764 776
g Group32941
f 2005 2004 2003 2002
g Group32944
f 764 766 2005 2002
g Group59270
f 766 764 790 789
g Group32941
f 2004 1976 1973 2003
g Group59270
f 789 790 763 765
g Group32941
f 2007 2006 2004 2005
g Group32944
f 766 768 2007 2005
g Group59270
f 768 766 789 791
g Group32941
f 2006 1982 1976 2004
g Group59270
f 791 789 765 767
g Group32941
f 1992 2009 2008 1978
g Group32944
f 772 792 2009 1992
g Group59270
f 772 761 793 792
g Group32941
f 2009 1988 1989 2008
g Group32944
f 792 770 1988 2009
g Group59270
f 792 793 774 770
g Group32941
f 1994 2010 2003 1973
g Group59270
f 783 763 790 794
g Group32941
f 2010 2001 2002 2003
g Group59270
f 794 790 764 788
g Group32941
f 1978 2008 2010 1994
g Group59270
f 761 783 794 793
g Group32941
f 2008 1989 2001 2010
g Group59270
f 793 794 788 774
g Group32941
f 2014 2013 2012 2011
g Group32944
f 796 795 2012 2013
g Group59270
f 803 801 795 796
g Group32941
f 2018 2017 2016 2015
g Group32944
f 797 798 2018 2015
f 798 800 2017 2018
g Group59270
f 798 797 799 800
g Group32941
f 2020 2019 2013 2014
g Group32944
f 807 796 2013 2019
g Group59270
f 805 803 796 807
g Group32941
f 2024 2023 2022 2021
g Group32944
f 817 819 2021 2022
g Group59270
f 818 819 817 815
g Group32941
f 2028 2027 2026 2025
g Group32944
f 808 809 2025 2026
g Group59270
f 813 809 808 812
g Group32941
f 2023 2028 2025 2022
g Group32944
f 809 817 2022 2025
g Group59270
f 815 817 809 813
g Group32941
f 2030 2016 2017 2029
g Group32944
f 811 810 2030 2029
f 800 811 2029 2017
g Group59270
f 810 811 800 799
g Group32941
f 2016 2032 2031 2015
g Group32944
f 822 797 2015 2031
g Group59270
f 799 797 822 821
g Group32941
f 2032 2011 2012 2031
g Group32944
f 795 822 2031 2012
g Group59270
f 821 822 795 801
g Group32941
f 2024 2034 2033 2023
g Group59270
f 818 815 824 823
g Group32941
f 2034 2036 2035 2033
g Group32944
f 820 816 2035 2036
g Group59270
f 823 824 816 820
g Group32941
f 2038 2037 2033 2035
g Group32944
f 816 814 2038 2035
g Group59270
f 814 816 824 825
g Group32941
f 2037 2028 2023 2033
g Group59270
f 825 824 815 813
g Group32941
f 2028 2037 2039 2027
g Group59270
f 813 812 826 825
g Group32941
f 2037 2038 2040 2039
g Group32944
f 814 802 2040 2038
g Group59270
f 825 826 802 814
g Group32941
f 2043 2042 2041 2040
g Group32944
f 802 804 2043 2040
g Group59270
f 804 802 828 827
g Group32941
f 2042 2014 2011 2041
g Group59270
f 827 828 801 803
g Group32941
f 2045 2044 2042 2043
g Group32944
f 804 806 2045 2043
g Group59270
f 806 804 827 829
g Group32941
f 2044 2020 2014 2042
g Group59270
f 829 827 803 805
g Group32941
f 2030 2047 2046 2016
g Group32944
f 810 830 2047 2030
g Group59270
f 810 799 831 830
g Group32941
f 2047 2026 2027 2046
g Group32944
f 830 808 2026 2047
g Group59270
f 830 831 812 808
g Group32941
f 2032 2048 2041 2011
g Group59270
f 821 801 828 832
g Group32941
f 2048 2039 2040 2041
g Group59270
f 832 828 802 826
g Group32941
f 2016 2046 2048 2032
g Group59270
f 799 821 832 831
g Group32941
f 2046 2027 2039 2048
g Group59270
f 831 832 826 812
g Group32941
f 2044 2045 1998 1996
g Group32944
f 806 782 1998 2045
g Group59270
f 829 785 782 806
g Group32941
f 2020 2044 1996 1986
g Group59270
f 805 780 785 829
g Group32941
f 2019 2020 1986 1983
g Group32944
f 781 807 2019 1983
g Group59270
f 807 781 780 805
g Group32941
f 2052 2051 2050 2049
g Group32944
f 834 833 2050 2051
g Group59270
f 841 839 833 834
g Group32941
f 2056 2055 2054 2053
g Group32944
f 835 836 2056 2053
f 836 838 2055 2056
g Group59270
f 836 835 837 838
g Group32941
f 2058 2057 2051 2052
g Group32944
f 845 834 2051 2057
g Group59270
f 843 841 834 845
g Group32941
f 2062 2061 2060 2059
g Group32944
f 855 857 2059 2060
g Group59270
f 856 857 855 853
g Group32941
f 2066 2065 2064 2063
g Group32944
f 846 847 2063 2064
g Group59270
f 851 847 846 850
g Group32941
f 2061 2066 2063 2060
g Group32944
f 847 855 2060 2063
g Group59270
f 853 855 847 851
g Group32941
f 2068 2054 2055 2067
g Group32944
f 849 848 2068 2067
f 838 849 2067 2055
g Group59270
f 848 849 838 837
g Group32941
f 2054 2070 2069 2053
g Group32944
f 860 835 2053 2069
g Group59270
f 837 835 860 859
g Group32941
f 2070 2049 2050 2069
g Group32944
f 833 860 2069 2050
g Group59270
f 859 860 833 839
g Group32941
f 2062 2072 2071 2061
g Group59270
f 856 853 862 861
g Group32941
f 2072 2074 2073 2071
g Group32944
f 858 854 2073 2074
g Group59270
f 861 862 854 858
g Group32941
f 2076 2075 2071 2073
g Group32944
f 854 852 2076 2073
g Group59270
f 852 854 862 863
g Group32941
f 2075 2066 2061 2071
g Group59270
f 863 862 853 851
g Group32941
f 2066 2075 2077 2065
g Group59270
f 851 850 864 863
g Group32941
f 2075 2076 2078 2077
g Group32944
f 852 840 2078 2076
g Group59270
f 863 864 840 852
g Group32941
f 2081 2080 2079 2078
g Group32944
f 840 842 2081 2078
g Group59270
f 842 840 866 865
g Group32941
f 2080 2052 2049 2079
g Group59270
f 865 866 839 841
g Group32941
f 2083 2082 2080 2081
g Group32944
f 842 844 2083 2081
g Group59270
f 844 842 865 867
g Group32941
f 2082 2058 2052 2080
g Group59270
f 867 865 841 843
g Group32941
f 2068 2085 2084 2054
g Group32944
f 848 868 2085 2068
g Group59270
f 848 837 869 868
g Group32941
f 2085 2064 2065 2084
g Group32944
f 868 846 2064 2085
g Group59270
f 868 869 850 846
g Group32941
f 2070 2086 2079 2049
g Group59270
f 859 839 866 870
g Group32941
f 2086 2077 2078 2079
g Group59270
f 870 866 840 864
g Group32941
f 2054 2084 2086 2070
g Group59270
f 837 859 870 869
g Group32941
f 2084 2065 2077 2086
g Group59270
f 869 870 864 850
g Group32941
f 2090 2089 2088 2087
g Group32944
f 872 871 2088 2089
g Group59270
f 879 877 871 872
g Group32941
f 2094 2093 2092 2091
g Group32944
f 873 874 2094 2091
f 874 876 2093 2094
g Group59270
f 874 873 875 876
g Group32941
f 2096 2095 2089 2090
g Group32944
f 883 872 2089 2095
g Group59270
f 881 879 872 883
g Group32941
f 2100 2099 2098 2097
g Group32944
f 893 895 2097 2098
g Group59270
f 894 895 893 891
g Group32941
f 2104 2103 2102 2101
g Group32944
f 884 885 2101 2102
g Group59270
f 889 885 884 888
g Group32941
f 2099 2104 2101 2098
g Group32944
f 885 893 2098 2101
g Group59270
f 891 893 885 889
g Group32941
f 2106 2092 2093 2105
g Group32944
f 887 886 2106 2105
f 876 887 2105 2093
g Group59270
f 886 887 876 875
g Group32941
f 2092 2108 2107 2091
g Group32944
f 898 873 2091 2107
g Group59270
f 875 873 898 897
g Group32941
f 2108 2087 2088 2107
g Group32944
f 871 898 2107 2088
g Group59270
f 897 898 871 877
g Group32941
f 2100 2110 2109 2099
g Group59270
f 894 891 900 899
g Group32941
f 2110 2112 2111 2109
g Group32944
f 896 892 2111 2112
g Group59270
f 899 900 892 896
g Group32941
f 2114 2113 2109 2111
g Group32944
f 892 890 2114 2111
g Group59270
f 890 892 900 901
g Group32941
f 2113 2104 2099 2109
g Group59270
f 901 900 891 889
g Group32941
f 2104 2113 2115 2103
g Group59270
f 889 888 902 901
g Group32941
f 2113 2114 2116 2115
g Group32944
f 890 878 2116 2114
g Group59270
f 901 902 878 890
g Group32941
f 2119 2118 2117 2116
g Group32944
f 878 880 2119 2116
g Group59270
f 880 878 904 903
g Group32941
f 2118 2090 2087 2117
g Group59270
f 903 904 877 879
g Group32941
f 2121 2120 2118 2119
g Group32944
f 880 882 2121 2119
g Group59270
f 882 880 903 905
g Group32941
f 2120 2096 2090 2118
g Group59270
f 905 903 879 881
g Group32941
f 2106 2123 2122 2092
g Group32944
f 886 906 2123 2106
g Group59270
f 886 875 907 906
g Group32941
f 2123 2102 2103 2122
g Group32944
f 906 884 2102 2123
g Group59270
f 906 907 888 884
g Group32941
f 2108 2124 2117 2087
g Group59270
f 897 877 904 908
g Group32941
f 2124 2115 2116 2117
g Group59270
f 908 904 878 902
g Group32941
f 2092 2122 2124 2108
g Group59270
f 875 897 908 907
g Group32941
f 2122 2103 2115 2124
g Group59270
f 907 908 902 888
g Group32941
f 2120 2121 2074 2072
g Group32944
f 882 858 2074 2121
g Group59270
f 905 861 858 882
g Group32941
f 2096 2120 2072 2062
g Group59270
f 881 856 861 905
g Group32941
f 2095 2096 2062 2059
g Group32944
f 857 883 2095 2059
g Group59270
f 883 857 856 881
g Group32941
f 2082 2083 2036 2034
g Group32944
f 844 820 2036 2083
g Group59270
f 867 823 820 844
g Group32941
f 2058 2082 2034 2024
g Group59270
f 843 818 823 867
g Group32941
f 2057 2058 2024 2021
g Group32944
f 819 845 2057 2021
g Group59270
f 845 819 818 843
g Group32941
f 2006 2007 1960 1958
g Group32944
f 768 744 1960 2007
g Group59270
f 791 747 744 768
g Group32941
f 1982 2006 1958 1948
g Group59270
f 767 742 747 791
g Group32941
f 1981 1982 1948 1945
g Group32944
f 743 769 1981 1945
g Group59270
f 769 743 742 767
g Group32941
f 2128 2127 2126 2125
g Group32944
f 913 912 2126 2127
g Group59270
f 920 918 912 913
g Group32941
f 2132 2131 2130 2129
g Group32944
f 914 915 2132 2129
f 915 917 2131 2132
g Group59270
f 915 914 916 917
g Group32941
f 2134 2133 2127 2128
g Group32944
f 924 913 2127 2133
g Group59270
f 922 920 913 924
g Group32941
f 2133 2134 2136 2135
g Group32944
f 910 924 2133 2135
g Group59270
f 924 910 909 922
g Group32941
f 2140 2139 2138 2137
g Group32944
f 934 936 2137 2138
g Group59270
f 935 936 934 932
g Group32941
f 2144 2143 2142 2141
g Group32944
f 925 926 2141 2142
g Group59270
f 930 926 925 929
g Group32941
f 2139 2144 2141 2138
g Group32944
f 926 934 2138 2141
g Group59270
f 932 934 926 930
g Group32941
f 2146 2130 2131 2145
g Group32944
f 928 927 2146 2145
f 917 928 2145 2131
g Group59270
f 927 928 917 916
g Group32941
f 2130 2148 2147 2129
g Group32944
f 939 914 2129 2147
g Group59270
f 916 914 939 938
g Group32941
f 2148 2125 2126 2147
g Group32944
f 912 939 2147 2126
g Group59270
f 938 939 912 918
g Group32941
f 2140 2150 2149 2139
g Group59270
f 935 932 941 940
g Group32941
f 2150 2152 2151 2149
g Group32944
f 937 933 2151 2152
g Group59270
f 940 941 933 937
g Group32941
f 2154 2153 2149 2151
g Group32944
f 933 931 2154 2151
g Group59270
f 931 933 941 942
g Group32941
f 2153 2144 2139 2149
g Group59270
f 942 941 932 930
g Group32941
f 2144 2153 2155 2143
g Group59270
f 930 929 943 942
g Group32941
f 2153 2154 2156 2155
g Group32944
f 931 919 2156 2154
g Group59270
f 942 943 919 931
g Group32941
f 2159 2158 2157 2156
g Group32944
f 919 921 2159 2156
g Group59270
f 921 919 946 945
g Group32941
f 2158 2128 2125 2157
g Group59270
f 945 946 918 920
g Group32941
f 2161 2160 2158 2159
g Group32944
f 921 923 2161 2159
g Group59270
f 923 921 945 947
g Group32941
f 2160 2134 2128 2158
g Group59270
f 947 945 920 922
g Group32941
f 2134 2160 2162 2136
g Group59270
f 922 909 944 947
g Group32941
f 2160 2161 2163 2162
g Group32944
f 923 911 2163 2161
g Group59270
f 947 944 911 923
g Group32941
f 2146 2165 2164 2130
g Group32944
f 927 948 2165 2146
g Group59270
f 927 916 949 948
g Group32941
f 2165 2142 2143 2164
g Group32944
f 948 925 2142 2165
g Group59270
f 948 949 929 925
g Group32941
f 2148 2166 2157 2125
g Group59270
f 938 918 946 950
g Group32941
f 2166 2155 2156 2157
g Group59270
f 950 946 919 943
g Group32941
f 2130 2164 2166 2148
g Group59270
f 916 938 950 949
g Group32941
f 2164 2143 2155 2166
g Group59270
f 949 950 943 929
g Group32941
f 2170 2169 2168 2167
g Group32944
f 952 951 2168 2169
g Group59270
f 959 957 951 952
g Group32941
f 2174 2173 2172 2171
g Group32944
f 953 954 2174 2171
f 954 956 2173 2174
g Group59270
f 954 953 955 956
g Group32941
f 2176 2175 2169 2170
g Group32944
f 963 952 2169 2175
g Group59270
f 961 959 952 963
g Group32941
f 2180 2179 2178 2177
g Group32944
f 973 975 2177 2178
g Group59270
f 974 975 973 971
g Group32941
f 2184 2183 2182 2181
g Group32944
f 964 965 2181 2182
g Group59270
f 969 965 964 968
g Group32941
f 2179 2184 2181 2178
g Group32944
f 965 973 2178 2181
g Group59270
f 971 973 965 969
g Group32941
f 2186 2172 2173 2185
g Group32944
f 967 966 2186 2185
f 956 967 2185 2173
g Group59270
f 966 967 956 955
g Group32941
f 2172 2188 2187 2171
g Group32944
f 978 953 2171 2187
g Group59270
f 955 953 978 977
g Group32941
f 2188 2167 2168 2187
g Group32944
f 951 978 2187 2168
g Group59270
f 977 978 951 957
g Group32941
f 2180 2190 2189 2179
g Group59270
f 974 971 980 979
g Group32941
f 2190 2192 2191 2189
g Group32944
f 976 972 2191 2192
g Group59270
f 979 980 972 976
g Group32941
f 2194 2193 2189 2191
g Group32944
f 972 970 2194 2191
g Group59270
f 970 972 980 981
g Group32941
f 2193 2184 2179 2189
g Group59270
f 981 980 971 969
g Group32941
f 2184 2193 2195 2183
g Group59270
f 969 968 982 981
g Group32941
f 2193 2194 2196 2195
g Group32944
f 970 958 2196 2194
g Group59270
f 981 982 958 970
g Group32941
f 2199 2198 2197 2196
g Group32944
f 958 960 2199 2196
g Group59270
f 960 958 984 983
g Group32941
f 2198 2170 2167 2197
g Group59270
f 983 984 957 959
g Group32941
f 2201 2200 2198 2199
g Group32944
f 960 962 2201 2199
g Group59270
f 962 960 983 985
g Group32941
f 2200 2176 2170 2198
g Group59270
f 985 983 959 961
g Group32941
f 2186 2203 2202 2172
g Group32944
f 966 986 2203 2186
g Group59270
f 966 955 987 986
g Group32941
f 2203 2182 2183 2202
g Group32944
f 986 964 2182 2203
g Group59270
f 986 987 968 964
g Group32941
f 2188 2204 2197 2167
g Group59270
f 977 957 984 988
g Group32941
f 2204 2195 2196 2197
g Group59270
f 988 984 958 982
g Group32941
f 2172 2202 2204 2188
g Group59270
f 955 977 988 987
g Group32941
f 2202 2183 2195 2204
g Group59270
f 987 988 982 968
g Group32941
f 2200 2201 2152 2150
g Group32944
f 962 937 2152 2201
g Group59270
f 985 940 937 962
g Group32941
f 2176 2200 2150 2140
g Group59270
f 961 935 940 985
g Group32941
f 2175 2176 2140 2137
g Group32944
f 936 963 2175 2137
g Group59270
f 963 936 935 961
g Group32941
f 2208 2207 2206 2205
g Group32944
f 990 989 2206 2207
g Group59270
f 997 995 989 990
g Group32941
f 2212 2211 2210 2209
g Group32944
f 991 992 2212 2209
f 992 994 2211 2212
g Group59270
f 992 991 993 994
g Group32941
f 2214 2213 2207 2208
g Group32944
f 1001 990 2207 2213
g Group59270
f 999 997 990 1001
g Group32941
f 2218 2217 2216 2215
g Group32944
f 1011 1013 2215 2216
g Group59270
f 1012 1013 1011 1009
g Group32941
f 2222 2221 2220 2219
g Group32944
f 1002 1003 2219 2220
g Group59270
f 1007 1003 1002 1006
g Group32941
f 2217 2222 2219 2216
g Group32944
f 1003 1011 2216 2219
g Group59270
f 1009 1011 1003 1007
g Group32941
f 2224 2210 2211 2223
g Group32944
f 1005 1004 2224 2223
f 994 1005 2223 2211
g Group59270
f 1004 1005 994 993
g Group32941
f 2210 2226 2225 2209
g Group32944
f 1016 991 2209 2225
g Group59270
f 993 991 1016 1015
g Group32941
f 2226 2205 2206 2225
g Group32944
f 989 1016 2225 2206
g Group59270
f 1015 1016 989 995
g Group32941
f 2218 2228 2227 2217
g Group59270
f 1012 1009 1018 1017
g Group32941
f 2228 2230 2229 2227
g Group32944
f 1014 1010 2229 2230
g Group59270
f 1017 1018 1010 1014
g Group32941
f 2232 2231 2227 2229
g Group32944
f 1010 1008 2232 2229
g Group59270
f 1008 1010 1018 1019
g Group32941
f 2231 2222 2217 2227
g Group59270
f 1019 1018 1009 1007
g Group32941
f 2222 2231 2233 2221
g Group59270
f 1007 1006 1020 1019
g Group32941
f 2231 2232 2234 2233
g Group32944
f 1008 996 2234 2232
g Group59270
f 1019 1020 996 1008
g Group32941
f 2237 2236 2235 2234
g Group32944
f 996 998 2237 2234
g Group59270
f 998 996 1022 1021
g Group32941
f 2236 2208 2205 2235
g Group59270
f 1021 1022 995 997
g Group32941
f 2239 2238 2236 2237
g Group32944
f 998 1000 2239 2237
g Group59270
f 1000 998 1021 1023
g Group32941
f 2238 2214 2208 2236
g Group59270
f 1023 1021 997 999
g Group32941
f 2224 2241 2240 2210
g Group32944
f 1004 1024 2241 2224
g Group59270
f 1004 993 1025 1024
g Group32941
f 2241 2220 2221 2240
g Group32944
f 1024 1002 2220 2241
g Group59270
f 1024 1025 1006 1002
g Group32941
f 2226 2242 2235 2205
g Group59270
f 1015 995 1022 1026
g Group32941
f 2242 2233 2234 2235
g Group59270
f 1026 1022 996 1020
g Group32941
f 2210 2240 2242 2226
g Group59270
f 993 1015 1026 1025
g Group32941
f 2240 2221 2233 2242
g Group59270
f 1025 1026 1020 1006
g Group32941
f 2246 2245 2244 2243
g Group32944
f 1028 1027 2244 2245
g Group59270
f 1035 1033 1027 1028
g Group32941
f 2250 2249 2248 2247
g Group32944
f 1029 1030 2250 2247
f 1030 1032 2249 2250
g Group59270
f 1030 1029 1031 1032
g Group32941
f 2252 2251 2245 2246
g Group32944
f 1039 1028 2245 2251
g Group59270
f 1037 1035 1028 1039
g Group32941
f 2256 2255 2254 2253
g Group32944
f 1049 1051 2253 2254
g Group59270
f 1050 1051 1049 1047
g Group32941
f 2260 2259 2258 2257
g Group32944
f 1040 1041 2257 2258
g Group59270
f 1045 1041 1040 1044
g Group32941
f 2255 2260 2257 2254
g Group32944
f 1041 1049 2254 2257
g Group59270
f 1047 1049 1041 1045
g Group32941
f 2262 2248 2249 2261
g Group32944
f 1043 1042 2262 2261
f 1032 1043 2261 2249
g Group59270
f 1042 1043 1032 1031
g Group32941
f 2248 2264 2263 2247
g Group32944
f 1054 1029 2247 2263
g Group59270
f 1031 1029 1054 1053
g Group32941
f 2264 2243 2244 2263
g Group32944
f 1027 1054 2263 2244
g Group59270
f 1053 1054 1027 1033
g Group32941
f 2256 2266 2265 2255
g Group59270
f 1050 1047 1056 1055
g Group32941
f 2266 2268 2267 2265
g Group32944
f 1052 1048 2267 2268
g Group59270
f 1055 1056 1048 1052
g Group32941
f 2270 2269 2265 2267
g Group32944
f 1048 1046 2270 2267
g Group59270
f 1046 1048 1056 1057
g Group32941
f 2269 2260 2255 2265
g Group59270
f 1057 1056 1047 1045
g Group32941
f 2260 2269 2271 2259
g Group59270
f 1045 1044 1058 1057
g Group32941
f 2269 2270 2272 2271
g Group32944
f 1046 1034 2272 2270
g Group59270
f 1057 1058 1034 1046
g Group32941
f 2275 2274 2273 2272
g Group32944
f 1034 1036 2275 2272
g Group59270
f 1036 1034 1060 1059
g Group32941
f 2274 2246 2243 2273
g Group59270
f 1059 1060 1033 1035
g Group32941
f 2277 2276 2274 2275
g Group32944
f 1036 1038 2277 2275
g Group59270
f 1038 1036 1059 1061
g Group32941
f 2276 2252 2246 2274
g Group59270
f 1061 1059 1035 1037
g Group32941
f 2262 2279 2278 2248
g Group32944
f 1042 1062 2279 2262
g Group59270
f 1042 1031 1063 1062
g Group32941
f 2279 2258 2259 2278
g Group32944
f 1062 1040 2258 2279
g Group59270
f 1062 1063 1044 1040
g Group32941
f 2264 2280 2273 2243
g Group59270
f 1053 1033 1060 1064
g Group32941
f 2280 2271 2272 2273
g Group59270
f 1064 1060 1034 1058
g Group32941
f 2248 2278 2280 2264
g Group59270
f 1031 1053 1064 1063
g Group32941
f 2278 2259 2271 2280
g Group59270
f 1063 1064 1058 1044
g Group32941
f 2276 2277 2230 2228
g Group32944
f 1038 1014 2230 2277
g Group59270
f 1061 1017 1014 1038
g Group32941
f 2252 2276 2228 2218
g Group59270
f 1037 1012 1017 1061
g Group32941
f 2251 2252 2218 2215
g Group32944
f 1013 1039 2251 2215
g Group59270
f 1039 1013 1012 1037
g Group32941
f 2238 2239 2192 2190
g Group32944
f 1000 976 2192 2239
g Group59270
f 1023 979 976 1000
g Group32941
f 2214 2238 2190 2180
g Group59270
f 999 974 979 1023
g Group32941
f 2213 2214 2180 2177
g Group32944
f 975 1001 2213 2177
g Group59270
f 1001 975 974 999
g Group32941
f 2284 2283 2282 2281
g Group32944
f 1066 1065 2282 2283
g Group59270
f 1073 1071 1065 1066
g Group32941
f 2288 2287 2286 2285
g Group32944
f 1067 1068 2288 2285
f 1068 1070 2287 2288
g Group59270
f 1068 1067 1069 1070
g Group32941
f 2290 2289 2283 2284
g Group32944
f 1077 1066 2283 2289
g Group59270
f 1075 1073 1066 1077
g Group32941
f 2294 2293 2292 2291
g Group32944
f 1087 1089 2291 2292
g Group59270
f 1088 1089 1087 1085
g Group32941
f 2298 2297 2296 2295
g Group32944
f 1078 1079 2295 2296
g Group59270
f 1083 1079 1078 1082
g Group32941
f 2293 2298 2295 2292
g Group32944
f 1079 1087 2292 2295
g Group59270
f 1085 1087 1079 1083
g Group32941
f 2300 2286 2287 2299
g Group32944
f 1081 1080 2300 2299
f 1070 1081 2299 2287
g Group59270
f 1080 1081 1070 1069
g Group32941
f 2286 2302 2301 2285
g Group32944
f 1092 1067 2285 2301
g Group59270
f 1069 1067 1092 1091
g Group32941
f 2302 2281 2282 2301
g Group32944
f 1065 1092 2301 2282
g Group59270
f 1091 1092 1065 1071
g Group32941
f 2294 2304 2303 2293
g Group59270
f 1088 1085 1094 1093
g Group32941
f 2304 2306 2305 2303
g Group32944
f 1090 1086 2305 2306
g Group59270
f 1093 1094 1086 1090
g Group32941
f 2308 2307 2303 2305
g Group32944
f 1086 1084 2308 2305
g Group59270
f 1084 1086 1094 1095
g Group32941
f 2307 2298 2293 2303
g Group59270
f 1095 1094 1085 1083
g Group32941
f 2298 2307 2309 2297
g Group59270
f 1083 1082 1096 1095
g Group32941
f 2307 2308 2310 2309
g Group32944
f 1084 1072 2310 2308
g Group59270
f 1095 1096 1072 1084
g Group32941
f 2313 2312 2311 2310
g Group32944
f 1072 1074 2313 2310
g Group59270
f 1074 1072 1098 1097
g Group32941
f 2312 2284 2281 2311
g Group59270
f 1097 1098 1071 1073
g Group32941
f 2315 2314 2312 2313
g Group32944
f 1074 1076 2315 2313
g Group59270
f 1076 1074 1097 1099
g Group32941
f 2314 2290 2284 2312
g Group59270
f 1099 1097 1073 1075
g Group32941
f 2300 2317 2316 2286
g Group32944
f 1080 1100 2317 2300
g Group59270
f 1080 1069 1101 1100
g Group32941
f 2317 2296 2297 2316
g Group32944
f 1100 1078 2296 2317
g Group59270
f 1100 1101 1082 1078
g Group32941
f 2302 2318 2311 2281
g Group59270
f 1091 1071 1098 1102
g Group32941
f 2318 2309 2310 2311
g Group59270
f 1102 1098 1072 1096
g Group32941
f 2286 2316 2318 2302
g Group59270
f 1069 1091 1102 1101
g Group32941
f 2316 2297 2309 2318
g Group59270
f 1101 1102 1096 1082
g Group32941
f 2322 2321 2320 2319
g Group32944
f 1104 1103 2320 2321
g Group59270
f 1111 1109 1103 1104
g Group32941
f 2326 2325 2324 2323
g Group32944
f 1105 1106 2326 2323
f 1106 1108 2325 2326
g Group59270
f 1106 1105 1107 1108
g Group32941
f 2328 2327 2321 2322
g Group32944
f 1115 1104 2321 2327
g Group59270
f 1113 1111 1104 1115
g Group32941
f 2332 2331 2330 2329
g Group32944
f 1125 1127 2329 2330
g Group59270
f 1126 1127 1125 1123
g Group32941
f 2336 2335 2334 2333
g Group32944
f 1116 1117 2333 2334
g Group59270
f 1121 1117 1116 1120
g Group32941
f 2331 2336 2333 2330
g Group32944
f 1117 1125 2330 2333
g Group59270
f 1123 1125 1117 1121
g Group32941
f 2338 2324 2325 2337
g Group32944
f 1119 1118 2338 2337
f 1108 1119 2337 2325
g Group59270
f 1118 1119 1108 1107
g Group32941
f 2324 2340 2339 2323
g Group32944
f 1130 1105 2323 2339
g Group59270
f 1107 1105 1130 1129
g Group32941
f 2340 2319 2320 2339
g Group32944
f 1103 1130 2339 2320
g Group59270
f 1129 1130 1103 1109
g Group32941
f 2332 2342 2341 2331
g Group59270
f 1126 1123 1132 1131
g Group32941
f 2342 2344 2343 2341
g Group32944
f 1128 1124 2343 2344
g Group59270
f 1131 1132 1124 1128
g Group32941
f 2346 2345 2341 2343
g Group32944
f 1124 1122 2346 2343
g Group59270
f 1122 1124 1132 1133
g Group32941
f 2345 2336 2331 2341
g Group59270
f 1133 1132 1123 1121
g Group32941
f 2336 2345 2347 2335
g Group59270
f 1121 1120 1134 1133
g Group32941
f 2345 2346 2348 2347
g Group32944
f 1122 1110 2348 2346
g Group59270
f 1133 1134 1110 1122
g Group32941
f 2351 2350 2349 2348
g Group32944
f 1110 1112 2351 2348
g Group59270
f 1112 1110 1136 1135
g Group32941
f 2350 2322 2319 2349
g Group59270
f 1135 1136 1109 1111
g Group32941
f 2353 2352 2350 2351
g Group32944
f 1112 1114 2353 2351
g Group59270
f 1114 1112 1135 1137
g Group32941
f 2352 2328 2322 2350
g Group59270
f 1137 1135 1111 1113
g Group32941
f 2338 2355 2354 2324
g Group32944
f 1118 1138 2355 2338
g Group59270
f 1118 1107 1139 1138
g Group32941
f 2355 2334 2335 2354
g Group32944
f 1138 1116 2334 2355
g Group59270
f 1138 1139 1120 1116
g Group32941
f 2340 2356 2349 2319
g Group59270
f 1129 1109 1136 1140
g Group32941
f 2356 2347 2348 2349
g Group59270
f 1140 1136 1110 1134
g Group32941
f 2324 2354 2356 2340
g Group59270
f 1107 1129 1140 1139
g Group32941
f 2354 2335 2347 2356
g Group59270
f 1139 1140 1134 1120
g Group32941
f 2352 2353 2306 2304
g Group32944
f 1114 1090 2306 2353
g Group59270
f 1137 1093 1090 1114
g Group32941
f 2328 2352 2304 2294
g Group59270
f 1113 1088 1093 1137
g Group32941
f 2327 2328 2294 2291
g Group32944
f 1089 1115 2327 2291
g Group59270
f 1115 1089 1088 1113
g Group32941
f 2360 2359 2358 2357
g Group32944
f 1142 1141 2358 2359
g Group59270
f 1149 1147 1141 1142
g Group32941
f 2364 2363 2362 2361
g Group32944
f 1143 1144 2364 2361
f 1144 1146 2363 2364
g Group59270
f 1144 1143 1145 1146
g Group32941
f 2366 2365 2359 2360
g Group32944
f 1153 1142 2359 2365
g Group59270
f 1151 1149 1142 1153
g Group32941
f 2370 2369 2368 2367
g Group32944
f 1163 1165 2367 2368
g Group59270
f 1164 1165 1163 1161
g Group32941
f 2374 2373 2372 2371
g Group32944
f 1154 1155 2371 2372
g Group59270
f 1159 1155 1154 1158
g Group32941
f 2369 2374 2371 2368
g Group32944
f 1155 1163 2368 2371
g Group59270
f 1161 1163 1155 1159
g Group32941
f 2376 2362 2363 2375
g Group32944
f 1157 1156 2376 2375
f 1146 1157 2375 2363
g Group59270
f 1156 1157 1146 1145
g Group32941
f 2362 2378 2377 2361
g Group32944
f 1168 1143 2361 2377
g Group59270
f 1145 1143 1168 1167
g Group32941
f 2378 2357 2358 2377
g Group32944
f 1141 1168 2377 2358
g Group59270
f 1167 1168 1141 1147
g Group32941
f 2370 2380 2379 2369
g Group59270
f 1164 1161 1170 1169
g Group32941
f 2380 2382 2381 2379
g Group32944
f 1166 1162 2381 2382
g Group59270
f 1169 1170 1162 1166
g Group32941
f 2384 2383 2379 2381
g Group32944
f 1162 1160 2384 2381
g Group59270
f 1160 1162 1170 1171
g Group32941
f 2383 2374 2369 2379
g Group59270
f 1171 1170 1161 1159
g Group32941
f 2374 2383 2385 2373
g Group59270
f 1159 1158 1172 1171
g Group32941
f 2383 2384 2386 2385
g Group32944
f 1160 1148 2386 2384
g Group59270
f 1171 1172 1148 1160
g Group32941
f 2389 2388 2387 2386
g Group32944
f 1148 1150 2389 2386
g Group59270
f 1150 1148 1174 1173
g Group32941
f 2388 2360 2357 2387
g Group59270
f 1173 1174 1147 1149
g Group32941
f 2391 2390 2388 2389
g Group32944
f 1150 1152 2391 2389
g Group59270
f 1152 1150 1173 1175
g Group32941
f 2390 2366 2360 2388
g Group59270
f 1175 1173 1149 1151
g Group32941
f 2376 2393 2392 2362
g Group32944
f 1156 1176 2393 2376
g Group59270
f 1156 1145 1177 1176
g Group32941
f 2393 2372 2373 2392
g Group32944
f 1176 1154 2372 2393
g Group59270
f 1176 1177 1158 1154
g Group32941
f 2378 2394 2387 2357
g Group59270
f 1167 1147 1174 1178
g Group32941
f 2394 2385 2386 2387
g Group59270
f 1178 1174 1148 1172
g Group32941
f 2362 2392 2394 2378
g Group59270
f 1145 1167 1178 1177
g Group32941
f 2392 2373 2385 2394
g Group59270
f 1177 1178 1172 1158
g Group32941
f 2398 2397 2396 2395
g Group32944
f 1180 1179 2396 2397
g Group59270
f 1187 1185 1179 1180
g Group32941
f 2402 2401 2400 2399
g Group32944
f 1181 1182 2402 2399
f 1182 1184 2401 2402
g Group59270
f 1182 1181 1183 1184
g Group32941
f 2404 2403 2397 2398
g Group32944
f 1191 1180 2397 2403
g Group59270
f 1189 1187 1180 1191
g Group32941
f 2408 2407 2406 2405
g Group32944
f 1201 1203 2405 2406
g Group59270
f 1202 1203 1201 1199
g Group32941
f 2412 2411 2410 2409
g Group32944
f 1192 1193 2409 2410
g Group59270
f 1197 1193 1192 1196
g Group32941
f 2407 2412 2409 2406
g Group32944
f 1193 1201 2406 2409
g Group59270
f 1199 1201 1193 1197
g Group32941
f 2414 2400 2401 2413
g Group32944
f 1195 1194 2414 2413
f 1184 1195 2413 2401
g Group59270
f 1194 1195 1184 1183
g Group32941
f 2400 2416 2415 2399
g Group32944
f 1206 1181 2399 2415
g Group59270
f 1183 1181 1206 1205
g Group32941
f 2416 2395 2396 2415
g Group32944
f 1179 1206 2415 2396
g Group59270
f 1205 1206 1179 1185
g Group32941
f 2408 2418 2417 2407
g Group59270
f 1202 1199 1208 1207
g Group32941
f 2418 2420 2419 2417
g Group32944
f 1204 1200 2419 2420
g Group59270
f 1207 1208 1200 1204
g Group32941
f 2422 2421 2417 2419
g Group32944
f 1200 1198 2422 2419
g Group59270
f 1198 1200 1208 1209
g Group32941
f 2421 2412 2407 2417
g Group59270
f 1209 1208 1199 1197
g Group32941
f 2412 2421 2423 2411
g Group59270
f 1197 1196 1210 1209
g Group32941
f 2421 2422 2424 2423
g Group32944
f 1198 1186 2424 2422
g Group59270
f 1209 1210 1186 1198
g Group32941
f 2427 2426 2425 2424
g Group32944
f 1186 1188 2427 2424
g Group59270
f 1188 1186 1212 1211
g Group32941
f 2426 2398 2395 2425
g Group59270
f 1211 1212 1185 1187
g Group32941
f 2429 2428 2426 2427
g Group32944
f 1188 1190 2429 2427
g Group59270
f 1190 1188 1211 1213
g Group32941
f 2428 2404 2398 2426
g Group59270
f 1213 1211 1187 1189
g Group32941
f 2414 2431 2430 2400
g Group32944
f 1194 1214 2431 2414
g Group59270
f 1194 1183 1215 1214
g Group32941
f 2431 2410 2411 2430
g Group32944
f 1214 1192 2410 2431
g Group59270
f 1214 1215 1196 1192
g Group32941
f 2416 2432 2425 2395
g Group59270
f 1205 1185 1212 1216
g Group32941
f 2432 2423 2424 2425
g Group59270
f 1216 1212 1186 1210
g Group32941
f 2400 2430 2432 2416
g Group59270
f 1183 1205 1216 1215
g Group32941
f 2430 2411 2423 2432
g Group59270
f 1215 1216 1210 1196
g Group32941
f 2428 2429 2382 2380
g Group32944
f 1190 1166 2382 2429
g Group59270
f 1213 1169 1166 1190
g Group32941
f 2404 2428 2380 2370
g Group59270
f 1189 1164 1169 1213
g Group32941
f 2403 2404 2370 2367
g Group32944
f 1165 1191 2403 2367
g Group59270
f 1191 1165 1164 1189
g Group32941
f 2390 2391 2344 2342
g Group32944
f 1152 1128 2344 2391
g Group59270
f 1175 1131 1128 1152
g Group32941
f 2366 2390 2342 2332
g Group59270
f 1151 1126 1131 1175
g Group32941
f 2365 2366 2332 2329
g Group32944
f 1127 1153 2365 2329
g Group59270
f 1153 1127 1126 1151
g Group32941
f 2314 2315 2268 2266
g Group32944
f 1076 1052 2268 2315
g Group59270
f 1099 1055 1052 1076
g Group32941
f 2290 2314 2266 2256
g Group59270
f 1075 1050 1055 1099
g Group32941
f 2289 2290 2256 2253
g Group32944
f 1051 1077 2289 2253
g Group59270
f 1077 1051 1050 1075
g Group32941
f 1854 1855 2420 2418
g Group32944
f 616 1204 2420 1855
g Group59270
f 639 1207 1204 616
g Group32941
f 1830 1854 2418 2408
g Group59270
f 615 1202 1207 639
g Group32941
f 1829 1830 2408 2405
g Group32944
f 1203 617 1829 2405
g Group59270
f 617 1203 1202 615
g Group32941
f 2100 2097 1497 1498
g Group32944
f 895 289 1497 2097
g Group59270
f 894 287 289 895
g Group32941
f 2110 2100 1498 1504
g Group59270
f 899 292 287 894
g Group32941
f 2112 2110 1504 1505
g Group32944
f 288 896 2112 1505
g Group59270
f 896 288 292 899
g Group32941
f 2135 2136 1526 1525
g Group32944
f 313 910 2135 1525
g Group59270
f 910 313 311 909
g Group32941
f 2136 2162 1550 1526
g Group59270
f 909 311 335 944
g Group32941
f 2162 2163 1551 1550
g Group32944
f 911 312 1551 2163
g Group59270
f 944 335 312 911

 