# File exported by ZBrush version 2021
# www.zbrush.com
#Vertex Count 2368
#Face Count 2368
#Auto scale x=1.000000 y=1.000000 z=1.000000
#Auto offset x=0.000000 y=0.000000 z=0.000000
v 3.02600288 0.83593601 0.094361
v 3.00077009 0.70243001 0.094361
v 3.11913704 0.82412898 0.094361
v 3.15479588 0.84145802 0.094361
v 3.09235191 0.88232302 0.094361
v 3.16094493 0.855578 0.094361
v 2.99716496 0.87520402 0.094361
v 2.95806503 0.93190598 0.094361
v 2.94299101 0.73561602 0.094361
v 2.90237689 0.75939101 0.094361
v 2.97316598 0.59474802 0.094361
v 2.93444895 0.586012 0.094361
v 3.01260805 0.60424202 0.094361
v 2.98243403 1.05782103 0.094361
v 2.92537307 1.065647 0.094361
v 3.07480597 0.94680297 0.094361
v 3.14311099 0.87087601 0.094361
v 2.97518396 1.01289594 0.094361
v 2.90164589 1.01787805 0.094361
v 2.87263393 0.94727098 0.094361
v 2.82648301 1.07100105 0.094361
v 2.79838991 1.03719496 0.094361
v 2.85809207 1.10533702 0.094361
v 3.04110002 0.90200799 0.094361
v 3.0690391 0.84091097 0.094361
v 2.81197595 1.05425405 0.094361
v 2.888031 0.98370802 0.094361
v 2.96717691 0.98051601 0.094361
v 2.92060899 0.74890297 0.094361
v 2.9772551 0.90545797 0.094361
v 2.95355892 0.59050101 0.094361
v 3.0204091 1.02369797 0.094361
v 3.02494001 0.97074002 0.094361
v 3.00500297 0.95428502 0.094361
v 3.13205909 0.85847502 0.094361
v 3.13858103 0.82999998 0.094361
v 3.11136698 0.89951598 0.094361
v 3.14698004 0.242917 0.094361
v 3.09679698 0.116653 0.094361
v 3.2361629 0.213602 0.094361
v 3.27447009 0.22382099 0.094361
v 3.22094893 0.275828 0.094361
v 3.28319501 0.236502 0.094361
v 3.12614488 0.28696098 0.094361
v 3.09855008 0.35005399 0.094361
v 3.04639411 0.16022899 0.094361
v 3.01104807 0.19130399 0.094361
v 3.04920005 0.016186 0.094361
v 3.00953102 0.014983 0.094361
v 3.08972907 0.018005 0.094361
v 3.14644193 0.46903699 0.094361
v 3.09191298 0.48757699 0.094361
v 3.21599507 0.34246701 0.094361
v 3.26859903 0.25492501 0.094361
v 3.13077306 0.42631799 0.094361
v 3.05952596 0.445194 0.094361
v 3.01760888 0.38140401 0.094361
v 2.99584794 0.51165401 0.094361
v 2.96183991 0.48381501 0.094361
v 3.03341507 0.539352 0.094361
v 3.17438006 0.30490601 0.094361
v 3.19018006 0.239609 0.094361
v 2.97842192 0.497974 0.094361
v 3.03965711 0.41424998 0.094361
v 3.11674904 0.39604601 0.094361
v 3.02694892 0.177532 0.094361
v 3.1123569 0.32043999 0.094361
v 3.02914404 0.015752 0.094361
v 3.17722797 0.42830899 0.094361
v 3.17159605 0.37544798 0.094361
v 3.14889192 0.36309999 0.094361
v 3.25538897 0.24485799 0.094361
v 3.25637006 0.21566 0.094361
v 3.24288606 0.289076 0.094361
v 0.39095199 3.05055689 0.094361
v 0.50248801 2.9729669 0.094361
v 0.439796 3.13073205 0.094361
v 0.438553 3.17035794 0.094361
v 0.37573501 3.13007497 0.094361
v 0.42818599 3.18174195 0.094361
v 0.343326 3.04028892 0.094361
v 0.275599 3.02778101 0.094361
v 0.44858899 2.93379306 0.094361
v 0.41028699 2.90644693 0.094361
v 0.58948802 2.9037559 0.094361
v 0.58163297 2.86486101 0.094361
v 0.59694302 2.94363808 0.094361
v 0.17064499 3.10148191 0.094361
v 0.14018 3.05260396 0.094361
v 0.309713 3.14041304 0.094361
v 0.40693199 3.17171788 0.094361
v 0.20868499 3.07650494 0.094361
v 0.17408299 3.01142001 0.094361
v 0.22666099 2.95608592 0.094361
v 0.09487599 2.96453809 0.094361
v 0.114247 2.92508196 0.094361
v 0.076456 3.0074141 0.094361
v 0.336824 3.09134197 0.094361
v 0.404004 3.09186911 0.094361
v 0.10423299 2.94445109 0.094361
v 0.19970099 2.98502993 0.094361
v 0.234961 3.05595898 0.094361
v 0.427311 2.91880106 0.094361
v 0.30758199 3.03448104 0.094361
v 0.58535099 2.88412809 0.094361
v 0.217308 3.1221919 0.094361
v 0.26749399 3.10468292 0.094361
v 0.27436 3.07975792 0.094361
v 0.413733 3.15656304 0.094361
v 0.44238701 3.15087795 0.094361
v 0.36781901 3.15444588 0.094361
v 0.98162901 2.91859602 0.094361
v 1.076357 2.82118606 0.094361
v 1.04483997 2.98800396 0.094361
v 1.051162 3.027148 0.094361
v 0.98182499 2.99955511 0.094361
v 1.04315102 3.04029607 0.094361
v 0.93291801 2.91758489 0.094361
v 0.86404997 2.91818594 0.094361
v 1.01598596 2.79299998 0.094361
v 0.973181 2.77343511 0.094361
v 1.14859294 2.736696 0.094361
v 1.13347804 2.70000004 0.094361
v 1.16350197 2.77442002 0.094361
v 0.77504098 3.01052403 0.094361
v 0.73583 2.9683361 0.094361
v 0.91897702 3.02227306 0.094361
v 1.02037799 3.03450298 0.094361
v 0.80763101 2.97876 0.094361
v 0.76127499 2.92145609 0.094361
v 0.80235898 2.85712289 0.094361
v 0.674591 2.89050388 0.094361
v 0.68609899 2.84808802 0.094361
v 0.664671 2.93610596 0.094361
v 0.93625301 2.96894311 0.094361
v 1.00230503 2.95667409 0.094361
v 0.67995601 2.86900496 0.094361
v 0.78140002 2.89067196 0.094361
v 0.829517 2.95359611 0.094361
v 0.99224501 2.78232288 0.094361
v 0.89672201 2.9186871 0.094361
v 1.14079594 2.71821498 0.094361
v 0.82479399 3.02196693 0.094361
v 0.87072801 2.99522995 0.094361
v 0.87272602 2.96945905 0.094361
v 1.02416896 3.01832604 0.094361
v 1.05121803 3.00729298 0.094361
v 0.97869402 3.02499389 0.094361
v 2.4600439 1.90052795 0.094361
v 2.48656702 1.76726996 0.094361
v 2.55083799 1.92440497 0.094361
v 2.57743096 1.95381498 0.094361
v 2.50423789 1.96836197 0.094361
v 2.57785701 1.96919703 0.094361
v 2.41861701 1.92616295 0.094361
v 2.36115002 1.96412897 0.094361
v 2.42057204 1.776443 0.094361
v 2.37401294 1.78330695 0.094361
v 2.50123596 1.65707302 0.094361
v 2.46859192 1.63450098 0.094361
v 2.53426289 1.68062794 0.094361
v 2.33666896 2.09001898 0.094361
v 2.28081989 2.07594299 0.094361
v 2.46384906 2.02160191 0.094361
v 2.55559492 1.976722 0.094361
v 2.34674406 2.04564499 0.094361
v 2.27667689 2.02275991 0.094361
v 2.27617311 1.94643402 0.094361
v 2.18709993 2.04392695 0.094361
v 2.17368888 2.00207591 0.094361
v 2.20357489 2.08759307 0.094361
v 2.44934201 1.96745097 0.094361
v 2.49810195 1.92123103 0.094361
v 2.17991209 2.02296805 0.094361
v 2.27682495 1.98598396 0.094361
v 2.35142588 2.01261806 0.094361
v 2.39484405 1.78039503 0.094361
v 2.3888359 1.946774 0.094361
v 2.48463702 1.64580595 0.094361
v 2.38464903 2.0725739 0.094361
v 2.40865397 2.02515196 0.094361
v 2.39631605 2.00243306 0.094361
v 2.54998302 1.96108305 0.094361
v 2.56667995 1.93711495 0.094361
v 2.51544308 1.99141204 0.094361
v 2.79400205 1.39576804 0.094361
v 2.79467511 1.25989902 0.094361
v 2.8876779 1.40192294 0.094361
v 2.91938304 1.42573404 0.094361
v 2.85029888 1.45395004 0.094361
v 2.92272806 1.44075703 0.094361
v 2.75820899 1.42882394 0.094361
v 2.70902109 1.47703099 0.094361
v 2.73163294 1.28146195 0.094361
v 2.68723106 1.29706502 0.094361
v 2.7881 1.14892101 0.094361
v 2.7517569 1.132977 0.094361
v 2.82500791 1.16576302 0.094361
v 2.70894908 1.60527598 0.094361
v 2.651443 1.60208702 0.094361
v 2.8207829 1.51390194 0.094361
v 2.90230894 1.45237696 0.094361
v 2.7103939 1.55979502 0.094361
v 2.6372559 1.55066502 0.094361
v 2.62222695 1.47582805 0.094361
v 2.55334091 1.58849704 0.094361
v 2.53220892 1.54995894 0.094361
v 2.57782793 1.62822902 0.094361
v 2.79623389 1.46350002 0.094361
v 2.83530497 1.40885198 0.094361
v 2.54229402 1.56929194 0.094361
v 2.63039803 1.51453304 0.094361
v 2.70870304 1.52648401 0.094361
v 2.70712804 1.29024398 0.094361
v 2.7328999 1.45472705 0.094361
v 2.76966309 1.14101505 0.094361
v 2.75272989 1.57901895 0.094361
v 2.76727008 1.52788996 0.094361
v 2.75083398 1.50794005 0.094361
v 2.893821 1.43809998 0.094361
v 2.90565204 1.41139102 0.094361
v 2.86568594 1.47444403 0.094361
v 1.53705501 2.67626094 0.094361
v 1.61148297 2.56257796 0.094361
v 1.61233401 2.73234295 0.094361
v 1.62600004 2.76956009 0.094361
v 1.55267596 2.75569295 0.094361
v 1.62064194 2.7839961 0.094361
v 1.48904299 2.68453693 0.094361
v 1.42155098 2.69826197 0.094361
v 1.54684603 2.54640603 0.094361
v 1.50109803 2.53536295 0.094361
v 1.66629302 2.46586203 0.094361
v 1.64445996 2.43271803 0.094361
v 1.68811798 2.50005888 0.094361
v 1.35177099 2.80586409 0.094361
v 1.305238 2.77192401 0.094361
v 1.49530899 2.78996896 0.094361
v 1.59718203 2.78264498 0.094361
v 1.37770998 2.7684741 0.094361
v 1.32128405 2.72104191 0.094361
v 1.34935605 2.650074 0.094361
v 1.23028898 2.70718598 0.094361
v 1.23350203 2.66335296 0.094361
v 1.22924101 2.75384593 0.094361
v 1.50210404 2.73431897 0.094361
v 1.56460797 2.70968699 0.094361
v 1.23145794 2.68506002 0.094361
v 1.33517396 2.68699789 0.094361
v 1.39439904 2.73959398 0.094361
v 1.52150499 2.54045009 0.094361
v 1.45371997 2.69251704 0.094361
v 1.655115 2.44920206 0.094361
v 1.402794 2.80761599 0.094361
v 1.44279003 2.77261591 0.094361
v 1.43984198 2.74693799 0.094361
v 1.59782195 2.76604604 0.094361
v 1.62227094 2.75006389 0.094361
v 1.55444896 2.78125906 0.094361
v 2.0355339 2.33299088 0.094361
v 2.08696603 2.20722889 0.094361
v 2.12011599 2.37372708 0.094361
v 2.14061594 2.40766096 0.094361
v 2.06598901 2.40799808 0.094361
v 2.138103 2.42284894 0.094361
v 1.98997795 2.35026502 0.094361
v 1.92633104 2.37658 0.094361
v 2.02043294 2.203655 0.094361
v 1.97341799 2.20152092 0.094361
v 2.12236499 2.10184311 0.094361
v 2.09462404 2.07346296 0.094361
v 2.15030098 2.13126111 0.094361
v 1.87830698 2.49549508 0.094361
v 1.82616496 2.47103095 0.094361
v 2.01619505 2.45257091 0.094361
v 2.11481499 2.42598891 0.094361
v 1.89665603 2.45384907 0.094361
v 1.83223497 2.41803288 0.094361
v 1.84628403 2.34301304 0.094361
v 1.74026405 2.4217441 0.094361
v 1.73507499 2.37810111 0.094361
v 1.74811697 2.46775102 0.094361
v 2.01227498 2.39664602 0.094361
v 2.06894803 2.36056995 0.094361
v 1.73720002 2.39980292 0.094361
v 1.83938896 2.38196301 0.094361
v 1.90754401 2.42232799 0.094361
v 1.99442195 2.20263195 0.094361
v 1.95681798 2.36481189 0.094361
v 2.10822105 2.08762192 0.094361
v 1.92873299 2.48750996 0.094361
v 1.96133399 2.44553399 0.094361
v 1.95355105 2.42088604 0.094361
v 2.11228203 2.40957498 0.094361
v 2.13324308 2.38922596 0.094361
v 2.07259702 2.43276405 0.094361
v -0.82867598 2.96465706 0.094361
v -0.69605201 2.93512988 0.094361
v -0.81386101 3.05736804 0.094361
v -0.83003097 3.09356594 0.094361
v -0.87289398 3.0324769 0.094361
v -0.84393799 3.10016703 0.094361
v -0.86885702 2.93710398 0.094361
v -0.92678797 2.89986109 0.094361
v -0.73108601 2.87844896 0.094361
v -0.75616502 2.838629 0.094361
v -0.58931398 2.90405702 0.094361
v -0.58183902 2.86508107 0.094361
v -0.59753 2.94378399 0.094361
v -1.05184698 2.92828488 0.094361
v -1.06151294 2.87150788 0.094361
v -0.93791002 3.01701903 0.094361
v -0.85980701 3.08283495 0.094361
v -1.00717902 2.91958499 0.094361
v -1.01453304 2.84625101 0.094361
v -0.94490599 2.81496906 0.094361
v -1.07006096 2.77284288 0.094361
v -1.03718304 2.74367499 0.094361
v -1.10335898 2.80554604 0.094361
v -0.89422297 2.98187995 0.094361
v -0.832255 3.00783705 0.094361
v -1.05378997 2.75780201 0.094361
v -0.98082399 2.83153891 0.094361
v -0.97507697 2.910537 0.094361
v -0.74509197 2.85650706 0.094361
v -0.89973199 2.91818594 0.094361
v -0.58570301 2.88432598 0.094361
v -1.01651394 2.9651401 0.094361
v -0.96343702 2.96795201 0.094361
v -0.94763702 2.94749403 0.094361
v -0.84776997 3.07138991 0.094361
v -0.819099 3.07698702 0.094361
v -0.889458 3.05203509 0.094361
v -0.23205299 3.06641411 0.094361
v -0.10747499 3.01217293 0.094361
v -0.199864 3.15459895 0.094361
v -0.208848 3.19321608 0.094361
v -0.262555 3.14140105 0.094361
v -0.221244 3.20234394 0.094361
v -0.276744 3.04700899 0.094361
v -0.34070599 3.0214641 0.094361
v -0.152656 2.96320104 0.094361
v -0.18485599 2.92887997 0.094361
v -0.008602 2.96135211 0.094361
v -0.008682 2.92166805 0.094361
v -0.009106 3.00192093 0.094361
v -0.45806801 3.07317996 0.094361
v -0.47836399 3.0192821 0.094361
v -0.329324 3.13860106 0.094361
v -0.240122 3.18835306 0.094361
v -0.41587099 3.05614209 0.094361
v -0.43705001 2.98554301 0.094361
v -0.37465 2.94158196 0.094361
v -0.505535 2.92403793 0.094361
v -0.47881001 2.88914609 0.094361
v -0.532 2.96248602 0.094361
v -0.293123 3.09579706 0.094361
v -0.22734899 3.10948109 0.094361
v -0.49242401 2.9061799 0.094361
v -0.40675899 2.96468305 0.094361
v -0.38607901 3.04114389 0.094361
v -0.17058299 2.94432997 0.094361
v -0.31065699 3.03430604 0.094361
v -0.008813 2.9412961 0.094361
v -0.41636601 3.1026299 0.094361
v -0.36372399 3.09529805 0.094361
v -0.35210698 3.07220196 0.094361
v -0.23048399 3.17482399 0.094361
v -0.20127099 3.1748619 0.094361
v -0.27509298 3.16375398 0.094361
v -3.12729096 0.40256199 0.094361
v -3.04613089 0.51153302 0.094361
v -3.20584201 0.45396599 0.094361
v -3.24548888 0.45401001 0.094361
v -3.20725488 0.38992399 0.094361
v -3.25720095 0.444013 0.094361
v -3.11856603 0.354624 0.094361
v -3.10824799 0.28653499 0.094361
v -3.00872492 0.456395 0.094361
v -2.9826281 0.41722801 0.094361
v -2.97415089 0.59625202 0.094361
v -2.93552207 0.58714002 0.094361
v -3.01376509 0.60498601 0.094361
v -3.18530511 0.18401199 0.094361
v -3.1374371 0.15198299 0.094361
v -3.21972203 0.32427099 0.094361
v -3.24786901 0.42244601 0.094361
v -3.15911197 0.22122399 0.094361
v -3.09518003 0.184538 0.094361
v -3.03817892 0.23530499 0.094361
v -3.05087804 0.10386099 0.094361
v -3.01082205 0.121946 0.094361
v -3.09433388 0.086836 0.094361
v -3.16980195 0.349781 0.094361
v -3.16815996 0.416938 0.094361
v -3.03050494 0.112558 0.094361
v -3.0679779 0.20929099 0.094361
v -3.13772988 0.24682499 0.094361
v -2.9944241 0.434648 0.094361
v -3.11391305 0.31872099 0.094361
v -2.95466208 0.59148299 0.094361
v -3.2044959 0.231315 0.094361
v -3.18537497 0.28091499 0.094361
v -3.16024494 0.286971 0.094361
v -3.23250103 0.42875599 0.094361
v -3.22589588 0.45720899 0.094361
v -3.23187398 0.38279599 0.094361
v -2.97631001 0.98866099 0.094361
v -2.87589311 1.08019697 0.094361
v -3.04364109 1.05408203 0.094361
v -3.082556 1.06166899 0.094361
v -3.05721688 0.991472 0.094361
v -3.09595394 1.05408203 0.094361
v -2.9768691 0.93994599 0.094361
v -2.97970008 0.87113398 0.094361
v -2.84966301 1.01894199 0.094361
v -2.83150005 0.97552901 0.094361
v -2.78910398 1.14966094 0.094361
v -2.75291609 1.13336598 0.094361
v -2.8263309 1.16578495 0.094361
v -3.0748589 0.78515797 0.094361
v -3.03396511 0.74459898 0.094361
v -3.081954 0.92939102 0.094361
v -3.09089994 1.03113794 0.094361
v -3.04206299 0.81670099 0.094361
v -2.98628497 0.76852202 0.094361
v -2.92066311 0.80750298 0.094361
v -2.95814991 0.68088102 0.094361
v -2.9153819 0.69100701 0.094361
v -3.00405097 0.67243999 0.094361
v -3.0280919 0.94494098 0.094361
v -3.013695 1.01056194 0.094361
v -2.93649005 0.68554699 0.094361
v -2.95486593 0.78763902 0.094361
v -3.01620006 0.83776301 0.094361
v -2.83976793 0.99486899 0.094361
v -2.97913599 0.90380799 0.094361
v -2.77087998 1.14127004 0.094361
v -3.08469796 0.83525401 0.094361
v -3.05648803 0.88029301 0.094361
v -3.03066301 0.88146299 0.094361
v -3.0746119 1.03440296 0.094361
v -3.062711 1.06108403 0.094361
v -3.08274602 0.98917001 0.094361
v -1.91099894 2.43340611 0.094361
v -1.77695095 2.45560407 0.094361
v -1.93192303 2.52492499 0.094361
v -1.96045804 2.55244493 0.094361
v -1.97736799 2.47976708 0.094361
v -1.97582602 2.5533719 0.094361
v -1.93796205 2.39282488 0.094361
v -1.97775995 2.33661794 0.094361
v -1.78825104 2.38994002 0.094361
v -1.79661905 2.34362888 0.094361
v -1.66633904 2.46670198 0.094361
v -1.64483201 2.43335604 0.094361
v -1.68881404 2.50047588 0.094361
v -2.10437607 2.31621789 0.094361
v -2.09211111 2.2599411 0.094361
v -2.0318861 2.441123 0.094361
v -1.98406195 2.5313611 0.094361
v -2.05969595 2.3248589 0.094361
v -2.03909206 2.25408101 0.094361
v -1.96282196 2.25111007 0.094361
v -2.06314301 2.1652379 0.094361
v -2.02174305 2.15048289 0.094361
v -2.10625195 2.1831181 0.094361
v -1.97823202 2.42487311 0.094361
v -1.93046402 2.47211003 0.094361
v -2.04242897 2.15737605 0.094361
v -2.00232911 2.25304389 0.094361
v -2.02654004 2.32846593 0.094361
v -1.79303801 2.36435294 0.094361
v -1.95952105 2.36372709 0.094361
v -1.65560996 2.44975495 0.094361
v -2.08538699 2.36361098 0.094361
v -2.03721404 2.3860681 0.094361
v -2.01491189 2.37300396 0.094361
v -1.96861898 2.525249 0.094361
v -1.94412004 2.54116511 0.094361
v -2.0000441 2.4917159 0.094361
v -1.39570796 2.7508769 0.094361
v -1.25988495 2.74715304 0.094361
v -1.39883101 2.84470009 0.094361
v -1.42160403 2.87716198 0.094361
v -1.452039 2.80902004 0.094361
v -1.43651402 2.88099098 0.094361
v -1.42990195 2.71616792 0.094361
v -1.479671 2.66856098 0.094361
v -1.28347599 2.68484211 0.094361
v -1.30050599 2.64096689 0.094361
v -1.14918196 2.73699593 0.094361
v -1.13441598 2.70016098 0.094361
v -1.16481804 2.77443289 0.094361
v -1.60785496 2.67263793 0.094361
v -1.60652494 2.61505603 0.094361
v -1.51291704 2.78145289 0.094361
v -1.44878804 2.86095595 0.094361
v -1.56234896 2.67260789 0.094361
v -1.55559194 2.59921193 0.094361
v -1.48127996 2.58177495 0.094361
v -1.59611201 2.51656699 0.094361
v -1.55827903 2.49420094 0.094361
v -1.63503205 2.54232597 0.094361
v -1.46333503 2.75529289 0.094361
v -1.407449 2.79257988 0.094361
v -1.57727396 2.50490808 0.094361
v -1.51969695 2.5911951 0.094361
v -1.52910995 2.66983795 0.094361
v -1.29304504 2.66063904 0.094361
v -1.456604 2.69170904 0.094361
v -1.14187598 2.71831297 0.094361
v -1.58019304 2.71553993 0.094361
v -1.52862703 2.72842788 0.094361
v -1.50921797 2.71135401 0.094361
v -1.43479096 2.8520081 0.094361
v -1.40771305 2.86297106 0.094361
v -1.47202694 2.82506609 0.094361
v -2.71614003 1.53596496 0.094361
v -2.60012292 1.60668301 0.094361
v -2.76977205 1.61302197 0.094361
v -2.80652904 1.62788105 0.094361
v -2.79503202 1.55414903 0.094361
v -2.82112503 1.62299203 0.094361
v -2.72597503 1.48825204 0.094361
v -2.74186992 1.42123305 0.094361
v -2.58604788 1.54156005 0.094361
v -2.57649111 1.49547803 0.094361
v -2.50168299 1.65834295 0.094361
v -2.46926498 1.63544499 0.094361
v -2.53515911 1.68125605 0.094361
v -2.85166907 1.35496795 0.094361
v -2.8192501 1.30736196 0.094361
v -2.83114409 1.49791705 0.094361
v -2.82053709 1.599496 0.094361
v -2.81346011 1.37968599 0.094361
v -2.76788806 1.32175195 0.094361
v -2.696038 1.34751904 0.094361
v -2.75696992 1.23035705 0.094361
v -2.71305608 1.23215699 0.094361
v -2.80363988 1.23082494 0.094361
v -2.77530789 1.50291097 0.094361
v -2.74866795 1.56458795 0.094361
v -2.73481988 1.23081004 0.094361
v -2.73340296 1.33454096 0.094361
v -2.78406 1.39543795 0.094361
v -2.58091998 1.51603794 0.094361
v -2.73509001 1.453202 0.094361
v -2.4853959 1.64662599 0.094361
v -2.85177803 1.40602397 0.094361
v -2.81549811 1.44486594 0.094361
v -2.7899301 1.44109094 0.094361
v -2.80392599 1.59960401 0.094361
v -2.7871561 1.62352502 0.094361
v -2.82053089 1.55674803 0.094361
v -2.35694789 2.02309489 0.094361
v -2.22958803 2.07043504 0.094361
v -2.39493107 2.10894489 0.094361
v -2.42818689 2.13053202 0.094361
v -2.4309349 2.05595588 0.094361
v -2.44345092 2.12850809 0.094361
v -2.37568402 1.97811496 0.094361
v -2.404042 1.91535496 0.094361
v -2.22816896 2.00381708 0.094361
v -2.22755789 1.95676195 0.094361
v -2.12312007 2.10240697 0.094361
v -2.09564995 2.07376289 0.094361
v -2.15161991 2.13127994 0.094361
v -2.52444791 1.87120103 0.094361
v -2.50168299 1.81829595 0.094361
v -2.47709298 2.00762891 0.094361
v -2.44734096 2.10533595 0.094361
v -2.482234 1.88819205 0.094361
v -2.44852209 1.82264697 0.094361
v -2.37308311 1.83426201 0.094361
v -2.45519805 1.73084795 0.094361
v -2.41174602 1.72425305 0.094361
v -2.50092697 1.74018001 0.094361
v -2.42132306 2.00190401 0.094361
v -2.3834331 2.05738306 0.094361
v -2.4333651 1.72707402 0.094361
v -2.41223192 1.82863295 0.094361
v -2.45037293 1.89805197 0.094361
v -2.22798991 1.97779202 0.094361
v -2.3913021 1.94544696 0.094361
v -2.10935711 2.087816 0.094361
v -2.51483988 1.92133998 0.094361
v -2.47183108 1.95256996 0.094361
v -2.44744396 1.94399595 0.094361
v -2.43101596 2.10227704 0.094361
v -2.40999889 2.12257003 0.094361
v -2.45547294 2.06336092 0.094361
v -3.02600193 -0.83593601 0.094361
v -3.0007689 -0.70243001 0.094361
v -3.11913609 -0.82412898 0.094361
v -3.15479588 -0.84145802 0.094361
v -3.09235191 -0.88232398 0.094361
v -3.16094493 -0.855578 0.094361
v -2.99716401 -0.87520498 0.094361
v -2.95806407 -0.93190598 0.094361
v -2.94299101 -0.73561602 0.094361
v -2.90237689 -0.75939101 0.094361
v -2.97316503 -0.59474802 0.094361
v -2.93444991 -0.586012 0.094361
v -3.01260805 -0.60424202 0.094361
v -2.98243308 -1.05782103 0.094361
v -2.92537307 -1.065647 0.094361
v -3.07480502 -0.94680202 0.094361
v -3.14311003 -0.87087702 0.094361
v -2.97518396 -1.01289594 0.094361
v -2.90164589 -1.017879 0.094361
v -2.87263393 -0.94727098 0.094361
v -2.82648301 -1.07100105 0.094361
v -2.79838991 -1.03719496 0.094361
v -2.85809207 -1.10533702 0.094361
v -3.04110002 -0.90200799 0.094361
v -3.0690391 -0.84091097 0.094361
v -2.81197595 -1.05425405 0.094361
v -2.888031 -0.98370802 0.094361
v -2.96717691 -0.98051601 0.094361
v -2.92060804 -0.74890297 0.094361
v -2.97725391 -0.90545797 0.094361
v -2.95355892 -0.59050101 0.094361
v -3.0204091 -1.02369797 0.094361
v -3.02494001 -0.97074002 0.094361
v -3.00500297 -0.95428502 0.094361
v -3.1320579 -0.85847502 0.094361
v -3.13858008 -0.82999998 0.094361
v -3.11136603 -0.89951598 0.094361
v -3.14698004 -0.242918 0.094361
v -3.09679698 -0.116654 0.094361
v -3.23616194 -0.213602 0.094361
v -3.27447009 -0.22382199 0.094361
v -3.22094893 -0.275828 0.094361
v -3.28319501 -0.236503 0.094361
v -3.12614488 -0.28696 0.094361
v -3.09855008 -0.35005399 0.094361
v -3.04639411 -0.16022999 0.094361
v -3.01104807 -0.19130399 0.094361
v -3.14644193 -0.46903801 0.094361
v -3.09191298 -0.487578 0.094361
v -3.21599388 -0.34246799 0.094361
v -3.26859808 -0.25492501 0.094361
v -3.13077306 -0.42631799 0.094361
v -3.05952596 -0.445194 0.094361
v -3.01760888 -0.38140401 0.094361
v -2.99584698 -0.51165401 0.094361
v -2.96183991 -0.48381501 0.094361
v -3.03341507 -0.539352 0.094361
v -3.17437911 -0.30490601 0.094361
v -3.19017911 -0.239609 0.094361
v -2.97842192 -0.497974 0.094361
v -3.03965711 -0.41424998 0.094361
v -3.11674809 -0.39604601 0.094361
v -3.02694797 -0.177532 0.094361
v -3.11235594 -0.32043999 0.094361
v -3.17722797 -0.42830899 0.094361
v -3.17159509 -0.37544798 0.094361
v -3.14889192 -0.36309999 0.094361
v -3.25538897 -0.24485899 0.094361
v -3.25636911 -0.21566 0.094361
v -3.24288511 -0.289076 0.094361
v -0.39095199 -3.05055689 0.094361
v -0.50248801 -2.9729669 0.094361
v -0.439796 -3.13073301 0.094361
v -0.438553 -3.17035794 0.094361
v -0.37573599 -3.13007593 0.094361
v -0.42818701 -3.18174195 0.094361
v -0.343326 -3.04029011 0.094361
v -0.27559998 -3.02778005 0.094361
v -0.44858899 -2.93379402 0.094361
v -0.410288 -2.90644788 0.094361
v -0.58948898 -2.9037559 0.094361
v -0.58163297 -2.86486101 0.094361
v -0.59694302 -2.94363808 0.094361
v -0.17064499 -3.1014831 0.094361
v -0.140181 -3.052603 0.094361
v -0.309713 -3.140414 0.094361
v -0.40693301 -3.17171692 0.094361
v -0.20868499 -3.07650494 0.094361
v -0.17408299 -3.01142001 0.094361
v -0.22666099 -2.95608496 0.094361
v -0.09487599 -2.96453905 0.094361
v -0.114247 -2.92508196 0.094361
v -0.076456 -3.0074141 0.094361
v -0.33682501 -3.09134197 0.094361
v -0.404004 -3.09186911 0.094361
v -0.104234 -2.94445109 0.094361
v -0.19970099 -2.98502993 0.094361
v -0.234962 -3.05595898 0.094361
v -0.42731198 -2.91880106 0.094361
v -0.307583 -3.034482 0.094361
v -0.58535099 -2.88412809 0.094361
v -0.217308 -3.12219309 0.094361
v -0.26749399 -3.10468411 0.094361
v -0.27436101 -3.07975792 0.094361
v -0.413733 -3.15656209 0.094361
v -0.44238799 -3.15087795 0.094361
v -0.36781999 -3.15444588 0.094361
v -0.98162901 -2.91859698 0.094361
v -1.076357 -2.82118606 0.094361
v -1.04484105 -2.98800396 0.094361
v -1.051162 -3.027148 0.094361
v -0.98182499 -2.99955511 0.094361
v -1.04315102 -3.04029607 0.094361
v -0.93291801 -2.91758489 0.094361
v -0.86404997 -2.91818594 0.094361
v -1.01598703 -2.79299998 0.094361
v -0.973181 -2.77343511 0.094361
v -1.14859402 -2.736696 0.094361
v -1.13347804 -2.70000004 0.094361
v -1.16350197 -2.77441906 0.094361
v -0.77504098 -3.01052403 0.094361
v -0.73583 -2.9683361 0.094361
v -0.91897702 -3.02227401 0.094361
v -1.02037799 -3.03450298 0.094361
v -0.80763101 -2.97876 0.094361
v -0.76127499 -2.92145609 0.094361
v -0.80235999 -2.85712289 0.094361
v -0.674591 -2.89050388 0.094361
v -0.68609899 -2.84808802 0.094361
v -0.664671 -2.93610596 0.094361
v -0.93625301 -2.96894311 0.094361
v -1.00230503 -2.95667409 0.094361
v -0.67995601 -2.86900496 0.094361
v -0.78140097 -2.89067196 0.094361
v -0.82951802 -2.95359611 0.094361
v -0.99224501 -2.78232288 0.094361
v -0.89672297 -2.9186871 0.094361
v -1.14079701 -2.71821498 0.094361
v -0.824795 -3.02196693 0.094361
v -0.87072801 -2.99522995 0.094361
v -0.87272697 -2.96946001 0.094361
v -1.02416896 -3.01832509 0.094361
v -1.05121898 -3.00729298 0.094361
v -0.97869497 -3.02499389 0.094361
v -2.4600439 -1.90052795 0.094361
v -2.48656702 -1.76726996 0.094361
v -2.55083799 -1.92440497 0.094361
v -2.57743096 -1.95381498 0.094361
v -2.50423789 -1.96836197 0.094361
v -2.57785701 -1.96919703 0.094361
v -2.41861701 -1.92616295 0.094361
v -2.36115002 -1.96412897 0.094361
v -2.42057108 -1.77644395 0.094361
v -2.37401294 -1.78330695 0.094361
v -2.50123596 -1.65707397 0.094361
v -2.46859192 -1.63450205 0.094361
v -2.53426289 -1.68062794 0.094361
v -2.33666801 -2.09001898 0.094361
v -2.28081989 -2.07594394 0.094361
v -2.46384906 -2.02160191 0.094361
v -2.55559492 -1.976722 0.094361
v -2.34674501 -2.04564499 0.094361
v -2.27667689 -2.02275991 0.094361
v -2.27617311 -1.94643402 0.094361
v -2.18710088 -2.0439279 0.094361
v -2.17368888 -2.00207591 0.094361
v -2.20357489 -2.08759307 0.094361
v -2.44934201 -1.96745097 0.094361
v -2.49810195 -1.92123103 0.094361
v -2.17991089 -2.02296805 0.094361
v -2.27682495 -1.98598396 0.094361
v -2.35142588 -2.01261711 0.094361
v -2.39484405 -1.78039503 0.094361
v -2.3888359 -1.94677305 0.094361
v -2.48463702 -1.64580702 0.094361
v -2.38464903 -2.07257509 0.094361
v -2.40865397 -2.02515292 0.094361
v -2.39631605 -2.00243306 0.094361
v -2.54998302 -1.96108305 0.094361
v -2.56667995 -1.93711602 0.094361
v -2.51544308 -1.99141204 0.094361
v -2.79400205 -1.395769 0.094361
v -2.79467511 -1.25989902 0.094361
v -2.8876779 -1.40192294 0.094361
v -2.91938304 -1.42573404 0.094361
v -2.85029888 -1.45395004 0.094361
v -2.92272806 -1.44075703 0.094361
v -2.75820803 -1.42882394 0.094361
v -2.70902109 -1.47703099 0.094361
v -2.73163294 -1.28146195 0.094361
v -2.68723106 -1.29706502 0.094361
v -2.7881 -1.14892196 0.094361
v -2.7517569 -1.13297796 0.094361
v -2.82500791 -1.16576302 0.094361
v -2.70894908 -1.60527503 0.094361
v -2.651443 -1.60208797 0.094361
v -2.8207829 -1.51390194 0.094361
v -2.90230798 -1.45237696 0.094361
v -2.7103939 -1.55979502 0.094361
v -2.63725495 -1.55066502 0.094361
v -2.62222695 -1.475829 0.094361
v -2.55334091 -1.58849799 0.094361
v -2.53220892 -1.54995894 0.094361
v -2.57782793 -1.62822902 0.094361
v -2.79623293 -1.46350002 0.094361
v -2.83530402 -1.40885198 0.094361
v -2.54229307 -1.56929194 0.094361
v -2.63039803 -1.51453304 0.094361
v -2.70870208 -1.52648496 0.094361
v -2.70712709 -1.29024398 0.094361
v -2.73290109 -1.45472705 0.094361
v -2.7696619 -1.141016 0.094361
v -2.75272989 -1.57901799 0.094361
v -2.76727008 -1.52788901 0.094361
v -2.75083398 -1.507941 0.094361
v -2.893821 -1.43810105 0.094361
v -2.90565204 -1.41139197 0.094361
v -2.86568594 -1.47444403 0.094361
v -1.53705394 -2.6762619 0.094361
v -1.61148297 -2.56257796 0.094361
v -1.61233401 -2.73234295 0.094361
v -1.62600004 -2.76956009 0.094361
v -1.55267596 -2.755692 0.094361
v -1.62064194 -2.7839961 0.094361
v -1.48904299 -2.68453693 0.094361
v -1.42155194 -2.69826197 0.094361
v -1.54684603 -2.54640507 0.094361
v -1.50109803 -2.53536391 0.094361
v -1.66629195 -2.46586203 0.094361
v -1.64445996 -2.43271803 0.094361
v -1.68811702 -2.50005888 0.094361
v -1.35177099 -2.80586409 0.094361
v -1.305238 -2.77192401 0.094361
v -1.49530899 -2.78996896 0.094361
v -1.59718203 -2.78264498 0.094361
v -1.37770998 -2.76847505 0.094361
v -1.32128405 -2.72104191 0.094361
v -1.34935605 -2.650074 0.094361
v -1.23029005 -2.70718598 0.094361
v -1.23350203 -2.66335296 0.094361
v -1.22924101 -2.75384593 0.094361
v -1.50210404 -2.73431897 0.094361
v -1.56460797 -2.70968699 0.094361
v -1.23145794 -2.68506002 0.094361
v -1.33517396 -2.68699789 0.094361
v -1.39439904 -2.73959398 0.094361
v -1.52150595 -2.54045009 0.094361
v -1.45371997 -2.69251704 0.094361
v -1.655115 -2.44920206 0.094361
v -1.40279495 -2.80761599 0.094361
v -1.44279003 -2.7726171 0.094361
v -1.43984103 -2.74693703 0.094361
v -1.59782302 -2.76604604 0.094361
v -1.62227094 -2.75006389 0.094361
v -1.55444896 -2.78125906 0.094361
v -2.0355339 -2.33299088 0.094361
v -2.08696603 -2.20722889 0.094361
v -2.12011504 -2.37372708 0.094361
v -2.14061594 -2.40766096 0.094361
v -2.06598901 -2.40799808 0.094361
v -2.13810205 -2.42284894 0.094361
v -1.98997795 -2.35026502 0.094361
v -1.92633104 -2.37658 0.094361
v -2.02043199 -2.20365405 0.094361
v -1.97341799 -2.20152092 0.094361
v -2.12236499 -2.10184311 0.094361
v -2.09462404 -2.07346391 0.094361
v -2.15030098 -2.13126111 0.094361
v -1.87830698 -2.49549508 0.094361
v -1.826164 -2.47102999 0.094361
v -2.01619505 -2.45257091 0.094361
v -2.11481499 -2.4259901 0.094361
v -1.89665603 -2.45384907 0.094361
v -1.83223497 -2.41803407 0.094361
v -1.84628403 -2.34301209 0.094361
v -1.74026405 -2.4217441 0.094361
v -1.73507499 -2.37810111 0.094361
v -1.74811697 -2.46775102 0.094361
v -2.01227498 -2.39664602 0.094361
v -2.06894803 -2.3605709 0.094361
v -1.73720002 -2.39980292 0.094361
v -1.83938801 -2.38196301 0.094361
v -1.90754401 -2.42232799 0.094361
v -1.99442195 -2.2026329 0.094361
v -1.95681798 -2.36481189 0.094361
v -2.1082201 -2.08762192 0.094361
v -1.92873299 -2.48750901 0.094361
v -1.96133399 -2.44553399 0.094361
v -1.95355105 -2.42088604 0.094361
v -2.11228203 -2.40957498 0.094361
v -2.13324308 -2.38922596 0.094361
v -2.07259702 -2.43276405 0.094361
v 0.82867497 -2.96465706 0.094361
v 0.696051 -2.93512988 0.094361
v 0.81385999 -3.05736804 0.094361
v 0.83003097 -3.09356689 0.094361
v 0.87289297 -3.03247809 0.094361
v 0.84393799 -3.10016703 0.094361
v 0.86885601 -2.93710494 0.094361
v 0.92678701 -2.89986109 0.094361
v 0.73108601 -2.87844896 0.094361
v 0.75616401 -2.838629 0.094361
v 0.58931398 -2.90405798 0.094361
v 0.58183902 -2.86508107 0.094361
v 0.59752899 -2.94378495 0.094361
v 1.05184602 -2.92828488 0.094361
v 1.06151294 -2.87150907 0.094361
v 0.937909 -3.01701903 0.094361
v 0.85980701 -3.08283495 0.094361
v 1.00717794 -2.91958594 0.094361
v 1.01453304 -2.84625196 0.094361
v 0.94490498 -2.81497001 0.094361
v 1.07006096 -2.77284288 0.094361
v 1.03718197 -2.74367499 0.094361
v 1.10335898 -2.80554604 0.094361
v 0.89422297 -2.9818809 0.094361
v 0.832255 -3.00783801 0.094361
v 1.05378902 -2.75780201 0.094361
v 0.98082399 -2.83153891 0.094361
v 0.97507697 -2.91053795 0.094361
v 0.74509197 -2.85650706 0.094361
v 0.89973199 -2.91818594 0.094361
v 0.585702 -2.88432598 0.094361
v 1.01651203 -2.9651401 0.094361
v 0.96343702 -2.96795201 0.094361
v 0.94763702 -2.94749403 0.094361
v 0.84776997 -3.07138991 0.094361
v 0.819099 -3.07698607 0.094361
v 0.889458 -3.05203509 0.094361
v 0.23205199 -3.06641411 0.094361
v 0.10747399 -3.01217389 0.094361
v 0.199864 -3.15459895 0.094361
v 0.208847 -3.19321608 0.094361
v 0.26255399 -3.14140105 0.094361
v 0.221244 -3.20234394 0.094361
v 0.276744 -3.04700994 0.094361
v 0.340705 -3.02146506 0.094361
v 0.152655 -2.96320104 0.094361
v 0.18485499 -2.92887997 0.094361
v 0.008601 -2.96135211 0.094361
v 0.008681 -2.921669 0.094361
v 0.009105 -3.00192093 0.094361
v 0.45806801 -3.07317996 0.094361
v 0.47836399 -3.0192821 0.094361
v 0.32932299 -3.13860201 0.094361
v 0.240122 -3.18835401 0.094361
v 0.41587099 -3.05614209 0.094361
v 0.437049 -2.98554301 0.094361
v 0.37464898 -2.94158196 0.094361
v 0.505535 -2.92403793 0.094361
v 0.47881001 -2.88914489 0.094361
v 0.532 -2.96248698 0.094361
v 0.29312199 -3.09579801 0.094361
v 0.227348 -3.10948109 0.094361
v 0.49242401 -2.90618109 0.094361
v 0.40675801 -2.96468305 0.094361
v 0.386078 -3.04114389 0.094361
v 0.17058299 -2.94432902 0.094361
v 0.31065601 -3.03430604 0.094361
v 0.008812 -2.9412961 0.094361
v 0.41636601 -3.1026299 0.094361
v 0.36372301 -3.09529805 0.094361
v 0.352106 -3.07220292 0.094361
v 0.23048299 -3.17482399 0.094361
v 0.20126999 -3.1748631 0.094361
v 0.275092 -3.16375494 0.094361
v 3.12729001 -0.402563 0.094361
v 3.04613089 -0.51153397 0.094361
v 3.20584106 -0.453967 0.094361
v 3.24548888 -0.45401099 0.094361
v 3.20725488 -0.389925 0.094361
v 3.2572 -0.44401401 0.094361
v 3.11856508 -0.35462498 0.094361
v 3.10824799 -0.286536 0.094361
v 3.00872492 -0.45639601 0.094361
v 2.98262691 -0.41722899 0.094361
v 2.97414994 -0.59625297 0.094361
v 2.93552088 -0.58714002 0.094361
v 3.0137639 -0.60498702 0.094361
v 3.18530511 -0.18401299 0.094361
v 3.1374371 -0.151984 0.094361
v 3.21972107 -0.324272 0.094361
v 3.24786901 -0.42244601 0.094361
v 3.15911102 -0.22122499 0.094361
v 3.09518003 -0.18454 0.094361
v 3.03817892 -0.23530599 0.094361
v 3.05087709 -0.10386099 0.094361
v 3.0108211 -0.12194699 0.094361
v 3.09433388 -0.086837 0.094361
v 3.16980099 -0.349781 0.094361
v 3.168159 -0.41693899 0.094361
v 3.03050398 -0.11255899 0.094361
v 3.0679779 -0.20929199 0.094361
v 3.13772988 -0.24682499 0.094361
v 2.99442291 -0.43464899 0.094361
v 3.1139121 -0.31872099 0.094361
v 2.95466208 -0.59148299 0.094361
v 3.2044959 -0.231316 0.094361
v 3.18537497 -0.280916 0.094361
v 3.16024398 -0.28697198 0.094361
v 3.23250103 -0.42875701 0.094361
v 3.22589588 -0.45721 0.094361
v 3.23187303 -0.382797 0.094361
v 2.97631001 -0.98866099 0.094361
v 2.87589311 -1.08019805 0.094361
v 3.04364109 -1.05408299 0.094361
v 3.082556 -1.06166994 0.094361
v 3.05721688 -0.99147301 0.094361
v 3.09595394 -1.05408299 0.094361
v 2.9768691 -0.93994599 0.094361
v 2.97969889 -0.87113601 0.094361
v 2.84966206 -1.01894295 0.094361
v 2.8314991 -0.97553002 0.094361
v 2.78910303 -1.14966201 0.094361
v 2.75291609 -1.13336598 0.094361
v 2.82632994 -1.16578495 0.094361
v 3.0748589 -0.78515899 0.094361
v 3.03396391 -0.74459999 0.094361
v 3.08195304 -0.92939102 0.094361
v 3.09089899 -1.03113901 0.094361
v 3.04206299 -0.81670099 0.094361
v 2.98628401 -0.76852297 0.094361
v 2.92066192 -0.80750298 0.094361
v 2.95814895 -0.68088197 0.094361
v 2.91538095 -0.69100797 0.094361
v 3.00405097 -0.672441 0.094361
v 3.0280919 -0.94494199 0.094361
v 3.013695 -1.01056301 0.094361
v 2.9364891 -0.685548 0.094361
v 2.95486497 -0.78763997 0.094361
v 3.01620006 -0.83776402 0.094361
v 2.83976793 -0.99486899 0.094361
v 2.97913599 -0.90380901 0.094361
v 2.77087998 -1.14127099 0.094361
v 3.08469796 -0.83525502 0.094361
v 3.05648708 -0.88029402 0.094361
v 3.03066301 -0.881464 0.094361
v 3.0746119 -1.03440296 0.094361
v 3.062711 -1.06108403 0.094361
v 3.08274507 -0.98917001 0.094361
v 1.91099798 -2.43340611 0.094361
v 1.77695 -2.45560407 0.094361
v 1.93192303 -2.52492594 0.094361
v 1.96045696 -2.55244588 0.094361
v 1.97736799 -2.47976803 0.094361
v 1.97582495 -2.55337309 0.094361
v 1.93796205 -2.39282488 0.094361
v 1.977759 -2.33661794 0.094361
v 1.78825104 -2.38994097 0.094361
v 1.79661905 -2.34363007 0.094361
v 1.66633904 -2.46670293 0.094361
v 1.64483094 -2.43335604 0.094361
v 1.68881404 -2.50047707 0.094361
v 2.10437607 -2.31621909 0.094361
v 2.09210991 -2.25994205 0.094361
v 2.0318861 -2.44112396 0.094361
v 1.98406195 -2.5313611 0.094361
v 2.059695 -2.3248589 0.094361
v 2.03909206 -2.25408101 0.094361
v 1.962821 -2.25111103 0.094361
v 2.06314206 -2.16523909 0.094361
v 2.02174305 -2.15048289 0.094361
v 2.106251 -2.18311905 0.094361
v 1.97823202 -2.42487406 0.094361
v 1.93046295 -2.47211003 0.094361
v 2.04242801 -2.15737605 0.094361
v 2.00232791 -2.25304508 0.094361
v 2.02653908 -2.32846689 0.094361
v 1.79303705 -2.36435389 0.094361
v 1.95952105 -2.36372709 0.094361
v 1.65560996 -2.4497559 0.094361
v 2.08538603 -2.36361098 0.094361
v 2.03721308 -2.3860681 0.094361
v 2.01491093 -2.37300491 0.094361
v 1.96861803 -2.525249 0.094361
v 1.94412004 -2.54116606 0.094361
v 2.00004291 -2.4917171 0.094361
v 1.39570701 -2.75087809 0.094361
v 1.259884 -2.74715304 0.094361
v 1.39883101 -2.84470105 0.094361
v 1.42160296 -2.87716198 0.094361
v 1.452039 -2.80902004 0.094361
v 1.43651294 -2.88099098 0.094361
v 1.429901 -2.71616792 0.094361
v 1.479671 -2.66856098 0.094361
v 1.28347504 -2.68484211 0.094361
v 1.30050504 -2.64096689 0.094361
v 1.14918196 -2.73699593 0.094361
v 1.13441598 -2.70016098 0.094361
v 1.16481697 -2.77443409 0.094361
v 1.60785496 -2.67263793 0.094361
v 1.60652494 -2.61505699 0.094361
v 1.51291596 -2.78145408 0.094361
v 1.44878804 -2.8609569 0.094361
v 1.56234896 -2.67260909 0.094361
v 1.55559098 -2.59921288 0.094361
v 1.48127996 -2.58177495 0.094361
v 1.59611201 -2.51656699 0.094361
v 1.55827796 -2.49420189 0.094361
v 1.63503205 -2.54232692 0.094361
v 1.46333503 -2.75529289 0.094361
v 1.407449 -2.79257988 0.094361
v 1.57727301 -2.50490808 0.094361
v 1.51969695 -2.59119606 0.094361
v 1.52910995 -2.66983795 0.094361
v 1.29304397 -2.66063904 0.094361
v 1.45660305 -2.69170904 0.094361
v 1.14187598 -2.71831297 0.094361
v 1.58019304 -2.71553993 0.094361
v 1.52862703 -2.72842788 0.094361
v 1.50921702 -2.71135401 0.094361
v 1.43479096 -2.8520081 0.094361
v 1.40771198 -2.86297106 0.094361
v 1.47202599 -2.82506609 0.094361
v 2.71613907 -1.53596496 0.094361
v 2.60012197 -1.60668301 0.094361
v 2.76977205 -1.61302304 0.094361
v 2.80652904 -1.62788105 0.094361
v 2.79503107 -1.55414903 0.094361
v 2.82112407 -1.62299203 0.094361
v 2.72597408 -1.48825299 0.094361
v 2.74186992 -1.42123401 0.094361
v 2.58604693 -1.541561 0.094361
v 2.57648992 -1.49547803 0.094361
v 2.50168299 -1.65834403 0.094361
v 2.46926498 -1.63544595 0.094361
v 2.53515791 -1.68125701 0.094361
v 2.85166907 -1.35496902 0.094361
v 2.81924891 -1.30736303 0.094361
v 2.8311429 -1.49791801 0.094361
v 2.82053709 -1.59949696 0.094361
v 2.81346011 -1.37968695 0.094361
v 2.76788711 -1.32175195 0.094361
v 2.69603705 -1.34751904 0.094361
v 2.75696897 -1.23035705 0.094361
v 2.71305489 -1.23215794 0.094361
v 2.80363893 -1.23082602 0.094361
v 2.77530694 -1.50291097 0.094361
v 2.748667 -1.56458902 0.094361
v 2.73481893 -1.23081004 0.094361
v 2.73340201 -1.33454096 0.094361
v 2.78406 -1.39543902 0.094361
v 2.58091998 -1.51603794 0.094361
v 2.73508906 -1.45320296 0.094361
v 2.4853959 -1.64662599 0.094361
v 2.85177707 -1.40602397 0.094361
v 2.81549692 -1.44486701 0.094361
v 2.7899301 -1.44109201 0.094361
v 2.80392503 -1.59960401 0.094361
v 2.7871561 -1.62352597 0.094361
v 2.82053089 -1.55674898 0.094361
v 2.35694789 -2.02309489 0.094361
v 2.22958803 -2.070436 0.094361
v 2.39492988 -2.10894608 0.094361
v 2.42818689 -2.13053298 0.094361
v 2.4309349 -2.05595493 0.094361
v 2.44344997 -2.12850809 0.094361
v 2.37568306 -1.97811496 0.094361
v 2.40404105 -1.91535496 0.094361
v 2.22816801 -2.00381708 0.094361
v 2.22755789 -1.95676195 0.094361
v 2.12312007 -2.10240793 0.094361
v 2.09564995 -2.07376289 0.094361
v 2.15161991 -2.13127994 0.094361
v 2.52444791 -1.87120199 0.094361
v 2.50168299 -1.81829595 0.094361
v 2.47709298 -2.00762891 0.094361
v 2.44734096 -2.10533595 0.094361
v 2.48223304 -1.88819205 0.094361
v 2.44852209 -1.82264697 0.094361
v 2.37308192 -1.83426296 0.094361
v 2.45519709 -1.73084795 0.094361
v 2.41174602 -1.72425305 0.094361
v 2.50092697 -1.74018096 0.094361
v 2.4213221 -2.00190496 0.094361
v 2.3834331 -2.05738401 0.094361
v 2.4333651 -1.72707402 0.094361
v 2.41223096 -1.82863402 0.094361
v 2.45037198 -1.89805197 0.094361
v 2.22798895 -1.97779202 0.094361
v 2.39130091 -1.94544804 0.094361
v 2.10935711 -2.087816 0.094361
v 2.51483893 -1.92134094 0.094361
v 2.47182989 -1.95256996 0.094361
v 2.44744396 -1.94399702 0.094361
v 2.43101596 -2.10227799 0.094361
v 2.40999889 -2.12257099 0.094361
v 2.45547294 -2.06336188 0.094361
v -3.04716491 -0.024106 0.094361
v -3.09213209 -0.01252 0.094361
v -3.02791309 -0.028679 0.094361
v -3.01042103 -0.032543 0.094361
v 2.99716496 0.87520402 -0.094361
v 3.02600288 0.83593601 -0.094361
v 3.00077009 0.70243001 -0.094361
v 2.94299101 0.73561602 -0.094361
v 3.01260805 0.60424202 -0.094361
v 2.97316598 0.59474802 -0.094361
v 2.92537307 1.065647 -0.094361
v 2.98243403 1.05782103 -0.094361
v 2.97518396 1.01289594 -0.094361
v 2.90164589 1.01787805 -0.094361
v 2.85809207 1.10533702 -0.094361
v 2.82648301 1.07100105 -0.094361
v 3.11913704 0.82412898 -0.094361
v 3.0690391 0.84091097 -0.094361
v 3.04110002 0.90200799 -0.094361
v 3.09235191 0.88232302 -0.094361
v 2.79838991 1.03719496 -0.094361
v 2.81197595 1.05425405 -0.094361
v 2.888031 0.98370802 -0.094361
v 2.87263393 0.94727098 -0.094361
v 2.96717691 0.98051601 -0.094361
v 2.95806503 0.93190598 -0.094361
v 2.9772551 0.90545797 -0.094361
v 2.92060899 0.74890297 -0.094361
v 2.90237689 0.75939101 -0.094361
v 2.95355892 0.59050101 -0.094361
v 2.93444895 0.586012 -0.094361
v 3.02494001 0.97074002 -0.094361
v 3.0204091 1.02369797 -0.094361
v 3.07480597 0.94680297 -0.094361
v 3.00500297 0.95428502 -0.094361
v 3.15479588 0.84145802 -0.094361
v 3.13858103 0.82999998 -0.094361
v 3.13205909 0.85847502 -0.094361
v 3.16094493 0.855578 -0.094361
v 3.11136698 0.89951598 -0.094361
v 3.14311099 0.87087601 -0.094361
v 3.12614488 0.28696098 -0.094361
v 3.14698004 0.242917 -0.094361
v 3.09679698 0.116653 -0.094361
v 3.04639411 0.16022899 -0.094361
v 3.08972907 0.018005 -0.094361
v 3.04920005 0.016186 -0.094361
v 3.09191298 0.48757699 -0.094361
v 3.14644193 0.46903699 -0.094361
v 3.13077306 0.42631799 -0.094361
v 3.05952596 0.445194 -0.094361
v 3.03341507 0.539352 -0.094361
v 2.99584794 0.51165401 -0.094361
v 3.2361629 0.213602 -0.094361
v 3.19018006 0.239609 -0.094361
v 3.17438006 0.30490601 -0.094361
v 3.22094893 0.275828 -0.094361
v 2.96183991 0.48381501 -0.094361
v 2.97842192 0.497974 -0.094361
v 3.03965711 0.41424998 -0.094361
v 3.01760888 0.38140401 -0.094361
v 3.11674904 0.39604601 -0.094361
v 3.09855008 0.35005399 -0.094361
v 3.1123569 0.32043999 -0.094361
v 3.02694892 0.177532 -0.094361
v 3.01104807 0.19130399 -0.094361
v 3.02914404 0.015752 -0.094361
v 3.00953102 0.014983 -0.094361
v 3.17159605 0.37544798 -0.094361
v 3.17722797 0.42830899 -0.094361
v 3.21599507 0.34246701 -0.094361
v 3.14889192 0.36309999 -0.094361
v 3.27447009 0.22382099 -0.094361
v 3.25637006 0.21566 -0.094361
v 3.25538897 0.24485799 -0.094361
v 3.28319501 0.236502 -0.094361
v 3.24288606 0.289076 -0.094361
v 3.26859903 0.25492501 -0.094361
v 0.343326 3.04028892 -0.094361
v 0.39095199 3.05055689 -0.094361
v 0.50248801 2.9729669 -0.094361
v 0.44858899 2.93379306 -0.094361
v 0.59694302 2.94363808 -0.094361
v 0.58948802 2.9037559 -0.094361
v 0.14018 3.05260396 -0.094361
v 0.17064499 3.10148191 -0.094361
v 0.20868499 3.07650494 -0.094361
v 0.17408299 3.01142001 -0.094361
v 0.076456 3.0074141 -0.094361
v 0.09487599 2.96453809 -0.094361
v 0.439796 3.13073205 -0.094361
v 0.404004 3.09186911 -0.094361
v 0.336824 3.09134197 -0.094361
v 0.37573501 3.13007497 -0.094361
v 0.114247 2.92508196 -0.094361
v 0.10423299 2.94445109 -0.094361
v 0.19970099 2.98502993 -0.094361
v 0.22666099 2.95608592 -0.094361
v 0.234961 3.05595898 -0.094361
v 0.275599 3.02778101 -0.094361
v 0.30758199 3.03448104 -0.094361
v 0.427311 2.91880106 -0.094361
v 0.41028699 2.90644693 -0.094361
v 0.58535099 2.88412809 -0.094361
v 0.58163297 2.86486101 -0.094361
v 0.26749399 3.10468292 -0.094361
v 0.217308 3.1221919 -0.094361
v 0.309713 3.14041304 -0.094361
v 0.27436 3.07975792 -0.094361
v 0.438553 3.17035794 -0.094361
v 0.44238701 3.15087795 -0.094361
v 0.413733 3.15656304 -0.094361
v 0.42818599 3.18174195 -0.094361
v 0.36781901 3.15444588 -0.094361
v 0.40693199 3.17171788 -0.094361
v 0.93291801 2.91758489 -0.094361
v 0.98162901 2.91859602 -0.094361
v 1.076357 2.82118606 -0.094361
v 1.01598596 2.79299998 -0.094361
v 1.16350197 2.77442002 -0.094361
v 1.14859294 2.736696 -0.094361
v 0.73583 2.9683361 -0.094361
v 0.77504098 3.01052403 -0.094361
v 0.80763101 2.97876 -0.094361
v 0.76127499 2.92145609 -0.094361
v 0.664671 2.93610596 -0.094361
v 0.674591 2.89050388 -0.094361
v 1.04483997 2.98800396 -0.094361
v 1.00230503 2.95667409 -0.094361
v 0.93625301 2.96894311 -0.094361
v 0.98182499 2.99955511 -0.094361
v 0.68609899 2.84808802 -0.094361
v 0.67995601 2.86900496 -0.094361
v 0.78140002 2.89067196 -0.094361
v 0.80235898 2.85712289 -0.094361
v 0.829517 2.95359611 -0.094361
v 0.86404997 2.91818594 -0.094361
v 0.89672201 2.9186871 -0.094361
v 0.99224501 2.78232288 -0.094361
v 0.973181 2.77343511 -0.094361
v 1.14079594 2.71821498 -0.094361
v 1.13347804 2.70000004 -0.094361
v 0.87072801 2.99522995 -0.094361
v 0.82479399 3.02196693 -0.094361
v 0.91897702 3.02227306 -0.094361
v 0.87272602 2.96945905 -0.094361
v 1.051162 3.027148 -0.094361
v 1.05121803 3.00729298 -0.094361
v 1.02416896 3.01832604 -0.094361
v 1.04315102 3.04029607 -0.094361
v 0.97869402 3.02499389 -0.094361
v 1.02037799 3.03450298 -0.094361
v 2.41861701 1.92616295 -0.094361
v 2.4600439 1.90052795 -0.094361
v 2.48656702 1.76726996 -0.094361
v 2.42057204 1.776443 -0.094361
v 2.53426289 1.68062794 -0.094361
v 2.50123596 1.65707302 -0.094361
v 2.28081989 2.07594299 -0.094361
v 2.33666896 2.09001898 -0.094361
v 2.34674406 2.04564499 -0.094361
v 2.27667689 2.02275991 -0.094361
v 2.20357489 2.08759307 -0.094361
v 2.18709993 2.04392695 -0.094361
v 2.55083799 1.92440497 -0.094361
v 2.49810195 1.92123103 -0.094361
v 2.44934201 1.96745097 -0.094361
v 2.50423789 1.96836197 -0.094361
v 2.17368888 2.00207591 -0.094361
v 2.17991209 2.02296805 -0.094361
v 2.27682495 1.98598396 -0.094361
v 2.27617311 1.94643402 -0.094361
v 2.35142588 2.01261806 -0.094361
v 2.36115002 1.96412897 -0.094361
v 2.3888359 1.946774 -0.094361
v 2.39484405 1.78039503 -0.094361
v 2.37401294 1.78330695 -0.094361
v 2.48463702 1.64580595 -0.094361
v 2.46859192 1.63450098 -0.094361
v 2.40865397 2.02515196 -0.094361
v 2.38464903 2.0725739 -0.094361
v 2.46384906 2.02160191 -0.094361
v 2.39631605 2.00243306 -0.094361
v 2.57743096 1.95381498 -0.094361
v 2.56667995 1.93711495 -0.094361
v 2.54998302 1.96108305 -0.094361
v 2.57785701 1.96919703 -0.094361
v 2.51544308 1.99141204 -0.094361
v 2.55559492 1.976722 -0.094361
v 2.75820899 1.42882394 -0.094361
v 2.79400205 1.39576804 -0.094361
v 2.79467511 1.25989902 -0.094361
v 2.73163294 1.28146195 -0.094361
v 2.82500791 1.16576302 -0.094361
v 2.7881 1.14892101 -0.094361
v 2.651443 1.60208702 -0.094361
v 2.70894908 1.60527598 -0.094361
v 2.7103939 1.55979502 -0.094361
v 2.6372559 1.55066502 -0.094361
v 2.57782793 1.62822902 -0.094361
v 2.55334091 1.58849704 -0.094361
v 2.8876779 1.40192294 -0.094361
v 2.83530497 1.40885198 -0.094361
v 2.79623389 1.46350002 -0.094361
v 2.85029888 1.45395004 -0.094361
v 2.53220892 1.54995894 -0.094361
v 2.54229402 1.56929194 -0.094361
v 2.63039803 1.51453304 -0.094361
v 2.62222695 1.47582805 -0.094361
v 2.70870304 1.52648401 -0.094361
v 2.70902109 1.47703099 -0.094361
v 2.7328999 1.45472705 -0.094361
v 2.70712804 1.29024398 -0.094361
v 2.68723106 1.29706502 -0.094361
v 2.76966309 1.14101505 -0.094361
v 2.7517569 1.132977 -0.094361
v 2.76727008 1.52788996 -0.094361
v 2.75272989 1.57901895 -0.094361
v 2.8207829 1.51390194 -0.094361
v 2.75083398 1.50794005 -0.094361
v 2.91938304 1.42573404 -0.094361
v 2.90565204 1.41139102 -0.094361
v 2.893821 1.43809998 -0.094361
v 2.92272806 1.44075703 -0.094361
v 2.86568594 1.47444403 -0.094361
v 2.90230894 1.45237696 -0.094361
v 1.48904299 2.68453693 -0.094361
v 1.53705501 2.67626094 -0.094361
v 1.61148297 2.56257796 -0.094361
v 1.54684603 2.54640603 -0.094361
v 1.68811798 2.50005888 -0.094361
v 1.66629302 2.46586203 -0.094361
v 1.305238 2.77192401 -0.094361
v 1.35177099 2.80586409 -0.094361
v 1.37770998 2.7684741 -0.094361
v 1.32128405 2.72104191 -0.094361
v 1.22924101 2.75384593 -0.094361
v 1.23028898 2.70718598 -0.094361
v 1.61233401 2.73234295 -0.094361
v 1.56460797 2.70968699 -0.094361
v 1.50210404 2.73431897 -0.094361
v 1.55267596 2.75569295 -0.094361
v 1.23350203 2.66335296 -0.094361
v 1.23145794 2.68506002 -0.094361
v 1.33517396 2.68699789 -0.094361
v 1.34935605 2.650074 -0.094361
v 1.39439904 2.73959398 -0.094361
v 1.42155098 2.69826197 -0.094361
v 1.45371997 2.69251704 -0.094361
v 1.52150499 2.54045009 -0.094361
v 1.50109803 2.53536295 -0.094361
v 1.655115 2.44920206 -0.094361
v 1.64445996 2.43271803 -0.094361
v 1.44279003 2.77261591 -0.094361
v 1.402794 2.80761599 -0.094361
v 1.49530899 2.78996896 -0.094361
v 1.43984198 2.74693799 -0.094361
v 1.62600004 2.76956009 -0.094361
v 1.62227094 2.75006389 -0.094361
v 1.59782195 2.76604604 -0.094361
v 1.62064194 2.7839961 -0.094361
v 1.55444896 2.78125906 -0.094361
v 1.59718203 2.78264498 -0.094361
v 1.98997795 2.35026502 -0.094361
v 2.0355339 2.33299088 -0.094361
v 2.08696603 2.20722889 -0.094361
v 2.02043294 2.203655 -0.094361
v 2.15030098 2.13126111 -0.094361
v 2.12236499 2.10184311 -0.094361
v 1.82616496 2.47103095 -0.094361
v 1.87830698 2.49549508 -0.094361
v 1.89665603 2.45384907 -0.094361
v 1.83223497 2.41803288 -0.094361
v 1.74811697 2.46775102 -0.094361
v 1.74026405 2.4217441 -0.094361
v 2.12011599 2.37372708 -0.094361
v 2.06894803 2.36056995 -0.094361
v 2.01227498 2.39664602 -0.094361
v 2.06598901 2.40799808 -0.094361
v 1.73507499 2.37810111 -0.094361
v 1.73720002 2.39980292 -0.094361
v 1.83938896 2.38196301 -0.094361
v 1.84628403 2.34301304 -0.094361
v 1.90754401 2.42232799 -0.094361
v 1.92633104 2.37658 -0.094361
v 1.95681798 2.36481189 -0.094361
v 1.99442195 2.20263195 -0.094361
v 1.97341799 2.20152092 -0.094361
v 2.10822105 2.08762192 -0.094361
v 2.09462404 2.07346296 -0.094361
v 1.96133399 2.44553399 -0.094361
v 1.92873299 2.48750996 -0.094361
v 2.01619505 2.45257091 -0.094361
v 1.95355105 2.42088604 -0.094361
v 2.14061594 2.40766096 -0.094361
v 2.13324308 2.38922596 -0.094361
v 2.11228203 2.40957498 -0.094361
v 2.138103 2.42284894 -0.094361
v 2.07259702 2.43276405 -0.094361
v 2.11481499 2.42598891 -0.094361
v -0.86885702 2.93710398 -0.094361
v -0.82867598 2.96465706 -0.094361
v -0.69605201 2.93512988 -0.094361
v -0.73108601 2.87844896 -0.094361
v -0.59753 2.94378399 -0.094361
v -0.58931398 2.90405702 -0.094361
v -1.06151294 2.87150788 -0.094361
v -1.05184698 2.92828488 -0.094361
v -1.00717902 2.91958499 -0.094361
v -1.01453304 2.84625101 -0.094361
v -1.10335898 2.80554604 -0.094361
v -1.07006096 2.77284288 -0.094361
v -0.81386101 3.05736804 -0.094361
v -0.832255 3.00783705 -0.094361
v -0.89422297 2.98187995 -0.094361
v -0.87289398 3.0324769 -0.094361
v -1.03718304 2.74367499 -0.094361
v -1.05378997 2.75780201 -0.094361
v -0.98082399 2.83153891 -0.094361
v -0.94490599 2.81496906 -0.094361
v -0.97507697 2.910537 -0.094361
v -0.92678797 2.89986109 -0.094361
v -0.89973199 2.91818594 -0.094361
v -0.74509197 2.85650706 -0.094361
v -0.75616502 2.838629 -0.094361
v -0.58570301 2.88432598 -0.094361
v -0.58183902 2.86508107 -0.094361
v -0.96343702 2.96795201 -0.094361
v -1.01651394 2.9651401 -0.094361
v -0.93791002 3.01701903 -0.094361
v -0.94763702 2.94749403 -0.094361
v -0.83003097 3.09356594 -0.094361
v -0.819099 3.07698702 -0.094361
v -0.84776997 3.07138991 -0.094361
v -0.84393799 3.10016703 -0.094361
v -0.889458 3.05203509 -0.094361
v -0.85980701 3.08283495 -0.094361
v -0.276744 3.04700899 -0.094361
v -0.23205299 3.06641411 -0.094361
v -0.10747499 3.01217293 -0.094361
v -0.152656 2.96320104 -0.094361
v -0.009106 3.00192093 -0.094361
v -0.008602 2.96135211 -0.094361
v -0.47836399 3.0192821 -0.094361
v -0.45806801 3.07317996 -0.094361
v -0.41587099 3.05614209 -0.094361
v -0.43705001 2.98554301 -0.094361
v -0.532 2.96248602 -0.094361
v -0.505535 2.92403793 -0.094361
v -0.199864 3.15459895 -0.094361
v -0.22734899 3.10948109 -0.094361
v -0.293123 3.09579706 -0.094361
v -0.262555 3.14140105 -0.094361
v -0.47881001 2.88914609 -0.094361
v -0.49242401 2.9061799 -0.094361
v -0.40675899 2.96468305 -0.094361
v -0.37465 2.94158196 -0.094361
v -0.38607901 3.04114389 -0.094361
v -0.34070599 3.0214641 -0.094361
v -0.31065699 3.03430604 -0.094361
v -0.17058299 2.94432997 -0.094361
v -0.18485599 2.92887997 -0.094361
v -0.008813 2.9412961 -0.094361
v -0.008682 2.92166805 -0.094361
v -0.36372399 3.09529805 -0.094361
v -0.41636601 3.1026299 -0.094361
v -0.329324 3.13860106 -0.094361
v -0.35210698 3.07220196 -0.094361
v -0.208848 3.19321608 -0.094361
v -0.20127099 3.1748619 -0.094361
v -0.23048399 3.17482399 -0.094361
v -0.221244 3.20234394 -0.094361
v -0.27509298 3.16375398 -0.094361
v -0.240122 3.18835306 -0.094361
v -3.11856603 0.354624 -0.094361
v -3.12729096 0.40256199 -0.094361
v -3.04613089 0.51153302 -0.094361
v -3.00872492 0.456395 -0.094361
v -3.01376509 0.60498601 -0.094361
v -2.97415089 0.59625202 -0.094361
v -3.09213209 -0.01252 -0.094361
v -3.09433388 0.086836 -0.094361
v -3.05087804 0.10386099 -0.094361
v -3.04716491 -0.024106 -0.094361
v -3.1374371 0.15198299 -0.094361
v -3.18530511 0.18401199 -0.094361
v -3.15911197 0.22122399 -0.094361
v -3.09518003 0.184538 -0.094361
v -3.20584201 0.45396599 -0.094361
v -3.16815996 0.416938 -0.094361
v -3.16980195 0.349781 -0.094361
v -3.20725488 0.38992399 -0.094361
v -3.03050494 0.112558 -0.094361
v -3.02791309 -0.028679 -0.094361
v -3.01082205 0.121946 -0.094361
v -3.01042103 -0.032543 -0.094361
v -3.0679779 0.20929099 -0.094361
v -3.03817892 0.23530499 -0.094361
v -3.13772988 0.24682499 -0.094361
v -3.10824799 0.28653499 -0.094361
v -3.11391305 0.31872099 -0.094361
v -2.9944241 0.434648 -0.094361
v -2.9826281 0.41722801 -0.094361
v -2.95466208 0.59148299 -0.094361
v -2.93552207 0.58714002 -0.094361
v -3.18537497 0.28091499 -0.094361
v -3.2044959 0.231315 -0.094361
v -3.21972203 0.32427099 -0.094361
v -3.16024494 0.286971 -0.094361
v -3.24548888 0.45401001 -0.094361
v -3.22589588 0.45720899 -0.094361
v -3.23250103 0.42875599 -0.094361
v -3.25720095 0.444013 -0.094361
v -3.23187398 0.38279599 -0.094361
v -3.24786901 0.42244601 -0.094361
v -2.9768691 0.93994599 -0.094361
v -2.97631001 0.98866099 -0.094361
v -2.87589311 1.08019697 -0.094361
v -2.84966301 1.01894199 -0.094361
v -2.8263309 1.16578495 -0.094361
v -2.78910398 1.14966094 -0.094361
v -3.03396511 0.74459898 -0.094361
v -3.0748589 0.78515797 -0.094361
v -3.04206299 0.81670099 -0.094361
v -2.98628497 0.76852202 -0.094361
v -3.00405097 0.67243999 -0.094361
v -2.95814991 0.68088102 -0.094361
v -3.04364109 1.05408203 -0.094361
v -3.013695 1.01056194 -0.094361
v -3.0280919 0.94494098 -0.094361
v -3.05721688 0.991472 -0.094361
v -2.9153819 0.69100701 -0.094361
v -2.93649005 0.68554699 -0.094361
v -2.95486593 0.78763902 -0.094361
v -2.92066311 0.80750298 -0.094361
v -3.01620006 0.83776301 -0.094361
v -2.97970008 0.87113398 -0.094361
v -2.97913599 0.90380799 -0.094361
v -2.83976793 0.99486899 -0.094361
v -2.83150005 0.97552901 -0.094361
v -2.77087998 1.14127004 -0.094361
v -2.75291609 1.13336598 -0.094361
v -3.05648803 0.88029301 -0.094361
v -3.08469796 0.83525401 -0.094361
v -3.081954 0.92939102 -0.094361
v -3.03066301 0.88146299 -0.094361
v -3.082556 1.06166899 -0.094361
v -3.062711 1.06108403 -0.094361
v -3.0746119 1.03440296 -0.094361
v -3.09595394 1.05408203 -0.094361
v -3.08274602 0.98917001 -0.094361
v -3.09089994 1.03113794 -0.094361
v -1.93796205 2.39282488 -0.094361
v -1.91099894 2.43340611 -0.094361
v -1.77695095 2.45560407 -0.094361
v -1.78825104 2.38994002 -0.094361
v -1.68881404 2.50047588 -0.094361
v -1.66633904 2.46670198 -0.094361
v -2.09211111 2.2599411 -0.094361
v -2.10437607 2.31621789 -0.094361
v -2.05969595 2.3248589 -0.094361
v -2.03909206 2.25408101 -0.094361
v -2.10625195 2.1831181 -0.094361
v -2.06314301 2.1652379 -0.094361
v -1.93192303 2.52492499 -0.094361
v -1.93046402 2.47211003 -0.094361
v -1.97823202 2.42487311 -0.094361
v -1.97736799 2.47976708 -0.094361
v -2.02174305 2.15048289 -0.094361
v -2.04242897 2.15737605 -0.094361
v -2.00232911 2.25304389 -0.094361
v -1.96282196 2.25111007 -0.094361
v -2.02654004 2.32846593 -0.094361
v -1.97775995 2.33661794 -0.094361
v -1.95952105 2.36372709 -0.094361
v -1.79303801 2.36435294 -0.094361
v -1.79661905 2.34362888 -0.094361
v -1.65560996 2.44975495 -0.094361
v -1.64483201 2.43335604 -0.094361
v -2.03721404 2.3860681 -0.094361
v -2.08538699 2.36361098 -0.094361
v -2.0318861 2.441123 -0.094361
v -2.01491189 2.37300396 -0.094361
v -1.96045804 2.55244493 -0.094361
v -1.94412004 2.54116511 -0.094361
v -1.96861898 2.525249 -0.094361
v -1.97582602 2.5533719 -0.094361
v -2.0000441 2.4917159 -0.094361
v -1.98406195 2.5313611 -0.094361
v -1.42990195 2.71616792 -0.094361
v -1.39570796 2.7508769 -0.094361
v -1.25988495 2.74715304 -0.094361
v -1.28347599 2.68484211 -0.094361
v -1.16481804 2.77443289 -0.094361
v -1.14918196 2.73699593 -0.094361
v -1.60652494 2.61505603 -0.094361
v -1.60785496 2.67263793 -0.094361
v -1.56234896 2.67260789 -0.094361
v -1.55559194 2.59921193 -0.094361
v -1.63503205 2.54232597 -0.094361
v -1.59611201 2.51656699 -0.094361
v -1.39883101 2.84470009 -0.094361
v -1.407449 2.79257988 -0.094361
v -1.46333503 2.75529289 -0.094361
v -1.452039 2.80902004 -0.094361
v -1.55827903 2.49420094 -0.094361
v -1.57727396 2.50490808 -0.094361
v -1.51969695 2.5911951 -0.094361
v -1.48127996 2.58177495 -0.094361
v -1.52910995 2.66983795 -0.094361
v -1.479671 2.66856098 -0.094361
v -1.456604 2.69170904 -0.094361
v -1.29304504 2.66063904 -0.094361
v -1.30050599 2.64096689 -0.094361
v -1.14187598 2.71831297 -0.094361
v -1.13441598 2.70016098 -0.094361
v -1.52862703 2.72842788 -0.094361
v -1.58019304 2.71553993 -0.094361
v -1.51291704 2.78145289 -0.094361
v -1.50921797 2.71135401 -0.094361
v -1.42160403 2.87716198 -0.094361
v -1.40771305 2.86297106 -0.094361
v -1.43479096 2.8520081 -0.094361
v -1.43651402 2.88099098 -0.094361
v -1.47202694 2.82506609 -0.094361
v -1.44878804 2.86095595 -0.094361
v -2.72597503 1.48825204 -0.094361
v -2.71614003 1.53596496 -0.094361
v -2.60012292 1.60668301 -0.094361
v -2.58604788 1.54156005 -0.094361
v -2.53515911 1.68125605 -0.094361
v -2.50168299 1.65834295 -0.094361
v -2.8192501 1.30736196 -0.094361
v -2.85166907 1.35496795 -0.094361
v -2.81346011 1.37968599 -0.094361
v -2.76788806 1.32175195 -0.094361
v -2.80363988 1.23082494 -0.094361
v -2.75696992 1.23035705 -0.094361
v -2.76977205 1.61302197 -0.094361
v -2.74866795 1.56458795 -0.094361
v -2.77530789 1.50291097 -0.094361
v -2.79503202 1.55414903 -0.094361
v -2.71305608 1.23215699 -0.094361
v -2.73481988 1.23081004 -0.094361
v -2.73340296 1.33454096 -0.094361
v -2.696038 1.34751904 -0.094361
v -2.78406 1.39543795 -0.094361
v -2.74186992 1.42123305 -0.094361
v -2.73509001 1.453202 -0.094361
v -2.58091998 1.51603794 -0.094361
v -2.57649111 1.49547803 -0.094361
v -2.4853959 1.64662599 -0.094361
v -2.46926498 1.63544499 -0.094361
v -2.81549811 1.44486594 -0.094361
v -2.85177803 1.40602397 -0.094361
v -2.83114409 1.49791705 -0.094361
v -2.7899301 1.44109094 -0.094361
v -2.80652904 1.62788105 -0.094361
v -2.7871561 1.62352502 -0.094361
v -2.80392599 1.59960401 -0.094361
v -2.82112503 1.62299203 -0.094361
v -2.82053089 1.55674803 -0.094361
v -2.82053709 1.599496 -0.094361
v -2.37568402 1.97811496 -0.094361
v -2.35694789 2.02309489 -0.094361
v -2.22958803 2.07043504 -0.094361
v -2.22816896 2.00381708 -0.094361
v -2.15161991 2.13127994 -0.094361
v -2.12312007 2.10240697 -0.094361
v -2.50168299 1.81829595 -0.094361
v -2.52444791 1.87120103 -0.094361
v -2.482234 1.88819205 -0.094361
v -2.44852209 1.82264697 -0.094361
v -2.50092697 1.74018001 -0.094361
v -2.45519805 1.73084795 -0.094361
v -2.39493107 2.10894489 -0.094361
v -2.3834331 2.05738306 -0.094361
v -2.42132306 2.00190401 -0.094361
v -2.4309349 2.05595588 -0.094361
v -2.41174602 1.72425305 -0.094361
v -2.4333651 1.72707402 -0.094361
v -2.41223192 1.82863295 -0.094361
v -2.37308311 1.83426201 -0.094361
v -2.45037293 1.89805197 -0.094361
v -2.404042 1.91535496 -0.094361
v -2.3913021 1.94544696 -0.094361
v -2.22798991 1.97779202 -0.094361
v -2.22755789 1.95676195 -0.094361
v -2.10935711 2.087816 -0.094361
v -2.09564995 2.07376289 -0.094361
v -2.47183108 1.95256996 -0.094361
v -2.51483988 1.92133998 -0.094361
v -2.47709298 2.00762891 -0.094361
v -2.44744396 1.94399595 -0.094361
v -2.42818689 2.13053202 -0.094361
v -2.40999889 2.12257003 -0.094361
v -2.43101596 2.10227704 -0.094361
v -2.44345092 2.12850809 -0.094361
v -2.45547294 2.06336092 -0.094361
v -2.44734096 2.10533595 -0.094361
v -2.99716401 -0.87520498 -0.094361
v -3.02600193 -0.83593601 -0.094361
v -3.0007689 -0.70243001 -0.094361
v -2.94299101 -0.73561602 -0.094361
v -3.01260805 -0.60424202 -0.094361
v -2.97316503 -0.59474802 -0.094361
v -2.92537307 -1.065647 -0.094361
v -2.98243308 -1.05782103 -0.094361
v -2.97518396 -1.01289594 -0.094361
v -2.90164589 -1.017879 -0.094361
v -2.85809207 -1.10533702 -0.094361
v -2.82648301 -1.07100105 -0.094361
v -3.11913609 -0.82412898 -0.094361
v -3.0690391 -0.84091097 -0.094361
v -3.04110002 -0.90200799 -0.094361
v -3.09235191 -0.88232398 -0.094361
v -2.79838991 -1.03719496 -0.094361
v -2.81197595 -1.05425405 -0.094361
v -2.888031 -0.98370802 -0.094361
v -2.87263393 -0.94727098 -0.094361
v -2.96717691 -0.98051601 -0.094361
v -2.95806407 -0.93190598 -0.094361
v -2.97725391 -0.90545797 -0.094361
v -2.92060804 -0.74890297 -0.094361
v -2.90237689 -0.75939101 -0.094361
v -2.95355892 -0.59050101 -0.094361
v -2.93444991 -0.586012 -0.094361
v -3.02494001 -0.97074002 -0.094361
v -3.0204091 -1.02369797 -0.094361
v -3.07480502 -0.94680202 -0.094361
v -3.00500297 -0.95428502 -0.094361
v -3.15479588 -0.84145802 -0.094361
v -3.13858008 -0.82999998 -0.094361
v -3.1320579 -0.85847502 -0.094361
v -3.16094493 -0.855578 -0.094361
v -3.11136603 -0.89951598 -0.094361
v -3.14311003 -0.87087702 -0.094361
v -3.12614488 -0.28696 -0.094361
v -3.14698004 -0.242918 -0.094361
v -3.09679698 -0.116654 -0.094361
v -3.04639411 -0.16022999 -0.094361
v -3.09191298 -0.487578 -0.094361
v -3.14644193 -0.46903801 -0.094361
v -3.13077306 -0.42631799 -0.094361
v -3.05952596 -0.445194 -0.094361
v -3.03341507 -0.539352 -0.094361
v -2.99584698 -0.51165401 -0.094361
v -3.23616194 -0.213602 -0.094361
v -3.19017911 -0.239609 -0.094361
v -3.17437911 -0.30490601 -0.094361
v -3.22094893 -0.275828 -0.094361
v -2.96183991 -0.48381501 -0.094361
v -2.97842192 -0.497974 -0.094361
v -3.03965711 -0.41424998 -0.094361
v -3.01760888 -0.38140401 -0.094361
v -3.11674809 -0.39604601 -0.094361
v -3.09855008 -0.35005399 -0.094361
v -3.11235594 -0.32043999 -0.094361
v -3.02694797 -0.177532 -0.094361
v -3.01104807 -0.19130399 -0.094361
v -3.17159509 -0.37544798 -0.094361
v -3.17722797 -0.42830899 -0.094361
v -3.21599388 -0.34246799 -0.094361
v -3.14889192 -0.36309999 -0.094361
v -3.27447009 -0.22382199 -0.094361
v -3.25636911 -0.21566 -0.094361
v -3.25538897 -0.24485899 -0.094361
v -3.28319501 -0.236503 -0.094361
v -3.24288511 -0.289076 -0.094361
v -3.26859808 -0.25492501 -0.094361
v -0.343326 -3.04029011 -0.094361
v -0.39095199 -3.05055689 -0.094361
v -0.50248801 -2.9729669 -0.094361
v -0.44858899 -2.93379402 -0.094361
v -0.59694302 -2.94363808 -0.094361
v -0.58948898 -2.9037559 -0.094361
v -0.140181 -3.052603 -0.094361
v -0.17064499 -3.1014831 -0.094361
v -0.20868499 -3.07650494 -0.094361
v -0.17408299 -3.01142001 -0.094361
v -0.076456 -3.0074141 -0.094361
v -0.09487599 -2.96453905 -0.094361
v -0.439796 -3.13073301 -0.094361
v -0.404004 -3.09186911 -0.094361
v -0.33682501 -3.09134197 -0.094361
v -0.37573599 -3.13007593 -0.094361
v -0.114247 -2.92508196 -0.094361
v -0.104234 -2.94445109 -0.094361
v -0.19970099 -2.98502993 -0.094361
v -0.22666099 -2.95608496 -0.094361
v -0.234962 -3.05595898 -0.094361
v -0.27559998 -3.02778005 -0.094361
v -0.307583 -3.034482 -0.094361
v -0.42731198 -2.91880106 -0.094361
v -0.410288 -2.90644788 -0.094361
v -0.58535099 -2.88412809 -0.094361
v -0.58163297 -2.86486101 -0.094361
v -0.26749399 -3.10468411 -0.094361
v -0.217308 -3.12219309 -0.094361
v -0.309713 -3.140414 -0.094361
v -0.27436101 -3.07975792 -0.094361
v -0.438553 -3.17035794 -0.094361
v -0.44238799 -3.15087795 -0.094361
v -0.413733 -3.15656209 -0.094361
v -0.42818701 -3.18174195 -0.094361
v -0.36781999 -3.15444588 -0.094361
v -0.40693301 -3.17171692 -0.094361
v -0.93291801 -2.91758489 -0.094361
v -0.98162901 -2.91859698 -0.094361
v -1.076357 -2.82118606 -0.094361
v -1.01598703 -2.79299998 -0.094361
v -1.16350197 -2.77441906 -0.094361
v -1.14859402 -2.736696 -0.094361
v -0.73583 -2.9683361 -0.094361
v -0.77504098 -3.01052403 -0.094361
v -0.80763101 -2.97876 -0.094361
v -0.76127499 -2.92145609 -0.094361
v -0.664671 -2.93610596 -0.094361
v -0.674591 -2.89050388 -0.094361
v -1.04484105 -2.98800396 -0.094361
v -1.00230503 -2.95667409 -0.094361
v -0.93625301 -2.96894311 -0.094361
v -0.98182499 -2.99955511 -0.094361
v -0.68609899 -2.84808802 -0.094361
v -0.67995601 -2.86900496 -0.094361
v -0.78140097 -2.89067196 -0.094361
v -0.80235999 -2.85712289 -0.094361
v -0.82951802 -2.95359611 -0.094361
v -0.86404997 -2.91818594 -0.094361
v -0.89672297 -2.9186871 -0.094361
v -0.99224501 -2.78232288 -0.094361
v -0.973181 -2.77343511 -0.094361
v -1.14079701 -2.71821498 -0.094361
v -1.13347804 -2.70000004 -0.094361
v -0.87072801 -2.99522995 -0.094361
v -0.824795 -3.02196693 -0.094361
v -0.91897702 -3.02227401 -0.094361
v -0.87272697 -2.96946001 -0.094361
v -1.051162 -3.027148 -0.094361
v -1.05121898 -3.00729298 -0.094361
v -1.02416896 -3.01832509 -0.094361
v -1.04315102 -3.04029607 -0.094361
v -0.97869497 -3.02499389 -0.094361
v -1.02037799 -3.03450298 -0.094361
v -2.41861701 -1.92616295 -0.094361
v -2.4600439 -1.90052795 -0.094361
v -2.48656702 -1.76726996 -0.094361
v -2.42057108 -1.77644395 -0.094361
v -2.53426289 -1.68062794 -0.094361
v -2.50123596 -1.65707397 -0.094361
v -2.28081989 -2.07594394 -0.094361
v -2.33666801 -2.09001898 -0.094361
v -2.34674501 -2.04564499 -0.094361
v -2.27667689 -2.02275991 -0.094361
v -2.20357489 -2.08759307 -0.094361
v -2.18710088 -2.0439279 -0.094361
v -2.55083799 -1.92440497 -0.094361
v -2.49810195 -1.92123103 -0.094361
v -2.44934201 -1.96745097 -0.094361
v -2.50423789 -1.96836197 -0.094361
v -2.17368888 -2.00207591 -0.094361
v -2.17991089 -2.02296805 -0.094361
v -2.27682495 -1.98598396 -0.094361
v -2.27617311 -1.94643402 -0.094361
v -2.35142588 -2.01261711 -0.094361
v -2.36115002 -1.96412897 -0.094361
v -2.3888359 -1.94677305 -0.094361
v -2.39484405 -1.78039503 -0.094361
v -2.37401294 -1.78330695 -0.094361
v -2.48463702 -1.64580702 -0.094361
v -2.46859192 -1.63450205 -0.094361
v -2.40865397 -2.02515292 -0.094361
v -2.38464903 -2.07257509 -0.094361
v -2.46384906 -2.02160191 -0.094361
v -2.39631605 -2.00243306 -0.094361
v -2.57743096 -1.95381498 -0.094361
v -2.56667995 -1.93711602 -0.094361
v -2.54998302 -1.96108305 -0.094361
v -2.57785701 -1.96919703 -0.094361
v -2.51544308 -1.99141204 -0.094361
v -2.55559492 -1.976722 -0.094361
v -2.75820803 -1.42882394 -0.094361
v -2.79400205 -1.395769 -0.094361
v -2.79467511 -1.25989902 -0.094361
v -2.73163294 -1.28146195 -0.094361
v -2.82500791 -1.16576302 -0.094361
v -2.7881 -1.14892196 -0.094361
v -2.651443 -1.60208797 -0.094361
v -2.70894908 -1.60527503 -0.094361
v -2.7103939 -1.55979502 -0.094361
v -2.63725495 -1.55066502 -0.094361
v -2.57782793 -1.62822902 -0.094361
v -2.55334091 -1.58849799 -0.094361
v -2.8876779 -1.40192294 -0.094361
v -2.83530402 -1.40885198 -0.094361
v -2.79623293 -1.46350002 -0.094361
v -2.85029888 -1.45395004 -0.094361
v -2.53220892 -1.54995894 -0.094361
v -2.54229307 -1.56929194 -0.094361
v -2.63039803 -1.51453304 -0.094361
v -2.62222695 -1.475829 -0.094361
v -2.70870208 -1.52648496 -0.094361
v -2.70902109 -1.47703099 -0.094361
v -2.73290109 -1.45472705 -0.094361
v -2.70712709 -1.29024398 -0.094361
v -2.68723106 -1.29706502 -0.094361
v -2.7696619 -1.141016 -0.094361
v -2.7517569 -1.13297796 -0.094361
v -2.76727008 -1.52788901 -0.094361
v -2.75272989 -1.57901799 -0.094361
v -2.8207829 -1.51390194 -0.094361
v -2.75083398 -1.507941 -0.094361
v -2.91938304 -1.42573404 -0.094361
v -2.90565204 -1.41139197 -0.094361
v -2.893821 -1.43810105 -0.094361
v -2.92272806 -1.44075703 -0.094361
v -2.86568594 -1.47444403 -0.094361
v -2.90230798 -1.45237696 -0.094361
v -1.48904299 -2.68453693 -0.094361
v -1.53705394 -2.6762619 -0.094361
v -1.61148297 -2.56257796 -0.094361
v -1.54684603 -2.54640507 -0.094361
v -1.68811702 -2.50005888 -0.094361
v -1.66629195 -2.46586203 -0.094361
v -1.305238 -2.77192401 -0.094361
v -1.35177099 -2.80586409 -0.094361
v -1.37770998 -2.76847505 -0.094361
v -1.32128405 -2.72104191 -0.094361
v -1.22924101 -2.75384593 -0.094361
v -1.23029005 -2.70718598 -0.094361
v -1.61233401 -2.73234295 -0.094361
v -1.56460797 -2.70968699 -0.094361
v -1.50210404 -2.73431897 -0.094361
v -1.55267596 -2.755692 -0.094361
v -1.23350203 -2.66335296 -0.094361
v -1.23145794 -2.68506002 -0.094361
v -1.33517396 -2.68699789 -0.094361
v -1.34935605 -2.650074 -0.094361
v -1.39439904 -2.73959398 -0.094361
v -1.42155194 -2.69826197 -0.094361
v -1.45371997 -2.69251704 -0.094361
v -1.52150595 -2.54045009 -0.094361
v -1.50109803 -2.53536391 -0.094361
v -1.655115 -2.44920206 -0.094361
v -1.64445996 -2.43271803 -0.094361
v -1.44279003 -2.7726171 -0.094361
v -1.40279495 -2.80761599 -0.094361
v -1.49530899 -2.78996896 -0.094361
v -1.43984103 -2.74693703 -0.094361
v -1.62600004 -2.76956009 -0.094361
v -1.62227094 -2.75006389 -0.094361
v -1.59782302 -2.76604604 -0.094361
v -1.62064194 -2.7839961 -0.094361
v -1.55444896 -2.78125906 -0.094361
v -1.59718203 -2.78264498 -0.094361
v -1.98997795 -2.35026502 -0.094361
v -2.0355339 -2.33299088 -0.094361
v -2.08696603 -2.20722889 -0.094361
v -2.02043199 -2.20365405 -0.094361
v -2.15030098 -2.13126111 -0.094361
v -2.12236499 -2.10184311 -0.094361
v -1.826164 -2.47102999 -0.094361
v -1.87830698 -2.49549508 -0.094361
v -1.89665603 -2.45384907 -0.094361
v -1.83223497 -2.41803407 -0.094361
v -1.74811697 -2.46775102 -0.094361
v -1.74026405 -2.4217441 -0.094361
v -2.12011504 -2.37372708 -0.094361
v -2.06894803 -2.3605709 -0.094361
v -2.01227498 -2.39664602 -0.094361
v -2.06598901 -2.40799808 -0.094361
v -1.73507499 -2.37810111 -0.094361
v -1.73720002 -2.39980292 -0.094361
v -1.83938801 -2.38196301 -0.094361
v -1.84628403 -2.34301209 -0.094361
v -1.90754401 -2.42232799 -0.094361
v -1.92633104 -2.37658 -0.094361
v -1.95681798 -2.36481189 -0.094361
v -1.99442195 -2.2026329 -0.094361
v -1.97341799 -2.20152092 -0.094361
v -2.1082201 -2.08762192 -0.094361
v -2.09462404 -2.07346391 -0.094361
v -1.96133399 -2.44553399 -0.094361
v -1.92873299 -2.48750901 -0.094361
v -2.01619505 -2.45257091 -0.094361
v -1.95355105 -2.42088604 -0.094361
v -2.14061594 -2.40766096 -0.094361
v -2.13324308 -2.38922596 -0.094361
v -2.11228203 -2.40957498 -0.094361
v -2.13810205 -2.42284894 -0.094361
v -2.07259702 -2.43276405 -0.094361
v -2.11481499 -2.4259901 -0.094361
v 0.86885601 -2.93710494 -0.094361
v 0.82867497 -2.96465706 -0.094361
v 0.696051 -2.93512988 -0.094361
v 0.73108601 -2.87844896 -0.094361
v 0.59752899 -2.94378495 -0.094361
v 0.58931398 -2.90405798 -0.094361
v 1.06151294 -2.87150907 -0.094361
v 1.05184602 -2.92828488 -0.094361
v 1.00717794 -2.91958594 -0.094361
v 1.01453304 -2.84625196 -0.094361
v 1.10335898 -2.80554604 -0.094361
v 1.07006096 -2.77284288 -0.094361
v 0.81385999 -3.05736804 -0.094361
v 0.832255 -3.00783801 -0.094361
v 0.89422297 -2.9818809 -0.094361
v 0.87289297 -3.03247809 -0.094361
v 1.03718197 -2.74367499 -0.094361
v 1.05378902 -2.75780201 -0.094361
v 0.98082399 -2.83153891 -0.094361
v 0.94490498 -2.81497001 -0.094361
v 0.97507697 -2.91053795 -0.094361
v 0.92678701 -2.89986109 -0.094361
v 0.89973199 -2.91818594 -0.094361
v 0.74509197 -2.85650706 -0.094361
v 0.75616401 -2.838629 -0.094361
v 0.585702 -2.88432598 -0.094361
v 0.58183902 -2.86508107 -0.094361
v 0.96343702 -2.96795201 -0.094361
v 1.01651203 -2.9651401 -0.094361
v 0.937909 -3.01701903 -0.094361
v 0.94763702 -2.94749403 -0.094361
v 0.83003097 -3.09356689 -0.094361
v 0.819099 -3.07698607 -0.094361
v 0.84776997 -3.07138991 -0.094361
v 0.84393799 -3.10016703 -0.094361
v 0.889458 -3.05203509 -0.094361
v 0.85980701 -3.08283495 -0.094361
v 0.276744 -3.04700994 -0.094361
v 0.23205199 -3.06641411 -0.094361
v 0.10747399 -3.01217389 -0.094361
v 0.152655 -2.96320104 -0.094361
v 0.009105 -3.00192093 -0.094361
v 0.008601 -2.96135211 -0.094361
v 0.47836399 -3.0192821 -0.094361
v 0.45806801 -3.07317996 -0.094361
v 0.41587099 -3.05614209 -0.094361
v 0.437049 -2.98554301 -0.094361
v 0.532 -2.96248698 -0.094361
v 0.505535 -2.92403793 -0.094361
v 0.199864 -3.15459895 -0.094361
v 0.227348 -3.10948109 -0.094361
v 0.29312199 -3.09579801 -0.094361
v 0.26255399 -3.14140105 -0.094361
v 0.47881001 -2.88914489 -0.094361
v 0.49242401 -2.90618109 -0.094361
v 0.40675801 -2.96468305 -0.094361
v 0.37464898 -2.94158196 -0.094361
v 0.386078 -3.04114389 -0.094361
v 0.340705 -3.02146506 -0.094361
v 0.31065601 -3.03430604 -0.094361
v 0.17058299 -2.94432902 -0.094361
v 0.18485499 -2.92887997 -0.094361
v 0.008812 -2.9412961 -0.094361
v 0.008681 -2.921669 -0.094361
v 0.36372301 -3.09529805 -0.094361
v 0.41636601 -3.1026299 -0.094361
v 0.32932299 -3.13860201 -0.094361
v 0.352106 -3.07220292 -0.094361
v 0.208847 -3.19321608 -0.094361
v 0.20126999 -3.1748631 -0.094361
v 0.23048299 -3.17482399 -0.094361
v 0.221244 -3.20234394 -0.094361
v 0.275092 -3.16375494 -0.094361
v 0.240122 -3.18835401 -0.094361
v 3.11856508 -0.35462498 -0.094361
v 3.12729001 -0.402563 -0.094361
v 3.04613089 -0.51153397 -0.094361
v 3.00872492 -0.45639601 -0.094361
v 3.0137639 -0.60498702 -0.094361
v 2.97414994 -0.59625297 -0.094361
v 3.1374371 -0.151984 -0.094361
v 3.18530511 -0.18401299 -0.094361
v 3.15911102 -0.22122499 -0.094361
v 3.09518003 -0.18454 -0.094361
v 3.09433388 -0.086837 -0.094361
v 3.05087709 -0.10386099 -0.094361
v 3.20584106 -0.453967 -0.094361
v 3.168159 -0.41693899 -0.094361
v 3.16980099 -0.349781 -0.094361
v 3.20725488 -0.389925 -0.094361
v 3.0108211 -0.12194699 -0.094361
v 3.03050398 -0.11255899 -0.094361
v 3.0679779 -0.20929199 -0.094361
v 3.03817892 -0.23530599 -0.094361
v 3.13772988 -0.24682499 -0.094361
v 3.10824799 -0.286536 -0.094361
v 3.1139121 -0.31872099 -0.094361
v 2.99442291 -0.43464899 -0.094361
v 2.98262691 -0.41722899 -0.094361
v 2.95466208 -0.59148299 -0.094361
v 2.93552088 -0.58714002 -0.094361
v 3.18537497 -0.280916 -0.094361
v 3.2044959 -0.231316 -0.094361
v 3.21972107 -0.324272 -0.094361
v 3.16024398 -0.28697198 -0.094361
v 3.24548888 -0.45401099 -0.094361
v 3.22589588 -0.45721 -0.094361
v 3.23250103 -0.42875701 -0.094361
v 3.2572 -0.44401401 -0.094361
v 3.23187303 -0.382797 -0.094361
v 3.24786901 -0.42244601 -0.094361
v 2.9768691 -0.93994599 -0.094361
v 2.97631001 -0.98866099 -0.094361
v 2.87589311 -1.08019805 -0.094361
v 2.84966206 -1.01894295 -0.094361
v 2.82632994 -1.16578495 -0.094361
v 2.78910303 -1.14966201 -0.094361
v 3.03396391 -0.74459999 -0.094361
v 3.0748589 -0.78515899 -0.094361
v 3.04206299 -0.81670099 -0.094361
v 2.98628401 -0.76852297 -0.094361
v 3.00405097 -0.672441 -0.094361
v 2.95814895 -0.68088197 -0.094361
v 3.04364109 -1.05408299 -0.094361
v 3.013695 -1.01056301 -0.094361
v 3.0280919 -0.94494199 -0.094361
v 3.05721688 -0.99147301 -0.094361
v 2.91538095 -0.69100797 -0.094361
v 2.9364891 -0.685548 -0.094361
v 2.95486497 -0.78763997 -0.094361
v 2.92066192 -0.80750298 -0.094361
v 3.01620006 -0.83776402 -0.094361
v 2.97969889 -0.87113601 -0.094361
v 2.97913599 -0.90380901 -0.094361
v 2.83976793 -0.99486899 -0.094361
v 2.8314991 -0.97553002 -0.094361
v 2.77087998 -1.14127099 -0.094361
v 2.75291609 -1.13336598 -0.094361
v 3.05648708 -0.88029402 -0.094361
v 3.08469796 -0.83525502 -0.094361
v 3.08195304 -0.92939102 -0.094361
v 3.03066301 -0.881464 -0.094361
v 3.082556 -1.06166994 -0.094361
v 3.062711 -1.06108403 -0.094361
v 3.0746119 -1.03440296 -0.094361
v 3.09595394 -1.05408299 -0.094361
v 3.08274507 -0.98917001 -0.094361
v 3.09089899 -1.03113901 -0.094361
v 1.93796205 -2.39282488 -0.094361
v 1.91099798 -2.43340611 -0.094361
v 1.77695 -2.45560407 -0.094361
v 1.78825104 -2.38994097 -0.094361
v 1.68881404 -2.50047707 -0.094361
v 1.66633904 -2.46670293 -0.094361
v 2.09210991 -2.25994205 -0.094361
v 2.10437607 -2.31621909 -0.094361
v 2.059695 -2.3248589 -0.094361
v 2.03909206 -2.25408101 -0.094361
v 2.106251 -2.18311905 -0.094361
v 2.06314206 -2.16523909 -0.094361
v 1.93192303 -2.52492594 -0.094361
v 1.93046295 -2.47211003 -0.094361
v 1.97823202 -2.42487406 -0.094361
v 1.97736799 -2.47976803 -0.094361
v 2.02174305 -2.15048289 -0.094361
v 2.04242801 -2.15737605 -0.094361
v 2.00232791 -2.25304508 -0.094361
v 1.962821 -2.25111103 -0.094361
v 2.02653908 -2.32846689 -0.094361
v 1.977759 -2.33661794 -0.094361
v 1.95952105 -2.36372709 -0.094361
v 1.79303705 -2.36435389 -0.094361
v 1.79661905 -2.34363007 -0.094361
v 1.65560996 -2.4497559 -0.094361
v 1.64483094 -2.43335604 -0.094361
v 2.03721308 -2.3860681 -0.094361
v 2.08538603 -2.36361098 -0.094361
v 2.0318861 -2.44112396 -0.094361
v 2.01491093 -2.37300491 -0.094361
v 1.96045696 -2.55244588 -0.094361
v 1.94412004 -2.54116606 -0.094361
v 1.96861803 -2.525249 -0.094361
v 1.97582495 -2.55337309 -0.094361
v 2.00004291 -2.4917171 -0.094361
v 1.98406195 -2.5313611 -0.094361
v 1.429901 -2.71616792 -0.094361
v 1.39570701 -2.75087809 -0.094361
v 1.259884 -2.74715304 -0.094361
v 1.28347504 -2.68484211 -0.094361
v 1.16481697 -2.77443409 -0.094361
v 1.14918196 -2.73699593 -0.094361
v 1.60652494 -2.61505699 -0.094361
v 1.60785496 -2.67263793 -0.094361
v 1.56234896 -2.67260909 -0.094361
v 1.55559098 -2.59921288 -0.094361
v 1.63503205 -2.54232692 -0.094361
v 1.59611201 -2.51656699 -0.094361
v 1.39883101 -2.84470105 -0.094361
v 1.407449 -2.79257988 -0.094361
v 1.46333503 -2.75529289 -0.094361
v 1.452039 -2.80902004 -0.094361
v 1.55827796 -2.49420189 -0.094361
v 1.57727301 -2.50490808 -0.094361
v 1.51969695 -2.59119606 -0.094361
v 1.48127996 -2.58177495 -0.094361
v 1.52910995 -2.66983795 -0.094361
v 1.479671 -2.66856098 -0.094361
v 1.45660305 -2.69170904 -0.094361
v 1.29304397 -2.66063904 -0.094361
v 1.30050504 -2.64096689 -0.094361
v 1.14187598 -2.71831297 -0.094361
v 1.13441598 -2.70016098 -0.094361
v 1.52862703 -2.72842788 -0.094361
v 1.58019304 -2.71553993 -0.094361
v 1.51291596 -2.78145408 -0.094361
v 1.50921702 -2.71135401 -0.094361
v 1.42160296 -2.87716198 -0.094361
v 1.40771198 -2.86297106 -0.094361
v 1.43479096 -2.8520081 -0.094361
v 1.43651294 -2.88099098 -0.094361
v 1.47202599 -2.82506609 -0.094361
v 1.44878804 -2.8609569 -0.094361
v 2.72597408 -1.48825299 -0.094361
v 2.71613907 -1.53596496 -0.094361
v 2.60012197 -1.60668301 -0.094361
v 2.58604693 -1.541561 -0.094361
v 2.53515791 -1.68125701 -0.094361
v 2.50168299 -1.65834403 -0.094361
v 2.81924891 -1.30736303 -0.094361
v 2.85166907 -1.35496902 -0.094361
v 2.81346011 -1.37968695 -0.094361
v 2.76788711 -1.32175195 -0.094361
v 2.80363893 -1.23082602 -0.094361
v 2.75696897 -1.23035705 -0.094361
v 2.76977205 -1.61302304 -0.094361
v 2.748667 -1.56458902 -0.094361
v 2.77530694 -1.50291097 -0.094361
v 2.79503107 -1.55414903 -0.094361
v 2.71305489 -1.23215794 -0.094361
v 2.73481893 -1.23081004 -0.094361
v 2.73340201 -1.33454096 -0.094361
v 2.69603705 -1.34751904 -0.094361
v 2.78406 -1.39543902 -0.094361
v 2.74186992 -1.42123401 -0.094361
v 2.73508906 -1.45320296 -0.094361
v 2.58091998 -1.51603794 -0.094361
v 2.57648992 -1.49547803 -0.094361
v 2.4853959 -1.64662599 -0.094361
v 2.46926498 -1.63544595 -0.094361
v 2.81549692 -1.44486701 -0.094361
v 2.85177707 -1.40602397 -0.094361
v 2.8311429 -1.49791801 -0.094361
v 2.7899301 -1.44109201 -0.094361
v 2.80652904 -1.62788105 -0.094361
v 2.7871561 -1.62352597 -0.094361
v 2.80392503 -1.59960401 -0.094361
v 2.82112407 -1.62299203 -0.094361
v 2.82053089 -1.55674898 -0.094361
v 2.82053709 -1.59949696 -0.094361
v 2.37568306 -1.97811496 -0.094361
v 2.35694789 -2.02309489 -0.094361
v 2.22958803 -2.070436 -0.094361
v 2.22816801 -2.00381708 -0.094361
v 2.15161991 -2.13127994 -0.094361
v 2.12312007 -2.10240793 -0.094361
v 2.50168299 -1.81829595 -0.094361
v 2.52444791 -1.87120199 -0.094361
v 2.48223304 -1.88819205 -0.094361
v 2.44852209 -1.82264697 -0.094361
v 2.50092697 -1.74018096 -0.094361
v 2.45519709 -1.73084795 -0.094361
v 2.39492988 -2.10894608 -0.094361
v 2.3834331 -2.05738401 -0.094361
v 2.4213221 -2.00190496 -0.094361
v 2.4309349 -2.05595493 -0.094361
v 2.41174602 -1.72425305 -0.094361
v 2.4333651 -1.72707402 -0.094361
v 2.41223096 -1.82863402 -0.094361
v 2.37308192 -1.83426296 -0.094361
v 2.45037198 -1.89805197 -0.094361
v 2.40404105 -1.91535496 -0.094361
v 2.39130091 -1.94544804 -0.094361
v 2.22798895 -1.97779202 -0.094361
v 2.22755789 -1.95676195 -0.094361
v 2.10935711 -2.087816 -0.094361
v 2.09564995 -2.07376289 -0.094361
v 2.47182989 -1.95256996 -0.094361
v 2.51483893 -1.92134094 -0.094361
v 2.47709298 -2.00762891 -0.094361
v 2.44744396 -1.94399702 -0.094361
v 2.42818689 -2.13053298 -0.094361
v 2.40999889 -2.12257099 -0.094361
v 2.43101596 -2.10227799 -0.094361
v 2.44344997 -2.12850809 -0.094361
v 2.45547294 -2.06336188 -0.094361
v 2.44734096 -2.10533595 -0.094361
g Group32941
f 1188 1187 1186 1185
g Group32944
f 2 1 1186 1187
g Group45966
f 9 7 1 2
g Group32941
f 1190 1189 1187 1188
g Group32944
f 13 2 1187 1189
g Group45966
f 11 9 2 13
g Group32941
f 1194 1193 1192 1191
g Group32944
f 14 15 1191 1192
g Group45966
f 19 15 14 18
g Group32941
f 1196 1194 1191 1195
g Group32944
f 15 23 1195 1191
g Group45966
f 21 23 15 19
g Group32941
f 1200 1199 1198 1197
g Group32944
f 25 3 1197 1198
g Group45966
f 5 3 25 24
g Group32941
f 1199 1185 1186 1198
g Group32944
f 1 25 1198 1186
g Group45966
f 24 25 1 7
g Group32941
f 1204 1203 1202 1201
g Group32944
f 22 20 1204 1201
g Group45966
f 20 22 26 27
g Group32941
f 1203 1194 1196 1202
g Group45966
f 27 26 21 19
g Group32941
f 1194 1203 1205 1193
g Group45966
f 19 18 28 27
g Group32941
f 1203 1204 1206 1205
g Group32944
f 20 8 1206 1204
g Group45966
f 27 28 8 20
g Group32941
f 1209 1208 1207 1206
g Group32944
f 8 10 1209 1206
g Group45966
f 10 8 30 29
g Group32941
f 1208 1188 1185 1207
g Group45966
f 29 30 7 9
g Group32941
f 1211 1210 1208 1209
g Group32944
f 10 12 1211 1209
g Group45966
f 12 10 29 31
g Group32941
f 1210 1190 1188 1208
g Group45966
f 31 29 9 11
g Group32941
f 1214 1213 1212 1200
g Group32944
f 16 32 1213 1214
g Group45966
f 16 5 33 32
g Group32941
f 1213 1192 1193 1212
g Group32944
f 32 14 1192 1213
g Group45966
f 32 33 18 14
g Group32941
f 1199 1215 1207 1185
g Group45966
f 24 7 30 34
g Group32941
f 1215 1205 1206 1207
g Group45966
f 34 30 8 28
g Group32941
f 1200 1212 1215 1199
g Group45966
f 5 24 34 33
g Group32941
f 1212 1193 1205 1215
g Group45966
f 33 34 28 18
g Group32941
f 1219 1218 1217 1216
g Group32944
f 4 6 1219 1216
f 36 4 1216 1217
g Group45966
f 6 4 36 35
g Group32941
f 1218 1200 1197 1217
g Group32944
f 3 36 1217 1197
g Group45966
f 35 36 3 5
g Group32941
f 1200 1218 1220 1214
g Group32944
f 37 16 1214 1220
g Group45966
f 5 16 37 35
g Group32941
f 1218 1219 1221 1220
g Group32944
f 17 37 1220 1221
f 6 17 1221 1219
g Group45966
f 35 37 17 6
g Group32941
f 1225 1224 1223 1222
g Group32944
f 39 38 1223 1224
g Group45966
f 46 44 38 39
g Group32941
f 1227 1226 1224 1225
g Group32944
f 50 39 1224 1226
g Group45966
f 48 46 39 50
g Group32941
f 1231 1230 1229 1228
g Group32944
f 51 52 1228 1229
g Group45966
f 56 52 51 55
g Group32941
f 1233 1231 1228 1232
g Group32944
f 52 60 1232 1228
g Group45966
f 58 60 52 56
g Group32941
f 1237 1236 1235 1234
g Group32944
f 62 40 1234 1235
g Group45966
f 42 40 62 61
g Group32941
f 1236 1222 1223 1235
g Group32944
f 38 62 1235 1223
g Group45966
f 61 62 38 44
g Group32941
f 1241 1240 1239 1238
g Group32944
f 59 57 1241 1238
g Group45966
f 57 59 63 64
g Group32941
f 1240 1231 1233 1239
g Group45966
f 64 63 58 56
g Group32941
f 1231 1240 1242 1230
g Group45966
f 56 55 65 64
g Group32941
f 1240 1241 1243 1242
g Group32944
f 57 45 1243 1241
g Group45966
f 64 65 45 57
g Group32941
f 1246 1245 1244 1243
g Group32944
f 45 47 1246 1243
g Group45966
f 47 45 67 66
g Group32941
f 1245 1225 1222 1244
g Group45966
f 66 67 44 46
g Group32941
f 1248 1247 1245 1246
g Group32944
f 47 49 1248 1246
g Group45966
f 49 47 66 68
g Group32941
f 1247 1227 1225 1245
g Group45966
f 68 66 46 48
g Group32941
f 1251 1250 1249 1237
g Group32944
f 53 69 1250 1251
g Group45966
f 53 42 70 69
g Group32941
f 1250 1229 1230 1249
g Group32944
f 69 51 1229 1250
g Group45966
f 69 70 55 51
g Group32941
f 1236 1252 1244 1222
g Group45966
f 61 44 67 71
g Group32941
f 1252 1242 1243 1244
g Group45966
f 71 67 45 65
g Group32941
f 1237 1249 1252 1236
g Group45966
f 42 61 71 70
g Group32941
f 1249 1230 1242 1252
g Group45966
f 70 71 65 55
g Group32941
f 1256 1255 1254 1253
g Group32944
f 41 43 1256 1253
f 73 41 1253 1254
g Group45966
f 43 41 73 72
g Group32941
f 1255 1237 1234 1254
g Group32944
f 40 73 1254 1234
g Group45966
f 72 73 40 42
g Group32941
f 1237 1255 1257 1251
g Group32944
f 74 53 1251 1257
g Group45966
f 42 53 74 72
g Group32941
f 1255 1256 1258 1257
g Group32944
f 54 74 1257 1258
f 43 54 1258 1256
g Group45966
f 72 74 54 43
g Group32941
f 1233 1232 1189 1190
g Group32944
f 60 13 1189 1232
g Group45966
f 58 11 13 60
g Group32941
f 1239 1233 1190 1210
g Group45966
f 63 31 11 58
g Group32941
f 1238 1239 1210 1211
g Group32944
f 12 59 1238 1211
g Group45966
f 59 12 31 63
g Group32941
f 1262 1261 1260 1259
g Group32944
f 76 75 1260 1261
g Group45966
f 83 81 75 76
g Group32941
f 1264 1263 1261 1262
g Group32944
f 87 76 1261 1263
g Group45966
f 85 83 76 87
g Group32941
f 1268 1267 1266 1265
g Group32944
f 88 89 1265 1266
g Group45966
f 93 89 88 92
g Group32941
f 1270 1268 1265 1269
g Group32944
f 89 97 1269 1265
g Group45966
f 95 97 89 93
g Group32941
f 1274 1273 1272 1271
g Group32944
f 99 77 1271 1272
g Group45966
f 79 77 99 98
g Group32941
f 1273 1259 1260 1272
g Group32944
f 75 99 1272 1260
g Group45966
f 98 99 75 81
g Group32941
f 1278 1277 1276 1275
g Group32944
f 96 94 1278 1275
g Group45966
f 94 96 100 101
g Group32941
f 1277 1268 1270 1276
g Group45966
f 101 100 95 93
g Group32941
f 1268 1277 1279 1267
g Group45966
f 93 92 102 101
g Group32941
f 1277 1278 1280 1279
g Group32944
f 94 82 1280 1278
g Group45966
f 101 102 82 94
g Group32941
f 1283 1282 1281 1280
g Group32944
f 82 84 1283 1280
g Group45966
f 84 82 104 103
g Group32941
f 1282 1262 1259 1281
g Group45966
f 103 104 81 83
g Group32941
f 1285 1284 1282 1283
g Group32944
f 84 86 1285 1283
g Group45966
f 86 84 103 105
g Group32941
f 1284 1264 1262 1282
g Group45966
f 105 103 83 85
g Group32941
f 1288 1287 1286 1274
g Group32944
f 90 106 1287 1288
g Group45966
f 90 79 107 106
g Group32941
f 1287 1266 1267 1286
g Group32944
f 106 88 1266 1287
g Group45966
f 106 107 92 88
g Group32941
f 1273 1289 1281 1259
g Group45966
f 98 81 104 108
g Group32941
f 1289 1279 1280 1281
g Group45966
f 108 104 82 102
g Group32941
f 1274 1286 1289 1273
g Group45966
f 79 98 108 107
g Group32941
f 1286 1267 1279 1289
g Group45966
f 107 108 102 92
g Group32941
f 1293 1292 1291 1290
g Group32944
f 78 80 1293 1290
f 110 78 1290 1291
g Group45966
f 80 78 110 109
g Group32941
f 1292 1274 1271 1291
g Group32944
f 77 110 1291 1271
g Group45966
f 109 110 77 79
g Group32941
f 1274 1292 1294 1288
g Group32944
f 111 90 1288 1294
g Group45966
f 79 90 111 109
g Group32941
f 1292 1293 1295 1294
g Group32944
f 91 111 1294 1295
f 80 91 1295 1293
g Group45966
f 109 111 91 80
g Group32941
f 1299 1298 1297 1296
g Group32944
f 113 112 1297 1298
g Group45966
f 120 118 112 113
g Group32941
f 1301 1300 1298 1299
g Group32944
f 124 113 1298 1300
g Group45966
f 122 120 113 124
g Group32941
f 1305 1304 1303 1302
g Group32944
f 125 126 1302 1303
g Group45966
f 130 126 125 129
g Group32941
f 1307 1305 1302 1306
g Group32944
f 126 134 1306 1302
g Group45966
f 132 134 126 130
g Group32941
f 1311 1310 1309 1308
g Group32944
f 136 114 1308 1309
g Group45966
f 116 114 136 135
g Group32941
f 1310 1296 1297 1309
g Group32944
f 112 136 1309 1297
g Group45966
f 135 136 112 118
g Group32941
f 1315 1314 1313 1312
g Group32944
f 133 131 1315 1312
g Group45966
f 131 133 137 138
g Group32941
f 1314 1305 1307 1313
g Group45966
f 138 137 132 130
g Group32941
f 1305 1314 1316 1304
g Group45966
f 130 129 139 138
g Group32941
f 1314 1315 1317 1316
g Group32944
f 131 119 1317 1315
g Group45966
f 138 139 119 131
g Group32941
f 1320 1319 1318 1317
g Group32944
f 119 121 1320 1317
g Group45966
f 121 119 141 140
g Group32941
f 1319 1299 1296 1318
g Group45966
f 140 141 118 120
g Group32941
f 1322 1321 1319 1320
g Group32944
f 121 123 1322 1320
g Group45966
f 123 121 140 142
g Group32941
f 1321 1301 1299 1319
g Group45966
f 142 140 120 122
g Group32941
f 1325 1324 1323 1311
g Group32944
f 127 143 1324 1325
g Group45966
f 127 116 144 143
g Group32941
f 1324 1303 1304 1323
g Group32944
f 143 125 1303 1324
g Group45966
f 143 144 129 125
g Group32941
f 1310 1326 1318 1296
g Group45966
f 135 118 141 145
g Group32941
f 1326 1316 1317 1318
g Group45966
f 145 141 119 139
g Group32941
f 1311 1323 1326 1310
g Group45966
f 116 135 145 144
g Group32941
f 1323 1304 1316 1326
g Group45966
f 144 145 139 129
g Group32941
f 1330 1329 1328 1327
g Group32944
f 115 117 1330 1327
f 147 115 1327 1328
g Group45966
f 117 115 147 146
g Group32941
f 1329 1311 1308 1328
g Group32944
f 114 147 1328 1308
g Group45966
f 146 147 114 116
g Group32941
f 1311 1329 1331 1325
g Group32944
f 148 127 1325 1331
g Group45966
f 116 127 148 146
g Group32941
f 1329 1330 1332 1331
g Group32944
f 128 148 1331 1332
f 117 128 1332 1330
g Group45966
f 146 148 128 117
g Group32941
f 1307 1306 1263 1264
g Group32944
f 134 87 1263 1306
g Group45966
f 132 85 87 134
g Group32941
f 1313 1307 1264 1284
g Group45966
f 137 105 85 132
g Group32941
f 1312 1313 1284 1285
g Group32944
f 86 133 1312 1285
g Group45966
f 133 86 105 137
g Group32941
f 1336 1335 1334 1333
g Group32944
f 150 149 1334 1335
g Group45966
f 157 155 149 150
g Group32941
f 1338 1337 1335 1336
g Group32944
f 161 150 1335 1337
g Group45966
f 159 157 150 161
g Group32941
f 1342 1341 1340 1339
g Group32944
f 162 163 1339 1340
g Group45966
f 167 163 162 166
g Group32941
f 1344 1342 1339 1343
g Group32944
f 163 171 1343 1339
g Group45966
f 169 171 163 167
g Group32941
f 1348 1347 1346 1345
g Group32944
f 173 151 1345 1346
g Group45966
f 153 151 173 172
g Group32941
f 1347 1333 1334 1346
g Group32944
f 149 173 1346 1334
g Group45966
f 172 173 149 155
g Group32941
f 1352 1351 1350 1349
g Group32944
f 170 168 1352 1349
g Group45966
f 168 170 174 175
g Group32941
f 1351 1342 1344 1350
g Group45966
f 175 174 169 167
g Group32941
f 1342 1351 1353 1341
g Group45966
f 167 166 176 175
g Group32941
f 1351 1352 1354 1353
g Group32944
f 168 156 1354 1352
g Group45966
f 175 176 156 168
g Group32941
f 1357 1356 1355 1354
g Group32944
f 156 158 1357 1354
g Group45966
f 158 156 178 177
g Group32941
f 1356 1336 1333 1355
g Group45966
f 177 178 155 157
g Group32941
f 1359 1358 1356 1357
g Group32944
f 158 160 1359 1357
g Group45966
f 160 158 177 179
g Group32941
f 1358 1338 1336 1356
g Group45966
f 179 177 157 159
g Group32941
f 1362 1361 1360 1348
g Group32944
f 164 180 1361 1362
g Group45966
f 164 153 181 180
g Group32941
f 1361 1340 1341 1360
g Group32944
f 180 162 1340 1361
g Group45966
f 180 181 166 162
g Group32941
f 1347 1363 1355 1333
g Group45966
f 172 155 178 182
g Group32941
f 1363 1353 1354 1355
g Group45966
f 182 178 156 176
g Group32941
f 1348 1360 1363 1347
g Group45966
f 153 172 182 181
g Group32941
f 1360 1341 1353 1363
g Group45966
f 181 182 176 166
g Group32941
f 1367 1366 1365 1364
g Group32944
f 152 154 1367 1364
f 184 152 1364 1365
g Group45966
f 154 152 184 183
g Group32941
f 1366 1348 1345 1365
g Group32944
f 151 184 1365 1345
g Group45966
f 183 184 151 153
g Group32941
f 1348 1366 1368 1362
g Group32944
f 185 164 1362 1368
g Group45966
f 153 164 185 183
g Group32941
f 1366 1367 1369 1368
g Group32944
f 165 185 1368 1369
f 154 165 1369 1367
g Group45966
f 183 185 165 154
g Group32941
f 1373 1372 1371 1370
g Group32944
f 187 186 1371 1372
g Group45966
f 194 192 186 187
g Group32941
f 1375 1374 1372 1373
g Group32944
f 198 187 1372 1374
g Group45966
f 196 194 187 198
g Group32941
f 1379 1378 1377 1376
g Group32944
f 199 200 1376 1377
g Group45966
f 204 200 199 203
g Group32941
f 1381 1379 1376 1380
g Group32944
f 200 208 1380 1376
g Group45966
f 206 208 200 204
g Group32941
f 1385 1384 1383 1382
g Group32944
f 210 188 1382 1383
g Group45966
f 190 188 210 209
g Group32941
f 1384 1370 1371 1383
g Group32944
f 186 210 1383 1371
g Group45966
f 209 210 186 192
g Group32941
f 1389 1388 1387 1386
g Group32944
f 207 205 1389 1386
g Group45966
f 205 207 211 212
g Group32941
f 1388 1379 1381 1387
g Group45966
f 212 211 206 204
g Group32941
f 1379 1388 1390 1378
g Group45966
f 204 203 213 212
g Group32941
f 1388 1389 1391 1390
g Group32944
f 205 193 1391 1389
g Group45966
f 212 213 193 205
g Group32941
f 1394 1393 1392 1391
g Group32944
f 193 195 1394 1391
g Group45966
f 195 193 215 214
g Group32941
f 1393 1373 1370 1392
g Group45966
f 214 215 192 194
g Group32941
f 1396 1395 1393 1394
g Group32944
f 195 197 1396 1394
g Group45966
f 197 195 214 216
g Group32941
f 1395 1375 1373 1393
g Group45966
f 216 214 194 196
g Group32941
f 1399 1398 1397 1385
g Group32944
f 201 217 1398 1399
g Group45966
f 201 190 218 217
g Group32941
f 1398 1377 1378 1397
g Group32944
f 217 199 1377 1398
g Group45966
f 217 218 203 199
g Group32941
f 1384 1400 1392 1370
g Group45966
f 209 192 215 219
g Group32941
f 1400 1390 1391 1392
g Group45966
f 219 215 193 213
g Group32941
f 1385 1397 1400 1384
g Group45966
f 190 209 219 218
g Group32941
f 1397 1378 1390 1400
g Group45966
f 218 219 213 203
g Group32941
f 1404 1403 1402 1401
g Group32944
f 189 191 1404 1401
f 221 189 1401 1402
g Group45966
f 191 189 221 220
g Group32941
f 1403 1385 1382 1402
g Group32944
f 188 221 1402 1382
g Group45966
f 220 221 188 190
g Group32941
f 1385 1403 1405 1399
g Group32944
f 222 201 1399 1405
g Group45966
f 190 201 222 220
g Group32941
f 1403 1404 1406 1405
g Group32944
f 202 222 1405 1406
f 191 202 1406 1404
g Group45966
f 220 222 202 191
g Group32941
f 1381 1380 1337 1338
g Group32944
f 208 161 1337 1380
g Group45966
f 206 159 161 208
g Group32941
f 1387 1381 1338 1358
g Group45966
f 211 179 159 206
g Group32941
f 1386 1387 1358 1359
g Group32944
f 160 207 1386 1359
g Group45966
f 207 160 179 211
g Group32941
f 1410 1409 1408 1407
g Group32944
f 224 223 1408 1409
g Group45966
f 231 229 223 224
g Group32941
f 1412 1411 1409 1410
g Group32944
f 235 224 1409 1411
g Group45966
f 233 231 224 235
g Group32941
f 1416 1415 1414 1413
g Group32944
f 236 237 1413 1414
g Group45966
f 241 237 236 240
g Group32941
f 1418 1416 1413 1417
g Group32944
f 237 245 1417 1413
g Group45966
f 243 245 237 241
g Group32941
f 1422 1421 1420 1419
g Group32944
f 247 225 1419 1420
g Group45966
f 227 225 247 246
g Group32941
f 1421 1407 1408 1420
g Group32944
f 223 247 1420 1408
g Group45966
f 246 247 223 229
g Group32941
f 1426 1425 1424 1423
g Group32944
f 244 242 1426 1423
g Group45966
f 242 244 248 249
g Group32941
f 1425 1416 1418 1424
g Group45966
f 249 248 243 241
g Group32941
f 1416 1425 1427 1415
g Group45966
f 241 240 250 249
g Group32941
f 1425 1426 1428 1427
g Group32944
f 242 230 1428 1426
g Group45966
f 249 250 230 242
g Group32941
f 1431 1430 1429 1428
g Group32944
f 230 232 1431 1428
g Group45966
f 232 230 252 251
g Group32941
f 1430 1410 1407 1429
g Group45966
f 251 252 229 231
g Group32941
f 1433 1432 1430 1431
g Group32944
f 232 234 1433 1431
g Group45966
f 234 232 251 253
g Group32941
f 1432 1412 1410 1430
g Group45966
f 253 251 231 233
g Group32941
f 1436 1435 1434 1422
g Group32944
f 238 254 1435 1436
g Group45966
f 238 227 255 254
g Group32941
f 1435 1414 1415 1434
g Group32944
f 254 236 1414 1435
g Group45966
f 254 255 240 236
g Group32941
f 1421 1437 1429 1407
g Group45966
f 246 229 252 256
g Group32941
f 1437 1427 1428 1429
g Group45966
f 256 252 230 250
g Group32941
f 1422 1434 1437 1421
g Group45966
f 227 246 256 255
g Group32941
f 1434 1415 1427 1437
g Group45966
f 255 256 250 240
g Group32941
f 1441 1440 1439 1438
g Group32944
f 226 228 1441 1438
f 258 226 1438 1439
g Group45966
f 228 226 258 257
g Group32941
f 1440 1422 1419 1439
g Group32944
f 225 258 1439 1419
g Group45966
f 257 258 225 227
g Group32941
f 1422 1440 1442 1436
g Group32944
f 259 238 1436 1442
g Group45966
f 227 238 259 257
g Group32941
f 1440 1441 1443 1442
g Group32944
f 239 259 1442 1443
f 228 239 1443 1441
g Group45966
f 257 259 239 228
g Group32941
f 1447 1446 1445 1444
g Group32944
f 261 260 1445 1446
g Group45966
f 268 266 260 261
g Group32941
f 1449 1448 1446 1447
g Group32944
f 272 261 1446 1448
g Group45966
f 270 268 261 272
g Group32941
f 1453 1452 1451 1450
g Group32944
f 273 274 1450 1451
g Group45966
f 278 274 273 277
g Group32941
f 1455 1453 1450 1454
g Group32944
f 274 282 1454 1450
g Group45966
f 280 282 274 278
g Group32941
f 1459 1458 1457 1456
g Group32944
f 284 262 1456 1457
g Group45966
f 264 262 284 283
g Group32941
f 1458 1444 1445 1457
g Group32944
f 260 284 1457 1445
g Group45966
f 283 284 260 266
g Group32941
f 1463 1462 1461 1460
g Group32944
f 281 279 1463 1460
g Group45966
f 279 281 285 286
g Group32941
f 1462 1453 1455 1461
g Group45966
f 286 285 280 278
g Group32941
f 1453 1462 1464 1452
g Group45966
f 278 277 287 286
g Group32941
f 1462 1463 1465 1464
g Group32944
f 279 267 1465 1463
g Group45966
f 286 287 267 279
g Group32941
f 1468 1467 1466 1465
g Group32944
f 267 269 1468 1465
g Group45966
f 269 267 289 288
g Group32941
f 1467 1447 1444 1466
g Group45966
f 288 289 266 268
g Group32941
f 1470 1469 1467 1468
g Group32944
f 269 271 1470 1468
g Group45966
f 271 269 288 290
g Group32941
f 1469 1449 1447 1467
g Group45966
f 290 288 268 270
g Group32941
f 1473 1472 1471 1459
g Group32944
f 275 291 1472 1473
g Group45966
f 275 264 292 291
g Group32941
f 1472 1451 1452 1471
g Group32944
f 291 273 1451 1472
g Group45966
f 291 292 277 273
g Group32941
f 1458 1474 1466 1444
g Group45966
f 283 266 289 293
g Group32941
f 1474 1464 1465 1466
g Group45966
f 293 289 267 287
g Group32941
f 1459 1471 1474 1458
g Group45966
f 264 283 293 292
g Group32941
f 1471 1452 1464 1474
g Group45966
f 292 293 287 277
g Group32941
f 1478 1477 1476 1475
g Group32944
f 263 265 1478 1475
f 295 263 1475 1476
g Group45966
f 265 263 295 294
g Group32941
f 1477 1459 1456 1476
g Group32944
f 262 295 1476 1456
g Group45966
f 294 295 262 264
g Group32941
f 1459 1477 1479 1473
g Group32944
f 296 275 1473 1479
g Group45966
f 264 275 296 294
g Group32941
f 1477 1478 1480 1479
g Group32944
f 276 296 1479 1480
f 265 276 1480 1478
g Group45966
f 294 296 276 265
g Group32941
f 1455 1454 1411 1412
g Group32944
f 282 235 1411 1454
g Group45966
f 280 233 235 282
g Group32941
f 1461 1455 1412 1432
g Group45966
f 285 253 233 280
g Group32941
f 1460 1461 1432 1433
g Group32944
f 234 281 1460 1433
g Group45966
f 281 234 253 285
g Group32941
f 1418 1417 1300 1301
g Group32944
f 245 124 1300 1417
g Group45966
f 243 122 124 245
g Group32941
f 1424 1418 1301 1321
g Group45966
f 248 142 122 243
g Group32941
f 1423 1424 1321 1322
g Group32944
f 123 244 1423 1322
g Group45966
f 244 123 142 248
g Group32941
f 1344 1343 1448 1449
g Group32944
f 171 272 1448 1343
g Group45966
f 169 270 272 171
g Group32941
f 1350 1344 1449 1469
g Group45966
f 174 290 270 169
g Group32941
f 1349 1350 1469 1470
g Group32944
f 271 170 1349 1470
g Group45966
f 170 271 290 174
g Group32941
f 1196 1195 1374 1375
g Group32944
f 23 198 1374 1195
g Group45966
f 21 196 198 23
g Group32941
f 1202 1196 1375 1395
g Group45966
f 26 216 196 21
g Group32941
f 1201 1202 1395 1396
g Group32944
f 197 22 1201 1396
g Group45966
f 22 197 216 26
g Group32941
f 1484 1483 1482 1481
g Group32944
f 298 297 1482 1483
g Group45966
f 305 303 297 298
g Group32941
f 1486 1485 1483 1484
g Group32944
f 309 298 1483 1485
g Group45966
f 307 305 298 309
g Group32941
f 1490 1489 1488 1487
g Group32944
f 310 311 1487 1488
g Group45966
f 315 311 310 314
g Group32941
f 1492 1490 1487 1491
g Group32944
f 311 319 1491 1487
g Group45966
f 317 319 311 315
g Group32941
f 1496 1495 1494 1493
g Group32944
f 321 299 1493 1494
g Group45966
f 301 299 321 320
g Group32941
f 1495 1481 1482 1494
g Group32944
f 297 321 1494 1482
g Group45966
f 320 321 297 303
g Group32941
f 1500 1499 1498 1497
g Group32944
f 318 316 1500 1497
g Group45966
f 316 318 322 323
g Group32941
f 1499 1490 1492 1498
g Group45966
f 323 322 317 315
g Group32941
f 1490 1499 1501 1489
g Group45966
f 315 314 324 323
g Group32941
f 1499 1500 1502 1501
g Group32944
f 316 304 1502 1500
g Group45966
f 323 324 304 316
g Group32941
f 1505 1504 1503 1502
g Group32944
f 304 306 1505 1502
g Group45966
f 306 304 326 325
g Group32941
f 1504 1484 1481 1503
g Group45966
f 325 326 303 305
g Group32941
f 1507 1506 1504 1505
g Group32944
f 306 308 1507 1505
g Group45966
f 308 306 325 327
g Group32941
f 1506 1486 1484 1504
g Group45966
f 327 325 305 307
g Group32941
f 1510 1509 1508 1496
g Group32944
f 312 328 1509 1510
g Group45966
f 312 301 329 328
g Group32941
f 1509 1488 1489 1508
g Group32944
f 328 310 1488 1509
g Group45966
f 328 329 314 310
g Group32941
f 1495 1511 1503 1481
g Group45966
f 320 303 326 330
g Group32941
f 1511 1501 1502 1503
g Group45966
f 330 326 304 324
g Group32941
f 1496 1508 1511 1495
g Group45966
f 301 320 330 329
g Group32941
f 1508 1489 1501 1511
g Group45966
f 329 330 324 314
g Group32941
f 1515 1514 1513 1512
g Group32944
f 300 302 1515 1512
f 332 300 1512 1513
g Group45966
f 302 300 332 331
g Group32941
f 1514 1496 1493 1513
g Group32944
f 299 332 1513 1493
g Group45966
f 331 332 299 301
g Group32941
f 1496 1514 1516 1510
g Group32944
f 333 312 1510 1516
g Group45966
f 301 312 333 331
g Group32941
f 1514 1515 1517 1516
g Group32944
f 313 333 1516 1517
f 302 313 1517 1515
g Group45966
f 331 333 313 302
g Group32941
f 1521 1520 1519 1518
g Group32944
f 335 334 1519 1520
g Group45966
f 342 340 334 335
g Group32941
f 1523 1522 1520 1521
g Group32944
f 346 335 1520 1522
g Group45966
f 344 342 335 346
g Group32941
f 1527 1526 1525 1524
g Group32944
f 347 348 1524 1525
g Group45966
f 352 348 347 351
g Group32941
f 1529 1527 1524 1528
g Group32944
f 348 356 1528 1524
g Group45966
f 354 356 348 352
g Group32941
f 1533 1532 1531 1530
g Group32944
f 358 336 1530 1531
g Group45966
f 338 336 358 357
g Group32941
f 1532 1518 1519 1531
g Group32944
f 334 358 1531 1519
g Group45966
f 357 358 334 340
g Group32941
f 1537 1536 1535 1534
g Group32944
f 355 353 1537 1534
g Group45966
f 353 355 359 360
g Group32941
f 1536 1527 1529 1535
g Group45966
f 360 359 354 352
g Group32941
f 1527 1536 1538 1526
g Group45966
f 352 351 361 360
g Group32941
f 1536 1537 1539 1538
g Group32944
f 353 341 1539 1537
g Group45966
f 360 361 341 353
g Group32941
f 1542 1541 1540 1539
g Group32944
f 341 343 1542 1539
g Group45966
f 343 341 363 362
g Group32941
f 1541 1521 1518 1540
g Group45966
f 362 363 340 342
g Group32941
f 1544 1543 1541 1542
g Group32944
f 343 345 1544 1542
g Group45966
f 345 343 362 364
g Group32941
f 1543 1523 1521 1541
g Group45966
f 364 362 342 344
g Group32941
f 1547 1546 1545 1533
g Group32944
f 349 365 1546 1547
g Group45966
f 349 338 366 365
g Group32941
f 1546 1525 1526 1545
g Group32944
f 365 347 1525 1546
g Group45966
f 365 366 351 347
g Group32941
f 1532 1548 1540 1518
g Group45966
f 357 340 363 367
g Group32941
f 1548 1538 1539 1540
g Group45966
f 367 363 341 361
g Group32941
f 1533 1545 1548 1532
g Group45966
f 338 357 367 366
g Group32941
f 1545 1526 1538 1548
g Group45966
f 366 367 361 351
g Group32941
f 1552 1551 1550 1549
g Group32944
f 337 339 1552 1549
f 369 337 1549 1550
g Group45966
f 339 337 369 368
g Group32941
f 1551 1533 1530 1550
g Group32944
f 336 369 1550 1530
g Group45966
f 368 369 336 338
g Group32941
f 1533 1551 1553 1547
g Group32944
f 370 349 1547 1553
g Group45966
f 338 349 370 368
g Group32941
f 1551 1552 1554 1553
g Group32944
f 350 370 1553 1554
f 339 350 1554 1552
g Group45966
f 368 370 350 339
g Group32941
f 1529 1528 1485 1486
g Group32944
f 356 309 1485 1528
g Group45966
f 354 307 309 356
g Group32941
f 1535 1529 1486 1506
g Group45966
f 359 327 307 354
g Group32941
f 1534 1535 1506 1507
g Group32944
f 308 355 1534 1507
g Group45966
f 355 308 327 359
g Group32941
f 1558 1557 1556 1555
g Group32944
f 372 371 1556 1557
g Group45966
f 379 377 371 372
g Group32941
f 1560 1559 1557 1558
g Group32944
f 383 372 1557 1559
g Group45966
f 381 379 372 383
g Group32941
f 1564 1563 1562 1561
g Group32944
f 393 1182 1561 1562
g Group45966
f 1181 1182 393 391
g Group32941
f 1568 1567 1566 1565
g Group32944
f 384 385 1565 1566
g Group45966
f 389 385 384 388
g Group32941
f 1563 1568 1565 1562
g Group32944
f 385 393 1562 1565
g Group45966
f 391 393 385 389
g Group32941
f 1572 1571 1570 1569
g Group32944
f 395 373 1569 1570
g Group45966
f 375 373 395 394
g Group32941
f 1571 1555 1556 1570
g Group32944
f 371 395 1570 1556
g Group45966
f 394 395 371 377
g Group32941
f 1564 1574 1573 1563
g Group45966
f 1181 391 396 1183
g Group32941
f 1574 1576 1575 1573
g Group32944
f 1184 392 1575 1576
g Group45966
f 1183 396 392 1184
g Group32941
f 1578 1577 1573 1575
g Group32944
f 392 390 1578 1575
g Group45966
f 390 392 396 397
g Group32941
f 1577 1568 1563 1573
g Group45966
f 397 396 391 389
g Group32941
f 1568 1577 1579 1567
g Group45966
f 389 388 398 397
g Group32941
f 1577 1578 1580 1579
g Group32944
f 390 378 1580 1578
g Group45966
f 397 398 378 390
g Group32941
f 1583 1582 1581 1580
g Group32944
f 378 380 1583 1580
g Group45966
f 380 378 400 399
g Group32941
f 1582 1558 1555 1581
g Group45966
f 399 400 377 379
g Group32941
f 1585 1584 1582 1583
g Group32944
f 380 382 1585 1583
g Group45966
f 382 380 399 401
g Group32941
f 1584 1560 1558 1582
g Group45966
f 401 399 379 381
g Group32941
f 1588 1587 1586 1572
g Group32944
f 386 402 1587 1588
g Group45966
f 386 375 403 402
g Group32941
f 1587 1566 1567 1586
g Group32944
f 402 384 1566 1587
g Group45966
f 402 403 388 384
g Group32941
f 1571 1589 1581 1555
g Group45966
f 394 377 400 404
g Group32941
f 1589 1579 1580 1581
g Group45966
f 404 400 378 398
g Group32941
f 1572 1586 1589 1571
g Group45966
f 375 394 404 403
g Group32941
f 1586 1567 1579 1589
g Group45966
f 403 404 398 388
g Group32941
f 1593 1592 1591 1590
g Group32944
f 374 376 1593 1590
f 406 374 1590 1591
g Group45966
f 376 374 406 405
g Group32941
f 1592 1572 1569 1591
g Group32944
f 373 406 1591 1569
g Group45966
f 405 406 373 375
g Group32941
f 1572 1592 1594 1588
g Group32944
f 407 386 1588 1594
g Group45966
f 375 386 407 405
g Group32941
f 1592 1593 1595 1594
g Group32944
f 387 407 1594 1595
f 376 387 1595 1593
g Group45966
f 405 407 387 376
g Group32941
f 1599 1598 1597 1596
g Group32944
f 409 408 1597 1598
g Group45966
f 416 414 408 409
g Group32941
f 1601 1600 1598 1599
g Group32944
f 420 409 1598 1600
g Group45966
f 418 416 409 420
g Group32941
f 1605 1604 1603 1602
g Group32944
f 421 422 1602 1603
g Group45966
f 426 422 421 425
g Group32941
f 1607 1605 1602 1606
g Group32944
f 422 430 1606 1602
g Group45966
f 428 430 422 426
g Group32941
f 1611 1610 1609 1608
g Group32944
f 432 410 1608 1609
g Group45966
f 412 410 432 431
g Group32941
f 1610 1596 1597 1609
g Group32944
f 408 432 1609 1597
g Group45966
f 431 432 408 414
g Group32941
f 1615 1614 1613 1612
g Group32944
f 429 427 1615 1612
g Group45966
f 427 429 433 434
g Group32941
f 1614 1605 1607 1613
g Group45966
f 434 433 428 426
g Group32941
f 1605 1614 1616 1604
g Group45966
f 426 425 435 434
g Group32941
f 1614 1615 1617 1616
g Group32944
f 427 415 1617 1615
g Group45966
f 434 435 415 427
g Group32941
f 1620 1619 1618 1617
g Group32944
f 415 417 1620 1617
g Group45966
f 417 415 437 436
g Group32941
f 1619 1599 1596 1618
g Group45966
f 436 437 414 416
g Group32941
f 1622 1621 1619 1620
g Group32944
f 417 419 1622 1620
g Group45966
f 419 417 436 438
g Group32941
f 1621 1601 1599 1619
g Group45966
f 438 436 416 418
g Group32941
f 1625 1624 1623 1611
g Group32944
f 423 439 1624 1625
g Group45966
f 423 412 440 439
g Group32941
f 1624 1603 1604 1623
g Group32944
f 439 421 1603 1624
g Group45966
f 439 440 425 421
g Group32941
f 1610 1626 1618 1596
g Group45966
f 431 414 437 441
g Group32941
f 1626 1616 1617 1618
g Group45966
f 441 437 415 435
g Group32941
f 1611 1623 1626 1610
g Group45966
f 412 431 441 440
g Group32941
f 1623 1604 1616 1626
g Group45966
f 440 441 435 425
g Group32941
f 1630 1629 1628 1627
g Group32944
f 411 413 1630 1627
f 443 411 1627 1628
g Group45966
f 413 411 443 442
g Group32941
f 1629 1611 1608 1628
g Group32944
f 410 443 1628 1608
g Group45966
f 442 443 410 412
g Group32941
f 1611 1629 1631 1625
g Group32944
f 444 423 1625 1631
g Group45966
f 412 423 444 442
g Group32941
f 1629 1630 1632 1631
g Group32944
f 424 444 1631 1632
f 413 424 1632 1630
g Group45966
f 442 444 424 413
g Group32941
f 1607 1606 1559 1560
g Group32944
f 430 383 1559 1606
g Group45966
f 428 381 383 430
g Group32941
f 1613 1607 1560 1584
g Group45966
f 433 401 381 428
g Group32941
f 1612 1613 1584 1585
g Group32944
f 382 429 1612 1585
g Group45966
f 429 382 401 433
g Group32941
f 1636 1635 1634 1633
g Group32944
f 446 445 1634 1635
g Group45966
f 453 451 445 446
g Group32941
f 1638 1637 1635 1636
g Group32944
f 457 446 1635 1637
g Group45966
f 455 453 446 457
g Group32941
f 1642 1641 1640 1639
g Group32944
f 458 459 1639 1640
g Group45966
f 463 459 458 462
g Group32941
f 1644 1642 1639 1643
g Group32944
f 459 467 1643 1639
g Group45966
f 465 467 459 463
g Group32941
f 1648 1647 1646 1645
g Group32944
f 469 447 1645 1646
g Group45966
f 449 447 469 468
g Group32941
f 1647 1633 1634 1646
g Group32944
f 445 469 1646 1634
g Group45966
f 468 469 445 451
g Group32941
f 1652 1651 1650 1649
g Group32944
f 466 464 1652 1649
g Group45966
f 464 466 470 471
g Group32941
f 1651 1642 1644 1650
g Group45966
f 471 470 465 463
g Group32941
f 1642 1651 1653 1641
g Group45966
f 463 462 472 471
g Group32941
f 1651 1652 1654 1653
g Group32944
f 464 452 1654 1652
g Group45966
f 471 472 452 464
g Group32941
f 1657 1656 1655 1654
g Group32944
f 452 454 1657 1654
g Group45966
f 454 452 474 473
g Group32941
f 1656 1636 1633 1655
g Group45966
f 473 474 451 453
g Group32941
f 1659 1658 1656 1657
g Group32944
f 454 456 1659 1657
g Group45966
f 456 454 473 475
g Group32941
f 1658 1638 1636 1656
g Group45966
f 475 473 453 455
g Group32941
f 1662 1661 1660 1648
g Group32944
f 460 476 1661 1662
g Group45966
f 460 449 477 476
g Group32941
f 1661 1640 1641 1660
g Group32944
f 476 458 1640 1661
g Group45966
f 476 477 462 458
g Group32941
f 1647 1663 1655 1633
g Group45966
f 468 451 474 478
g Group32941
f 1663 1653 1654 1655
g Group45966
f 478 474 452 472
g Group32941
f 1648 1660 1663 1647
g Group45966
f 449 468 478 477
g Group32941
f 1660 1641 1653 1663
g Group45966
f 477 478 472 462
g Group32941
f 1667 1666 1665 1664
g Group32944
f 448 450 1667 1664
f 480 448 1664 1665
g Group45966
f 450 448 480 479
g Group32941
f 1666 1648 1645 1665
g Group32944
f 447 480 1665 1645
g Group45966
f 479 480 447 449
g Group32941
f 1648 1666 1668 1662
g Group32944
f 481 460 1662 1668
g Group45966
f 449 460 481 479
g Group32941
f 1666 1667 1669 1668
g Group32944
f 461 481 1668 1669
f 450 461 1669 1667
g Group45966
f 479 481 461 450
g Group32941
f 1673 1672 1671 1670
g Group32944
f 483 482 1671 1672
g Group45966
f 490 488 482 483
g Group32941
f 1675 1674 1672 1673
g Group32944
f 494 483 1672 1674
g Group45966
f 492 490 483 494
g Group32941
f 1679 1678 1677 1676
g Group32944
f 495 496 1676 1677
g Group45966
f 500 496 495 499
g Group32941
f 1681 1679 1676 1680
g Group32944
f 496 504 1680 1676
g Group45966
f 502 504 496 500
g Group32941
f 1685 1684 1683 1682
g Group32944
f 506 484 1682 1683
g Group45966
f 486 484 506 505
g Group32941
f 1684 1670 1671 1683
g Group32944
f 482 506 1683 1671
g Group45966
f 505 506 482 488
g Group32941
f 1689 1688 1687 1686
g Group32944
f 503 501 1689 1686
g Group45966
f 501 503 507 508
g Group32941
f 1688 1679 1681 1687
g Group45966
f 508 507 502 500
g Group32941
f 1679 1688 1690 1678
g Group45966
f 500 499 509 508
g Group32941
f 1688 1689 1691 1690
g Group32944
f 501 489 1691 1689
g Group45966
f 508 509 489 501
g Group32941
f 1694 1693 1692 1691
g Group32944
f 489 491 1694 1691
g Group45966
f 491 489 511 510
g Group32941
f 1693 1673 1670 1692
g Group45966
f 510 511 488 490
g Group32941
f 1696 1695 1693 1694
g Group32944
f 491 493 1696 1694
g Group45966
f 493 491 510 512
g Group32941
f 1695 1675 1673 1693
g Group45966
f 512 510 490 492
g Group32941
f 1699 1698 1697 1685
g Group32944
f 497 513 1698 1699
g Group45966
f 497 486 514 513
g Group32941
f 1698 1677 1678 1697
g Group32944
f 513 495 1677 1698
g Group45966
f 513 514 499 495
g Group32941
f 1684 1700 1692 1670
g Group45966
f 505 488 511 515
g Group32941
f 1700 1690 1691 1692
g Group45966
f 515 511 489 509
g Group32941
f 1685 1697 1700 1684
g Group45966
f 486 505 515 514
g Group32941
f 1697 1678 1690 1700
g Group45966
f 514 515 509 499
g Group32941
f 1704 1703 1702 1701
g Group32944
f 485 487 1704 1701
f 517 485 1701 1702
g Group45966
f 487 485 517 516
g Group32941
f 1703 1685 1682 1702
g Group32944
f 484 517 1702 1682
g Group45966
f 516 517 484 486
g Group32941
f 1685 1703 1705 1699
g Group32944
f 518 497 1699 1705
g Group45966
f 486 497 518 516
g Group32941
f 1703 1704 1706 1705
g Group32944
f 498 518 1705 1706
f 487 498 1706 1704
g Group45966
f 516 518 498 487
g Group32941
f 1681 1680 1637 1638
g Group32944
f 504 457 1637 1680
g Group45966
f 502 455 457 504
g Group32941
f 1687 1681 1638 1658
g Group45966
f 507 475 455 502
g Group32941
f 1686 1687 1658 1659
g Group32944
f 456 503 1686 1659
g Group45966
f 503 456 475 507
g Group32941
f 1710 1709 1708 1707
g Group32944
f 520 519 1708 1709
g Group45966
f 527 525 519 520
g Group32941
f 1712 1711 1709 1710
g Group32944
f 531 520 1709 1711
g Group45966
f 529 527 520 531
g Group32941
f 1716 1715 1714 1713
g Group32944
f 532 533 1713 1714
g Group45966
f 537 533 532 536
g Group32941
f 1718 1716 1713 1717
g Group32944
f 533 541 1717 1713
g Group45966
f 539 541 533 537
g Group32941
f 1722 1721 1720 1719
g Group32944
f 543 521 1719 1720
g Group45966
f 523 521 543 542
g Group32941
f 1721 1707 1708 1720
g Group32944
f 519 543 1720 1708
g Group45966
f 542 543 519 525
g Group32941
f 1726 1725 1724 1723
g Group32944
f 540 538 1726 1723
g Group45966
f 538 540 544 545
g Group32941
f 1725 1716 1718 1724
g Group45966
f 545 544 539 537
g Group32941
f 1716 1725 1727 1715
g Group45966
f 537 536 546 545
g Group32941
f 1725 1726 1728 1727
g Group32944
f 538 526 1728 1726
g Group45966
f 545 546 526 538
g Group32941
f 1731 1730 1729 1728
g Group32944
f 526 528 1731 1728
g Group45966
f 528 526 548 547
g Group32941
f 1730 1710 1707 1729
g Group45966
f 547 548 525 527
g Group32941
f 1733 1732 1730 1731
g Group32944
f 528 530 1733 1731
g Group45966
f 530 528 547 549
g Group32941
f 1732 1712 1710 1730
g Group45966
f 549 547 527 529
g Group32941
f 1736 1735 1734 1722
g Group32944
f 534 550 1735 1736
g Group45966
f 534 523 551 550
g Group32941
f 1735 1714 1715 1734
g Group32944
f 550 532 1714 1735
g Group45966
f 550 551 536 532
g Group32941
f 1721 1737 1729 1707
g Group45966
f 542 525 548 552
g Group32941
f 1737 1727 1728 1729
g Group45966
f 552 548 526 546
g Group32941
f 1722 1734 1737 1721
g Group45966
f 523 542 552 551
g Group32941
f 1734 1715 1727 1737
g Group45966
f 551 552 546 536
g Group32941
f 1741 1740 1739 1738
g Group32944
f 522 524 1741 1738
f 554 522 1738 1739
g Group45966
f 524 522 554 553
g Group32941
f 1740 1722 1719 1739
g Group32944
f 521 554 1739 1719
g Group45966
f 553 554 521 523
g Group32941
f 1722 1740 1742 1736
g Group32944
f 555 534 1736 1742
g Group45966
f 523 534 555 553
g Group32941
f 1740 1741 1743 1742
g Group32944
f 535 555 1742 1743
f 524 535 1743 1741
g Group45966
f 553 555 535 524
g Group32941
f 1747 1746 1745 1744
g Group32944
f 557 556 1745 1746
g Group45966
f 564 562 556 557
g Group32941
f 1749 1748 1746 1747
g Group32944
f 568 557 1746 1748
g Group45966
f 566 564 557 568
g Group32941
f 1753 1752 1751 1750
g Group32944
f 569 570 1750 1751
g Group45966
f 574 570 569 573
g Group32941
f 1755 1753 1750 1754
g Group32944
f 570 578 1754 1750
g Group45966
f 576 578 570 574
g Group32941
f 1759 1758 1757 1756
g Group32944
f 580 558 1756 1757
g Group45966
f 560 558 580 579
g Group32941
f 1758 1744 1745 1757
g Group32944
f 556 580 1757 1745
g Group45966
f 579 580 556 562
g Group32941
f 1763 1762 1761 1760
g Group32944
f 577 575 1763 1760
g Group45966
f 575 577 581 582
g Group32941
f 1762 1753 1755 1761
g Group45966
f 582 581 576 574
g Group32941
f 1753 1762 1764 1752
g Group45966
f 574 573 583 582
g Group32941
f 1762 1763 1765 1764
g Group32944
f 575 563 1765 1763
g Group45966
f 582 583 563 575
g Group32941
f 1768 1767 1766 1765
g Group32944
f 563 565 1768 1765
g Group45966
f 565 563 585 584
g Group32941
f 1767 1747 1744 1766
g Group45966
f 584 585 562 564
g Group32941
f 1770 1769 1767 1768
g Group32944
f 565 567 1770 1768
g Group45966
f 567 565 584 586
g Group32941
f 1769 1749 1747 1767
g Group45966
f 586 584 564 566
g Group32941
f 1773 1772 1771 1759
g Group32944
f 571 587 1772 1773
g Group45966
f 571 560 588 587
g Group32941
f 1772 1751 1752 1771
g Group32944
f 587 569 1751 1772
g Group45966
f 587 588 573 569
g Group32941
f 1758 1774 1766 1744
g Group45966
f 579 562 585 589
g Group32941
f 1774 1764 1765 1766
g Group45966
f 589 585 563 583
g Group32941
f 1759 1771 1774 1758
g Group45966
f 560 579 589 588
g Group32941
f 1771 1752 1764 1774
g Group45966
f 588 589 583 573
g Group32941
f 1778 1777 1776 1775
g Group32944
f 559 561 1778 1775
f 591 559 1775 1776
g Group45966
f 561 559 591 590
g Group32941
f 1777 1759 1756 1776
g Group32944
f 558 591 1776 1756
g Group45966
f 590 591 558 560
g Group32941
f 1759 1777 1779 1773
g Group32944
f 592 571 1773 1779
g Group45966
f 560 571 592 590
g Group32941
f 1777 1778 1780 1779
g Group32944
f 572 592 1779 1780
f 561 572 1780 1778
g Group45966
f 590 592 572 561
g Group32941
f 1755 1754 1711 1712
g Group32944
f 578 531 1711 1754
g Group45966
f 576 529 531 578
g Group32941
f 1761 1755 1712 1732
g Group45966
f 581 549 529 576
g Group32941
f 1760 1761 1732 1733
g Group32944
f 530 577 1760 1733
g Group45966
f 577 530 549 581
g Group32941
f 1718 1717 1600 1601
g Group32944
f 541 420 1600 1717
g Group45966
f 539 418 420 541
g Group32941
f 1724 1718 1601 1621
g Group45966
f 544 438 418 539
g Group32941
f 1723 1724 1621 1622
g Group32944
f 419 540 1723 1622
g Group45966
f 540 419 438 544
g Group32941
f 1644 1643 1748 1749
g Group32944
f 467 568 1748 1643
g Group45966
f 465 566 568 467
g Group32941
f 1650 1644 1749 1769
g Group45966
f 470 586 566 465
g Group32941
f 1649 1650 1769 1770
g Group32944
f 567 466 1649 1770
g Group45966
f 466 567 586 470
g Group32941
f 1492 1491 1674 1675
g Group32944
f 319 494 1674 1491
g Group45966
f 317 492 494 319
g Group32941
f 1498 1492 1675 1695
g Group45966
f 322 512 492 317
g Group32941
f 1497 1498 1695 1696
g Group32944
f 493 318 1497 1696
g Group45966
f 318 493 512 322
g Group32941
f 1270 1269 1522 1523
g Group32944
f 97 346 1522 1269
g Group45966
f 95 344 346 97
g Group32941
f 1276 1270 1523 1543
g Group45966
f 100 364 344 95
g Group32941
f 1275 1276 1543 1544
g Group32944
f 345 96 1275 1544
g Group45966
f 96 345 364 100
g Group32941
f 1784 1783 1782 1781
g Group32944
f 594 593 1782 1783
g Group45966
f 601 599 593 594
g Group32941
f 1786 1785 1783 1784
g Group32944
f 605 594 1783 1785
g Group45966
f 603 601 594 605
g Group32941
f 1790 1789 1788 1787
g Group32944
f 606 607 1787 1788
g Group45966
f 611 607 606 610
g Group32941
f 1792 1790 1787 1791
g Group32944
f 607 615 1791 1787
g Group45966
f 613 615 607 611
g Group32941
f 1796 1795 1794 1793
g Group32944
f 617 595 1793 1794
g Group45966
f 597 595 617 616
g Group32941
f 1795 1781 1782 1794
g Group32944
f 593 617 1794 1782
g Group45966
f 616 617 593 599
g Group32941
f 1800 1799 1798 1797
g Group32944
f 614 612 1800 1797
g Group45966
f 612 614 618 619
g Group32941
f 1799 1790 1792 1798
g Group45966
f 619 618 613 611
g Group32941
f 1790 1799 1801 1789
g Group45966
f 611 610 620 619
g Group32941
f 1799 1800 1802 1801
g Group32944
f 612 600 1802 1800
g Group45966
f 619 620 600 612
g Group32941
f 1805 1804 1803 1802
g Group32944
f 600 602 1805 1802
g Group45966
f 602 600 622 621
g Group32941
f 1804 1784 1781 1803
g Group45966
f 621 622 599 601
g Group32941
f 1807 1806 1804 1805
g Group32944
f 602 604 1807 1805
g Group45966
f 604 602 621 623
g Group32941
f 1806 1786 1784 1804
g Group45966
f 623 621 601 603
g Group32941
f 1810 1809 1808 1796
g Group32944
f 608 624 1809 1810
g Group45966
f 608 597 625 624
g Group32941
f 1809 1788 1789 1808
g Group32944
f 624 606 1788 1809
g Group45966
f 624 625 610 606
g Group32941
f 1795 1811 1803 1781
g Group45966
f 616 599 622 626
g Group32941
f 1811 1801 1802 1803
g Group45966
f 626 622 600 620
g Group32941
f 1796 1808 1811 1795
g Group45966
f 597 616 626 625
g Group32941
f 1808 1789 1801 1811
g Group45966
f 625 626 620 610
g Group32941
f 1815 1814 1813 1812
g Group32944
f 596 598 1815 1812
f 628 596 1812 1813
g Group45966
f 598 596 628 627
g Group32941
f 1814 1796 1793 1813
g Group32944
f 595 628 1813 1793
g Group45966
f 627 628 595 597
g Group32941
f 1796 1814 1816 1810
g Group32944
f 629 608 1810 1816
g Group45966
f 597 608 629 627
g Group32941
f 1814 1815 1817 1816
g Group32944
f 609 629 1816 1817
f 598 609 1817 1815
g Group45966
f 627 629 609 598
g Group32941
f 1821 1820 1819 1818
g Group32944
f 631 630 1819 1820
g Group45966
f 638 636 630 631
g Group32941
f 1825 1824 1823 1822
g Group32944
f 640 641 1822 1823
g Group45966
f 645 641 640 644
g Group32941
f 1827 1825 1822 1826
g Group32944
f 641 649 1826 1822
g Group45966
f 647 649 641 645
g Group32941
f 1831 1830 1829 1828
g Group32944
f 651 632 1828 1829
g Group45966
f 634 632 651 650
g Group32941
f 1830 1818 1819 1829
g Group32944
f 630 651 1829 1819
g Group45966
f 650 651 630 636
g Group32941
f 1835 1834 1833 1832
g Group32944
f 648 646 1835 1832
g Group45966
f 646 648 652 653
g Group32941
f 1834 1825 1827 1833
g Group45966
f 653 652 647 645
g Group32941
f 1825 1834 1836 1824
g Group45966
f 645 644 654 653
g Group32941
f 1834 1835 1837 1836
g Group32944
f 646 637 1837 1835
g Group45966
f 653 654 637 646
g Group32941
f 1840 1839 1838 1837
g Group32944
f 637 639 1840 1837
g Group45966
f 639 637 656 655
g Group32941
f 1839 1821 1818 1838
g Group45966
f 655 656 636 638
g Group32941
f 1843 1842 1841 1831
g Group32944
f 642 657 1842 1843
g Group45966
f 642 634 658 657
g Group32941
f 1842 1823 1824 1841
g Group32944
f 657 640 1823 1842
g Group45966
f 657 658 644 640
g Group32941
f 1830 1844 1838 1818
g Group45966
f 650 636 656 659
g Group32941
f 1844 1836 1837 1838
g Group45966
f 659 656 637 654
g Group32941
f 1831 1841 1844 1830
g Group45966
f 634 650 659 658
g Group32941
f 1841 1824 1836 1844
g Group45966
f 658 659 654 644
g Group32941
f 1848 1847 1846 1845
g Group32944
f 633 635 1848 1845
f 661 633 1845 1846
g Group45966
f 635 633 661 660
g Group32941
f 1847 1831 1828 1846
g Group32944
f 632 661 1846 1828
g Group45966
f 660 661 632 634
g Group32941
f 1831 1847 1849 1843
g Group32944
f 662 642 1843 1849
g Group45966
f 634 642 662 660
g Group32941
f 1847 1848 1850 1849
g Group32944
f 643 662 1849 1850
f 635 643 1850 1848
g Group45966
f 660 662 643 635
g Group32941
f 1827 1826 1785 1786
g Group32944
f 649 605 1785 1826
g Group45966
f 647 603 605 649
g Group32941
f 1833 1827 1786 1806
g Group45966
f 652 623 603 647
g Group32941
f 1832 1833 1806 1807
g Group32944
f 604 648 1832 1807
g Group45966
f 648 604 623 652
g Group32941
f 1854 1853 1852 1851
g Group32944
f 664 663 1852 1853
g Group45966
f 671 669 663 664
g Group32941
f 1856 1855 1853 1854
g Group32944
f 675 664 1853 1855
g Group45966
f 673 671 664 675
g Group32941
f 1860 1859 1858 1857
g Group32944
f 676 677 1857 1858
g Group45966
f 681 677 676 680
g Group32941
f 1862 1860 1857 1861
g Group32944
f 677 685 1861 1857
g Group45966
f 683 685 677 681
g Group32941
f 1866 1865 1864 1863
g Group32944
f 687 665 1863 1864
g Group45966
f 667 665 687 686
g Group32941
f 1865 1851 1852 1864
g Group32944
f 663 687 1864 1852
g Group45966
f 686 687 663 669
g Group32941
f 1870 1869 1868 1867
g Group32944
f 684 682 1870 1867
g Group45966
f 682 684 688 689
g Group32941
f 1869 1860 1862 1868
g Group45966
f 689 688 683 681
g Group32941
f 1860 1869 1871 1859
g Group45966
f 681 680 690 689
g Group32941
f 1869 1870 1872 1871
g Group32944
f 682 670 1872 1870
g Group45966
f 689 690 670 682
g Group32941
f 1875 1874 1873 1872
g Group32944
f 670 672 1875 1872
g Group45966
f 672 670 692 691
g Group32941
f 1874 1854 1851 1873
g Group45966
f 691 692 669 671
g Group32941
f 1877 1876 1874 1875
g Group32944
f 672 674 1877 1875
g Group45966
f 674 672 691 693
g Group32941
f 1876 1856 1854 1874
g Group45966
f 693 691 671 673
g Group32941
f 1880 1879 1878 1866
g Group32944
f 678 694 1879 1880
g Group45966
f 678 667 695 694
g Group32941
f 1879 1858 1859 1878
g Group32944
f 694 676 1858 1879
g Group45966
f 694 695 680 676
g Group32941
f 1865 1881 1873 1851
g Group45966
f 686 669 692 696
g Group32941
f 1881 1871 1872 1873
g Group45966
f 696 692 670 690
g Group32941
f 1866 1878 1881 1865
g Group45966
f 667 686 696 695
g Group32941
f 1878 1859 1871 1881
g Group45966
f 695 696 690 680
g Group32941
f 1885 1884 1883 1882
g Group32944
f 666 668 1885 1882
f 698 666 1882 1883
g Group45966
f 668 666 698 697
g Group32941
f 1884 1866 1863 1883
g Group32944
f 665 698 1883 1863
g Group45966
f 697 698 665 667
g Group32941
f 1866 1884 1886 1880
g Group32944
f 699 678 1880 1886
g Group45966
f 667 678 699 697
g Group32941
f 1884 1885 1887 1886
g Group32944
f 679 699 1886 1887
f 668 679 1887 1885
g Group45966
f 697 699 679 668
g Group32941
f 1891 1890 1889 1888
g Group32944
f 701 700 1889 1890
g Group45966
f 708 706 700 701
g Group32941
f 1893 1892 1890 1891
g Group32944
f 712 701 1890 1892
g Group45966
f 710 708 701 712
g Group32941
f 1897 1896 1895 1894
g Group32944
f 713 714 1894 1895
g Group45966
f 718 714 713 717
g Group32941
f 1899 1897 1894 1898
g Group32944
f 714 722 1898 1894
g Group45966
f 720 722 714 718
g Group32941
f 1903 1902 1901 1900
g Group32944
f 724 702 1900 1901
g Group45966
f 704 702 724 723
g Group32941
f 1902 1888 1889 1901
g Group32944
f 700 724 1901 1889
g Group45966
f 723 724 700 706
g Group32941
f 1907 1906 1905 1904
g Group32944
f 721 719 1907 1904
g Group45966
f 719 721 725 726
g Group32941
f 1906 1897 1899 1905
g Group45966
f 726 725 720 718
g Group32941
f 1897 1906 1908 1896
g Group45966
f 718 717 727 726
g Group32941
f 1906 1907 1909 1908
g Group32944
f 719 707 1909 1907
g Group45966
f 726 727 707 719
g Group32941
f 1912 1911 1910 1909
g Group32944
f 707 709 1912 1909
g Group45966
f 709 707 729 728
g Group32941
f 1911 1891 1888 1910
g Group45966
f 728 729 706 708
g Group32941
f 1914 1913 1911 1912
g Group32944
f 709 711 1914 1912
g Group45966
f 711 709 728 730
g Group32941
f 1913 1893 1891 1911
g Group45966
f 730 728 708 710
g Group32941
f 1917 1916 1915 1903
g Group32944
f 715 731 1916 1917
g Group45966
f 715 704 732 731
g Group32941
f 1916 1895 1896 1915
g Group32944
f 731 713 1895 1916
g Group45966
f 731 732 717 713
g Group32941
f 1902 1918 1910 1888
g Group45966
f 723 706 729 733
g Group32941
f 1918 1908 1909 1910
g Group45966
f 733 729 707 727
g Group32941
f 1903 1915 1918 1902
g Group45966
f 704 723 733 732
g Group32941
f 1915 1896 1908 1918
g Group45966
f 732 733 727 717
g Group32941
f 1922 1921 1920 1919
g Group32944
f 703 705 1922 1919
f 735 703 1919 1920
g Group45966
f 705 703 735 734
g Group32941
f 1921 1903 1900 1920
g Group32944
f 702 735 1920 1900
g Group45966
f 734 735 702 704
g Group32941
f 1903 1921 1923 1917
g Group32944
f 736 715 1917 1923
g Group45966
f 704 715 736 734
g Group32941
f 1921 1922 1924 1923
g Group32944
f 716 736 1923 1924
f 705 716 1924 1922
g Group45966
f 734 736 716 705
g Group32941
f 1899 1898 1855 1856
g Group32944
f 722 675 1855 1898
g Group45966
f 720 673 675 722
g Group32941
f 1905 1899 1856 1876
g Group45966
f 725 693 673 720
g Group32941
f 1904 1905 1876 1877
g Group32944
f 674 721 1904 1877
g Group45966
f 721 674 693 725
g Group32941
f 1928 1927 1926 1925
g Group32944
f 738 737 1926 1927
g Group45966
f 745 743 737 738
g Group32941
f 1930 1929 1927 1928
g Group32944
f 749 738 1927 1929
g Group45966
f 747 745 738 749
g Group32941
f 1934 1933 1932 1931
g Group32944
f 750 751 1931 1932
g Group45966
f 755 751 750 754
g Group32941
f 1936 1934 1931 1935
g Group32944
f 751 759 1935 1931
g Group45966
f 757 759 751 755
g Group32941
f 1940 1939 1938 1937
g Group32944
f 761 739 1937 1938
g Group45966
f 741 739 761 760
g Group32941
f 1939 1925 1926 1938
g Group32944
f 737 761 1938 1926
g Group45966
f 760 761 737 743
g Group32941
f 1944 1943 1942 1941
g Group32944
f 758 756 1944 1941
g Group45966
f 756 758 762 763
g Group32941
f 1943 1934 1936 1942
g Group45966
f 763 762 757 755
g Group32941
f 1934 1943 1945 1933
g Group45966
f 755 754 764 763
g Group32941
f 1943 1944 1946 1945
g Group32944
f 756 744 1946 1944
g Group45966
f 763 764 744 756
g Group32941
f 1949 1948 1947 1946
g Group32944
f 744 746 1949 1946
g Group45966
f 746 744 766 765
g Group32941
f 1948 1928 1925 1947
g Group45966
f 765 766 743 745
g Group32941
f 1951 1950 1948 1949
g Group32944
f 746 748 1951 1949
g Group45966
f 748 746 765 767
g Group32941
f 1950 1930 1928 1948
g Group45966
f 767 765 745 747
g Group32941
f 1954 1953 1952 1940
g Group32944
f 752 768 1953 1954
g Group45966
f 752 741 769 768
g Group32941
f 1953 1932 1933 1952
g Group32944
f 768 750 1932 1953
g Group45966
f 768 769 754 750
g Group32941
f 1939 1955 1947 1925
g Group45966
f 760 743 766 770
g Group32941
f 1955 1945 1946 1947
g Group45966
f 770 766 744 764
g Group32941
f 1940 1952 1955 1939
g Group45966
f 741 760 770 769
g Group32941
f 1952 1933 1945 1955
g Group45966
f 769 770 764 754
g Group32941
f 1959 1958 1957 1956
g Group32944
f 740 742 1959 1956
f 772 740 1956 1957
g Group45966
f 742 740 772 771
g Group32941
f 1958 1940 1937 1957
g Group32944
f 739 772 1957 1937
g Group45966
f 771 772 739 741
g Group32941
f 1940 1958 1960 1954
g Group32944
f 773 752 1954 1960
g Group45966
f 741 752 773 771
g Group32941
f 1958 1959 1961 1960
g Group32944
f 753 773 1960 1961
f 742 753 1961 1959
g Group45966
f 771 773 753 742
g Group32941
f 1965 1964 1963 1962
g Group32944
f 775 774 1963 1964
g Group45966
f 782 780 774 775
g Group32941
f 1967 1966 1964 1965
g Group32944
f 786 775 1964 1966
g Group45966
f 784 782 775 786
g Group32941
f 1971 1970 1969 1968
g Group32944
f 787 788 1968 1969
g Group45966
f 792 788 787 791
g Group32941
f 1973 1971 1968 1972
g Group32944
f 788 796 1972 1968
g Group45966
f 794 796 788 792
g Group32941
f 1977 1976 1975 1974
g Group32944
f 798 776 1974 1975
g Group45966
f 778 776 798 797
g Group32941
f 1976 1962 1963 1975
g Group32944
f 774 798 1975 1963
g Group45966
f 797 798 774 780
g Group32941
f 1981 1980 1979 1978
g Group32944
f 795 793 1981 1978
g Group45966
f 793 795 799 800
g Group32941
f 1980 1971 1973 1979
g Group45966
f 800 799 794 792
g Group32941
f 1971 1980 1982 1970
g Group45966
f 792 791 801 800
g Group32941
f 1980 1981 1983 1982
g Group32944
f 793 781 1983 1981
g Group45966
f 800 801 781 793
g Group32941
f 1986 1985 1984 1983
g Group32944
f 781 783 1986 1983
g Group45966
f 783 781 803 802
g Group32941
f 1985 1965 1962 1984
g Group45966
f 802 803 780 782
g Group32941
f 1988 1987 1985 1986
g Group32944
f 783 785 1988 1986
g Group45966
f 785 783 802 804
g Group32941
f 1987 1967 1965 1985
g Group45966
f 804 802 782 784
g Group32941
f 1991 1990 1989 1977
g Group32944
f 789 805 1990 1991
g Group45966
f 789 778 806 805
g Group32941
f 1990 1969 1970 1989
g Group32944
f 805 787 1969 1990
g Group45966
f 805 806 791 787
g Group32941
f 1976 1992 1984 1962
g Group45966
f 797 780 803 807
g Group32941
f 1992 1982 1983 1984
g Group45966
f 807 803 781 801
g Group32941
f 1977 1989 1992 1976
g Group45966
f 778 797 807 806
g Group32941
f 1989 1970 1982 1992
g Group45966
f 806 807 801 791
g Group32941
f 1996 1995 1994 1993
g Group32944
f 777 779 1996 1993
f 809 777 1993 1994
g Group45966
f 779 777 809 808
g Group32941
f 1995 1977 1974 1994
g Group32944
f 776 809 1994 1974
g Group45966
f 808 809 776 778
g Group32941
f 1977 1995 1997 1991
g Group32944
f 810 789 1991 1997
g Group45966
f 778 789 810 808
g Group32941
f 1995 1996 1998 1997
g Group32944
f 790 810 1997 1998
f 779 790 1998 1996
g Group45966
f 808 810 790 779
g Group32941
f 1973 1972 1929 1930
g Group32944
f 796 749 1929 1972
g Group45966
f 794 747 749 796
g Group32941
f 1979 1973 1930 1950
g Group45966
f 799 767 747 794
g Group32941
f 1978 1979 1950 1951
g Group32944
f 748 795 1978 1951
g Group45966
f 795 748 767 799
g Group32941
f 2002 2001 2000 1999
g Group32944
f 812 811 2000 2001
g Group45966
f 819 817 811 812
g Group32941
f 2004 2003 2001 2002
g Group32944
f 823 812 2001 2003
g Group45966
f 821 819 812 823
g Group32941
f 2008 2007 2006 2005
g Group32944
f 824 825 2005 2006
g Group45966
f 829 825 824 828
g Group32941
f 2010 2008 2005 2009
g Group32944
f 825 833 2009 2005
g Group45966
f 831 833 825 829
g Group32941
f 2014 2013 2012 2011
g Group32944
f 835 813 2011 2012
g Group45966
f 815 813 835 834
g Group32941
f 2013 1999 2000 2012
g Group32944
f 811 835 2012 2000
g Group45966
f 834 835 811 817
g Group32941
f 2018 2017 2016 2015
g Group32944
f 832 830 2018 2015
g Group45966
f 830 832 836 837
g Group32941
f 2017 2008 2010 2016
g Group45966
f 837 836 831 829
g Group32941
f 2008 2017 2019 2007
g Group45966
f 829 828 838 837
g Group32941
f 2017 2018 2020 2019
g Group32944
f 830 818 2020 2018
g Group45966
f 837 838 818 830
g Group32941
f 2023 2022 2021 2020
g Group32944
f 818 820 2023 2020
g Group45966
f 820 818 840 839
g Group32941
f 2022 2002 1999 2021
g Group45966
f 839 840 817 819
g Group32941
f 2025 2024 2022 2023
g Group32944
f 820 822 2025 2023
g Group45966
f 822 820 839 841
g Group32941
f 2024 2004 2002 2022
g Group45966
f 841 839 819 821
g Group32941
f 2028 2027 2026 2014
g Group32944
f 826 842 2027 2028
g Group45966
f 826 815 843 842
g Group32941
f 2027 2006 2007 2026
g Group32944
f 842 824 2006 2027
g Group45966
f 842 843 828 824
g Group32941
f 2013 2029 2021 1999
g Group45966
f 834 817 840 844
g Group32941
f 2029 2019 2020 2021
g Group45966
f 844 840 818 838
g Group32941
f 2014 2026 2029 2013
g Group45966
f 815 834 844 843
g Group32941
f 2026 2007 2019 2029
g Group45966
f 843 844 838 828
g Group32941
f 2033 2032 2031 2030
g Group32944
f 814 816 2033 2030
f 846 814 2030 2031
g Group45966
f 816 814 846 845
g Group32941
f 2032 2014 2011 2031
g Group32944
f 813 846 2031 2011
g Group45966
f 845 846 813 815
g Group32941
f 2014 2032 2034 2028
g Group32944
f 847 826 2028 2034
g Group45966
f 815 826 847 845
g Group32941
f 2032 2033 2035 2034
g Group32944
f 827 847 2034 2035
f 816 827 2035 2033
g Group45966
f 845 847 827 816
g Group32941
f 2039 2038 2037 2036
g Group32944
f 849 848 2037 2038
g Group45966
f 856 854 848 849
g Group32941
f 2041 2040 2038 2039
g Group32944
f 860 849 2038 2040
g Group45966
f 858 856 849 860
g Group32941
f 2045 2044 2043 2042
g Group32944
f 861 862 2042 2043
g Group45966
f 866 862 861 865
g Group32941
f 2047 2045 2042 2046
g Group32944
f 862 870 2046 2042
g Group45966
f 868 870 862 866
g Group32941
f 2051 2050 2049 2048
g Group32944
f 872 850 2048 2049
g Group45966
f 852 850 872 871
g Group32941
f 2050 2036 2037 2049
g Group32944
f 848 872 2049 2037
g Group45966
f 871 872 848 854
g Group32941
f 2055 2054 2053 2052
g Group32944
f 869 867 2055 2052
g Group45966
f 867 869 873 874
g Group32941
f 2054 2045 2047 2053
g Group45966
f 874 873 868 866
g Group32941
f 2045 2054 2056 2044
g Group45966
f 866 865 875 874
g Group32941
f 2054 2055 2057 2056
g Group32944
f 867 855 2057 2055
g Group45966
f 874 875 855 867
g Group32941
f 2060 2059 2058 2057
g Group32944
f 855 857 2060 2057
g Group45966
f 857 855 877 876
g Group32941
f 2059 2039 2036 2058
g Group45966
f 876 877 854 856
g Group32941
f 2062 2061 2059 2060
g Group32944
f 857 859 2062 2060
g Group45966
f 859 857 876 878
g Group32941
f 2061 2041 2039 2059
g Group45966
f 878 876 856 858
g Group32941
f 2065 2064 2063 2051
g Group32944
f 863 879 2064 2065
g Group45966
f 863 852 880 879
g Group32941
f 2064 2043 2044 2063
g Group32944
f 879 861 2043 2064
g Group45966
f 879 880 865 861
g Group32941
f 2050 2066 2058 2036
g Group45966
f 871 854 877 881
g Group32941
f 2066 2056 2057 2058
g Group45966
f 881 877 855 875
g Group32941
f 2051 2063 2066 2050
g Group45966
f 852 871 881 880
g Group32941
f 2063 2044 2056 2066
g Group45966
f 880 881 875 865
g Group32941
f 2070 2069 2068 2067
g Group32944
f 851 853 2070 2067
f 883 851 2067 2068
g Group45966
f 853 851 883 882
g Group32941
f 2069 2051 2048 2068
g Group32944
f 850 883 2068 2048
g Group45966
f 882 883 850 852
g Group32941
f 2051 2069 2071 2065
g Group32944
f 884 863 2065 2071
g Group45966
f 852 863 884 882
g Group32941
f 2069 2070 2072 2071
g Group32944
f 864 884 2071 2072
f 853 864 2072 2070
g Group45966
f 882 884 864 853
g Group32941
f 2047 2046 2003 2004
g Group32944
f 870 823 2003 2046
g Group45966
f 868 821 823 870
g Group32941
f 2053 2047 2004 2024
g Group45966
f 873 841 821 868
g Group32941
f 2052 2053 2024 2025
g Group32944
f 822 869 2052 2025
g Group45966
f 869 822 841 873
g Group32941
f 2010 2009 1892 1893
g Group32944
f 833 712 1892 2009
g Group45966
f 831 710 712 833
g Group32941
f 2016 2010 1893 1913
g Group45966
f 836 730 710 831
g Group32941
f 2015 2016 1913 1914
g Group32944
f 711 832 2015 1914
g Group45966
f 832 711 730 836
g Group32941
f 1936 1935 2040 2041
g Group32944
f 759 860 2040 1935
g Group45966
f 757 858 860 759
g Group32941
f 1942 1936 2041 2061
g Group45966
f 762 878 858 757
g Group32941
f 1941 1942 2061 2062
g Group32944
f 859 758 1941 2062
g Group45966
f 758 859 878 762
g Group32941
f 1792 1791 1966 1967
g Group32944
f 615 786 1966 1791
g Group45966
f 613 784 786 615
g Group32941
f 1798 1792 1967 1987
g Group45966
f 618 804 784 613
g Group32941
f 1797 1798 1987 1988
g Group32944
f 785 614 1797 1988
g Group45966
f 614 785 804 618
g Group32941
f 2076 2075 2074 2073
g Group32944
f 886 885 2074 2075
g Group45966
f 893 891 885 886
g Group32941
f 2078 2077 2075 2076
g Group32944
f 897 886 2075 2077
g Group45966
f 895 893 886 897
g Group32941
f 2082 2081 2080 2079
g Group32944
f 898 899 2079 2080
g Group45966
f 903 899 898 902
g Group32941
f 2084 2082 2079 2083
g Group32944
f 899 907 2083 2079
g Group45966
f 905 907 899 903
g Group32941
f 2088 2087 2086 2085
g Group32944
f 909 887 2085 2086
g Group45966
f 889 887 909 908
g Group32941
f 2087 2073 2074 2086
g Group32944
f 885 909 2086 2074
g Group45966
f 908 909 885 891
g Group32941
f 2092 2091 2090 2089
g Group32944
f 906 904 2092 2089
g Group45966
f 904 906 910 911
g Group32941
f 2091 2082 2084 2090
g Group45966
f 911 910 905 903
g Group32941
f 2082 2091 2093 2081
g Group45966
f 903 902 912 911
g Group32941
f 2091 2092 2094 2093
g Group32944
f 904 892 2094 2092
g Group45966
f 911 912 892 904
g Group32941
f 2097 2096 2095 2094
g Group32944
f 892 894 2097 2094
g Group45966
f 894 892 914 913
g Group32941
f 2096 2076 2073 2095
g Group45966
f 913 914 891 893
g Group32941
f 2099 2098 2096 2097
g Group32944
f 894 896 2099 2097
g Group45966
f 896 894 913 915
g Group32941
f 2098 2078 2076 2096
g Group45966
f 915 913 893 895
g Group32941
f 2102 2101 2100 2088
g Group32944
f 900 916 2101 2102
g Group45966
f 900 889 917 916
g Group32941
f 2101 2080 2081 2100
g Group32944
f 916 898 2080 2101
g Group45966
f 916 917 902 898
g Group32941
f 2087 2103 2095 2073
g Group45966
f 908 891 914 918
g Group32941
f 2103 2093 2094 2095
g Group45966
f 918 914 892 912
g Group32941
f 2088 2100 2103 2087
g Group45966
f 889 908 918 917
g Group32941
f 2100 2081 2093 2103
g Group45966
f 917 918 912 902
g Group32941
f 2107 2106 2105 2104
g Group32944
f 888 890 2107 2104
f 920 888 2104 2105
g Group45966
f 890 888 920 919
g Group32941
f 2106 2088 2085 2105
g Group32944
f 887 920 2105 2085
g Group45966
f 919 920 887 889
g Group32941
f 2088 2106 2108 2102
g Group32944
f 921 900 2102 2108
g Group45966
f 889 900 921 919
g Group32941
f 2106 2107 2109 2108
g Group32944
f 901 921 2108 2109
f 890 901 2109 2107
g Group45966
f 919 921 901 890
g Group32941
f 2113 2112 2111 2110
g Group32944
f 923 922 2111 2112
g Group45966
f 930 928 922 923
g Group32941
f 2115 2114 2112 2113
g Group32944
f 934 923 2112 2114
g Group45966
f 932 930 923 934
g Group32941
f 2119 2118 2117 2116
g Group32944
f 935 936 2116 2117
g Group45966
f 940 936 935 939
g Group32941
f 2121 2119 2116 2120
g Group32944
f 936 944 2120 2116
g Group45966
f 942 944 936 940
g Group32941
f 2125 2124 2123 2122
g Group32944
f 946 924 2122 2123
g Group45966
f 926 924 946 945
g Group32941
f 2124 2110 2111 2123
g Group32944
f 922 946 2123 2111
g Group45966
f 945 946 922 928
g Group32941
f 2129 2128 2127 2126
g Group32944
f 943 941 2129 2126
g Group45966
f 941 943 947 948
g Group32941
f 2128 2119 2121 2127
g Group45966
f 948 947 942 940
g Group32941
f 2119 2128 2130 2118
g Group45966
f 940 939 949 948
g Group32941
f 2128 2129 2131 2130
g Group32944
f 941 929 2131 2129
g Group45966
f 948 949 929 941
g Group32941
f 2134 2133 2132 2131
g Group32944
f 929 931 2134 2131
g Group45966
f 931 929 951 950
g Group32941
f 2133 2113 2110 2132
g Group45966
f 950 951 928 930
g Group32941
f 2136 2135 2133 2134
g Group32944
f 931 933 2136 2134
g Group45966
f 933 931 950 952
g Group32941
f 2135 2115 2113 2133
g Group45966
f 952 950 930 932
g Group32941
f 2139 2138 2137 2125
g Group32944
f 937 953 2138 2139
g Group45966
f 937 926 954 953
g Group32941
f 2138 2117 2118 2137
g Group32944
f 953 935 2117 2138
g Group45966
f 953 954 939 935
g Group32941
f 2124 2140 2132 2110
g Group45966
f 945 928 951 955
g Group32941
f 2140 2130 2131 2132
g Group45966
f 955 951 929 949
g Group32941
f 2125 2137 2140 2124
g Group45966
f 926 945 955 954
g Group32941
f 2137 2118 2130 2140
g Group45966
f 954 955 949 939
g Group32941
f 2144 2143 2142 2141
g Group32944
f 925 927 2144 2141
f 957 925 2141 2142
g Group45966
f 927 925 957 956
g Group32941
f 2143 2125 2122 2142
g Group32944
f 924 957 2142 2122
g Group45966
f 956 957 924 926
g Group32941
f 2125 2143 2145 2139
g Group32944
f 958 937 2139 2145
g Group45966
f 926 937 958 956
g Group32941
f 2143 2144 2146 2145
g Group32944
f 938 958 2145 2146
f 927 938 2146 2144
g Group45966
f 956 958 938 927
g Group32941
f 2121 2120 2077 2078
g Group32944
f 944 897 2077 2120
g Group45966
f 942 895 897 944
g Group32941
f 2127 2121 2078 2098
g Group45966
f 947 915 895 942
g Group32941
f 2126 2127 2098 2099
g Group32944
f 896 943 2126 2099
g Group45966
f 943 896 915 947
g Group32941
f 2150 2149 2148 2147
g Group32944
f 960 959 2148 2149
g Group45966
f 967 965 959 960
g Group32941
f 2152 2151 2149 2150
g Group32944
f 971 960 2149 2151
g Group45966
f 969 967 960 971
g Group32941
f 2156 2155 2154 2153
g Group32944
f 972 973 2153 2154
g Group45966
f 977 973 972 976
g Group32941
f 2158 2156 2153 2157
g Group32944
f 973 981 2157 2153
g Group45966
f 979 981 973 977
g Group32941
f 2162 2161 2160 2159
g Group32944
f 983 961 2159 2160
g Group45966
f 963 961 983 982
g Group32941
f 2161 2147 2148 2160
g Group32944
f 959 983 2160 2148
g Group45966
f 982 983 959 965
g Group32941
f 2166 2165 2164 2163
g Group32944
f 980 978 2166 2163
g Group45966
f 978 980 984 985
g Group32941
f 2165 2156 2158 2164
g Group45966
f 985 984 979 977
g Group32941
f 2156 2165 2167 2155
g Group45966
f 977 976 986 985
g Group32941
f 2165 2166 2168 2167
g Group32944
f 978 966 2168 2166
g Group45966
f 985 986 966 978
g Group32941
f 2171 2170 2169 2168
g Group32944
f 966 968 2171 2168
g Group45966
f 968 966 988 987
g Group32941
f 2170 2150 2147 2169
g Group45966
f 987 988 965 967
g Group32941
f 2173 2172 2170 2171
g Group32944
f 968 970 2173 2171
g Group45966
f 970 968 987 989
g Group32941
f 2172 2152 2150 2170
g Group45966
f 989 987 967 969
g Group32941
f 2176 2175 2174 2162
g Group32944
f 974 990 2175 2176
g Group45966
f 974 963 991 990
g Group32941
f 2175 2154 2155 2174
g Group32944
f 990 972 2154 2175
g Group45966
f 990 991 976 972
g Group32941
f 2161 2177 2169 2147
g Group45966
f 982 965 988 992
g Group32941
f 2177 2167 2168 2169
g Group45966
f 992 988 966 986
g Group32941
f 2162 2174 2177 2161
g Group45966
f 963 982 992 991
g Group32941
f 2174 2155 2167 2177
g Group45966
f 991 992 986 976
g Group32941
f 2181 2180 2179 2178
g Group32944
f 962 964 2181 2178
f 994 962 2178 2179
g Group45966
f 964 962 994 993
g Group32941
f 2180 2162 2159 2179
g Group32944
f 961 994 2179 2159
g Group45966
f 993 994 961 963
g Group32941
f 2162 2180 2182 2176
g Group32944
f 995 974 2176 2182
g Group45966
f 963 974 995 993
g Group32941
f 2180 2181 2183 2182
g Group32944
f 975 995 2182 2183
f 964 975 2183 2181
g Group45966
f 993 995 975 964
g Group32941
f 2187 2186 2185 2184
g Group32944
f 997 996 2185 2186
g Group45966
f 1004 1002 996 997
g Group32941
f 2189 2188 2186 2187
g Group32944
f 1008 997 2186 2188
g Group45966
f 1006 1004 997 1008
g Group32941
f 2193 2192 2191 2190
g Group32944
f 1009 1010 2190 2191
g Group45966
f 1014 1010 1009 1013
g Group32941
f 2195 2193 2190 2194
g Group32944
f 1010 1018 2194 2190
g Group45966
f 1016 1018 1010 1014
g Group32941
f 2199 2198 2197 2196
g Group32944
f 1020 998 2196 2197
g Group45966
f 1000 998 1020 1019
g Group32941
f 2198 2184 2185 2197
g Group32944
f 996 1020 2197 2185
g Group45966
f 1019 1020 996 1002
g Group32941
f 2203 2202 2201 2200
g Group32944
f 1017 1015 2203 2200
g Group45966
f 1015 1017 1021 1022
g Group32941
f 2202 2193 2195 2201
g Group45966
f 1022 1021 1016 1014
g Group32941
f 2193 2202 2204 2192
g Group45966
f 1014 1013 1023 1022
g Group32941
f 2202 2203 2205 2204
g Group32944
f 1015 1003 2205 2203
g Group45966
f 1022 1023 1003 1015
g Group32941
f 2208 2207 2206 2205
g Group32944
f 1003 1005 2208 2205
g Group45966
f 1005 1003 1025 1024
g Group32941
f 2207 2187 2184 2206
g Group45966
f 1024 1025 1002 1004
g Group32941
f 2210 2209 2207 2208
g Group32944
f 1005 1007 2210 2208
g Group45966
f 1007 1005 1024 1026
g Group32941
f 2209 2189 2187 2207
g Group45966
f 1026 1024 1004 1006
g Group32941
f 2213 2212 2211 2199
g Group32944
f 1011 1027 2212 2213
g Group45966
f 1011 1000 1028 1027
g Group32941
f 2212 2191 2192 2211
g Group32944
f 1027 1009 2191 2212
g Group45966
f 1027 1028 1013 1009
g Group32941
f 2198 2214 2206 2184
g Group45966
f 1019 1002 1025 1029
g Group32941
f 2214 2204 2205 2206
g Group45966
f 1029 1025 1003 1023
g Group32941
f 2199 2211 2214 2198
g Group45966
f 1000 1019 1029 1028
g Group32941
f 2211 2192 2204 2214
g Group45966
f 1028 1029 1023 1013
g Group32941
f 2218 2217 2216 2215
g Group32944
f 999 1001 2218 2215
f 1031 999 2215 2216
g Group45966
f 1001 999 1031 1030
g Group32941
f 2217 2199 2196 2216
g Group32944
f 998 1031 2216 2196
g Group45966
f 1030 1031 998 1000
g Group32941
f 2199 2217 2219 2213
g Group32944
f 1032 1011 2213 2219
g Group45966
f 1000 1011 1032 1030
g Group32941
f 2217 2218 2220 2219
g Group32944
f 1012 1032 2219 2220
f 1001 1012 2220 2218
g Group45966
f 1030 1032 1012 1001
g Group32941
f 2195 2194 2151 2152
g Group32944
f 1018 971 2151 2194
g Group45966
f 1016 969 971 1018
g Group32941
f 2201 2195 2152 2172
g Group45966
f 1021 989 969 1016
g Group32941
f 2200 2201 2172 2173
g Group32944
f 970 1017 2200 2173
g Group45966
f 1017 970 989 1021
g Group32941
f 2224 2223 2222 2221
g Group32944
f 1034 1033 2222 2223
g Group45966
f 1041 1039 1033 1034
g Group32941
f 2226 2225 2223 2224
g Group32944
f 1045 1034 2223 2225
g Group45966
f 1043 1041 1034 1045
g Group32941
f 2230 2229 2228 2227
g Group32944
f 1046 1047 2227 2228
g Group45966
f 1051 1047 1046 1050
g Group32941
f 2232 2230 2227 2231
g Group32944
f 1047 1055 2231 2227
g Group45966
f 1053 1055 1047 1051
g Group32941
f 2236 2235 2234 2233
g Group32944
f 1057 1035 2233 2234
g Group45966
f 1037 1035 1057 1056
g Group32941
f 2235 2221 2222 2234
g Group32944
f 1033 1057 2234 2222
g Group45966
f 1056 1057 1033 1039
g Group32941
f 2240 2239 2238 2237
g Group32944
f 1054 1052 2240 2237
g Group45966
f 1052 1054 1058 1059
g Group32941
f 2239 2230 2232 2238
g Group45966
f 1059 1058 1053 1051
g Group32941
f 2230 2239 2241 2229
g Group45966
f 1051 1050 1060 1059
g Group32941
f 2239 2240 2242 2241
g Group32944
f 1052 1040 2242 2240
g Group45966
f 1059 1060 1040 1052
g Group32941
f 2245 2244 2243 2242
g Group32944
f 1040 1042 2245 2242
g Group45966
f 1042 1040 1062 1061
g Group32941
f 2244 2224 2221 2243
g Group45966
f 1061 1062 1039 1041
g Group32941
f 2247 2246 2244 2245
g Group32944
f 1042 1044 2247 2245
g Group45966
f 1044 1042 1061 1063
g Group32941
f 2246 2226 2224 2244
g Group45966
f 1063 1061 1041 1043
g Group32941
f 2250 2249 2248 2236
g Group32944
f 1048 1064 2249 2250
g Group45966
f 1048 1037 1065 1064
g Group32941
f 2249 2228 2229 2248
g Group32944
f 1064 1046 2228 2249
g Group45966
f 1064 1065 1050 1046
g Group32941
f 2235 2251 2243 2221
g Group45966
f 1056 1039 1062 1066
g Group32941
f 2251 2241 2242 2243
g Group45966
f 1066 1062 1040 1060
g Group32941
f 2236 2248 2251 2235
g Group45966
f 1037 1056 1066 1065
g Group32941
f 2248 2229 2241 2251
g Group45966
f 1065 1066 1060 1050
g Group32941
f 2255 2254 2253 2252
g Group32944
f 1036 1038 2255 2252
f 1068 1036 2252 2253
g Group45966
f 1038 1036 1068 1067
g Group32941
f 2254 2236 2233 2253
g Group32944
f 1035 1068 2253 2233
g Group45966
f 1067 1068 1035 1037
g Group32941
f 2236 2254 2256 2250
g Group32944
f 1069 1048 2250 2256
g Group45966
f 1037 1048 1069 1067
g Group32941
f 2254 2255 2257 2256
g Group32944
f 1049 1069 2256 2257
f 1038 1049 2257 2255
g Group45966
f 1067 1069 1049 1038
g Group32941
f 2261 2260 2259 2258
g Group32944
f 1071 1070 2259 2260
g Group45966
f 1078 1076 1070 1071
g Group32941
f 2263 2262 2260 2261
g Group32944
f 1082 1071 2260 2262
g Group45966
f 1080 1078 1071 1082
g Group32941
f 2267 2266 2265 2264
g Group32944
f 1083 1084 2264 2265
g Group45966
f 1088 1084 1083 1087
g Group32941
f 2269 2267 2264 2268
g Group32944
f 1084 1092 2268 2264
g Group45966
f 1090 1092 1084 1088
g Group32941
f 2273 2272 2271 2270
g Group32944
f 1094 1072 2270 2271
g Group45966
f 1074 1072 1094 1093
g Group32941
f 2272 2258 2259 2271
g Group32944
f 1070 1094 2271 2259
g Group45966
f 1093 1094 1070 1076
g Group32941
f 2277 2276 2275 2274
g Group32944
f 1091 1089 2277 2274
g Group45966
f 1089 1091 1095 1096
g Group32941
f 2276 2267 2269 2275
g Group45966
f 1096 1095 1090 1088
g Group32941
f 2267 2276 2278 2266
g Group45966
f 1088 1087 1097 1096
g Group32941
f 2276 2277 2279 2278
g Group32944
f 1089 1077 2279 2277
g Group45966
f 1096 1097 1077 1089
g Group32941
f 2282 2281 2280 2279
g Group32944
f 1077 1079 2282 2279
g Group45966
f 1079 1077 1099 1098
g Group32941
f 2281 2261 2258 2280
g Group45966
f 1098 1099 1076 1078
g Group32941
f 2284 2283 2281 2282
g Group32944
f 1079 1081 2284 2282
g Group45966
f 1081 1079 1098 1100
g Group32941
f 2283 2263 2261 2281
g Group45966
f 1100 1098 1078 1080
g Group32941
f 2287 2286 2285 2273
g Group32944
f 1085 1101 2286 2287
g Group45966
f 1085 1074 1102 1101
g Group32941
f 2286 2265 2266 2285
g Group32944
f 1101 1083 2265 2286
g Group45966
f 1101 1102 1087 1083
g Group32941
f 2272 2288 2280 2258
g Group45966
f 1093 1076 1099 1103
g Group32941
f 2288 2278 2279 2280
g Group45966
f 1103 1099 1077 1097
g Group32941
f 2273 2285 2288 2272
g Group45966
f 1074 1093 1103 1102
g Group32941
f 2285 2266 2278 2288
g Group45966
f 1102 1103 1097 1087
g Group32941
f 2292 2291 2290 2289
g Group32944
f 1073 1075 2292 2289
f 1105 1073 2289 2290
g Group45966
f 1075 1073 1105 1104
g Group32941
f 2291 2273 2270 2290
g Group32944
f 1072 1105 2290 2270
g Group45966
f 1104 1105 1072 1074
g Group32941
f 2273 2291 2293 2287
g Group32944
f 1106 1085 2287 2293
g Group45966
f 1074 1085 1106 1104
g Group32941
f 2291 2292 2294 2293
g Group32944
f 1086 1106 2293 2294
f 1075 1086 2294 2292
g Group45966
f 1104 1106 1086 1075
g Group32941
f 2269 2268 2225 2226
g Group32944
f 1092 1045 2225 2268
g Group45966
f 1090 1043 1045 1092
g Group32941
f 2275 2269 2226 2246
g Group45966
f 1095 1063 1043 1090
g Group32941
f 2274 2275 2246 2247
g Group32944
f 1044 1091 2274 2247
g Group45966
f 1091 1044 1063 1095
g Group32941
f 2298 2297 2296 2295
g Group32944
f 1108 1107 2296 2297
g Group45966
f 1115 1113 1107 1108
g Group32941
f 2300 2299 2297 2298
g Group32944
f 1119 1108 2297 2299
g Group45966
f 1117 1115 1108 1119
g Group32941
f 2304 2303 2302 2301
g Group32944
f 1120 1121 2301 2302
g Group45966
f 1125 1121 1120 1124
g Group32941
f 2306 2304 2301 2305
g Group32944
f 1121 1129 2305 2301
g Group45966
f 1127 1129 1121 1125
g Group32941
f 2310 2309 2308 2307
g Group32944
f 1131 1109 2307 2308
g Group45966
f 1111 1109 1131 1130
g Group32941
f 2309 2295 2296 2308
g Group32944
f 1107 1131 2308 2296
g Group45966
f 1130 1131 1107 1113
g Group32941
f 2314 2313 2312 2311
g Group32944
f 1128 1126 2314 2311
g Group45966
f 1126 1128 1132 1133
g Group32941
f 2313 2304 2306 2312
g Group45966
f 1133 1132 1127 1125
g Group32941
f 2304 2313 2315 2303
g Group45966
f 1125 1124 1134 1133
g Group32941
f 2313 2314 2316 2315
g Group32944
f 1126 1114 2316 2314
g Group45966
f 1133 1134 1114 1126
g Group32941
f 2319 2318 2317 2316
g Group32944
f 1114 1116 2319 2316
g Group45966
f 1116 1114 1136 1135
g Group32941
f 2318 2298 2295 2317
g Group45966
f 1135 1136 1113 1115
g Group32941
f 2321 2320 2318 2319
g Group32944
f 1116 1118 2321 2319
g Group45966
f 1118 1116 1135 1137
g Group32941
f 2320 2300 2298 2318
g Group45966
f 1137 1135 1115 1117
g Group32941
f 2324 2323 2322 2310
g Group32944
f 1122 1138 2323 2324
g Group45966
f 1122 1111 1139 1138
g Group32941
f 2323 2302 2303 2322
g Group32944
f 1138 1120 2302 2323
g Group45966
f 1138 1139 1124 1120
g Group32941
f 2309 2325 2317 2295
g Group45966
f 1130 1113 1136 1140
g Group32941
f 2325 2315 2316 2317
g Group45966
f 1140 1136 1114 1134
g Group32941
f 2310 2322 2325 2309
g Group45966
f 1111 1130 1140 1139
g Group32941
f 2322 2303 2315 2325
g Group45966
f 1139 1140 1134 1124
g Group32941
f 2329 2328 2327 2326
g Group32944
f 1110 1112 2329 2326
f 1142 1110 2326 2327
g Group45966
f 1112 1110 1142 1141
g Group32941
f 2328 2310 2307 2327
g Group32944
f 1109 1142 2327 2307
g Group45966
f 1141 1142 1109 1111
g Group32941
f 2310 2328 2330 2324
g Group32944
f 1143 1122 2324 2330
g Group45966
f 1111 1122 1143 1141
g Group32941
f 2328 2329 2331 2330
g Group32944
f 1123 1143 2330 2331
f 1112 1123 2331 2329
g Group45966
f 1141 1143 1123 1112
g Group32941
f 2335 2334 2333 2332
g Group32944
f 1145 1144 2333 2334
g Group45966
f 1152 1150 1144 1145
g Group32941
f 2337 2336 2334 2335
g Group32944
f 1156 1145 2334 2336
g Group45966
f 1154 1152 1145 1156
g Group32941
f 2341 2340 2339 2338
g Group32944
f 1157 1158 2338 2339
g Group45966
f 1162 1158 1157 1161
g Group32941
f 2343 2341 2338 2342
g Group32944
f 1158 1166 2342 2338
g Group45966
f 1164 1166 1158 1162
g Group32941
f 2347 2346 2345 2344
g Group32944
f 1168 1146 2344 2345
g Group45966
f 1148 1146 1168 1167
g Group32941
f 2346 2332 2333 2345
g Group32944
f 1144 1168 2345 2333
g Group45966
f 1167 1168 1144 1150
g Group32941
f 2351 2350 2349 2348
g Group32944
f 1165 1163 2351 2348
g Group45966
f 1163 1165 1169 1170
g Group32941
f 2350 2341 2343 2349
g Group45966
f 1170 1169 1164 1162
g Group32941
f 2341 2350 2352 2340
g Group45966
f 1162 1161 1171 1170
g Group32941
f 2350 2351 2353 2352
g Group32944
f 1163 1151 2353 2351
g Group45966
f 1170 1171 1151 1163
g Group32941
f 2356 2355 2354 2353
g Group32944
f 1151 1153 2356 2353
g Group45966
f 1153 1151 1173 1172
g Group32941
f 2355 2335 2332 2354
g Group45966
f 1172 1173 1150 1152
g Group32941
f 2358 2357 2355 2356
g Group32944
f 1153 1155 2358 2356
g Group45966
f 1155 1153 1172 1174
g Group32941
f 2357 2337 2335 2355
g Group45966
f 1174 1172 1152 1154
g Group32941
f 2361 2360 2359 2347
g Group32944
f 1159 1175 2360 2361
g Group45966
f 1159 1148 1176 1175
g Group32941
f 2360 2339 2340 2359
g Group32944
f 1175 1157 2339 2360
g Group45966
f 1175 1176 1161 1157
g Group32941
f 2346 2362 2354 2332
g Group45966
f 1167 1150 1173 1177
g Group32941
f 2362 2352 2353 2354
g Group45966
f 1177 1173 1151 1171
g Group32941
f 2347 2359 2362 2346
g Group45966
f 1148 1167 1177 1176
g Group32941
f 2359 2340 2352 2362
g Group45966
f 1176 1177 1171 1161
g Group32941
f 2366 2365 2364 2363
g Group32944
f 1147 1149 2366 2363
f 1179 1147 2363 2364
g Group45966
f 1149 1147 1179 1178
g Group32941
f 2365 2347 2344 2364
g Group32944
f 1146 1179 2364 2344
g Group45966
f 1178 1179 1146 1148
g Group32941
f 2347 2365 2367 2361
g Group32944
f 1180 1159 2361 2367
g Group45966
f 1148 1159 1180 1178
g Group32941
f 2365 2366 2368 2367
g Group32944
f 1160 1180 2367 2368
f 1149 1160 2368 2366
g Group45966
f 1178 1180 1160 1149
g Group32941
f 2343 2342 2299 2300
g Group32944
f 1166 1119 2299 2342
g Group45966
f 1164 1117 1119 1166
g Group32941
f 2349 2343 2300 2320
g Group45966
f 1169 1137 1117 1164
g Group32941
f 2348 2349 2320 2321
g Group32944
f 1118 1165 2348 2321
g Group45966
f 1165 1118 1137 1169
g Group32941
f 2306 2305 2188 2189
g Group32944
f 1129 1008 2188 2305
g Group45966
f 1127 1006 1008 1129
g Group32941
f 2312 2306 2189 2209
g Group45966
f 1132 1026 1006 1127
g Group32941
f 2311 2312 2209 2210
g Group32944
f 1007 1128 2311 2210
g Group45966
f 1128 1007 1026 1132
g Group32941
f 2232 2231 2336 2337
g Group32944
f 1055 1156 2336 2231
g Group45966
f 1053 1154 1156 1055
g Group32941
f 2238 2232 2337 2357
g Group45966
f 1058 1174 1154 1053
g Group32941
f 2237 2238 2357 2358
g Group32944
f 1155 1054 2237 2358
g Group45966
f 1054 1155 1174 1058
g Group32941
f 2084 2083 2262 2263
g Group32944
f 907 1082 2262 2083
g Group45966
f 905 1080 1082 907
g Group32941
f 2090 2084 2263 2283
g Group45966
f 910 1100 1080 905
g Group32941
f 2089 2090 2283 2284
g Group32944
f 1081 906 2089 2284
g Group45966
f 906 1081 1100 910
g Group32941
f 1862 1861 2114 2115
g Group32944
f 685 934 2114 1861
g Group45966
f 683 932 934 685
g Group32941
f 1868 1862 2115 2135
g Group45966
f 688 952 932 683
g Group32941
f 1867 1868 2135 2136
g Group32944
f 933 684 1867 2136
g Group45966
f 684 933 952 688
g Group32941
f 2158 2157 1226 1227
g Group32944
f 981 50 1226 2157
g Group45966
f 979 48 50 981
g Group32941
f 2164 2158 1227 1247
g Group45966
f 984 68 48 979
g Group32941
f 2163 2164 1247 1248
g Group32944
f 49 980 2163 1248
g Group45966
f 980 49 68 984
g Group32941
f 1820 1821 1564 1561
g Group32944
f 1182 631 1820 1561
g Group45966
f 631 1182 1181 638
g Group32941
f 1821 1839 1574 1564
g Group45966
f 638 1181 1183 655
g Group32941
f 1839 1840 1576 1574
g Group32944
f 639 1184 1576 1840
g Group45966
f 655 1183 1184 639

 