# File exported by ZBrush version 2021
# www.zbrush.com
#Vertex Count 2406
#Face Count 2406
#Auto scale x=1.000000 y=1.000000 z=1.000000
#Auto offset x=0.000000 y=0.000000 z=0.000000
v 1.65935599 -2.35728883 0.13714949
v 1.65094804 -2.38577985 0.13714949
v 1.63544201 -2.35195922 0.13714949
v 1.62117195 -2.38991785 0.13714949
v 1.75709903 -2.26670217 0.13700249
v 1.81157004 -2.24190807 0.1370635
v 1.70527803 -2.29933595 0.13693949
v 1.69618594 -2.27990102 0.1369625
v 1.91535699 -2.20027017 0.13721549
v 1.85869598 -2.20612621 0.1371525
v 1.80509603 -2.222373 0.1370885
v 1.74880397 -2.24783706 0.1370255
v 1.91862201 -2.22286224 0.13718849
v 1.86335802 -2.22727584 0.1371255
v 1.66263794 -2.31355905 0.1370565
v 1.67971301 -2.32613325 0.1370445
v 1.98768794 -2.19204092 0.13711249
v 1.99160695 -2.21127891 0.13714249
v 2.02926397 -2.19877624 0.1373555
v 2.02294898 -2.18022489 0.1372585
v 2.09016108 -2.16625404 0.13737849
v 2.0804739 -2.14797496 0.13735349
v 2.12730693 -2.13714408 0.13752649
v 2.11341095 -2.12181997 0.13749149
v 1.61996698 -2.49629116 0.13714949
v 1.62969505 -2.46774482 0.13714949
v 1.64424598 -2.50201082 0.13714949
v 1.66005694 -2.46360397 0.13714949
v 1.510836 -2.58113098 0.13700249
v 1.45134699 -2.59876394 0.1370635
v 1.56820797 -2.55279588 0.13693949
v 1.575392 -2.57306194 0.1369625
v 1.339172 -2.61964321 0.13721549
v 1.39663195 -2.62604904 0.1371525
v 1.45417201 -2.61924791 0.1370885
v 1.51642203 -2.60102319 0.1370255
v 1.34132301 -2.59689617 0.13718849
v 1.39658701 -2.60427808 0.1371255
v 1.61363101 -2.54047107 0.1370565
v 1.59703397 -2.52709817 0.1370445
v 1.26731896 -2.60891723 0.13711249
v 1.26861298 -2.58944225 0.13714249
v 1.23004996 -2.59029722 0.1373555
v 1.23081898 -2.60978221 0.1372585
v 1.16468 -2.60081815 0.13737849
v 1.167858 -2.62119102 0.13735349
v 1.12189197 -2.61415624 0.13752649
v 1.12928104 -2.63348007 0.13749149
v 1.65603697 -2.41850519 0.13714949
v 1.62436795 -2.43255519 0.13714949
v 0.50338202 -2.82955789 0.13714949
v 0.52933299 -2.84401083 0.13714949
v 0.516725 -2.80900096 0.13714949
v 0.55348902 -2.82611179 0.13714949
v 0.370173 -2.83332204 0.13700249
v 0.31392198 -2.85376119 0.1370635
v 0.43001699 -2.82033491 0.13693949
v 0.42290198 -2.80008983 0.1369625
v 0.21067099 -2.89670515 0.13721549
v 0.25522199 -2.86121416 0.1371525
v 0.304863 -2.8352828 0.1370885
v 0.36288601 -2.81404781 0.1370255
v 0.224156 -2.91511917 0.13718849
v 0.26669898 -2.87957811 0.1371255
v 0.470418 -2.8006258 0.1370565
v 0.46703198 -2.82156181 0.1370445
v 0.153263 -2.94147586 0.13711249
v 0.163936 -2.95795917 0.13714249
v 0.12829999 -2.97540092 0.1373555
v 0.11981599 -2.95773124 0.1372585
v 0.062049 -2.99482011 0.13737849
v 0.056168 -2.97498893 0.13735349
v 0.628834 -2.90121126 0.13714949
v 0.601897 -2.8876338 0.13714949
v 0.615507 -2.92229604 0.13714949
v 0.57732701 -2.90594005 0.13714949
v 0.766155 -2.88536882 0.13700249
v 0.82096797 -2.85629415 0.1370635
v 0.70535498 -2.9053111 0.13693949
v 0.714414 -2.92480897 0.1369625
v 0.91567701 -2.79266309 0.13721549
v 0.87914097 -2.8374648 0.1371525
v 0.83329802 -2.87290287 0.1370885
v 0.776097 -2.90347909 0.1370255
v 0.89821201 -2.77792501 0.13718849
v 0.86392802 -2.82189703 0.1371255
v 0.66429501 -2.92831707 0.1370565
v 0.66677999 -2.90714693 0.1370445
v 0.95946502 -2.73468685 0.13711249
v 0.94489902 -2.72168588 0.13714249
v 0.97303199 -2.69530105 0.1373555
v 0.98612999 -2.70974922 0.1372585
v 1.02707099 -2.65702915 0.13737849
v 1.03906798 -2.67381 0.13735349
v 1.06695902 -2.63660097 0.13752649
v 1.07521402 -2.65556907 0.13749149
v 0.54861402 -2.8709321 0.13714949
v 0.58106201 -2.85878515 0.13714949
v 2.87336206 -0.502447 0.13714949
v 2.88733911 -0.52866101 0.13714949
v 2.85257411 -0.51541 0.13714949
v 2.86900591 -0.552477 0.13714949
v 2.879565 -0.36933001 0.13700249
v 2.90102696 -0.31346401 0.1370635
v 2.86548709 -0.42892602 0.13693949
v 2.84537792 -0.42144802 0.1369625
v 2.94585204 -0.21101303 0.13721549
v 2.90954899 -0.25490802 0.1371525
v 2.88271188 -0.30406203 0.1370885
v 2.86042809 -0.36169001 0.1370255
v 2.96401405 -0.22482802 0.13718849
v 2.92769694 -0.26671901 0.1371255
v 2.84504509 -0.46896201 0.1370565
v 2.86603689 -0.46595701 0.1370445
v 2.99166107 -0.15443003 0.13711249
v 3.00794005 -0.16540302 0.13714249
v 3.02603292 -0.13009102 0.1373555
v 3.00852203 -0.12128802 0.1372585
v 3.04666209 -0.06420502 0.13737849
v 3.02694106 -0.05796702 0.13735349
v 3.05274295 -0.01740702 0.13752649
v 3.03209209 -0.01622102 0.13749149
v 2.94271898 -0.62918704 0.13714949
v 2.92964005 -0.602005 0.13714949
v 2.96404504 -0.61624902 0.13714949
v 2.94839501 -0.57777303 0.13714949
v 2.92437195 -0.76619905 0.13700249
v 2.89430403 -0.820468 0.1370635
v 2.94542193 -0.70576703 0.13693949
v 2.96474909 -0.715182 0.1369625
v 2.82895207 -0.913998 0.13721549
v 2.87441897 -0.87828999 0.1371525
v 2.91068196 -0.83309704 0.1370885
v 2.94230103 -0.77646702 0.1370255
v 2.81453704 -0.89626801 0.13718849
v 2.85912489 -0.86278605 0.1371255
v 2.9691739 -0.66513901 0.1370565
v 2.9479649 -0.667234 0.1370445
v 2.77018904 -0.95672303 0.13711249
v 2.75745511 -0.94191604 0.13714249
v 2.78441596 -0.91717004 0.1371635
v 2.79211592 -0.938138 0.1371635
v 2.73055791 -0.96957004 0.1373555
v 2.74476695 -0.98292702 0.1372585
v 2.69131588 -1.02289807 0.13737849
v 2.70786809 -1.03520298 0.13735349
v 2.67015504 -1.06240499 0.13752649
v 2.68896889 -1.07100904 0.13749149
v 2.38007593 -1.64960706 0.13714949
v 2.40871405 -1.64172697 0.13714949
v 2.37518501 -1.62559807 0.13714949
v 2.41339707 -1.61202406 0.13714949
v 2.28772497 -1.745682 0.13700249
v 2.26193809 -1.79968702 0.1370635
v 2.32129693 -1.69446098 0.13693949
v 2.30203008 -1.68502104 0.1369625
v 2.21841406 -1.90270006 0.13721549
v 2.22530102 -1.846156 0.1371525
v 2.242522 -1.79285597 0.1370885
v 2.26901793 -1.73703706 0.1370255
v 2.24094009 -1.906376 0.13718849
v 2.24635911 -1.85120201 0.1371255
v 2.33629107 -1.65209102 0.1370565
v 2.34855198 -1.66939306 0.1370445
v 2.20886206 -1.97486805 0.13711249
v 2.22802305 -1.97913801 0.13714249
v 2.21483993 -2.01655912 0.1373555
v 2.19640207 -2.00990486 0.1372585
v 2.18120908 -2.07684803 0.13737849
v 2.16311311 -2.06683111 0.13735349
v 2.15142607 -2.11345815 0.13752649
v 2.13635611 -2.09929084 0.13749149
v 2.51977706 -1.61276197 0.13714949
v 2.49104809 -1.62197303 0.13714949
v 2.52505302 -1.63714301 0.13714949
v 2.48636293 -1.65224897 0.13714949
v 2.60659408 -1.50519907 0.13700249
v 2.62530398 -1.44604206 0.1370635
v 2.57721996 -1.56204605 0.13693949
v 2.59734511 -1.56958997 0.1369625
v 2.64823389 -1.33426702 0.13721549
v 2.65359211 -1.39183604 0.1371525
v 2.64573788 -1.44923996 0.1370885
v 2.62638306 -1.51114702 0.1370255
v 2.62544989 -1.33600008 0.13718849
v 2.63182401 -1.39138901 0.1371255
v 2.56406593 -1.60723304 0.1370565
v 2.55100011 -1.59038996 0.1370445
v 2.61990189 -1.29976105 0.1371635
v 2.64041805 -1.29092204 0.1371635
v 2.62087988 -1.22462606 0.1373555
v 2.64035201 -1.22574901 0.1372585
v 2.63259506 -1.15945696 0.13737849
v 2.65290904 -1.16301107 0.13735349
v 2.64671492 -1.11692297 0.13752649
v 2.66589903 -1.12466204 0.13749149
v 2.44133997 -1.647408 0.13714949
v 2.45596694 -1.61599707 0.13714949
v -2.38007402 -1.64960706 0.13714949
v -2.40871405 -1.64172697 0.13714949
v -2.37518405 -1.62559807 0.13714949
v -2.41339397 -1.61202406 0.13714949
v -2.28772401 -1.745682 0.13700249
v -2.2619369 -1.79968702 0.1370635
v -2.32129406 -1.69446301 0.13693949
v -2.30202889 -1.68502104 0.1369625
v -2.21841311 -1.90270006 0.13721549
v -2.22530007 -1.846156 0.1371525
v -2.24252009 -1.79285907 0.1370885
v -2.26901698 -1.73704004 0.1370255
v -2.24093794 -1.906376 0.13718849
v -2.24635696 -1.85120201 0.1371255
v -2.33628797 -1.65209102 0.1370565
v -2.34855103 -1.66939306 0.1370445
v -2.20885896 -1.97486805 0.13711249
v -2.22802209 -1.97913801 0.13714249
v -2.21483802 -2.01656103 0.1373555
v -2.19640088 -2.00990915 0.1372585
v -2.18120694 -2.07684803 0.13737849
v -2.16311192 -2.06683111 0.13735349
v -2.15142488 -2.11345815 0.13752649
v -2.13635611 -2.09929084 0.13749149
v -2.5197761 -1.61276602 0.13714949
v -2.4910469 -1.62197303 0.13714949
v -2.52505302 -1.63714301 0.13714949
v -2.48636198 -1.65224897 0.13714949
v -2.60659408 -1.50519907 0.13700249
v -2.62530207 -1.44604206 0.1370635
v -2.577219 -1.56204605 0.13693949
v -2.59734392 -1.56959497 0.1369625
v -2.64823293 -1.33426702 0.13721549
v -2.65358996 -1.39183604 0.1371525
v -2.64573693 -1.44923996 0.1370885
v -2.62638306 -1.51114702 0.1370255
v -2.62544894 -1.33600199 0.13718849
v -2.63182306 -1.39139103 0.1371255
v -2.56406498 -1.60723304 0.1370565
v -2.55099701 -1.59039902 0.1370445
v -2.63881993 -1.26223003 0.13711249
v -2.6193161 -1.26317203 0.13714249
v -2.62087988 -1.22462606 0.1373555
v -2.64035105 -1.22575306 0.1372585
v -2.63259291 -1.15946102 0.13737849
v -2.65290689 -1.16301298 0.13735349
v -2.64671397 -1.11692297 0.13752649
v -2.66589689 -1.12466406 0.13749149
v -2.44133901 -1.647408 0.13714949
v -2.45596504 -1.61599707 0.13714949
v -2.87336206 -0.502447 0.13714949
v -2.88733792 -0.52866101 0.13714949
v -2.85257411 -0.51541 0.13714949
v -2.86900591 -0.552477 0.13714949
v -2.879565 -0.36933001 0.13700249
v -2.90102696 -0.31346401 0.1370635
v -2.86548709 -0.42892602 0.13693949
v -2.84537792 -0.42144802 0.1369625
v -2.94585108 -0.21101303 0.13721549
v -2.90954899 -0.25490802 0.1371525
v -2.88271188 -0.30406203 0.1370885
v -2.86042594 -0.36169001 0.1370255
v -2.96401405 -0.22482802 0.13718849
v -2.92769694 -0.26671901 0.1371255
v -2.84504509 -0.46896201 0.1370565
v -2.86603689 -0.46595701 0.1370445
v -2.99166011 -0.15443003 0.13711249
v -3.0079391 -0.16540202 0.13714249
v -3.02603197 -0.13009102 0.1373555
v -3.00852203 -0.12128802 0.1372585
v -3.0466609 -0.06420502 0.13737849
v -3.0269401 -0.05796702 0.13735349
v -3.05274295 -0.01740702 0.13752649
v -3.03209209 -0.01622102 0.13749149
v -2.94271898 -0.62918704 0.13714949
v -2.9296379 -0.602005 0.13714949
v -2.9640429 -0.61624902 0.13714949
v -2.94839406 -0.57777702 0.13714949
v -2.92437195 -0.76619905 0.13700249
v -2.89430093 -0.82047003 0.1370635
v -2.94542098 -0.70576703 0.13693949
v -2.9647479 -0.71518403 0.1369625
v -2.82895088 -0.91400003 0.13721549
v -2.87441706 -0.87829202 0.1371525
v -2.910681 -0.833099 0.1370885
v -2.94230008 -0.77646702 0.1370255
v -2.8145349 -0.89627105 0.13718849
v -2.85912489 -0.86278903 0.1371255
v -2.96917295 -0.66513901 0.1370565
v -2.94796204 -0.667234 0.1370445
v -2.77018809 -0.95672303 0.13711249
v -2.75745511 -0.94191604 0.13714249
v -2.73055696 -0.96957403 0.1373555
v -2.74476599 -0.98293101 0.1372585
v -2.69131398 -1.02289807 0.13737849
v -2.70786809 -1.03520298 0.13735349
v -2.67015504 -1.06240701 0.13752649
v -2.68896794 -1.07100904 0.13749149
v -2.91390895 -0.54842501 0.13714949
v -2.90117502 -0.58064901 0.13714949
v -0.50337898 -2.82955789 0.13714949
v -0.52933102 -2.84401083 0.13714949
v -0.51672297 -2.80900096 0.13714949
v -0.55348599 -2.82611179 0.13714949
v -0.37016999 -2.83332204 0.13700249
v -0.31391999 -2.85376119 0.1370635
v -0.43001699 -2.82033491 0.13693949
v -0.42289999 -2.80008983 0.1369625
v -0.21066899 -2.89670515 0.13721549
v -0.25521901 -2.86121416 0.1371525
v -0.30485999 -2.8352828 0.1370885
v -0.36288401 -2.81404781 0.1370255
v -0.22415399 -2.91511917 0.13718849
v -0.266698 -2.87957811 0.1371255
v -0.470416 -2.8006258 0.1370565
v -0.46702998 -2.82156181 0.1370445
v -0.153262 -2.94147586 0.13711249
v -0.163934 -2.95795917 0.13714249
v -0.128298 -2.97540092 0.1373555
v -0.119814 -2.95773124 0.1372585
v -0.06204799 -2.99482011 0.13737849
v -0.056166 -2.97498893 0.13735349
v -0.62883198 -2.90121126 0.13714949
v -0.60189497 -2.8876338 0.13714949
v -0.61550599 -2.92229604 0.13714949
v -0.57732498 -2.90594482 0.13714949
v -0.76615297 -2.88536882 0.13700249
v -0.82096701 -2.85629415 0.1370635
v -0.705352 -2.90531396 0.13693949
v -0.71441298 -2.92480897 0.1369625
v -0.91567498 -2.79266595 0.13721549
v -0.879139 -2.83746814 0.1371525
v -0.833296 -2.87290287 0.1370885
v -0.77609497 -2.90347909 0.1370255
v -0.898211 -2.77792501 0.13718849
v -0.863927 -2.82189703 0.1371255
v -0.66429197 -2.92831707 0.1370565
v -0.66677802 -2.90714883 0.1370445
v -0.95946198 -2.73468685 0.13711249
v -0.944898 -2.72168588 0.13714249
v -0.97302997 -2.69530105 0.1373555
v -0.98612701 -2.70974922 0.1372585
v -1.02706801 -2.65702915 0.13737849
v -1.03906703 -2.67381 0.13735349
v -1.06695604 -2.63660097 0.13752649
v -1.07521104 -2.65556907 0.13749149
v -0.54861301 -2.8709321 0.13714949
v -0.581061 -2.85878515 0.13714949
v 0.002208 -3.00009107 0.13752649
v 0.002193 -2.97941494 0.13749149
v -1.65935504 -2.35728883 0.13714949
v -1.65094697 -2.38578224 0.13714949
v -1.63543999 -2.35195922 0.13714949
v -1.62117099 -2.3899188 0.13714949
v -1.75709796 -2.26670503 0.13700249
v -1.81156694 -2.24191284 0.1370635
v -1.70527601 -2.29933595 0.13693949
v -1.69618499 -2.27990293 0.1369625
v -1.91535401 -2.20027399 0.13721549
v -1.85869395 -2.20612621 0.1371525
v -1.80509495 -2.222373 0.1370885
v -1.74880302 -2.24784278 0.1370255
v -1.91861999 -2.22286224 0.13718849
v -1.86335694 -2.22727584 0.1371255
v -1.66263604 -2.31355905 0.1370565
v -1.67971205 -2.32613706 0.1370445
v -1.98768603 -2.19204092 0.13711249
v -1.99160599 -2.2112832 0.13714249
v -2.02926206 -2.19878006 0.1373555
v -2.02294707 -2.18022489 0.1372585
v -2.09016108 -2.16625404 0.13737849
v -2.08047294 -2.14797496 0.13735349
v -2.12730598 -2.13714408 0.13752649
v -2.11340808 -2.12181997 0.13749149
v -1.61996603 -2.49629211 0.13714949
v -1.62969398 -2.46774482 0.13714949
v -1.64424395 -2.50201082 0.13714949
v -1.66005504 -2.46360397 0.13714949
v -1.51083397 -2.58113622 0.13700249
v -1.45134401 -2.59876394 0.1370635
v -1.56820595 -2.55279588 0.13693949
v -1.57538998 -2.57306194 0.1369625
v -1.33916997 -2.61964893 0.13721549
v -1.396631 -2.62604904 0.1371525
v -1.45416998 -2.61924791 0.1370885
v -1.51642 -2.6010251 0.1370255
v -1.34132099 -2.59689617 0.13718849
v -1.39658594 -2.60427808 0.1371255
v -1.61363005 -2.54047107 0.1370565
v -1.59703195 -2.52710008 0.1370445
v -1.26731705 -2.60891723 0.13711249
v -1.26861095 -2.58944225 0.13714249
v -1.23004901 -2.59029722 0.1373555
v -1.230816 -2.60978221 0.1372585
v -1.16467797 -2.60081815 0.13737849
v -1.16785705 -2.62119102 0.13735349
v -1.12188994 -2.61416101 0.13752649
v -1.12927699 -2.63348007 0.13749149
v 1.65935599 2.35731983 0.13714949
v 1.65094804 2.38580989 0.13714949
v 1.63544201 2.35198879 0.13714949
v 1.62117195 2.38994693 0.13714949
v 1.75709903 2.26673173 0.13700249
v 1.81157004 2.24194002 0.1370635
v 1.70527803 2.29936504 0.13693949
v 1.69618594 2.27993011 0.1369625
v 1.91535699 2.20029974 0.13721549
v 1.85869598 2.20615482 0.1371525
v 1.80509603 2.22240304 0.1370885
v 1.74880397 2.2478671 0.1370255
v 1.91862201 2.2228918 0.13718849
v 1.86335802 2.22730016 0.1371255
v 1.66263794 2.31358575 0.1370565
v 1.67971301 2.32616186 0.1370445
v 1.98768794 2.19207191 0.13711249
v 1.99160695 2.21130609 0.13714249
v 2.02926397 2.19880485 0.1373555
v 2.02294898 2.18025398 0.1372585
v 2.09016108 2.16628313 0.13737849
v 2.0804739 2.14800405 0.13735349
v 2.12730693 2.13717174 0.13752649
v 2.11341095 2.12184619 0.13749149
v 1.61996698 2.4963212 0.13714949
v 1.62969505 2.46776676 0.13714949
v 1.64424598 2.5020399 0.13714949
v 1.66005694 2.46363306 0.13714949
v 1.510836 2.58116006 0.13700249
v 1.45134699 2.59878873 0.1370635
v 1.56820797 2.55282497 0.13693949
v 1.575392 2.57309198 0.1369625
v 1.339172 2.61967086 0.13721549
v 1.39663195 2.62607908 0.1371525
v 1.45417201 2.6192789 0.1370885
v 1.51642203 2.60105514 0.1370255
v 1.34132301 2.59692573 0.13718849
v 1.39658701 2.60430812 0.1371255
v 1.61363101 2.54050111 0.1370565
v 1.59703397 2.52712583 0.1370445
v 1.26731896 2.60894489 0.13711249
v 1.26861298 2.58947181 0.13714249
v 1.30518996 2.59071111 0.1371635
v 1.29597902 2.61106777 0.1371635
v 1.23004996 2.59032583 0.1373555
v 1.23081898 2.60981416 0.1372585
v 1.16468 2.60084104 0.13737849
v 1.167858 2.62122583 0.13735349
v 1.65603697 2.41853475 0.13714949
v 1.62436795 2.4325838 0.13714949
v 0.50338202 2.82958316 0.13714949
v 0.52933299 2.84403419 0.13714949
v 0.516725 2.80903101 0.13714949
v 0.55348902 2.82613515 0.13714949
v 0.370173 2.83335399 0.13700249
v 0.31392198 2.85379076 0.1370635
v 0.43001699 2.82036399 0.13693949
v 0.42290198 2.80011987 0.1369625
v 0.21067099 2.89673996 0.13721549
v 0.25522199 2.86124181 0.1371525
v 0.304863 2.83531189 0.1370885
v 0.36288601 2.81408119 0.1370255
v 0.224156 2.91514396 0.13718849
v 0.26669898 2.879601 0.1371255
v 0.470418 2.80065679 0.1370565
v 0.46703198 2.82159185 0.1370445
v 0.153263 2.9415059 0.13711249
v 0.163936 2.95798683 0.13714249
v 0.12829999 2.97542905 0.1373555
v 0.11981599 2.95776081 0.1372585
v 0.062049 2.99485111 0.13737849
v 0.056168 2.97501897 0.13735349
v 0.015148 3.00008201 0.13752649
v 0.014337 2.97940492 0.13749149
v 0.628834 2.90124321 0.13714949
v 0.601897 2.88766384 0.13714949
v 0.615507 2.92232275 0.13714949
v 0.57732701 2.9059782 0.13714949
v 0.766155 2.88539791 0.13700249
v 0.82096797 2.85632419 0.1370635
v 0.70535498 2.90534019 0.13693949
v 0.714414 2.92483711 0.1369625
v 0.91567701 2.79269409 0.13721549
v 0.87914097 2.83749914 0.1371525
v 0.83329802 2.872931 0.1370885
v 0.776097 2.90350914 0.1370255
v 0.89821201 2.77795505 0.13718849
v 0.86392802 2.82192516 0.1371255
v 0.66429501 2.92834281 0.1370565
v 0.66677999 2.90717792 0.1370445
v 0.95946502 2.73471689 0.13711249
v 0.94489902 2.72171402 0.13714249
v 0.91966098 2.74821615 0.1371635
v 0.94048798 2.75629615 0.1371635
v 0.97303199 2.69533014 0.1373555
v 0.98612999 2.70977783 0.1372585
v 1.02707099 2.65706396 0.13737849
v 1.03906798 2.6738348 0.13735349
v 1.10360705 2.6441822 0.13749149
v 1.09510695 2.62527513 0.13752749
v 0.54861402 2.87095975 0.13714949
v 0.58106201 2.85881519 0.13714949
v 2.87336206 0.50247699 0.13714949
v 2.88733911 0.52868795 0.13714949
v 2.85257411 0.51543998 0.13714949
v 2.86900591 0.55250698 0.13714949
v 2.879565 0.36935997 0.13700249
v 2.90102696 0.31349396 0.1370635
v 2.86548709 0.42895597 0.13693949
v 2.84537792 0.42147797 0.1369625
v 2.94585204 0.21104396 0.13721549
v 2.90954899 0.25493496 0.1371525
v 2.88271188 0.30409196 0.1370885
v 2.86042809 0.36171996 0.1370255
v 2.96401405 0.22485797 0.13718849
v 2.92769694 0.26674696 0.1371255
v 2.84504509 0.46899196 0.1370565
v 2.86603689 0.46598696 0.1370445
v 2.99166107 0.15445897 0.13711249
v 3.00794005 0.16543297 0.13714249
v 3.02603292 0.13011896 0.1373555
v 3.00852203 0.12131797 0.1372585
v 3.04666209 0.06423497 0.13737849
v 3.02694106 0.05799697 0.13735349
v 3.05274295 0.01743797 0.13752649
v 3.03209209 0.01625097 0.13749149
v 2.94271898 0.62921696 0.13714949
v 2.92964005 0.60203498 0.13714949
v 2.96404504 0.61627799 0.13714949
v 2.94839501 0.57780098 0.13714949
v 2.92437195 0.76622796 0.13700249
v 2.89430403 0.82049799 0.1370635
v 2.94542193 0.70579695 0.13693949
v 2.96474909 0.71521198 0.1369625
v 2.82895207 0.91402494 0.13721549
v 2.87441897 0.87831699 0.1371525
v 2.91068196 0.83312696 0.1370885
v 2.94230103 0.77649694 0.1370255
v 2.81453704 0.89629799 0.13718849
v 2.85912489 0.86281597 0.1371255
v 2.9691739 0.66516596 0.1370565
v 2.9479649 0.66725999 0.1370445
v 2.77018904 0.956752 0.13711249
v 2.75745511 0.94194597 0.13714249
v 2.73055791 0.96959996 0.1373555
v 2.74476695 0.98295694 0.1372585
v 2.69131588 1.02292394 0.13737849
v 2.70786809 1.03523194 0.13735349
v 2.67015504 1.06243395 0.13752649
v 2.68896889 1.07103896 0.13749149
v 2.38007593 1.64963698 0.13714949
v 2.40871405 1.64175295 0.13714949
v 2.37518501 1.62562799 0.13714949
v 2.41339707 1.61205399 0.13714949
v 2.28772497 1.74570798 0.13700249
v 2.26193809 1.79971694 0.1370635
v 2.32129693 1.69448995 0.13693949
v 2.30203008 1.68505001 0.1369625
v 2.21841406 1.90272891 0.13721549
v 2.22530102 1.84618592 0.1371525
v 2.242522 1.79288601 0.1370885
v 2.26901793 1.73706996 0.1370255
v 2.24094009 1.90640592 0.13718849
v 2.24635911 1.85123097 0.1371255
v 2.33629107 1.65212094 0.1370565
v 2.34855198 1.66942095 0.1370445
v 2.20886206 1.97489595 0.13711249
v 2.22802305 1.97916603 0.13714249
v 2.21483993 2.01658916 0.1373555
v 2.19640207 2.00994014 0.1372585
v 2.18120908 2.07687997 0.13737849
v 2.16311311 2.06686115 0.13735349
v 2.15142607 2.11348676 0.13752649
v 2.13635611 2.09931516 0.13749149
v 2.51977706 1.61279094 0.13714949
v 2.49104809 1.62199902 0.13714949
v 2.52505302 1.63717293 0.13714949
v 2.48636293 1.65227901 0.13714949
v 2.60659408 1.50522899 0.13700249
v 2.62530398 1.44607102 0.1370635
v 2.57721996 1.56207597 0.13693949
v 2.59734511 1.56962001 0.1369625
v 2.64823389 1.33429193 0.13721549
v 2.65359211 1.39186394 0.1371525
v 2.64573788 1.44927096 0.1370885
v 2.62638306 1.51117599 0.1370255
v 2.62544989 1.33603 0.13718849
v 2.63182401 1.39142191 0.1371255
v 2.56406593 1.60726201 0.1370565
v 2.55100011 1.59042 0.1370445
v 2.63881993 1.26225602 0.13711249
v 2.619318 1.26319491 0.13714249
v 2.62087988 1.22465503 0.1373555
v 2.64035201 1.22577798 0.1372585
v 2.63259506 1.159487 0.13737849
v 2.65290904 1.16304099 0.13735349
v 2.64671492 1.11695301 0.13752649
v 2.66589903 1.12469101 0.13749149
v 2.44133997 1.64743602 0.13714949
v 2.45596694 1.61602699 0.13714949
v -2.38007402 1.64963698 0.13714949
v -2.40871405 1.64175701 0.13714949
v -2.37518405 1.62562799 0.13714949
v -2.41339397 1.61205399 0.13714949
v -2.28772401 1.74571192 0.13700249
v -2.2619369 1.79971694 0.1370635
v -2.32129406 1.69449198 0.13693949
v -2.30202889 1.68505001 0.1369625
v -2.21841311 1.90272891 0.13721549
v -2.22530007 1.84618592 0.1371525
v -2.24252009 1.79288792 0.1370885
v -2.26901698 1.73707199 0.1370255
v -2.24093794 1.90640592 0.13718849
v -2.24635696 1.85123395 0.1371255
v -2.33628797 1.65212094 0.1370565
v -2.34855103 1.66942203 0.1370445
v -2.20885896 1.97489893 0.13711249
v -2.22802209 1.97916603 0.13714249
v -2.21483802 2.01659011 0.1373555
v -2.19640088 2.00994014 0.1372585
v -2.18120694 2.07687997 0.13737849
v -2.16311192 2.06686115 0.13735349
v -2.15142488 2.11348676 0.13752649
v -2.13635611 2.09931993 0.13749149
v -2.5197761 1.61279094 0.13714949
v -2.4910469 1.62200295 0.13714949
v -2.52505302 1.63717293 0.13714949
v -2.48636198 1.652282 0.13714949
v -2.60659408 1.50522899 0.13700249
v -2.62530207 1.44607102 0.1370635
v -2.577219 1.56207597 0.13693949
v -2.59734392 1.56962192 0.1369625
v -2.64823293 1.33429598 0.13721549
v -2.65358996 1.39186596 0.1371525
v -2.64573693 1.44927096 0.1370885
v -2.62638306 1.51117897 0.1370255
v -2.62544894 1.33603203 0.13718849
v -2.63182306 1.39142191 0.1371255
v -2.56406498 1.60726201 0.1370565
v -2.55099701 1.59042596 0.1370445
v -2.63881993 1.26225996 0.13711249
v -2.6193161 1.26319801 0.13714249
v -2.61990094 1.29979097 0.1371635
v -2.64041709 1.29095196 0.1371635
v -2.62087988 1.22465503 0.1373555
v -2.64035105 1.22578191 0.1372585
v -2.63259291 1.159487 0.13737849
v -2.65290689 1.16304099 0.13735349
v -2.64671397 1.11695301 0.13752649
v -2.66589689 1.12469101 0.13749149
v -2.44133901 1.64743793 0.13714949
v -2.45596504 1.61602699 0.13714949
v -2.13907408 2.12568378 0.13752649
v -2.12459206 2.11092615 0.13749149
v -2.87336206 0.50159496 0.13714949
v -2.85257411 0.51242798 0.13714949
v -2.879565 0.36935997 0.13700249
v -2.90102696 0.31349396 0.1370635
v -2.86548709 0.42895597 0.13693949
v -2.84537792 0.42147797 0.1369625
v -2.94585108 0.21104396 0.13721549
v -2.90954899 0.25493696 0.1371525
v -2.88271188 0.30409196 0.1370885
v -2.86042594 0.36171996 0.1370255
v -2.96401405 0.22485797 0.13718849
v -2.92769694 0.26674696 0.1371255
v -2.84504509 0.46899196 0.1370565
v -2.86603689 0.46598696 0.1370445
v -2.99166011 0.15445897 0.13711249
v -3.0079391 0.16543097 0.13714249
v -2.98827791 0.19707296 0.1371635
v -2.97550702 0.17854297 0.1371635
v -3.02603197 0.13011896 0.1373555
v -3.00852203 0.12131797 0.1372585
v -3.0466609 0.06423497 0.13737849
v -3.0269401 0.05799697 0.13735349
v -3.05274295 0.01743797 0.13752649
v -3.03209209 0.01625097 0.13749149
v -2.94271802 0.62921398 0.13714949
v -2.92914891 0.59812098 0.13714249
v -2.9640429 0.61627799 0.13714949
v -2.94824791 0.57664096 0.1371465
v -2.92437195 0.76622796 0.13700249
v -2.89430093 0.82049995 0.1370635
v -2.94542098 0.70579695 0.13693949
v -2.9647479 0.71521198 0.1369625
v -2.82895088 0.91402798 0.13721549
v -2.87441706 0.87831896 0.1371525
v -2.910681 0.83313 0.1370885
v -2.94230008 0.77649694 0.1370255
v -2.8145349 0.89629995 0.13718849
v -2.85912489 0.86281597 0.1371255
v -2.96917295 0.665169 0.1370565
v -2.94796204 0.66726297 0.1370445
v -2.77018809 0.956752 0.13711249
v -2.75745511 0.94194597 0.13714249
v -2.73055696 0.96960097 0.1373555
v -2.74476599 0.98296099 0.1372585
v -2.69131398 1.02292799 0.13737849
v -2.70786809 1.03523194 0.13735349
v -2.67703294 1.09921693 0.13749149
v -2.65829205 1.09037792 0.13752749
v -2.67015504 1.06243693 0.13752649
v -2.68896794 1.07103896 0.13749149
v -2.91346192 0.54382395 0.13714249
v -2.8998661 0.567442 0.1371285
v -0.50337898 2.82958316 0.13714949
v -0.52933102 2.84403419 0.13714949
v -0.51672297 2.80903101 0.13714949
v -0.55348599 2.82613897 0.13714949
v -0.37016999 2.83335399 0.13700249
v -0.31391999 2.85379076 0.1370635
v -0.43001699 2.82036399 0.13693949
v -0.42289999 2.80011987 0.1369625
v -0.21066899 2.89673996 0.13721549
v -0.25521901 2.86124181 0.1371525
v -0.30485999 2.83531189 0.1370885
v -0.36288401 2.81408119 0.1370255
v -0.22415399 2.91514396 0.13718849
v -0.266698 2.879601 0.1371255
v -0.470416 2.80065679 0.1370565
v -0.46702998 2.82159185 0.1370445
v -0.153262 2.9415059 0.13711249
v -0.163934 2.95798683 0.13714249
v -0.19592599 2.93889999 0.1371635
v -0.17763799 2.92579317 0.1371635
v -0.128298 2.97542905 0.1373555
v -0.119814 2.95776081 0.1372585
v -0.06204799 2.99485111 0.13737849
v -0.056166 2.97501897 0.13735349
v -0.62883198 2.90124321 0.13714949
v -0.60189497 2.88766384 0.13714949
v -0.61550599 2.92232275 0.13714949
v -0.57732498 2.9059782 0.13714949
v -0.76615297 2.88539791 0.13700249
v -0.82096701 2.85632419 0.1370635
v -0.705352 2.9053421 0.13693949
v -0.71441298 2.92483711 0.1369625
v -0.91567498 2.79269409 0.13721549
v -0.879139 2.83749914 0.1371525
v -0.833296 2.872931 0.1370885
v -0.77609497 2.90350914 0.1370255
v -0.898211 2.77795505 0.13718849
v -0.863927 2.82192516 0.1371255
v -0.66429197 2.92834281 0.1370565
v -0.66677802 2.90717792 0.1370445
v -0.95946198 2.73471689 0.13711249
v -0.944898 2.72171402 0.13714249
v -0.97302997 2.69533014 0.1373555
v -0.98612701 2.70977783 0.1372585
v -1.02706801 2.65706396 0.13737849
v -1.03906703 2.6738348 0.13735349
v -1.06695604 2.63663101 0.13752649
v -1.07521104 2.65559721 0.13749149
v -0.54861301 2.87095975 0.13714949
v -0.581061 2.85881519 0.13714949
v -1.65935504 2.35731983 0.13714949
v -1.65094697 2.38580989 0.13714949
v -1.63543999 2.35199499 0.13714949
v -1.62117099 2.38994884 0.13714949
v -1.75709796 2.26673412 0.13700249
v -1.81156694 2.24194288 0.1370635
v -1.70527601 2.29936504 0.13693949
v -1.69618499 2.27993297 0.1369625
v -1.91535401 2.20030403 0.13721549
v -1.85869395 2.20615911 0.1371525
v -1.80509495 2.22240304 0.1370885
v -1.74880302 2.24787378 0.1370255
v -1.91861999 2.2228918 0.13718849
v -1.86335694 2.22730016 0.1371255
v -1.66263604 2.31358909 0.1370565
v -1.67971205 2.32616186 0.1370445
v -1.98768603 2.19207191 0.13711249
v -1.99160599 2.21130704 0.13714249
v -2.02926206 2.1988101 0.1373555
v -2.02294707 2.18025398 0.1372585
v -2.09016108 2.16628313 0.13737849
v -2.08047294 2.14800405 0.13735349
v -2.12730598 2.13717174 0.13752649
v -2.11340808 2.12184906 0.13749149
v -1.61996603 2.4963212 0.13714949
v -1.62969398 2.467772 0.13714949
v -1.64424395 2.5020399 0.13714949
v -1.66005504 2.46363782 0.13714949
v -1.51083397 2.58116674 0.13700249
v -1.45134401 2.59878873 0.1370635
v -1.56820595 2.55282497 0.13693949
v -1.57538998 2.57309198 0.1369625
v -1.33916997 2.61967277 0.13721549
v -1.396631 2.62607908 0.1371525
v -1.45416998 2.6192789 0.1370885
v -1.51642 2.601058 0.1370255
v -1.34132099 2.59692573 0.13718849
v -1.39658594 2.60431289 0.1371255
v -1.61363005 2.54050111 0.1370565
v -1.59703195 2.52712583 0.1370445
v -1.23004901 2.59032583 0.1373555
v -1.230816 2.60981416 0.1372585
v -1.16467797 2.60084819 0.13737849
v -1.16785705 2.62122583 0.13735349
v -1.12188994 2.61418581 0.13752649
v -1.12927699 2.63351106 0.13749149
v -1.65603494 2.41853475 0.13714949
v -1.62436604 2.4325838 0.13714949
v -1.30496704 2.59319877 0.1371645
v -1.30324304 2.61430978 0.1371635
v 2.20344305 2.09195709 0.1374105
v 2.1712439 2.13153505 0.13757149
v 2.14499306 2.15731382 0.1375765
v 2.10482788 2.18878984 0.1374675
v 2.03985905 2.22348499 0.1374585
v 1.99796402 2.23739385 0.13714849
v 1.92178905 2.24948692 0.1371545
v 1.86810696 2.25376892 0.1370905
v 1.82080602 2.26714086 0.13703049
v 1.76983094 2.2903409 0.1369735
v 1.72235 2.32024097 0.13693049
v 1.70077395 2.34285783 0.1370565
v 1.68391096 2.36866474 0.13715849
v 1.67831504 2.38762807 0.13714949
v 1.68261599 2.41528701 0.13714949
v 1.68729496 2.46777105 0.13714949
v 1.66754901 2.51573801 0.13716049
v 1.63295805 2.55919313 0.1370885
v 1.59005701 2.59575605 0.13699449
v 1.52597403 2.62614393 0.1370535
v 1.45954 2.64559316 0.1371175
v 1.396721 2.65301609 0.1371825
v 1.33506703 2.64614105 0.1372365
v 1.292364 2.63763475 0.1371445
v 1.26664698 2.63573217 0.13702949
v 1.23353898 2.63651895 0.1371725
v 1.174793 2.6471672 0.13731549
v 1.113716 2.66899013 0.1374465
v 1.05226194 2.69722318 0.13726149
v 1.00288796 2.73074817 0.13715949
v 0.97869902 2.75337076 0.1370985
v 0.96167302 2.77273178 0.1371845
v 0.93714302 2.8087182 0.1372485
v 0.89793902 2.85679483 0.13718649
v 0.84789097 2.89547681 0.1371205
v 0.78684502 2.92811012 0.1370535
v 0.719814 2.95128583 0.1369735
v 0.66358399 2.95521974 0.13704749
v 0.60846298 2.94841909 0.13714149
v 0.56077897 2.92800474 0.13714949
v 0.52736502 2.8872528 0.13714949
v 0.511069 2.86449575 0.13714949
v 0.49379599 2.85487699 0.1371345
v 0.463687 2.84825801 0.13700449
v 0.43244901 2.84722185 0.13690249
v 0.37761399 2.85912275 0.1369735
v 0.32497298 2.87824916 0.1370335
v 0.28183999 2.90182399 0.13709349
v 0.240517 2.93634891 0.1371925
v 0.177667 2.98106193 0.13722249
v 0.13801799 3.00046777 0.13744449
v 0.06733699 3.02119016 0.1374105
v 0.01573099 3.02694511 0.1375755
v -0.06677299 3.02135515 0.1374675
v -0.138016 3.00046777 0.1374585
v -0.176694 2.98153877 0.1371645
v -0.2115 2.96077203 0.1371455
v -0.24134899 2.93565082 0.1371545
v -0.28183901 2.90182399 0.1370905
v -0.32497099 2.87824916 0.13703049
v -0.37761101 2.85912275 0.1369735
v -0.432448 2.84722185 0.13693049
v -0.46368399 2.84825801 0.1370565
v -0.49379399 2.85487699 0.13715849
v -0.51106697 2.86449575 0.13714949
v -0.52736401 2.8872528 0.13714949
v -0.56077802 2.92800474 0.13714949
v -0.60846102 2.94841909 0.13716049
v -0.66358101 2.95521974 0.1370885
v -0.71981298 2.95128583 0.13699449
v -0.786843 2.92811012 0.1370535
v -0.847889 2.89547681 0.1371175
v -0.897937 2.85679483 0.1371825
v -0.93673098 2.80922174 0.1372105
v -0.97942799 2.75268602 0.13703049
v -1.00288498 2.73074817 0.1371725
v -1.05266702 2.69694805 0.13731749
v -1.08631694 2.67996883 0.1374465
v -1.13841199 2.65868806 0.13744349
v -1.17432999 2.64725112 0.13726049
v -1.23239696 2.63672494 0.13718649
v -1.30043399 2.64094781 0.13717949
v -1.335711 2.64621496 0.1372485
v -1.39672005 2.65301609 0.13718649
v -1.45953702 2.64559316 0.1371205
v -1.525972 2.62614774 0.1370535
v -1.59005498 2.59575605 0.1369735
v -1.63295698 2.55919313 0.13704749
v -1.66754603 2.51573801 0.13714149
v -1.68729198 2.46777677 0.13714949
v -1.68261301 2.41528701 0.13714949
v -1.67831301 2.38762807 0.13714949
v -1.68391001 2.36866474 0.1371345
v -1.70077204 2.34285783 0.13700449
v -1.72234797 2.32024097 0.13690249
v -1.76982796 2.2903428 0.1369735
v -1.82080304 2.26714277 0.1370335
v -1.86810696 2.25376892 0.13709349
v -1.92178595 2.24948692 0.1371925
v -1.99796104 2.23739576 0.13722249
v -2.03985691 2.22349119 0.13744449
v -2.10482907 2.18878889 0.1374105
v -2.14495992 2.15733909 0.13757149
v -2.15782403 2.14478015 0.13757149
v -2.17126607 2.13150501 0.1375765
v -2.20343995 2.09195709 0.1374675
v -2.23932099 2.02763414 0.1374585
v -2.25398993 1.985996 0.13714849
v -2.26746988 1.91005802 0.1371545
v -2.27273392 1.85646498 0.1370905
v -2.28696489 1.809412 0.13703049
v -2.3110969 1.75887298 0.1369735
v -2.341856 1.711941 0.13693049
v -2.36486101 1.69078302 0.1370565
v -2.39096903 1.67439591 0.13715849
v -2.41003108 1.66915094 0.13714949
v -2.43760705 1.67395293 0.13714949
v -2.4900031 1.67959094 0.13714949
v -2.53832411 1.66071999 0.13716049
v -2.58240008 1.62692701 0.1370885
v -2.61973691 1.58469891 0.13699449
v -2.65129303 1.52118802 0.1370535
v -2.67194795 1.45511901 0.1371175
v -2.68052101 1.39244794 0.1371825
v -2.67477488 1.33067596 0.1372365
v -2.66704607 1.287822 0.1371445
v -2.66561198 1.26207602 0.13702949
v -2.66700291 1.22898793 0.1371725
v -2.67880988 1.16998791 0.13731749
v -2.69087696 1.13436198 0.1374465
v -2.70161509 1.10979592 0.13744549
v -2.71316695 1.08252501 0.13744249
v -2.73072791 1.04925394 0.13726049
v -2.76542711 1.00009799 0.13715949
v -2.78779196 0.97704196 0.1371075
v -2.8450911 0.93538099 0.1372485
v -2.89336609 0.89746695 0.13718649
v -2.93295693 0.84813195 0.1371205
v -2.96670007 0.78769296 0.1370535
v -2.99109602 0.72109299 0.1369735
v -2.99605894 0.664949 0.13704749
v -2.99027395 0.60980796 0.1371445
v -2.97091794 0.56123596 0.1371575
v -2.93236303 0.52486097 0.13715049
v -2.89803409 0.48871198 0.1371285
v -2.89275908 0.46306598 0.13700449
v -2.89229488 0.43187797 0.13690249
v -2.90519404 0.37727096 0.1369735
v -2.92528009 0.32498997 0.1370335
v -2.94964003 0.28229197 0.13709349
v -2.9842031 0.24242597 0.13716949
v -3.00986409 0.21304097 0.1371825
v -3.03125405 0.17861796 0.13722549
v -3.05089092 0.14029197 0.13744449
v -3.0728991 0.07000197 0.1374105
v -3.07950496 0.01916897 0.13757149
v -3.07950496 -0.01913802 0.1375765
v -3.0728991 -0.06997102 0.1374675
v -3.05089092 -0.14026401 0.1374585
v -3.03076005 -0.17955203 0.13714849
v -2.98491692 -0.24157302 0.1371545
v -2.94964003 -0.28226402 0.1370905
v -2.92528009 -0.32496002 0.13703049
v -2.90519404 -0.37724101 0.1369735
v -2.89229488 -0.43184801 0.13693049
v -2.89276003 -0.46310001 0.1370565
v -2.89882707 -0.49332502 0.13715849
v -2.90812897 -0.51077103 0.13714949
v -2.9305849 -0.52747601 0.13714949
v -2.97072005 -0.56163603 0.13714949
v -2.99026393 -0.60968101 0.13716049
v -2.99605894 -0.66491901 0.1370885
v -2.99109602 -0.72106599 0.13699449
v -2.96670007 -0.78766304 0.1370535
v -2.93295693 -0.84810102 0.1371175
v -2.89336609 -0.89744001 0.1371825
v -2.8450911 -0.93535405 0.1372105
v -2.78779101 -0.97701305 0.13703049
v -2.76542592 -1.00006806 0.1371725
v -2.73072791 -1.04922401 0.13731749
v -2.71313309 -1.08255899 0.1374465
v -2.69090294 -1.13425803 0.13744349
v -2.67880988 -1.16996002 0.13726049
v -2.66700291 -1.22895908 0.13715949
v -2.66565489 -1.26104807 0.1371075
v -2.67483401 -1.33129203 0.1372485
v -2.68052101 -1.39241802 0.13718649
v -2.67194795 -1.45508801 0.1371205
v -2.65129303 -1.52115607 0.1370535
v -2.61973691 -1.58467197 0.1369735
v -2.58240008 -1.62689805 0.13704749
v -2.53832292 -1.66069197 0.13714149
v -2.4900031 -1.67955708 0.13714949
v -2.43760895 -1.67392396 0.13714949
v -2.41003108 -1.66912198 0.13714949
v -2.39096903 -1.67436707 0.1371345
v -2.36486101 -1.69075405 0.13700449
v -2.341856 -1.71191108 0.13690249
v -2.3110969 -1.75884199 0.1369735
v -2.28696489 -1.80938208 0.1370335
v -2.27273392 -1.85643303 0.13709349
v -2.26746988 -1.91002798 0.1371925
v -2.25398993 -1.98596704 0.13722249
v -2.23932099 -2.02760601 0.13744449
v -2.20343995 -2.09192514 0.1374105
v -2.17124199 -2.13150596 0.13757149
v -2.14499211 -2.15728616 0.1375765
v -2.10482788 -2.18876123 0.1374675
v -2.0398581 -2.22346019 0.1374585
v -1.99796104 -2.23737287 0.13714849
v -1.92178595 -2.24945688 0.1371545
v -1.86810696 -2.25374412 0.1370905
v -1.82080197 -2.2671132 0.13703049
v -1.76982903 -2.29031419 0.1369735
v -1.72234904 -2.32021093 0.13693049
v -1.700773 -2.34283304 0.1370565
v -1.68391001 -2.36863708 0.13715849
v -1.678164 -2.38810825 0.13714949
v -1.68744194 -2.46738004 0.13714949
v -1.66754698 -2.51570701 0.13716049
v -1.63295698 -2.55916214 0.1370885
v -1.59005498 -2.59572792 0.13699449
v -1.525972 -2.62611484 0.1370535
v -1.45953798 -2.64556121 0.1371175
v -1.39672195 -2.652987 0.1371825
v -1.335711 -2.64619112 0.1372105
v -1.26564502 -2.63572502 0.13703049
v -1.23353505 -2.636487 0.1371725
v -1.17433095 -2.64721584 0.13731749
v -1.13841402 -2.65865707 0.1374465
v -1.08631801 -2.67994117 0.13744349
v -1.05266702 -2.69692325 0.13726049
v -1.00288403 -2.73071909 0.13715949
v -0.97942799 -2.75265789 0.1371075
v -0.93673098 -2.80919313 0.1372485
v -0.897937 -2.85676384 0.13718649
v -0.847889 -2.89544725 0.1371205
v -0.78684401 -2.92807912 0.1370535
v -0.719814 -2.95125818 0.1369735
v -0.66358101 -2.95519495 0.13704749
v -0.60845899 -2.94839191 0.13714149
v -0.56077802 -2.92797088 0.13714949
v -0.52736401 -2.8872261 0.13714949
v -0.51106798 -2.86447286 0.13714949
v -0.49379101 -2.85485124 0.1371345
v -0.46368399 -2.84822797 0.13700449
v -0.432448 -2.84719324 0.13690249
v -0.37761101 -2.85909318 0.1369735
v -0.32497298 -2.87821912 0.1370335
v -0.28183999 -2.9018011 0.13709349
v -0.24051399 -2.93632412 0.1371925
v -0.17766399 -2.98103284 0.13722249
v -0.138016 -3.00044107 0.13744449
v -0.06695699 -3.02126979 0.1374125
v 0.002289 -3.02694988 0.1375755
v 0.06703499 -3.02124691 0.1374675
v 0.13801799 -3.00044107 0.1374585
v 0.17766599 -2.9810338 0.13714849
v 0.240516 -2.93632412 0.1371545
v 0.28184101 -2.9018011 0.1370905
v 0.324974 -2.87821912 0.13703049
v 0.37761399 -2.85909318 0.1369735
v 0.43244901 -2.84719324 0.13693049
v 0.463685 -2.84822797 0.1370565
v 0.49379399 -2.85485124 0.13715849
v 0.511069 -2.86447286 0.13714949
v 0.52736598 -2.88722705 0.13714949
v 0.56077897 -2.92796611 0.13714949
v 0.60846 -2.94839191 0.13716049
v 0.66358399 -2.95519495 0.1370885
v 0.71981501 -2.95125818 0.13699449
v 0.78684502 -2.92807912 0.1370535
v 0.84789097 -2.89544725 0.1371175
v 0.89793998 -2.85675907 0.1371825
v 0.93673199 -2.80918979 0.1372105
v 0.979429 -2.75265789 0.13703049
v 1.00288701 -2.73071909 0.1371725
v 1.05266797 -2.69692325 0.13731749
v 1.08632099 -2.67994117 0.1374465
v 1.13841795 -2.65865707 0.13744349
v 1.17433297 -2.64721584 0.13726049
v 1.23353695 -2.636487 0.13715949
v 1.265648 -2.63572597 0.1371075
v 1.33571302 -2.64618587 0.1372485
v 1.39672195 -2.65298795 0.13718649
v 1.45954 -2.64556121 0.1371205
v 1.52597403 -2.62611293 0.1370535
v 1.59005594 -2.59572792 0.1369735
v 1.63295805 -2.55916214 0.13704749
v 1.66754901 -2.51570701 0.13714149
v 1.68729496 -2.46774387 0.13714949
v 1.68261599 -2.41525697 0.13714949
v 1.67831504 -2.38759899 0.13714949
v 1.68391096 -2.36863613 0.1371345
v 1.700773 -2.34282922 0.13700449
v 1.72235 -2.32021188 0.13690249
v 1.76983201 -2.29031086 0.1369735
v 1.82080495 -2.26710891 0.1370335
v 1.868106 -2.25374412 0.13709349
v 1.92179 -2.24945688 0.1371925
v 1.99796402 -2.23736715 0.13722249
v 2.03985905 -2.22345686 0.13744449
v 2.10482788 -2.18876123 0.1374105
v 2.14499306 -2.15728616 0.13757149
v 2.1712439 -2.13150596 0.1375765
v 2.20344305 -2.09192514 0.1374675
v 2.2393229 -2.0276041 0.1374585
v 2.25399088 -1.98596799 0.13714849
v 2.26747202 -1.91002905 0.1371545
v 2.27273702 -1.85643303 0.1370905
v 2.28696489 -1.80938208 0.13703049
v 2.31109809 -1.75884199 0.1369735
v 2.34185791 -1.71191 0.13693049
v 2.36486101 -1.69075501 0.1370565
v 2.39097094 -1.67436707 0.13715849
v 2.41003203 -1.66912198 0.13714949
v 2.4376111 -1.67392396 0.13714949
v 2.49000501 -1.67955708 0.13714949
v 2.53832411 -1.66069197 0.13716049
v 2.58240199 -1.62689697 0.1370885
v 2.61973905 -1.58466601 0.13699449
v 2.65129399 -1.52115702 0.1370535
v 2.6719501 -1.45508801 0.1371175
v 2.68052411 -1.39241802 0.1371825
v 2.67477607 -1.33064508 0.1372365
v 2.66717696 -1.28851497 0.13710349
v 2.66711711 -1.22838699 0.1371745
v 2.67881202 -1.16995906 0.13731749
v 2.69090509 -1.134256 0.1374465
v 2.71313405 -1.08255899 0.13744349
v 2.7307291 -1.04922306 0.13726049
v 2.76542711 -1.00006496 0.13715949
v 2.7884891 -0.97629404 0.1370985
v 2.80816197 -0.95961904 0.1371845
v 2.84458088 -0.935754 0.1372485
v 2.89336895 -0.89743804 0.13718649
v 2.93295788 -0.84809905 0.1371205
v 2.96670103 -0.78766304 0.1370535
v 2.99109697 -0.72106301 0.1369735
v 2.99605989 -0.66491901 0.13704749
v 2.99026608 -0.60968101 0.13714149
v 2.97057294 -0.561266 0.13714949
v 2.90837907 -0.51123803 0.13714949
v 2.89882707 -0.49332502 0.1371345
v 2.89276099 -0.46310102 0.13700449
v 2.89229607 -0.43184801 0.13690249
v 2.90519499 -0.37724101 0.1369735
v 2.92528009 -0.32496002 0.1370335
v 2.94964098 -0.28226402 0.13709349
v 2.98491811 -0.24157302 0.1371925
v 3.03076005 -0.17955303 0.13722249
v 3.05089092 -0.14026401 0.13744449
v 3.07290005 -0.06997102 0.1374105
v 3.07950496 -0.01913802 0.13757149
v 3.07950496 0.01916897 0.1375765
v 3.0728991 0.07000097 0.1374675
v 3.05089092 0.14029197 0.1374585
v 3.03076005 0.17958197 0.13714849
v 2.98491811 0.24160297 0.1371545
v 2.94964098 0.28229197 0.1370905
v 2.92528009 0.32498997 0.13703049
v 2.90519499 0.37727096 0.1369735
v 2.89229607 0.43187797 0.13693049
v 2.89276099 0.46312996 0.1370565
v 2.89882707 0.49335396 0.13715849
v 2.90837907 0.51126694 0.13714949
v 2.97057294 0.56129396 0.13714949
v 2.99026608 0.60971099 0.13716049
v 2.99605989 0.66494697 0.1370885
v 2.99109697 0.72109299 0.13699449
v 2.96670103 0.78769296 0.1370535
v 2.93295788 0.84812897 0.1371175
v 2.893368 0.89746499 0.1371825
v 2.84509205 0.93537896 0.1372105
v 2.78779196 0.97704196 0.13703049
v 2.76542711 1.00009298 0.1371725
v 2.7307291 1.04925298 0.13731749
v 2.71313405 1.08258903 0.1374465
v 2.69090509 1.13428592 0.13744349
v 2.67881202 1.16998791 0.13726049
v 2.6670041 1.22898495 0.13715949
v 2.66565609 1.26107394 0.1371075
v 2.67483496 1.33131694 0.1372485
v 2.68052411 1.39244592 0.13718649
v 2.6719501 1.45511901 0.1371205
v 2.65129399 1.52118599 0.1370535
v 2.61973905 1.58469593 0.1369735
v 2.58240199 1.62692701 0.13704749
v 2.53832411 1.66072094 0.13714149
v 2.49000406 1.679587 0.13714949
v 2.43760895 1.67395198 0.13714949
v 2.41003298 1.66914796 0.13714949
v 2.39097189 1.67439591 0.1371345
v 2.36486101 1.69078302 0.13700449
v 2.34185791 1.71193897 0.13690249
v 2.31109809 1.75886797 0.1369735
v 2.28696489 1.809412 0.1370335
v 2.27273702 1.856462 0.13709349
v 2.26747202 1.91005802 0.1371925
v 2.25399088 1.985996 0.13722249
v 2.2393229 2.02763176 0.13744449
v 1.63528001 -2.35223913 -0.1373295
v 1.66214203 -2.31396484 -0.1374215
v 1.67906498 -2.32657909 -0.13743351
v 1.65906798 -2.35760688 -0.1373295
v 1.69590103 -2.27983903 -0.13751651
v 1.704939 -2.2992711 -0.13753949
v -1.22960495 2.58958292 -0.13712151
v -1.30484902 2.5929532 -0.13731451
v -1.30324494 2.61418914 -0.13731549
v -1.23041904 2.60917711 -0.1372195
v 1.74891698 -2.24744987 -0.13745351
v 1.75721097 -2.26629686 -0.13747648
v 2.09086298 -2.16645622 -0.1371005
v 2.03027606 -2.1992979 -0.13712151
v 2.02402305 -2.18080425 -0.13721849
v 2.08127403 -2.14820385 -0.1371255
v 1.91535699 -2.20010995 -0.13726349
v 1.98831403 -2.19232988 -0.1373675
v 1.99233603 -2.21162509 -0.1373365
v 1.91873002 -2.22284126 -0.13729049
v 1.85893702 -2.20573186 -0.13732649
v 1.86363303 -2.22692918 -0.13735251
v 1.65092396 -2.38579511 -0.1373295
v 1.62117195 -2.38991785 -0.1373295
v 1.80526495 -2.22197103 -0.13738949
v 1.81174504 -2.24151182 -0.13741551
v 1.65603697 -2.41850519 -0.1373295
v 1.62436795 -2.43255519 -0.1373295
v 1.12861204 -2.63313579 -0.1369865
v 1.12129604 -2.61386489 -0.13695149
v 1.16397798 -2.60033893 -0.13709949
v 1.16703295 -2.6206398 -0.13712449
v 2.11406207 -2.12189292 -0.13698749
v 2.12795496 -2.1372118 -0.13695149
v 1.64437699 -2.50175619 -0.1373295
v 1.61401903 -2.54011392 -0.13742248
v 1.59752595 -2.52674102 -0.13743351
v 1.62013101 -2.49602508 -0.1373295
v 1.57556605 -2.57311582 -0.13751651
v 1.56847298 -2.55288219 -0.13753949
v -1.16397595 2.60036897 -0.13709949
v -1.16705095 2.62070512 -0.13712449
v 1.51626205 -2.60137414 -0.13745351
v 1.51068699 -2.5814929 -0.13747648
v 1.22918796 -2.58943414 -0.1371205
v 1.23003697 -2.60900116 -0.13721849
v 1.33918595 -2.61985302 -0.13726349
v 1.26696705 -2.60860824 -0.1373675
v 1.26808702 -2.58898592 -0.13733749
v 1.34129202 -2.59705591 -0.13729049
v 1.39633405 -2.62638902 -0.13732649
v 1.39628005 -2.60461092 -0.13735251
v 1.62969505 -2.46774482 -0.1373295
v 1.66004896 -2.46359491 -0.1373295
v 1.453956 -2.61961126 -0.13738949
v 1.45112597 -2.5991249 -0.13741551
v 2.1364181 -2.09994411 -0.13698749
v 2.15157294 -2.11412191 -0.13695149
v 0.46777901 -2.82161712 -0.13743351
v 0.471055 -2.80056905 -0.1374215
v 0.51703602 -2.8090868 -0.1373295
v 0.50371801 -2.82968092 -0.1373295
v 0.430258 -2.82018613 -0.13753949
v 0.42306199 -2.79984617 -0.13751651
v 0.16348999 -2.95855283 -0.13733749
v 0.15301899 -2.94212007 -0.1373675
v 0.21055899 -2.89659118 -0.13726349
v 0.22397799 -2.91499996 -0.13729049
v 0.369834 -2.83313989 -0.13747648
v 0.36253398 -2.81385088 -0.13745351
v 0.119455 -2.95889616 -0.13721849
v 0.12785099 -2.97653818 -0.13712151
v 0.061818 -2.99560022 -0.13709949
v 0.055847 -2.97568988 -0.1371255
v -2.11405801 2.12192201 -0.1369865
v -2.1279459 2.13723897 -0.13695149
v -2.09086298 2.16648483 -0.1371005
v -2.08127307 2.14823198 -0.1371255
v 0.254774 -2.86110115 -0.13732649
v 0.26624101 -2.87946414 -0.13735251
v 0.55348902 -2.82611179 -0.1373295
v 0.52931702 -2.84401416 -0.1373295
v 0.304461 -2.835114 -0.13738949
v 0.31351599 -2.85359191 -0.1374145
v 0.58106201 -2.85878515 -0.1373295
v 0.54861402 -2.8709321 -0.1373295
v 1.02723705 -2.65619611 -0.13709949
v 1.06718099 -2.63597583 -0.13695149
v 1.07543897 -2.65494585 -0.13698749
v 1.03933405 -2.67298889 -0.13712449
v -1.64437496 2.50178575 -0.1373295
v -1.61401796 2.54014396 -0.13742248
v -1.59752404 2.52676916 -0.13743351
v -1.62012994 2.49605512 -0.1373295
v 0.666179 -2.90723609 -0.13743351
v 0.66376602 -2.92849493 -0.13742248
v 0.61524397 -2.92231512 -0.1373295
v 0.62853097 -2.90113496 -0.1373295
v 0.705226 -2.90555906 -0.13753949
v 0.71431899 -2.9250822 -0.13751651
v -3.05325198 0.01702797 -0.13695149
v -3.03260707 0.01584197 -0.13698749
v -3.03260707 -0.01581202 -0.13698749
v -3.05332493 -0.01705302 -0.13695149
v 0.76651501 -2.88552284 -0.13747648
v 0.77645301 -2.90364503 -0.13745351
v 0.98622 -2.70858001 -0.13721849
v 0.97304397 -2.69408226 -0.1371205
v 0.944956 -2.72099208 -0.13733749
v 0.959378 -2.73402118 -0.1373675
v 0.91562598 -2.79272604 -0.13726349
v 0.898346 -2.77801704 -0.13729049
v 0.87953102 -2.83747291 -0.13732649
v 0.86438 -2.82191991 -0.13735251
v 0.57732802 -2.90595579 -0.1373295
v 0.601897 -2.8876338 -0.1373295
v 0.83369898 -2.873003 -0.13738949
v 0.821379 -2.85639715 -0.13741551
v -1.39633297 2.62641906 -0.13732649
v -1.33917295 2.61995506 -0.13726349
v -1.34127998 2.59717607 -0.13729049
v -1.39627897 2.6046462 -0.13735251
v 2.85265493 -0.51572305 -0.1373295
v 2.84497594 -0.46959903 -0.1374215
v 2.86588811 -0.46673002 -0.13743351
v 2.87337994 -0.50287604 -0.1373295
v 2.84513092 -0.42160302 -0.13751651
v 2.86519908 -0.42911702 -0.13753949
v -0.66617697 2.90726709 -0.13743351
v -0.66376298 2.92852115 -0.13742248
v -0.615242 2.92234182 -0.1373295
v -0.62852901 2.90116691 -0.1373295
v 2.86023688 -0.36133503 -0.13745351
v 2.87936091 -0.36896303 -0.13747648
v 3.04730296 -0.06385702 -0.1371005
v 3.02712106 -0.12975402 -0.13712151
v 3.00969409 -0.12094802 -0.13721849
v 3.02767109 -0.05756902 -0.1371255
v 2.94573903 -0.21089902 -0.13726349
v 2.99230909 -0.15419802 -0.1373675
v 3.00870204 -0.16514003 -0.1373365
v 2.96407604 -0.22473703 -0.13729049
v 2.90944409 -0.25445702 -0.13732649
v 2.92765092 -0.26627901 -0.13735251
v 2.88733291 -0.52868801 -0.1373295
v 2.86900591 -0.552477 -0.1373295
v 2.88255095 -0.30365803 -0.13738949
v 2.90087509 -0.31305801 -0.13741551
v 2.94838309 -0.577771 -0.1373295
v 2.92964005 -0.602005 -0.1373295
v 2.68825101 -1.07123208 -0.1369865
v 2.6695261 -1.06261408 -0.13695149
v 2.69047904 -1.02304899 -0.13709949
v 2.70689392 -1.03538906 -0.13712449
v 3.03260803 -0.01581202 -0.13698749
v 3.05325198 -0.01699802 -0.13695149
v 2.96396088 -0.61597603 -0.1373295
v 2.96919989 -0.664613 -0.13742248
v 2.94806504 -0.66663402 -0.13743351
v 2.94264888 -0.628883 -0.1373295
v 2.96491193 -0.71509802 -0.13751651
v 2.94567203 -0.70564299 -0.13753949
v 2.82913708 -0.91423505 -0.13726349
v 2.79247903 -0.93796402 -0.13731549
v 2.78464007 -0.91701704 -0.13731451
v 2.81468296 -0.89650201 -0.13729049
v 2.94243192 -0.77683001 -0.13745351
v 2.92451906 -0.76656103 -0.13747648
v 2.72933888 -0.96955901 -0.1371205
v 2.7436521 -0.98291701 -0.13721849
v 2.76971888 -0.95666104 -0.1373675
v 2.75672292 -0.94190204 -0.13733749
v 2.87444496 -0.87874001 -0.13732649
v 2.85913991 -0.86323905 -0.13735251
v 2.91078305 -0.83350801 -0.13738949
v 2.89439988 -0.82088005 -0.13741551
v -0.95937502 2.73405075 -0.1373675
v -0.94495397 2.72101974 -0.13733749
v -0.97304201 2.69411087 -0.1371205
v -0.98621702 2.7086091 -0.13721849
v 2.34912395 -1.668908 -0.13743351
v 2.33670496 -1.65160203 -0.1374215
v 2.37546896 -1.62544107 -0.1373295
v 2.38040208 -1.649459 -0.1373295
v 2.32136297 -1.69418597 -0.13753949
v 2.3019731 -1.68473506 -0.13751651
v -1.62969398 2.467772 -0.1373295
v -1.66004705 2.46362781 -0.1373295
v 2.28735494 -1.74579 -0.13747648
v 2.26862907 -1.73714304 -0.13745351
v 2.19696211 -2.01099014 -0.13721849
v 2.21531701 -2.01768589 -0.13712151
v 2.18155193 -2.07763719 -0.13709949
v 2.16332697 -2.06763505 -0.1371255
v 2.22812199 -1.97987401 -0.13733749
v 2.20914006 -1.97549903 -0.1373675
v 2.21825408 -1.90269696 -0.13726349
v 2.24072909 -1.90641498 -0.13729049
v 2.22490191 -1.84639 -0.13732649
v 2.24595308 -1.85144197 -0.13735251
v 2.41339707 -1.61202406 -0.1373295
v 2.40870499 -1.64174103 -0.1373295
v 2.24211692 -1.79301798 -0.13738949
v 2.26152992 -1.79985106 -0.13741551
v 2.45596694 -1.61599707 -0.1373295
v 2.44133997 -1.647408 -0.1373295
v 2.63212895 -1.158746 -0.13709949
v 2.64643406 -1.11632204 -0.13695149
v 2.66562295 -1.12406003 -0.13698749
v 2.6525259 -1.16224002 -0.13712449
v 2.55063295 -1.59087407 -0.13743351
v 2.56381392 -1.60773098 -0.13742248
v 2.52487802 -1.63734102 -0.1373295
v 2.51950788 -1.612921 -0.1373295
v 2.57730102 -1.56231308 -0.13753949
v 2.59746909 -1.56985104 -0.13751651
v 2.61962008 -1.29959201 -0.13731549
v 2.6400609 -1.29090201 -0.13731651
v 2.64839911 -1.33432102 -0.13726349
v 2.62572097 -1.33594501 -0.13729049
v 2.6069591 -1.50505602 -0.13747648
v 2.62675309 -1.51101601 -0.13745351
v 2.639647 -1.22525501 -0.1372195
v 2.6200869 -1.224141 -0.13712151
v 2.65390801 -1.39155101 -0.13732649
v 2.63216304 -1.39108908 -0.13735251
v -1.12129402 2.61389398 -0.13695149
v -1.12860894 2.63316679 -0.1369865
v -1.07543695 2.65497398 -0.13698749
v -1.06717705 2.63600587 -0.13695149
v 2.48637604 -1.65225899 -0.1373295
v 2.49104809 -1.62197303 -0.1373295
v 2.64609408 -1.44903099 -0.13738949
v 2.62566804 -1.44582808 -0.13741551
v -2.12491989 2.11125993 -0.13698749
v -2.13941097 2.12601518 -0.13695149
v -1.45395398 2.61964321 -0.13738949
v -1.45112299 2.59915018 -0.13741551
v -2.37546801 -1.62544107 -0.1373295
v -2.33670306 -1.65160298 -0.1374215
v -2.34900903 -1.66875302 -0.13743351
v -2.38039708 -1.64932501 -0.1373295
v -2.30197191 -1.68473506 -0.13751651
v -2.32123589 -1.69412207 -0.13753949
v -2.21825289 -1.90269696 -0.13726349
v -2.20913696 -1.97549903 -0.1373675
v -2.22835493 -1.97987198 -0.1373365
v -2.2409141 -1.906484 -0.13729049
v -2.26862788 -1.73714602 -0.13745351
v -2.28731703 -1.74578607 -0.13747648
v -2.181396 -2.07755422 -0.1371005
v -2.21534204 -2.01758194 -0.13712151
v -2.19696092 -2.01099395 -0.13721849
v -2.16332602 -2.06763505 -0.1371255
v -1.85893499 2.20576477 -0.13732649
v -1.91535401 2.20014381 -0.13726349
v -1.91872704 2.22286987 -0.13729049
v -1.86363196 2.22695398 -0.13735251
v -2.22490096 -1.84639 -0.13732649
v -2.24600601 -1.85147106 -0.13735251
v -2.40872907 -1.64170301 -0.1373295
v -2.41339397 -1.61202406 -0.1373295
v -2.24211502 -1.79302001 -0.13738949
v -2.26153707 -1.79985606 -0.13741551
v -2.44133901 -1.647408 -0.1373295
v -2.45596504 -1.61599707 -0.1373295
v -2.66556501 -1.12398898 -0.1369865
v -2.64643311 -1.11632204 -0.13695149
v -2.63212704 -1.15875101 -0.13709949
v -2.65237188 -1.16217708 -0.13712449
v -2.13641691 -2.09994411 -0.13698749
v -2.15148091 -2.11410713 -0.13695149
v -2.52479696 -1.63726902 -0.1373295
v -2.56370091 -1.60761404 -0.13742248
v -2.55063104 -1.59088397 -0.13743351
v -2.51950693 -1.61292505 -0.1373295
v -2.59739494 -1.56977105 -0.13751651
v -2.57730007 -1.56231308 -0.13753949
v -2.64844203 -1.33428406 -0.13726349
v -2.63851809 -1.26187205 -0.1373675
v -2.61887002 -1.26263797 -0.13733749
v -2.62560892 -1.33597397 -0.13729049
v -2.62673592 -1.510993 -0.13745351
v -2.60695791 -1.50505602 -0.13747648
v -2.62003397 -1.22374796 -0.1371205
v -2.63958406 -1.22495698 -0.13721849
v -1.98831105 2.19236087 -0.1373675
v -1.99233496 2.21165418 -0.1373365
v -2.65393495 -1.39154398 -0.13732649
v -2.63216209 -1.39109098 -0.13735251
v -2.4910469 -1.62197303 -0.1373295
v -2.48635292 -1.65224099 -0.1373295
v -2.64610505 -1.44903099 -0.13738949
v -2.62566709 -1.44582808 -0.13741551
v -1.65906703 2.35763692 -0.1373295
v -1.65092194 2.38582515 -0.1373295
v -1.62117099 2.38994884 -0.1373295
v -1.63527798 2.35227489 -0.1373295
v -2.86607909 -0.46670603 -0.13743351
v -2.84497594 -0.46959903 -0.1374215
v -2.85265493 -0.51572305 -0.1373295
v -2.87347888 -0.50278604 -0.1373295
v -2.86533308 -0.42916402 -0.13753949
v -2.84513092 -0.42160302 -0.13751651
v -0.54861301 2.87095975 -0.1373295
v -0.581061 2.85881519 -0.1373295
v -0.60189497 2.88766384 -0.1373295
v -0.57732701 2.90599393 -0.1373295
v -2.87938904 -0.36898803 -0.13747648
v -2.86023592 -0.36133503 -0.13745351
v -3.00969409 -0.12094802 -0.13721849
v -3.02717804 -0.12966202 -0.13712151
v -3.0474689 -0.06391102 -0.13709949
v -3.02767109 -0.05756902 -0.1371255
v -3.00854206 -0.16496703 -0.13733749
v -2.99230909 -0.15419802 -0.1373675
v -2.94573807 -0.21089902 -0.13726349
v -2.96389794 -0.22464902 -0.13729049
v -2.90944409 -0.25445702 -0.13732649
v -2.92759108 -0.26625901 -0.13735251
v -2.86900591 -0.552477 -0.1373295
v -2.88734197 -0.52864402 -0.1373295
v -2.88255095 -0.30365803 -0.13738949
v -2.90086507 -0.31305503 -0.13741551
v -2.90117502 -0.58064901 -0.1373295
v -2.91390895 -0.54842501 -0.1373295
v -2.69047808 -1.02304899 -0.13709949
v -2.6695261 -1.06261706 -0.13695149
v -2.6883409 -1.07122302 -0.13698749
v -2.70704293 -1.03545403 -0.13712449
v -2.94806289 -0.66663402 -0.13743351
v -2.96936106 -0.66461402 -0.13742248
v -2.96406698 -0.61598604 -0.1373295
v -2.94264888 -0.628883 -0.1373295
v -2.94566988 -0.70564299 -0.13753949
v -2.96502304 -0.71509403 -0.13751651
v -2.03027391 2.19933319 -0.13712151
v -2.02402091 2.18083381 -0.13721849
v -2.92451906 -0.76656103 -0.13747648
v -2.9424591 -0.77682602 -0.13745351
v -2.74359607 -0.98300004 -0.13721849
v -2.72933793 -0.969563 -0.1371205
v -2.75675988 -0.94196003 -0.13733749
v -2.76952409 -0.95662403 -0.1373675
v -2.82901597 -0.91395103 -0.13726349
v -2.81462502 -0.89640605 -0.13729049
v -2.87441802 -0.87868201 -0.13732649
v -2.85913896 -0.86324101 -0.13735251
v -2.94841003 -0.57777905 -0.1373295
v -2.9296379 -0.602005 -0.1373295
v -2.91077399 -0.83350104 -0.13738949
v -2.89439702 -0.82088202 -0.13741551
v -1.69589996 2.27987098 -0.13751651
v -1.74891603 2.24748706 -0.13745351
v -1.75720894 2.26632976 -0.13747648
v -1.70493698 2.29930019 -0.13753949
v -0.51703399 -2.8090868 -0.1373295
v -0.47105398 -2.80056905 -0.1374215
v -0.46780499 -2.82142591 -0.13743351
v -0.503807 -2.82958316 -0.1373295
v -0.42306 -2.79984617 -0.13751651
v -0.430213 -2.82005119 -0.13753949
v -0.21055699 -2.89659118 -0.13726349
v -0.15301799 -2.94212007 -0.1373675
v -0.16365599 -2.95871686 -0.1373365
v -0.22406199 -2.91517925 -0.13729049
v -0.362533 -2.81385088 -0.13745351
v -0.369807 -2.83311224 -0.13747648
v -0.061797 -2.99544 -0.1371005
v -0.12794199 -2.97648525 -0.13712151
v -0.11945299 -2.95889616 -0.13721849
v -0.055868 -2.97568702 -0.1371255
v -1.57556402 2.57314586 -0.13751651
v -1.56847095 2.5529108 -0.13753949
v -0.25477099 -2.86110115 -0.13732649
v -0.26625901 -2.8795228 -0.13735251
v -0.52935898 -2.84400415 -0.1373295
v -0.55348599 -2.82611179 -0.1373295
v -0.30445799 -2.835114 -0.13738949
v -0.313517 -2.85360193 -0.13741551
v -0.54861301 -2.8709321 -0.1373295
v -0.581061 -2.85878515 -0.1373295
v -1.07544696 -2.65485525 -0.1369865
v -1.06717705 -2.63597583 -0.13695149
v -1.02723395 -2.65619611 -0.13709949
v -1.03927099 -2.67283821 -0.13712449
v 0.00217 -2.97991609 -0.13698749
v 0.002222 -3.00065088 -0.1369525
v -0.61523401 -2.92220687 -0.1373295
v -0.66376501 -2.92833423 -0.13742248
v -0.66617697 -2.907238 -0.13743351
v -0.62852901 -2.90113496 -0.1373295
v -0.71432602 -2.92497015 -0.13751651
v -0.70522302 -2.90556097 -0.13753949
v -0.91581201 -2.79282522 -0.13726349
v -0.95949697 -2.73422002 -0.1373675
v -0.94495397 -2.72099208 -0.13733749
v -0.89834499 -2.77801704 -0.13729049
v -0.77645498 -2.90361785 -0.13745351
v -0.76651299 -2.88552284 -0.13747648
v -0.97304201 -2.69408226 -0.1371205
v -0.98613798 -2.70864296 -0.13721849
v -0.87958997 -2.837502 -0.13732649
v -0.86437898 -2.82191991 -0.13735251
v -0.60189497 -2.8876338 -0.1373295
v -0.57732397 -2.90593195 -0.1373295
v -0.833705 -2.87301111 -0.13738949
v -0.82137697 -2.85639715 -0.13741551
v -1.51625895 2.60140895 -0.13745351
v -1.51068496 2.58152818 -0.13747648
v -1.67921698 -2.32670021 -0.13743351
v -1.66214096 -2.31396484 -0.1374215
v -1.63527798 -2.35223913 -0.1373295
v -1.65920102 -2.35761308 -0.1373295
v -1.70500004 -2.29939699 -0.13753949
v -1.69589996 -2.27983999 -0.13751651
v -1.99234104 -2.21139526 -0.13733749
v -1.98831105 -2.19232988 -0.1373675
v -1.91535401 -2.20011425 -0.13726349
v -1.91866195 -2.22265291 -0.13729049
v -1.75721204 -2.26633691 -0.13747648
v -1.74891603 -2.24745607 -0.13745351
v -2.02402091 -2.18080425 -0.13721849
v -2.03037905 -2.19927787 -0.13712151
v -2.09094405 -2.16661119 -0.13709949
v -2.08127307 -2.14820289 -0.1371255
v -1.85893499 -2.20573186 -0.13732649
v -1.86360395 -2.22687387 -0.13735251
v -1.62117099 -2.3899188 -0.1373295
v -1.65096104 -2.38577413 -0.1373295
v -1.80526304 -2.22197103 -0.13738949
v -1.81173801 -2.24150705 -0.13741551
v -1.80526304 2.22200107 -0.13738949
v -1.81174302 2.24154615 -0.13741551
v -1.16397595 -2.60033893 -0.13709949
v -1.12129402 -2.61386919 -0.13695149
v -1.12867999 -2.63319301 -0.13698749
v -1.16709196 -2.62079191 -0.13712449
v -2.12796688 -2.13730192 -0.13695149
v -2.11405897 -2.12189292 -0.13698749
v -1.59752404 -2.52674293 -0.13743351
v -1.61413204 -2.54022693 -0.13742248
v -1.64444494 -2.50183916 -0.1373295
v -1.62012994 -2.49602603 -0.1373295
v -1.56847095 -2.55288219 -0.13753949
v -1.57564795 -2.57319021 -0.13751651
v -1.65603494 2.41853475 -0.1373295
v -1.62436604 2.4325838 -0.1373295
v -1.51068496 -2.58149814 -0.13747648
v -1.516281 -2.60139179 -0.13745351
v -1.22993397 -2.60901117 -0.13721849
v -1.22918701 -2.58943414 -0.1371205
v -1.26808595 -2.58898592 -0.13733749
v -1.26691305 -2.60837984 -0.1373675
v -1.33925104 -2.61965894 -0.13726349
v -1.34128999 -2.59705591 -0.13729049
v -1.39635896 -2.62632799 -0.13732649
v -1.39627897 -2.60461092 -0.13735251
v -1.66006505 -2.46361684 -0.1373295
v -1.62969398 -2.46774482 -0.1373295
v -1.45395398 -2.61959981 -0.13738949
v -1.45112299 -2.5991249 -0.13741551
v 1.67921805 2.326725 -0.13743351
v 1.66214203 2.31399202 -0.1374215
v 1.63528001 2.35226917 -0.1373295
v 1.65920198 2.35764408 -0.1373295
v 1.70500195 2.29942703 -0.13753949
v 1.69590103 2.27986812 -0.13751651
v -1.02723395 2.65623092 -0.13709949
v -1.03933405 2.67301321 -0.13712449
v 1.75721395 2.26636409 -0.13747648
v 1.74891698 2.24747991 -0.13745351
v 2.02402305 2.18083381 -0.13721849
v 2.03038191 2.19930315 -0.13712151
v 2.09094405 2.1666398 -0.13709949
v 2.08127403 2.14823293 -0.1371255
v 1.99234199 2.21141815 -0.13733749
v 1.98831403 2.19236183 -0.1373675
v 1.91535699 2.20013999 -0.13726349
v 1.91866505 2.22268199 -0.13729049
v 1.85893702 2.20576 -0.13732649
v 1.86360502 2.22689819 -0.13735251
v 1.62117195 2.38994693 -0.1373295
v 1.65096294 2.38580083 -0.1373295
v 1.80526495 2.22200107 -0.13738949
v 1.81174099 2.24153518 -0.13741551
v 1.62436795 2.4325838 -0.1373295
v 1.65603697 2.41853475 -0.1373295
v 2.12796807 2.137331 -0.13695149
v 2.11406207 2.1219182 -0.13698749
v 1.59752595 2.52676916 -0.13743351
v 1.614133 2.54025793 -0.13742248
v 1.64444696 2.5018692 -0.1373295
v 1.62013101 2.49605512 -0.1373295
v 1.56847298 2.5529108 -0.13753949
v 1.57564997 2.57321977 -0.13751651
v 1.30545699 2.5907588 -0.13731451
v 1.29644298 2.61099815 -0.13731549
v 1.33917903 2.61988592 -0.13726349
v 1.34126305 2.59719514 -0.13729049
v 1.51068699 2.58152198 -0.13747648
v 1.51628398 2.60142183 -0.13745351
v 1.22994005 2.60904407 -0.13721849
v 1.22918796 2.58946418 -0.1371205
v 1.16414904 2.60032177 -0.13709949
v 1.16726696 2.62077713 -0.1371255
v 1.26810205 2.5889492 -0.13733749
v 1.26699197 2.60836505 -0.1373675
v 1.39634096 2.62638998 -0.13732649
v 1.39628005 2.60464096 -0.13735251
v 1.66006696 2.46364593 -0.1373295
v 1.62969505 2.46776676 -0.1373295
v 1.453956 2.61963081 -0.13738949
v 1.45112597 2.59915018 -0.13741551
v 2.1514821 2.11413574 -0.13695149
v 2.1364181 2.09996795 -0.13698749
v 0.51703602 2.80911779 -0.1373295
v 0.471055 2.80059909 -0.1374215
v 0.46780699 2.82145595 -0.13743351
v 0.50380998 2.82960891 -0.1373295
v 0.42306199 2.79987573 -0.13751651
v 0.43021398 2.8200798 -0.13753949
v 0.21055899 2.89662599 -0.13726349
v 0.15301899 2.94215011 -0.1373675
v 0.16365799 2.95874404 -0.1373365
v 0.224064 2.91520404 -0.13729049
v 0.36253398 2.81388473 -0.13745351
v 0.36980998 2.83314275 -0.13747648
v 0.06168799 2.99548673 -0.1371005
v 0.12794399 2.976511 -0.13712151
v 0.119455 2.9589262 -0.13721849
v 0.055757 2.97574186 -0.1371255
v -0.89834499 2.77804708 -0.13729049
v -0.91562497 2.79275798 -0.13726349
v -0.87952899 2.8375082 -0.13732649
v -0.86437898 2.821949 -0.13735251
v 0.254774 2.86112785 -0.13732649
v 0.26625999 2.87954616 -0.13735251
v 0.52936101 2.84402799 -0.1373295
v 0.55348902 2.82613515 -0.1373295
v 0.304461 2.83514308 -0.13738949
v 0.313519 2.85363102 -0.13741551
v 0.54861402 2.87095975 -0.1373295
v 0.58106201 2.85881519 -0.1373295
v 1.10341703 2.64367818 -0.13698749
v 1.09491896 2.62483787 -0.13695149
v 1.02707505 2.65631675 -0.13709949
v 1.03909504 2.67296981 -0.13712449
v 0.014174 2.97991609 -0.13698749
v 0.01496 3.00064897 -0.1369525
v 0.61523598 2.92223405 -0.1373295
v 0.66376799 2.92835903 -0.13742248
v 0.666179 2.90726709 -0.13743351
v 0.62853097 2.90116691 -0.1373295
v 0.71432697 2.9249978 -0.13751651
v 0.705226 2.90558719 -0.13753949
v 0.91591101 2.79288291 -0.13726349
v 0.94030702 2.75665617 -0.13731549
v 0.91950297 2.74843788 -0.13731451
v 0.89844399 2.77810478 -0.13729049
v 0.77645701 2.9036479 -0.13745351
v 0.76651501 2.88555192 -0.13747648
v 0.97304302 2.69411087 -0.1371205
v 0.98614198 2.70866394 -0.13721849
v 0.95941102 2.73424577 -0.1373675
v 0.944898 2.72098207 -0.13733749
v 0.87959098 2.83753299 -0.13732649
v 0.86438 2.821949 -0.13735251
v 0.601897 2.88766384 -0.1373295
v 0.57732498 2.90596485 -0.1373295
v 0.83370697 2.87304019 -0.13738949
v 0.82137799 2.85642719 -0.13741551
v 2.86607909 0.46673595 -0.13743351
v 2.84497594 0.46962896 -0.1374215
v 2.85265493 0.51575297 -0.1373295
v 2.87348008 0.50281596 -0.1373295
v 2.86533308 0.42919397 -0.13753949
v 2.84513092 0.42163297 -0.13751651
v 3.00854206 0.16499798 -0.13733749
v 2.99230909 0.15422797 -0.1373675
v 2.94573903 0.21092997 -0.13726349
v 2.96389794 0.22467897 -0.13729049
v 2.87938904 0.36901697 -0.13747648
v 2.86023688 0.36136397 -0.13745351
v 3.00969409 0.12097797 -0.13721849
v 3.027179 0.12968997 -0.13712151
v 3.0474689 0.06394097 -0.13709949
v 3.02767109 0.05759897 -0.1371255
v 2.90944409 0.25448396 -0.13732649
v 2.92759203 0.26628696 -0.13735251
v 2.86900591 0.55250698 -0.1373295
v 2.88734388 0.52867198 -0.1373295
v 2.88255095 0.30368697 -0.13738949
v 2.90086507 0.31308496 -0.13741551
v 2.69047904 1.02307498 -0.13709949
v 2.6695261 1.062644 -0.13695149
v 2.68834304 1.07125294 -0.13698749
v 2.70704293 1.03548395 -0.13712449
v 3.05332493 0.01708297 -0.13695149
v 3.03260803 0.01584197 -0.13698749
v 2.94806504 0.66665995 -0.13743351
v 2.96936202 0.66464096 -0.13742248
v 2.96406889 0.61601495 -0.1373295
v 2.94264888 0.62891298 -0.1373295
v 2.94567203 0.70567196 -0.13753949
v 2.96502399 0.71512097 -0.13751651
v 2.75676107 0.94198995 -0.13733749
v 2.76952505 0.95665299 -0.1373675
v 2.82901692 0.91397595 -0.13726349
v 2.81462597 0.89643299 -0.13729049
v 2.92451906 0.76658999 -0.13747648
v 2.9424591 0.77685594 -0.13745351
v 2.74359703 0.98302495 -0.13721849
v 2.72933888 0.96958899 -0.1371205
v -0.70522302 2.9055891 -0.13753949
v -0.71431797 2.92510986 -0.13751651
v 2.87442088 0.87870699 -0.13732649
v 2.85913991 0.86326795 -0.13735251
v 2.94841098 0.57780295 -0.1373295
v 2.92964005 0.60203498 -0.1373295
v 2.91077494 0.83352899 -0.13738949
v 2.89439988 0.82090997 -0.13741551
v -0.83369702 2.87303113 -0.13738949
v -0.82137697 2.85642719 -0.13741551
v 2.37546896 1.62547195 -0.1373295
v 2.33670496 1.65163302 -0.1374215
v 2.34900903 1.66878092 -0.13743351
v 2.38039898 1.64935493 -0.1373295
v 2.3019731 1.68476402 -0.13751651
v 2.32123804 1.69414901 -0.13753949
v 2.21825408 1.90272593 -0.13726349
v 2.20914006 1.97552597 -0.1373675
v 2.22835588 1.9799 -0.1373365
v 2.24091601 1.90651297 -0.13729049
v 2.26862907 1.73717594 -0.13745351
v 2.28731799 1.74581193 -0.13747648
v 2.18139791 2.07758617 -0.1371005
v 2.21534395 2.01761007 -0.13712151
v 2.19696211 2.01102399 -0.13721849
v 2.16332697 2.0676651 -0.1371255
v -0.76651299 2.88555192 -0.13747648
v -0.77645099 2.90367507 -0.13745351
v 2.22490191 1.84641993 -0.13732649
v 2.24600791 1.85149991 -0.13735251
v 2.40872907 1.64172899 -0.1373295
v 2.41339707 1.61205399 -0.1373295
v 2.24211692 1.79304695 -0.13738949
v 2.26153898 1.79988491 -0.13741551
v 2.44133997 1.64743602 -0.1373295
v 2.45596694 1.61602699 -0.1373295
v 2.66556692 1.124017 -0.1369865
v 2.64643406 1.11635196 -0.13695149
v 2.63212895 1.15877592 -0.13709949
v 2.65237402 1.16220498 -0.13712449
v 2.52479696 1.63729894 -0.1373295
v 2.5637021 1.60764396 -0.13742248
v 2.55063295 1.59090495 -0.13743351
v 2.51950788 1.61294996 -0.1373295
v 2.59739589 1.56979501 -0.13751651
v 2.57730102 1.562343 -0.13753949
v 2.64844298 1.33430898 -0.13726349
v 2.63851904 1.26189792 -0.1373675
v 2.61887192 1.26266098 -0.13733749
v 2.62561011 1.33600199 -0.13729049
v 2.62673711 1.51102292 -0.13745351
v 2.6069591 1.50508701 -0.13747648
v 2.62003397 1.223778 -0.1371205
v 2.63958501 1.22498202 -0.13721849
v 2.6539371 1.39157199 -0.13732649
v 2.63216304 1.39112103 -0.13735251
v 2.49104809 1.62199902 -0.1373295
v 2.48635411 1.65227103 -0.1373295
v 2.646106 1.44906199 -0.13738949
v 2.62566804 1.44585692 -0.13741551
v -2.349123 1.66893792 -0.13743351
v -2.33670306 1.65163302 -0.1374215
v -2.37546801 1.62547195 -0.1373295
v -2.38040089 1.64948892 -0.1373295
v -2.32136106 1.69421696 -0.13753949
v -2.30197191 1.68476402 -0.13751651
v -2.22812008 1.97990202 -0.13733749
v -2.20913696 1.97552895 -0.1373675
v -2.21825289 1.90272593 -0.13726349
v -2.2407279 1.90644502 -0.13729049
v -2.28735494 1.74581992 -0.13747648
v -2.26862788 1.73717796 -0.13745351
v -2.19696092 2.01102399 -0.13721849
v -2.21531605 2.01771688 -0.13712151
v -2.18155002 2.07767009 -0.13709949
v -2.16332602 2.0676651 -0.1371255
v -2.22490096 1.84641993 -0.13732649
v -2.24595093 1.85147297 -0.13735251
v -2.41339397 1.61205399 -0.1373295
v -2.40870499 1.64177095 -0.1373295
v -2.24211502 1.79304897 -0.13738949
v -2.26152801 1.79988002 -0.13741551
v -2.45596504 1.61602699 -0.1373295
v -2.44133901 1.64743793 -0.1373295
v -2.63212704 1.15877592 -0.13709949
v -2.64643192 1.11634695 -0.13695149
v -2.6656239 1.12408697 -0.13698749
v -2.65252208 1.16226792 -0.13712449
v -2.15157508 2.11414718 -0.13695149
v -2.13641691 2.09997177 -0.13698749
v -2.55063104 1.59091103 -0.13743351
v -2.56381297 1.60775995 -0.13742248
v -2.52487802 1.63736999 -0.1373295
v -2.51950693 1.61294996 -0.1373295
v -2.57730007 1.562343 -0.13753949
v -2.59746694 1.56988394 -0.13751651
v -2.61994409 1.30005896 -0.13731451
v -2.64033889 1.29141402 -0.13731549
v -2.64844799 1.33430695 -0.13726349
v -2.62572002 1.335976 -0.13729049
v -2.60695791 1.50508701 -0.13747648
v -2.6267519 1.51104795 -0.13745351
v -2.63960003 1.22488892 -0.13721849
v -2.62003397 1.223778 -0.1371205
v -2.61880207 1.26267695 -0.13733749
v -2.6382451 1.261922 -0.1373675
v -2.6539061 1.39158093 -0.13732649
v -2.63216209 1.39112103 -0.13735251
v -2.48637509 1.65229296 -0.1373295
v -2.4910469 1.62200295 -0.1373295
v -2.64609289 1.44906091 -0.13738949
v -2.62566709 1.44585692 -0.13741551
v -2.85265302 0.51271295 -0.1373295
v -2.84496593 0.46964597 -0.1374215
v -2.86589694 0.46678096 -0.13743351
v -2.87339305 0.50201296 -0.1373295
v -2.84513092 0.42163297 -0.13751651
v -2.86519908 0.42914697 -0.13753949
v -2.94565892 0.21084797 -0.13726349
v -2.97533106 0.17874397 -0.13731549
v -2.98830294 0.19723397 -0.13731549
v -2.96391511 0.22465497 -0.13729049
v -2.86023592 0.36136397 -0.13745351
v -2.87936091 0.36899298 -0.13747648
v -3.047302 0.06388697 -0.1371005
v -3.02711796 0.12977796 -0.13712151
v -3.00969409 0.12097797 -0.13721849
v -3.02767109 0.05759897 -0.1371255
v -2.99236202 0.15427297 -0.1373675
v -3.00876402 0.16516797 -0.1373365
v -2.90944409 0.25448697 -0.13732649
v -2.92762088 0.26629996 -0.13735251
v -2.91350889 0.54379999 -0.1373365
v -2.89992809 0.56737995 -0.13735048
v -2.88255095 0.30368697 -0.13738949
v -2.90087509 0.31308797 -0.13741551
v -2.6882441 1.07126295 -0.1369865
v -2.66952204 1.06264793 -0.13695149
v -2.69047808 1.02307891 -0.13709949
v -2.70689296 1.03541791 -0.13712449
v -2.96398997 0.61599999 -0.1373295
v -2.96920299 0.66463995 -0.13742248
v -2.94806289 0.66666394 -0.13743351
v -2.94267201 0.62891894 -0.1373295
v -2.96491098 0.71512794 -0.13751651
v -2.94566988 0.70567196 -0.13753949
v -1.66214096 2.31399488 -0.1374215
v -1.67906403 2.32660675 -0.13743351
v -2.94243192 0.77685999 -0.13745351
v -2.92451906 0.76658999 -0.13747648
v -2.72933793 0.96958994 -0.1371205
v -2.74365997 0.98295199 -0.13721849
v -2.829108 0.914168 -0.13726349
v -2.76972103 0.956779 -0.1373675
v -2.75675988 0.94198995 -0.13733749
v -2.81462502 0.89643597 -0.13729049
v -2.8744421 0.87877094 -0.13732649
v -2.85913896 0.86326795 -0.13735251
v -2.92922711 0.59811496 -0.1373365
v -2.94831299 0.576617 -0.13733251
v -2.91078209 0.83353996 -0.13738949
v -2.89439702 0.82091194 -0.13741551
v -2.67659401 1.09903299 -0.13698749
v -2.65785694 1.090191 -0.1369505
v -0.46777701 2.82164716 -0.13743351
v -0.47105398 2.80059909 -0.1374215
v -0.51703399 2.80911779 -0.1373295
v -0.50371497 2.82970714 -0.1373295
v -0.43025699 2.82021474 -0.13753949
v -0.42306 2.79987573 -0.13751651
v -0.196015 2.93874883 -0.13731549
v -0.177842 2.92562007 -0.13731549
v -0.21047599 2.89654398 -0.13726349
v -0.223918 2.914958 -0.13729049
v -0.36983099 2.83317184 -0.13747648
v -0.362533 2.81388473 -0.13745351
v -0.11945299 2.9589262 -0.13721849
v -0.127862 2.97657394 -0.13712151
v -0.06188099 2.99561786 -0.13709949
v -0.055918 2.97570514 -0.1371255
v -0.16352799 2.95866107 -0.13733749
v -0.15306299 2.94220399 -0.1373675
v -0.25477099 2.86112785 -0.13732649
v -0.26624 2.87948894 -0.13735251
v -0.55348599 2.82613897 -0.1373295
v -0.52931499 2.84403801 -0.1373295
v -0.30445799 2.83514308 -0.13738949
v -0.31351399 2.853621 -0.13741551
v 2.20360708 2.09256506 -0.13706751
v 2.23977088 2.0285902 -0.1370335
v 2.25437998 1.986835 -0.1372555
v 2.26758408 1.91027593 -0.13728649
v 2.27243304 1.85676598 -0.1373855
v 2.28657198 1.80958795 -0.13744451
v 2.31067299 1.75897097 -0.1375045
v 2.34179711 1.71154391 -0.1375765
v 2.36536192 1.68999099 -0.13747249
v 2.39133501 1.67398798 -0.13734449
v 2.41006493 1.66909992 -0.1373295
v 2.43760895 1.67395198 -0.1373295
v 2.48998498 1.67957103 -0.1373295
v 2.53807997 1.660815 -0.13733749
v 2.58204007 1.62720501 -0.13743148
v 2.61975908 1.58477997 -0.1375065
v 2.65163588 1.52101993 -0.13742549
v 2.67232108 1.45491397 -0.1373585
v 2.68087601 1.39216291 -0.1372915
v 2.67509388 1.33137893 -0.1372305
v 2.66549897 1.26089298 -0.13737149
v 2.66631603 1.228271 -0.13731749
v 2.67820692 1.16902792 -0.13721649
v 2.690521 1.13353693 -0.13703449
v 2.7125101 1.08280694 -0.13703249
v 2.72991395 1.04960501 -0.13715951
v 2.76430606 1.00024092 -0.1373045
v 2.78715801 0.97679996 -0.13744948
v 2.84513211 0.93514496 -0.13726951
v 2.89335489 0.89779299 -0.13729549
v 2.93304801 0.84852194 -0.13736049
v 2.96687102 0.78804796 -0.13742549
v 2.99139595 0.72103697 -0.1374845
v 2.99633598 0.66449499 -0.13738949
v 2.99038195 0.60948896 -0.1373185
v 2.97060489 0.56129795 -0.1373295
v 2.90838694 0.51123398 -0.1373295
v 2.89898109 0.49371898 -0.1373205
v 2.8929131 0.46399098 -0.1374215
v 2.89223504 0.43219798 -0.13754849
v 2.90503406 0.37694096 -0.1375045
v 2.92511701 0.32457596 -0.13744749
v 2.94953489 0.28182297 -0.13738749
v 2.984797 0.24135696 -0.13732449
v 3.03131604 0.17894397 -0.13733048
v 3.05201101 0.13977497 -0.13701848
v 3.07378411 0.06981097 -0.13700948
v 3.08015298 0.01886897 -0.13690151
v 3.08000707 -0.01872902 -0.13690649
v 3.07345104 -0.06967302 -0.13706751
v 3.0518949 -0.13993002 -0.1370335
v 3.03163695 -0.17925803 -0.1372555
v 2.98515296 -0.24150502 -0.13728649
v 2.94965291 -0.28183403 -0.1373855
v 2.92513704 -0.32455301 -0.13744451
v 2.90497803 -0.37686201 -0.1375045
v 2.89196801 -0.43207502 -0.1375765
v 2.89252996 -0.46400901 -0.13747249
v 2.8987801 -0.49386903 -0.13734449
v 2.90836501 -0.511294 -0.1373295
v 2.97054791 -0.56126302 -0.1373295
v 2.9901669 -0.60943901 -0.13733749
v 2.99601292 -0.66446501 -0.13743148
v 2.99117207 -0.72102004 -0.1375065
v 2.9668169 -0.78802603 -0.13742549
v 2.93306493 -0.84850901 -0.1373585
v 2.89340496 -0.89788603 -0.1372915
v 2.84480404 -0.93599402 -0.13722948
v 2.80866503 -0.95942401 -0.1372935
v 2.78828096 -0.97618502 -0.1373815
v 2.76441597 -1.00005507 -0.13731749
v 2.72961497 -1.04944503 -0.13721649
v 2.71232605 -1.08279597 -0.13703449
v 2.69063401 -1.13365304 -0.13703249
v 2.67850995 -1.16912806 -0.13715951
v 2.66650104 -1.22788608 -0.13730348
v 2.6667459 -1.288643 -0.13737548
v 2.67483496 -1.33080899 -0.13724251
v 2.68081688 -1.39214897 -0.13729549
v 2.67229795 -1.45488297 -0.13736049
v 2.65166902 -1.52103602 -0.13742549
v 2.61990404 -1.58492207 -0.1374845
v 2.58226394 -1.62740707 -0.13738949
v 2.53824305 -1.66092801 -0.1373185
v 2.49003005 -1.67957806 -0.1373295
v 2.4376111 -1.67392396 -0.1373295
v 2.41001391 -1.66914999 -0.1373295
v 2.39134097 -1.67422807 -0.1373205
v 2.36559009 -1.69027304 -0.1374215
v 2.34204888 -1.711645 -0.13754849
v 2.3107481 -1.75895202 -0.1375045
v 2.28655409 -1.80954802 -0.13744749
v 2.27232289 -1.85667908 -0.13738749
v 2.26721096 -1.91010999 -0.13732449
v 2.25391101 -1.98680996 -0.13733048
v 2.23971796 -2.02877283 -0.13701848
v 2.20391511 -2.0927 -0.13700948
v 2.17147588 -2.13218116 -0.13690151
v 2.14563703 -2.15734911 -0.13690649
v 2.10543298 -2.18893623 -0.13706751
v 2.04080891 -2.22392225 -0.1370335
v 1.99879598 -2.23777103 -0.1372555
v 1.92200601 -2.24957323 -0.13728649
v 1.86841499 -2.25344514 -0.1373855
v 1.82098805 -2.26671791 -0.13744451
v 1.76994204 -2.2898879 -0.1375045
v 1.72195601 -2.32014322 -0.1375765
v 1.69997203 -2.34331512 -0.13747249
v 1.68349599 -2.36899089 -0.13734449
v 1.67826604 -2.38762903 -0.1373295
v 1.68261599 -2.41525697 -0.1373295
v 1.68728005 -2.46772384 -0.1373295
v 1.66764795 -2.51546526 -0.13733749
v 1.63324296 -2.55880498 -0.13743148
v 1.59013998 -2.5957489 -0.1375065
v 1.52580201 -2.62645292 -0.13742549
v 1.459329 -2.6459279 -0.1373585
v 1.39643204 -2.65333509 -0.1372915
v 1.33577096 -2.64644479 -0.1372305
v 1.26546895 -2.6355648 -0.13737149
v 1.232836 -2.63578605 -0.13731749
v 1.17338299 -2.64659309 -0.13721649
v 1.137676 -2.65825891 -0.13703449
v 1.08654999 -2.67932081 -0.13703249
v 1.05303502 -2.69611406 -0.13715951
v 1.00305497 -2.7296009 -0.1373045
v 0.97919899 -2.75201988 -0.13744948
v 0.93649798 -2.80922603 -0.13726951
v 0.89826798 -2.85675287 -0.13729549
v 0.84828299 -2.895545 -0.13736049
v 0.78719699 -2.92825603 -0.13742549
v 0.71975302 -2.9515562 -0.1374845
v 0.663127 -2.95546197 -0.13738949
v 0.60823601 -2.94850397 -0.1373185
v 0.56078302 -2.92799902 -0.1373295
v 0.52736598 -2.88722705 -0.1373295
v 0.51103597 -2.86448001 -0.1373295
v 0.49415499 -2.85501098 -0.1373205
v 0.46454301 -2.84839582 -0.1374215
v 0.43277099 -2.84713792 -0.13754849
v 0.37728801 -2.85892486 -0.1375045
v 0.32456401 -2.87804889 -0.13744749
v 0.281374 -2.90168714 -0.13738749
v 0.24027299 -2.93619918 -0.13732449
v 0.177017 -2.98157787 -0.13733048
v 0.13748 -3.00154924 -0.13701848
v 0.06689599 -3.02210426 -0.1370105
v 0.002339 -3.02756881 -0.1369035
v -0.06675399 -3.02181196 -0.13706548
v -0.137663 -3.0014429 -0.1370335
v -0.17735299 -2.98190403 -0.1372555
v -0.24044099 -2.93655824 -0.13728649
v -0.28141 -2.90180492 -0.1373855
v -0.32456898 -2.87806892 -0.13744451
v -0.37723699 -2.85886907 -0.1375045
v -0.432682 -2.84686899 -0.1375765
v -0.464596 -2.84801387 -0.13747249
v -0.494336 -2.854815 -0.13734449
v -0.51112401 -2.86445999 -0.1373295
v -0.52736401 -2.8872261 -0.1373295
v -0.56077599 -2.92794704 -0.1373295
v -0.60821902 -2.94828796 -0.13733749
v -0.66312801 -2.95513916 -0.13743148
v -0.719769 -2.95133304 -0.1375065
v -0.78720402 -2.92820215 -0.13742549
v -0.848297 -2.89556217 -0.1373585
v -0.89838701 -2.85680818 -0.1372915
v -0.93687099 -2.80941915 -0.1372305
v -0.97944301 -2.75241804 -0.13737149
v -1.00289404 -2.72972679 -0.13731749
v -1.05290901 -2.69581317 -0.13721649
v -1.08656895 -2.67913818 -0.13703449
v -1.13781595 -2.65837526 -0.13703249
v -1.17350304 -2.64689493 -0.13715951
v -1.23263299 -2.63580703 -0.1373045
v -1.26536202 -2.63510799 -0.13744948
v -1.33590304 -2.64605283 -0.13726951
v -1.39648294 -2.65321207 -0.13729549
v -1.45932698 -2.64590501 -0.13736049
v -1.52584397 -2.6264882 -0.13742549
v -1.59030699 -2.59589719 -0.1374845
v -1.63347101 -2.55903291 -0.13738949
v -1.66778504 -2.51563024 -0.1373185
v -1.68746304 -2.46740579 -0.1373295
v -1.67819201 -2.38809108 -0.1373295
v -1.68376398 -2.3690052 -0.1373205
v -1.70027804 -2.34355402 -0.1374215
v -1.72207999 -2.3203969 -0.13754849
v -1.76994502 -2.2899661 -0.1375045
v -1.82097601 -2.26670408 -0.13744749
v -1.86836004 -2.25333499 -0.13738749
v -1.92187202 -2.24919796 -0.13732449
v -1.99880504 -2.23730707 -0.13733048
v -2.04101991 -2.22387695 -0.13701848
v -2.10559392 -2.18924713 -0.13700948
v -2.14566206 -2.15752983 -0.13690151
v -2.17129397 -2.13215112 -0.13690649
v -2.20360398 -2.09253311 -0.13706751
v -2.23976898 -2.02856397 -0.1370335
v -2.25437808 -1.98680603 -0.1372555
v -2.26758289 -1.91024506 -0.13728649
v -2.27242994 -1.85673701 -0.1373855
v -2.28657102 -1.80955803 -0.13744451
v -2.31067204 -1.75894498 -0.1375045
v -2.34179496 -1.71151697 -0.1375765
v -2.36536097 -1.68996202 -0.13747249
v -2.3913331 -1.67395901 -0.13734449
v -2.41006207 -1.66907405 -0.1373295
v -2.43760895 -1.67392396 -0.1373295
v -2.48998403 -1.67954099 -0.1373295
v -2.53807902 -1.66078603 -0.13733749
v -2.58203792 -1.62717604 -0.13743148
v -2.61975789 -1.58475601 -0.1375065
v -2.65163588 -1.52099096 -0.13742549
v -2.67231893 -1.45488405 -0.1373585
v -2.6808741 -1.39213502 -0.1372915
v -2.67509198 -1.33135497 -0.1372305
v -2.66549801 -1.260867 -0.13737149
v -2.66631388 -1.22824502 -0.13731749
v -2.67820406 -1.16900003 -0.13721649
v -2.6905179 -1.13350904 -0.13703449
v -2.71250891 -1.08277702 -0.13703249
v -2.72991204 -1.04957699 -0.13715951
v -2.76430511 -1.000216 -0.1373045
v -2.78715705 -0.97677099 -0.13744948
v -2.84513092 -0.935121 -0.13726951
v -2.89335393 -0.897767 -0.13729549
v -2.93304705 -0.84849405 -0.13736049
v -2.96687102 -0.78801804 -0.13742549
v -2.99139404 -0.72101002 -0.1374845
v -2.99633407 -0.66446805 -0.13738949
v -2.99038004 -0.60945904 -0.1373185
v -2.97075295 -0.56164002 -0.1373295
v -2.9305849 -0.52747601 -0.1373295
v -2.90813589 -0.51073801 -0.1373295
v -2.8989799 -0.49369001 -0.1373205
v -2.89291191 -0.46396103 -0.1374215
v -2.89223408 -0.43216803 -0.13754849
v -2.90503311 -0.37691101 -0.1375045
v -2.92511701 -0.32454702 -0.13744749
v -2.94953393 -0.28179404 -0.13738749
v -2.98479604 -0.24132703 -0.13732449
v -3.03131604 -0.17891302 -0.13733048
v -3.05201101 -0.13974702 -0.13701848
v -3.07378411 -0.06978102 -0.13700948
v -3.08015298 -0.01883802 -0.13690151
v -3.08000707 0.01875897 -0.13690649
v -3.07345008 0.06970397 -0.13706751
v -3.05188894 0.13995097 -0.1370335
v -3.03220105 0.17827796 -0.13725249
v -3.01009106 0.21316097 -0.13729651
v -2.9841969 0.24221597 -0.1373095
v -2.94959211 0.28184697 -0.1373855
v -2.92513704 0.32458296 -0.13744451
v -2.90497708 0.37689197 -0.1375045
v -2.89196705 0.43210598 -0.1375765
v -2.8925569 0.46399897 -0.13747249
v -2.89801788 0.48926296 -0.13735048
v -2.93239402 0.52487498 -0.13732849
v -2.970968 0.561194 -0.13732148
v -2.99021196 0.60954499 -0.13733451
v -2.99601888 0.66449099 -0.13743148
v -2.99117088 0.72104996 -0.1375065
v -2.96681594 0.788055 -0.13742549
v -2.93306398 0.84854096 -0.1373585
v -2.8934021 0.89791798 -0.1372915
v -2.84531402 0.93552595 -0.1372305
v -2.78755211 0.97705197 -0.13737149
v -2.76443505 1.00009 -0.13731749
v -2.72961306 1.049474 -0.13721649
v -2.71235108 1.08276093 -0.1370355
v -2.70117306 1.10961496 -0.1370335
v -2.69061088 1.13375794 -0.13703249
v -2.67850494 1.16915392 -0.13715951
v -2.66634702 1.22807991 -0.1373045
v -2.66497802 1.261922 -0.1374505
v -2.66684794 1.28847801 -0.13733349
v -2.67493391 1.33075201 -0.13724251
v -2.68081498 1.39217793 -0.13729549
v -2.67229604 1.45491397 -0.13736049
v -2.65166807 1.52106797 -0.13742549
v -2.61990189 1.58495402 -0.1374845
v -2.58226108 1.62743794 -0.13738949
v -2.5382421 1.66095697 -0.1373185
v -2.4900279 1.67961192 -0.1373295
v -2.43760705 1.67395293 -0.1373295
v -2.41001296 1.66917991 -0.1373295
v -2.39134001 1.67425692 -0.1373205
v -2.36559009 1.69030201 -0.1374215
v -2.34204602 1.71167695 -0.13754849
v -2.31074595 1.75898194 -0.1375045
v -2.2865529 1.80957794 -0.13744749
v -2.27232098 1.85671103 -0.13738749
v -2.26720905 1.91013896 -0.13732449
v -2.25390911 1.98683798 -0.13733048
v -2.23971605 2.02880287 -0.13701848
v -2.20391202 2.09273195 -0.13700948
v -2.17150402 2.13217401 -0.13690151
v -2.15816903 2.14510679 -0.13690649
v -2.14559006 2.15740108 -0.13690649
v -2.10543394 2.18896389 -0.13706751
v -2.04080605 2.2239561 -0.1370335
v -1.998793 2.23780012 -0.1372555
v -1.922001 2.24960279 -0.13728649
v -1.86841595 2.25346994 -0.1373855
v -1.82098603 2.26675176 -0.13744451
v -1.76993894 2.28991985 -0.1375045
v -1.72195398 2.32017278 -0.1375765
v -1.69997096 2.34334421 -0.13747249
v -1.68349504 2.36902093 -0.13734449
v -1.67826402 2.38765811 -0.1373295
v -1.68261301 2.41528701 -0.1373295
v -1.68727695 2.46775817 -0.1373295
v -1.66764497 2.51549577 -0.13733749
v -1.63324201 2.55883598 -0.13743148
v -1.59013903 2.59577798 -0.1375065
v -1.52579999 2.62648677 -0.13742549
v -1.45932602 2.64595985 -0.1373585
v -1.39643001 2.65336275 -0.1372915
v -1.33575797 2.64652919 -0.1372305
v -1.30055499 2.64095306 -0.13729949
v -1.23204505 2.63619375 -0.1372915
v -1.17341995 2.64668798 -0.13721649
v -1.13767099 2.6582899 -0.13703449
v -1.08654701 2.67934799 -0.13703249
v -1.05303502 2.69613885 -0.13715951
v -1.00305295 2.72962999 -0.1373045
v -0.97919702 2.75204801 -0.13744948
v -0.93649697 2.80925798 -0.13726951
v -0.898265 2.85678911 -0.13729549
v -0.84828102 2.89557409 -0.13736049
v -0.78719502 2.92828702 -0.13742549
v -0.719751 2.95158386 -0.1374845
v -0.66312402 2.95548677 -0.13738949
v -0.60823702 2.94853115 -0.1373185
v -0.56078201 2.92803812 -0.1373295
v -0.52736401 2.8872528 -0.1373295
v -0.51103401 2.8645029 -0.1373295
v -0.49415499 2.85503673 -0.1373205
v -0.464542 2.84842586 -0.1374215
v -0.43277001 2.84716701 -0.13754849
v -0.377285 2.8589549 -0.1375045
v -0.324561 2.87807798 -0.13744749
v -0.28137201 2.90171289 -0.13738749
v -0.24107 2.93547487 -0.13732351
v -0.211473 2.9606409 -0.13733349
v -0.176082 2.98218917 -0.13731451
v -0.13750299 3.0015912 -0.13701848
v -0.066687 3.02220392 -0.1370105
v 0.015519 3.02756881 -0.1369035
v 0.06702599 3.02173996 -0.13706751
v 0.137665 3.00146484 -0.1370335
v 0.177356 2.98193311 -0.1372555
v 0.240444 2.93658304 -0.13728649
v 0.28141 2.90182781 -0.1373855
v 0.32456898 2.87809801 -0.13744451
v 0.37723898 2.85889816 -0.1375045
v 0.43268299 2.84689807 -0.1375765
v 0.46459901 2.84804391 -0.13747249
v 0.49434098 2.85484075 -0.13734449
v 0.51112502 2.86448288 -0.1373295
v 0.52736502 2.8872528 -0.1373295
v 0.560777 2.9279809 -0.1373295
v 0.60822302 2.94831609 -0.13733749
v 0.66313099 2.95516395 -0.13743148
v 0.719769 2.95135974 -0.1375065
v 0.78720498 2.92823314 -0.13742549
v 0.84829902 2.89559078 -0.1373585
v 0.89838701 2.85683918 -0.1372915
v 0.937379 2.80894517 -0.13722948
v 0.96146899 2.77323103 -0.1372935
v 0.978594 2.75316095 -0.1373815
v 1.0029 2.72973918 -0.13731749
v 1.05231094 2.69623994 -0.13721551
v 1.11352205 2.66841983 -0.13703249
v 1.17414104 2.64678907 -0.13716249
v 1.23264396 2.63584184 -0.1373045
v 1.266505 2.63509511 -0.1374505
v 1.29302299 2.63744783 -0.13733349
v 1.33514094 2.64630174 -0.13724251
v 1.39644599 2.65330505 -0.13729549
v 1.459329 2.64593696 -0.13736049
v 1.525846 2.62651681 -0.13742549
v 1.59030997 2.5959258 -0.1374845
v 1.63347101 2.55906391 -0.13738949
v 1.66778695 2.51566076 -0.1373185
v 1.68731498 2.4677968 -0.1373295
v 1.68261599 2.41528701 -0.1373295
v 1.67834305 2.38760995 -0.1373295
v 1.68376505 2.36903286 -0.1373205
v 1.70027899 2.34357881 -0.1374215
v 1.72208094 2.32042694 -0.13754849
v 1.76994705 2.2899928 -0.1375045
v 1.82097899 2.26673173 -0.13744749
v 1.86836004 2.25335979 -0.13738749
v 1.921875 2.24922704 -0.13732449
v 1.99880802 2.237329 -0.13733048
v 2.0410211 2.22390174 -0.13701848
v 2.10559511 2.18927478 -0.13700948
v 2.14566397 2.15755796 -0.13690151
v 2.17129492 2.13218116 -0.13690649
g Group32941
f 1207 1206 1205 1204
g Group32944
f 15 3 1204 1205
g Group36573
f 1 3 15 16
g Group32941
f 1206 1209 1208 1205
g Group32944
f 8 15 1205 1208
g Group36573
f 16 15 8 7
g Group32941
f 1213 1212 1211 1210
g Group32944
f 801 793 1210 1211
g Group36573
f 794 793 801 802
g Group32941
f 1209 1215 1214 1208
g Group32944
f 12 8 1208 1214
g Group36573
f 7 8 12 5
g Group32941
f 1219 1218 1217 1216
g Group32944
f 22 20 1218 1219
g Group36573
f 22 21 19 20
g Group32941
f 1223 1222 1221 1220
g Group32944
f 17 9 1220 1221
g Group36573
f 13 9 17 18
g Group32941
f 1225 1223 1220 1224
g Group32944
f 9 10 1224 1220
g Group36573
f 14 10 9 13
g Group32941
f 1218 1221 1222 1217
g Group32944
f 20 17 1221 1218
g Group36573
f 20 19 18 17
g Group32941
f 1204 1227 1226 1207
g Group32944
f 3 4 1227 1204
g Group36573
f 3 1 2 4
g Group32941
f 1229 1225 1224 1228
g Group32944
f 10 11 1228 1224
g Group36573
f 6 11 10 14
g Group32941
f 1227 1231 1230 1226
g Group32944
f 4 50 1231 1227
g Group36573
f 4 2 49 50
g Group32941
f 1215 1229 1228 1214
g Group32944
f 11 12 1214 1228
g Group36573
f 5 12 11 6
g Group32941
f 1235 1234 1233 1232
g Group32944
f 45 47 1233 1234
g Group36573
f 46 48 47 45
g Group32941
f 1219 1216 1237 1236
g Group32944
f 24 22 1219 1236
g Group36573
f 22 24 23 21
g Group32941
f 1241 1240 1239 1238
g Group32944
f 25 40 1240 1241
g Group36573
f 25 27 39 40
g Group32941
f 1240 1243 1242 1239
g Group32944
f 40 31 1243 1240
g Group36573
f 40 39 32 31
g Group32941
f 1245 1213 1210 1244
g Group32944
f 793 795 1244 1210
g Group36573
f 796 795 793 794
g Group32941
f 1243 1247 1246 1242
g Group32944
f 31 29 1247 1243
g Group36573
f 31 32 36 29
g Group32941
f 1235 1249 1248 1234
g Group32944
f 43 45 1234 1248
g Group36573
f 46 45 43 44
g Group32941
f 1253 1252 1251 1250
g Group32944
f 37 42 1252 1253
g Group36573
f 37 33 41 42
g Group32941
f 1255 1253 1250 1254
g Group32944
f 38 37 1253 1255
g Group36573
f 38 34 33 37
g Group32941
f 1249 1251 1252 1248
g Group32944
f 42 43 1248 1252
g Group36573
f 44 43 42 41
g Group32941
f 1238 1257 1256 1241
g Group32944
f 26 25 1241 1256
g Group36573
f 27 25 26 28
g Group32941
f 1259 1255 1254 1258
g Group32944
f 30 38 1255 1259
g Group36573
f 30 35 34 38
g Group32941
f 1257 1230 1231 1256
g Group32944
f 50 26 1256 1231
g Group36573
f 28 26 50 49
g Group32941
f 1247 1259 1258 1246
g Group32944
f 29 30 1259 1247
g Group36573
f 29 36 35 30
g Group32941
f 1237 1261 1260 1236
g Group32944
f 172 24 1236 1260
g Group36573
f 23 24 172 171
g Group32941
f 1265 1264 1263 1262
g Group32944
f 53 65 1263 1264
g Group36573
f 51 66 65 53
g Group32941
f 1262 1263 1267 1266
g Group32944
f 65 58 1267 1263
g Group36573
f 66 57 58 65
g Group32941
f 1271 1270 1269 1268
g Group32944
f 59 67 1269 1270
g Group36573
f 63 68 67 59
g Group32941
f 1266 1267 1273 1272
g Group32944
f 58 62 1273 1267
g Group36573
f 57 55 62 58
g Group32941
f 1277 1276 1275 1274
g Group32944
f 70 72 1277 1274
g Group36573
f 72 70 69 71
g Group32941
f 1281 1280 1279 1278
g Group32944
f 776 774 1281 1278
g Group36573
f 774 776 775 773
g Group32941
f 1283 1282 1270 1271
g Group32944
f 60 59 1270 1282
g Group36573
f 64 63 59 60
g Group32941
f 1274 1275 1268 1269
g Group32944
f 67 70 1274 1269
g Group36573
f 70 67 68 69
g Group32941
f 1264 1265 1285 1284
g Group32944
f 54 53 1264 1284
g Group36573
f 53 54 52 51
g Group32941
f 1287 1286 1282 1283
g Group32944
f 61 60 1282 1286
g Group36573
f 56 64 60 61
g Group32941
f 1284 1285 1289 1288
g Group32944
f 98 54 1284 1288
g Group36573
f 54 98 97 52
g Group32941
f 1272 1273 1286 1287
g Group32944
f 62 61 1286 1273
g Group36573
f 55 56 61 62
g Group32941
f 1293 1292 1291 1290
g Group32944
f 95 93 1290 1291
g Group36573
f 94 93 95 96
g Group32941
f 1297 1296 1295 1294
g Group32944
f 777 792 1296 1297
g Group36573
f 777 779 791 792
g Group32941
f 1301 1300 1299 1298
g Group32944
f 88 73 1301 1298
g Group36573
f 73 88 87 75
g Group32941
f 1298 1299 1303 1302
g Group32944
f 79 88 1298 1302
g Group36573
f 88 79 80 87
g Group32941
f 1307 1306 1305 1304
g Group32944
f 272 674 1305 1306
g Group36573
f 271 673 674 272
g Group32941
f 1302 1303 1309 1308
g Group32944
f 77 79 1302 1308
g Group36573
f 79 77 84 80
g Group32941
f 1293 1290 1311 1310
g Group32944
f 93 91 1311 1290
g Group36573
f 94 92 91 93
g Group32941
f 1315 1314 1313 1312
g Group32944
f 90 85 1315 1312
g Group36573
f 85 90 89 81
g Group32941
f 1317 1316 1314 1315
g Group32944
f 85 86 1317 1315
g Group36573
f 86 85 81 82
g Group32941
f 1310 1311 1312 1313
g Group32944
f 91 90 1312 1311
g Group36573
f 92 89 90 91
g Group32941
f 1300 1301 1319 1318
g Group32944
f 73 74 1319 1301
g Group36573
f 75 76 74 73
g Group32941
f 1321 1320 1316 1317
g Group32944
f 86 78 1321 1317
g Group36573
f 78 86 82 83
g Group32941
f 1318 1319 1288 1289
g Group32944
f 74 98 1288 1319
g Group36573
f 76 97 98 74
g Group32941
f 1308 1309 1320 1321
g Group32944
f 78 77 1308 1321
g Group36573
f 77 78 83 84
g Group32941
f 1325 1324 1323 1322
g Group32944
f 790 789 1324 1325
g Group36573
f 790 786 785 789
g Group32941
f 1233 1291 1292 1232
g Group32944
f 47 95 1291 1233
g Group36573
f 47 48 96 95
g Group32941
f 1329 1328 1327 1326
g Group32944
f 113 101 1326 1327
g Group36573
f 99 101 113 114
g Group32941
f 1328 1331 1330 1327
g Group32944
f 106 113 1327 1330
g Group36573
f 114 113 106 105
g Group32941
f 1335 1334 1333 1332
g Group32944
f 742 727 1335 1332
g Group36573
f 727 742 741 729
g Group32941
f 1331 1337 1336 1330
g Group32944
f 110 106 1330 1336
g Group36573
f 105 106 110 103
g Group32941
f 1341 1340 1339 1338
g Group32944
f 120 118 1340 1341
g Group36573
f 120 119 117 118
g Group32941
f 1345 1344 1343 1342
g Group32944
f 115 107 1342 1343
g Group36573
f 111 107 115 116
g Group32941
f 1347 1345 1342 1346
g Group32944
f 107 108 1346 1342
g Group36573
f 112 108 107 111
g Group32941
f 1340 1343 1344 1339
g Group32944
f 118 115 1343 1340
g Group36573
f 118 117 116 115
g Group32941
f 1326 1349 1348 1329
g Group32944
f 101 102 1349 1326
g Group36573
f 101 99 100 102
g Group32941
f 1351 1347 1346 1350
g Group32944
f 108 109 1350 1346
g Group36573
f 104 109 108 112
g Group32941
f 1349 1353 1352 1348
g Group32944
f 102 124 1353 1349
g Group36573
f 102 100 126 124
g Group32941
f 1337 1351 1350 1336
g Group32944
f 109 110 1336 1350
g Group36573
f 103 110 109 104
g Group32941
f 1357 1356 1355 1354
g Group32944
f 145 147 1355 1356
g Group36573
f 146 148 147 145
g Group32941
f 1341 1338 1359 1358
g Group32944
f 122 120 1341 1358
g Group36573
f 120 122 121 119
g Group32941
f 1363 1362 1361 1360
g Group32944
f 123 138 1362 1363
g Group36573
f 123 125 137 138
g Group32941
f 1362 1365 1364 1361
g Group32944
f 138 129 1365 1362
g Group36573
f 138 137 130 129
g Group32941
f 1369 1368 1367 1366
g Group32944
f 135 141 1368 1369
g Group36573
f 135 131 142 141
g Group32941
f 1365 1371 1370 1364
g Group32944
f 129 127 1371 1365
g Group36573
f 129 130 134 127
g Group32941
f 1357 1373 1372 1356
g Group32944
f 143 145 1356 1372
g Group36573
f 146 145 143 144
g Group32941
f 1368 1375 1374 1367
g Group32944
f 141 140 1375 1368
g Group36573
f 141 142 139 140
g Group32941
f 1377 1369 1366 1376
g Group32944
f 136 135 1369 1377
g Group36573
f 136 132 131 135
g Group32941
f 1373 1374 1375 1372
g Group32944
f 140 143 1372 1375
g Group36573
f 144 143 140 139
g Group32941
f 1360 1352 1353 1363
g Group32944
f 124 123 1363 1353
g Group36573
f 125 123 124 126
g Group32941
f 1379 1377 1376 1378
g Group32944
f 128 136 1377 1379
g Group36573
f 128 133 132 136
g Group32941
f 1383 1382 1381 1380
g Group32944
f 745 744 1381 1382
g Group36573
f 746 743 744 745
g Group32941
f 1371 1379 1378 1370
g Group32944
f 127 128 1379 1371
g Group36573
f 127 134 133 128
g Group32941
f 1387 1386 1385 1384
g Group32944
f 151 163 1385 1386
g Group36573
f 149 164 163 151
g Group32941
f 1384 1385 1389 1388
g Group32944
f 163 156 1389 1385
g Group36573
f 164 155 156 163
g Group32941
f 1294 1391 1390 1297
g Group32944
f 778 777 1297 1390
g Group36573
f 779 777 778 780
g Group32941
f 1388 1389 1393 1392
g Group32944
f 156 160 1393 1389
g Group36573
f 155 153 160 156
g Group32941
f 1397 1396 1395 1394
g Group32944
f 168 170 1397 1394
g Group36573
f 170 168 167 169
g Group32941
f 1401 1400 1399 1398
g Group32944
f 157 165 1399 1400
g Group36573
f 161 166 165 157
g Group32941
f 1403 1402 1400 1401
g Group32944
f 158 157 1400 1402
g Group36573
f 162 161 157 158
g Group32941
f 1394 1395 1398 1399
g Group32944
f 165 168 1394 1399
g Group36573
f 168 165 166 167
g Group32941
f 1386 1387 1405 1404
g Group32944
f 152 151 1386 1404
g Group36573
f 151 152 150 149
g Group32941
f 1407 1406 1402 1403
g Group32944
f 159 158 1402 1406
g Group36573
f 154 162 158 159
g Group32941
f 1404 1405 1409 1408
g Group32944
f 198 152 1404 1408
g Group36573
f 152 198 197 150
g Group32941
f 1392 1393 1406 1407
g Group32944
f 160 159 1406 1393
g Group36573
f 153 154 159 160
g Group32941
f 1413 1412 1411 1410
g Group32944
f 195 193 1410 1411
g Group36573
f 194 193 195 196
g Group32941
f 1397 1260 1261 1396
g Group32944
f 170 172 1260 1397
g Group36573
f 170 169 171 172
g Group32941
f 1417 1416 1415 1414
g Group32944
f 188 173 1417 1414
g Group36573
f 173 188 187 175
g Group32941
f 1414 1415 1419 1418
g Group32944
f 179 188 1414 1418
g Group36573
f 188 179 180 187
g Group32941
f 1423 1422 1421 1420
g Group32944
f 189 185 1423 1420
g Group36573
f 185 189 190 181
g Group32941
f 1418 1419 1425 1424
g Group32944
f 177 179 1418 1424
g Group36573
f 179 177 184 180
g Group32941
f 1413 1410 1427 1426
g Group32944
f 193 191 1427 1410
g Group36573
f 194 192 191 193
g Group32941
f 1420 1421 1426 1427
g Group32944
f 191 189 1420 1427
g Group36573
f 189 191 192 190
g Group32941
f 1429 1428 1422 1423
g Group32944
f 185 186 1429 1423
g Group36573
f 186 185 181 182
g Group32941
f 1433 1432 1431 1430
g Group32944
f 797 749 1433 1430
g Group36573
f 749 797 798 750
g Group32941
f 1416 1417 1435 1434
g Group32944
f 173 174 1435 1417
g Group36573
f 175 176 174 173
g Group32941
f 1437 1436 1428 1429
g Group32944
f 186 178 1437 1429
g Group36573
f 178 186 182 183
g Group32941
f 1434 1435 1408 1409
g Group32944
f 174 198 1408 1435
g Group36573
f 176 197 198 174
g Group32941
f 1424 1425 1436 1437
g Group32944
f 178 177 1424 1437
g Group36573
f 177 178 183 184
g Group32941
f 1355 1411 1412 1354
g Group32944
f 147 195 1411 1355
g Group36573
f 147 148 196 195
g Group32941
f 1278 1279 1439 1438
g Group32944
f 650 776 1278 1438
g Group36573
f 776 650 649 775
g Group32941
f 1441 1325 1322 1440
g Group32944
f 782 790 1325 1441
g Group36573
f 782 787 786 790
g Group32941
f 1445 1444 1443 1442
g Group32944
f 213 201 1442 1443
g Group36573
f 199 201 213 214
g Group32941
f 1444 1447 1446 1443
g Group32944
f 206 213 1443 1446
g Group36573
f 214 213 206 205
g Group32941
f 1451 1450 1449 1448
g Group32944
f 215 207 1448 1449
g Group36573
f 211 207 215 216
g Group32941
f 1447 1453 1452 1446
g Group32944
f 210 206 1446 1452
g Group36573
f 205 206 210 203
g Group32941
f 1457 1456 1455 1454
g Group32944
f 220 218 1456 1457
g Group36573
f 220 219 217 218
g Group32941
f 1461 1460 1459 1458
g Group32944
f 761 762 1458 1459
g Group36573
f 766 762 761 765
g Group32941
f 1463 1451 1448 1462
g Group32944
f 207 208 1462 1448
g Group36573
f 212 208 207 211
g Group32941
f 1456 1449 1450 1455
g Group32944
f 218 215 1449 1456
g Group36573
f 218 217 216 215
g Group32941
f 1442 1465 1464 1445
g Group32944
f 201 202 1465 1442
g Group36573
f 201 199 200 202
g Group32941
f 1467 1463 1462 1466
g Group32944
f 208 209 1466 1462
g Group36573
f 204 209 208 212
g Group32941
f 1465 1469 1468 1464
g Group32944
f 202 248 1469 1465
g Group36573
f 202 200 247 248
g Group32941
f 1453 1467 1466 1452
g Group32944
f 209 210 1452 1466
g Group36573
f 203 210 209 204
g Group32941
f 1473 1472 1471 1470
g Group32944
f 243 245 1471 1472
g Group36573
f 244 246 245 243
g Group32941
f 1457 1454 1475 1474
g Group32944
f 222 220 1457 1474
g Group36573
f 220 222 221 219
g Group32941
f 1479 1478 1477 1476
g Group32944
f 223 238 1478 1479
g Group36573
f 223 225 237 238
g Group32941
f 1478 1481 1480 1477
g Group32944
f 238 229 1481 1478
g Group36573
f 238 237 230 229
g Group32941
f 1485 1484 1483 1482
g Group32944
f 235 240 1484 1485
g Group36573
f 235 231 239 240
g Group32941
f 1481 1487 1486 1480
g Group32944
f 229 227 1487 1481
g Group36573
f 229 230 234 227
g Group32941
f 1473 1489 1488 1472
g Group32944
f 241 243 1472 1488
g Group36573
f 244 243 241 242
g Group32941
f 1460 1491 1490 1459
g Group32944
f 769 761 1459 1490
g Group36573
f 765 761 769 770
g Group32941
f 1493 1485 1482 1492
g Group32944
f 236 235 1485 1493
g Group36573
f 236 232 231 235
g Group32941
f 1489 1483 1484 1488
g Group32944
f 240 241 1488 1484
g Group36573
f 242 241 240 239
g Group32941
f 1476 1495 1494 1479
g Group32944
f 224 223 1479 1494
g Group36573
f 225 223 224 226
g Group32941
f 1497 1493 1492 1496
g Group32944
f 228 236 1493 1497
g Group36573
f 228 233 232 236
g Group32941
f 1495 1468 1469 1494
g Group32944
f 248 224 1494 1469
g Group36573
f 226 224 248 247
g Group32941
f 1487 1497 1496 1486
g Group32944
f 227 228 1497 1487
g Group36573
f 227 234 233 228
g Group32941
f 1501 1500 1499 1498
g Group32944
f 755 756 1500 1501
g Group36573
f 755 753 754 756
g Group32941
f 1505 1504 1503 1502
g Group32944
f 251 263 1503 1504
g Group36573
f 249 264 263 251
g Group32941
f 1502 1503 1507 1506
g Group32944
f 263 256 1507 1503
g Group36573
f 264 255 256 263
g Group32941
f 1511 1510 1509 1508
g Group32944
f 728 752 1509 1510
g Group36573
f 730 751 752 728
g Group32941
f 1506 1507 1513 1512
g Group32944
f 256 260 1513 1507
g Group36573
f 255 253 260 256
g Group32941
f 1517 1516 1515 1514
g Group32944
f 268 270 1517 1514
g Group36573
f 270 268 267 269
g Group32941
f 1521 1520 1519 1518
g Group32944
f 257 265 1519 1520
g Group36573
f 261 266 265 257
g Group32941
f 1523 1522 1520 1521
g Group32944
f 258 257 1520 1522
g Group36573
f 262 261 257 258
g Group32941
f 1514 1515 1518 1519
g Group32944
f 265 268 1514 1519
g Group36573
f 268 265 266 267
g Group32941
f 1504 1505 1525 1524
g Group32944
f 252 251 1504 1524
g Group36573
f 251 252 250 249
g Group32941
f 1527 1526 1522 1523
g Group32944
f 259 258 1522 1526
g Group36573
f 254 262 258 259
g Group32941
f 1524 1525 1529 1528
g Group32944
f 298 252 1524 1528
g Group36573
f 252 298 297 250
g Group32941
f 1512 1513 1526 1527
g Group32944
f 260 259 1526 1513
g Group36573
f 253 254 259 260
g Group32941
f 1533 1532 1531 1530
g Group32944
f 295 293 1530 1531
g Group36573
f 294 293 295 296
g Group32941
f 1517 1306 1307 1516
g Group32944
f 270 272 1306 1517
g Group36573
f 270 269 271 272
g Group32941
f 1537 1536 1535 1534
g Group32944
f 288 273 1537 1534
g Group36573
f 273 288 287 275
g Group32941
f 1534 1535 1539 1538
g Group32944
f 279 288 1534 1538
g Group36573
f 288 279 280 287
g Group32941
f 1281 1541 1540 1280
g Group32944
f 774 772 1541 1281
g Group36573
f 774 773 771 772
g Group32941
f 1538 1539 1543 1542
g Group32944
f 277 279 1538 1542
g Group36573
f 279 277 284 280
g Group32941
f 1533 1530 1545 1544
g Group32944
f 293 291 1545 1530
g Group36573
f 294 292 291 293
g Group32941
f 1549 1548 1547 1546
g Group32944
f 290 285 1549 1546
g Group36573
f 285 290 289 281
g Group32941
f 1551 1550 1548 1549
g Group32944
f 285 286 1551 1549
g Group36573
f 286 285 281 282
g Group32941
f 1544 1545 1546 1547
g Group32944
f 291 290 1546 1545
g Group36573
f 292 289 290 291
g Group32941
f 1536 1537 1553 1552
g Group32944
f 273 274 1553 1537
g Group36573
f 275 276 274 273
g Group32941
f 1555 1554 1550 1551
g Group32944
f 286 278 1555 1551
g Group36573
f 278 286 282 283
g Group32941
f 1552 1553 1528 1529
g Group32944
f 274 298 1528 1553
g Group36573
f 276 297 298 274
g Group32941
f 1542 1543 1554 1555
g Group32944
f 278 277 1542 1555
g Group36573
f 277 278 283 284
g Group32941
f 1471 1531 1532 1470
g Group32944
f 245 295 1531 1471
g Group36573
f 245 246 296 295
g Group32941
f 1559 1558 1557 1556
g Group32944
f 764 760 1556 1557
g Group36573
f 759 760 764 757
g Group32941
f 1563 1562 1561 1560
g Group32944
f 313 301 1560 1561
g Group36573
f 299 301 313 314
g Group32941
f 1562 1565 1564 1561
g Group32944
f 306 313 1561 1564
g Group36573
f 314 313 306 305
g Group32941
f 1569 1568 1567 1566
g Group32944
f 315 307 1566 1567
g Group36573
f 311 307 315 316
g Group32941
f 1565 1571 1570 1564
g Group32944
f 310 306 1564 1570
g Group36573
f 305 306 310 303
g Group32941
f 1575 1574 1573 1572
g Group32944
f 320 318 1574 1575
g Group36573
f 320 319 317 318
g Group32941
f 1296 1577 1576 1295
g Group32944
f 792 783 1577 1296
g Group36573
f 792 791 784 783
g Group32941
f 1579 1569 1566 1578
g Group32944
f 307 308 1578 1566
g Group36573
f 312 308 307 311
g Group32941
f 1574 1567 1568 1573
g Group32944
f 318 315 1567 1574
g Group36573
f 318 317 316 315
g Group32941
f 1560 1581 1580 1563
g Group32944
f 301 302 1581 1560
g Group36573
f 301 299 300 302
g Group32941
f 1583 1579 1578 1582
g Group32944
f 308 309 1582 1578
g Group36573
f 304 309 308 312
g Group32941
f 1581 1585 1584 1580
g Group32944
f 302 346 1585 1581
g Group36573
f 302 300 345 346
g Group32941
f 1571 1583 1582 1570
g Group32944
f 309 310 1570 1582
g Group36573
f 303 310 309 304
g Group32941
f 1589 1588 1587 1586
g Group32944
f 341 343 1587 1588
g Group36573
f 342 344 343 341
g Group32941
f 1575 1572 1591 1590
g Group32944
f 348 320 1575 1590
g Group36573
f 320 348 347 319
g Group32941
f 1595 1594 1593 1592
g Group32944
f 321 336 1594 1595
g Group36573
f 321 323 335 336
g Group32941
f 1594 1597 1596 1593
g Group32944
f 336 327 1597 1594
g Group36573
f 336 335 328 327
g Group32941
f 1601 1600 1599 1598
g Group32944
f 333 338 1600 1601
g Group36573
f 333 329 337 338
g Group32941
f 1597 1603 1602 1596
g Group32944
f 327 325 1603 1597
g Group36573
f 327 328 332 325
g Group32941
f 1589 1605 1604 1588
g Group32944
f 339 341 1588 1604
g Group36573
f 342 341 339 340
g Group32941
f 1245 1244 1430 1431
g Group32944
f 795 797 1430 1244
g Group36573
f 796 798 797 795
g Group32941
f 1607 1601 1598 1606
g Group32944
f 334 333 1601 1607
g Group36573
f 334 330 329 333
g Group32941
f 1605 1599 1600 1604
g Group32944
f 338 339 1604 1600
g Group36573
f 340 339 338 337
g Group32941
f 1592 1609 1608 1595
g Group32944
f 322 321 1595 1608
g Group36573
f 323 321 322 324
g Group32941
f 1611 1607 1606 1610
g Group32944
f 326 334 1607 1611
g Group36573
f 326 331 330 334
g Group32941
f 1609 1584 1585 1608
g Group32944
f 346 322 1608 1585
g Group36573
f 324 322 346 345
g Group32941
f 1603 1611 1610 1602
g Group32944
f 325 326 1611 1603
g Group36573
f 325 332 331 326
g Group32941
f 1577 1613 1612 1576
g Group32944
f 783 781 1613 1577
g Group36573
f 783 784 788 781
g Group32941
f 1617 1616 1615 1614
g Group32944
f 351 363 1615 1616
g Group36573
f 349 364 363 351
g Group32941
f 1614 1615 1619 1618
g Group32944
f 363 356 1619 1615
g Group36573
f 364 355 356 363
g Group32941
f 1623 1622 1621 1620
g Group32944
f 357 365 1621 1622
g Group36573
f 361 366 365 357
g Group32941
f 1618 1619 1625 1624
g Group32944
f 356 360 1625 1619
g Group36573
f 355 353 360 356
g Group32941
f 1629 1628 1627 1626
g Group32944
f 368 370 1629 1626
g Group36573
f 370 368 367 369
g Group32941
f 1541 1490 1491 1540
g Group32944
f 772 769 1490 1541
g Group36573
f 772 771 770 769
g Group32941
f 1631 1630 1622 1623
g Group32944
f 358 357 1622 1630
g Group36573
f 362 361 357 358
g Group32941
f 1626 1627 1620 1621
g Group32944
f 365 368 1626 1621
g Group36573
f 368 365 366 367
g Group32941
f 1616 1617 1633 1632
g Group32944
f 352 351 1616 1632
g Group36573
f 351 352 350 349
g Group32941
f 1635 1634 1630 1631
g Group32944
f 359 358 1630 1634
g Group36573
f 354 362 358 359
g Group32941
f 1637 1461 1458 1636
g Group32944
f 762 763 1636 1458
g Group36573
f 758 763 762 766
g Group32941
f 1624 1625 1634 1635
g Group32944
f 360 359 1634 1625
g Group36573
f 353 354 359 360
g Group32941
f 1641 1640 1639 1638
g Group32944
f 395 393 1638 1639
g Group36573
f 394 393 395 396
g Group32941
f 1629 1643 1642 1628
g Group32944
f 370 372 1643 1629
g Group36573
f 370 369 371 372
g Group32941
f 1647 1646 1645 1644
g Group32944
f 388 373 1647 1644
g Group36573
f 373 388 387 375
g Group32941
f 1644 1645 1649 1648
g Group32944
f 379 388 1644 1648
g Group36573
f 388 379 380 387
g Group32941
f 1500 1651 1650 1499
g Group32944
f 756 800 1651 1500
g Group36573
f 756 754 799 800
g Group32941
f 1648 1649 1653 1652
g Group32944
f 377 379 1648 1652
g Group36573
f 379 377 384 380
g Group32941
f 1641 1638 1655 1654
g Group32944
f 393 391 1655 1638
g Group36573
f 394 392 391 393
g Group32941
f 1659 1658 1657 1656
g Group32944
f 390 385 1659 1656
g Group36573
f 385 390 389 381
g Group32941
f 1661 1660 1658 1659
g Group32944
f 385 386 1661 1659
g Group36573
f 386 385 381 382
g Group32941
f 1654 1655 1656 1657
g Group32944
f 391 390 1656 1655
g Group36573
f 392 389 390 391
g Group32941
f 1646 1647 1663 1662
g Group32944
f 373 374 1663 1647
g Group36573
f 375 376 374 373
g Group32941
f 1665 1664 1660 1661
g Group32944
f 386 378 1665 1661
g Group36573
f 378 386 382 383
g Group32941
f 1662 1663 1632 1633
g Group32944
f 374 352 1632 1663
g Group36573
f 376 350 352 374
g Group32941
f 1652 1653 1664 1665
g Group32944
f 378 377 1652 1665
g Group36573
f 377 378 383 384
g Group32941
f 1587 1639 1640 1586
g Group32944
f 343 395 1639 1587
g Group36573
f 343 344 396 395
g Group32941
f 1558 1637 1636 1557
g Group32944
f 763 764 1557 1636
g Group36573
f 757 764 763 758
g Group32941
f 1643 1474 1475 1642
g Group32944
f 372 222 1474 1643
g Group36573
f 372 371 221 222
g Group32941
f 1277 1590 1591 1276
g Group32944
f 72 348 1590 1277
g Group36573
f 72 71 347 348
g Group32941
f 1669 1668 1667 1666
g Group32944
f 399 411 1667 1668
g Group36573
f 397 412 411 399
g Group32941
f 1666 1667 1671 1670
g Group32944
f 411 404 1671 1667
g Group36573
f 412 403 404 411
g Group32941
f 1673 1672 1382 1383
g Group32944
f 747 745 1382 1672
g Group36573
f 748 746 745 747
g Group32941
f 1670 1671 1675 1674
g Group32944
f 404 408 1675 1671
g Group36573
f 403 401 408 404
g Group32941
f 1679 1678 1677 1676
g Group32944
f 416 418 1679 1676
g Group36573
f 418 416 415 417
g Group32941
f 1683 1682 1681 1680
g Group32944
f 405 413 1681 1682
g Group36573
f 409 414 413 405
g Group32941
f 1685 1684 1682 1683
g Group32944
f 406 405 1682 1684
g Group36573
f 410 409 405 406
g Group32941
f 1676 1677 1680 1681
g Group32944
f 413 416 1676 1681
g Group36573
f 416 413 414 415
g Group32941
f 1668 1669 1687 1686
g Group32944
f 400 399 1668 1686
g Group36573
f 399 400 398 397
g Group32941
f 1689 1688 1684 1685
g Group32944
f 407 406 1684 1688
g Group36573
f 402 410 406 407
g Group32941
f 1686 1687 1691 1690
g Group32944
f 446 400 1686 1690
g Group36573
f 400 446 445 398
g Group32941
f 1674 1675 1688 1689
g Group32944
f 408 407 1688 1675
g Group36573
f 401 402 407 408
g Group32941
f 1324 1211 1212 1323
g Group32944
f 789 801 1211 1324
g Group32941
f 789 785 802 801
f 1679 1693 1692 1678
g Group32944
f 418 420 1693 1679
g Group36573
f 418 417 419 420
g Group32941
f 1697 1696 1695 1694
g Group32944
f 436 421 1697 1694
g Group36573
f 421 436 435 423
g Group32941
f 1694 1695 1699 1698
g Group32944
f 427 436 1694 1698
g Group36573
f 436 427 428 435
g Group32941
f 1703 1702 1701 1700
g Group32944
f 439 433 1703 1700
g Group36573
f 433 439 440 429
g Group32941
f 1698 1699 1705 1704
g Group32944
f 425 427 1698 1704
g Group36573
f 427 425 432 428
g Group32941
f 1709 1708 1707 1706
g Group32944
f 443 441 1707 1708
g Group36573
f 444 442 441 443
g Group32941
f 1700 1701 1711 1710
g Group32944
f 438 439 1700 1710
g Group36573
f 439 438 437 440
g Group32941
f 1713 1712 1702 1703
g Group32944
f 433 434 1713 1703
g Group36573
f 434 433 429 430
g Group32941
f 1706 1707 1710 1711
g Group32944
f 441 438 1710 1707
g Group36573
f 442 437 438 441
g Group32941
f 1696 1697 1715 1714
g Group32944
f 421 422 1715 1697
g Group36573
f 423 424 422 421
g Group32941
f 1717 1716 1712 1713
g Group32944
f 434 426 1717 1713
g Group36573
f 426 434 430 431
g Group32941
f 1714 1715 1690 1691
g Group32944
f 422 446 1690 1715
g Group36573
f 424 445 446 422
g Group32941
f 1704 1705 1716 1717
g Group32944
f 426 425 1704 1717
g Group36573
f 425 426 431 432
g Group32941
f 1692 1693 1719 1718
g Group32944
f 420 570 1719 1693
g Group36573
f 419 569 570 420
g Group32941
f 1723 1722 1721 1720
g Group32944
f 461 449 1720 1721
g Group36573
f 447 449 461 462
g Group32941
f 1722 1725 1724 1721
g Group32944
f 454 461 1721 1724
g Group36573
f 462 461 454 453
g Group32941
f 1729 1728 1727 1726
g Group32944
f 463 455 1726 1727
g Group36573
f 459 455 463 464
g Group32941
f 1725 1731 1730 1724
g Group32944
f 458 454 1724 1730
g Group36573
f 453 454 458 451
g Group32941
f 1735 1734 1733 1732
g Group32944
f 468 466 1734 1735
g Group36573
f 468 467 465 466
g Group32941
f 1739 1738 1737 1736
g Group32944
f 739 740 1739 1736
g Group36573
f 740 739 735 736
g Group32941
f 1741 1729 1726 1740
g Group32944
f 455 456 1740 1726
g Group36573
f 460 456 455 459
g Group32941
f 1734 1727 1728 1733
g Group32944
f 466 463 1727 1734
g Group36573
f 466 465 464 463
g Group32941
f 1720 1743 1742 1723
g Group32944
f 449 450 1743 1720
g Group36573
f 449 447 448 450
g Group32941
f 1745 1741 1740 1744
g Group32944
f 456 457 1744 1740
g Group36573
f 452 457 456 460
g Group32941
f 1743 1747 1746 1742
g Group32944
f 450 498 1747 1743
g Group36573
f 450 448 497 498
g Group32941
f 1731 1745 1744 1730
g Group32944
f 457 458 1730 1744
g Group36573
f 451 458 457 452
g Group32941
f 1751 1750 1749 1748
g Group32944
f 493 496 1749 1750
g Group36573
f 494 495 496 493
g Group32941
f 1735 1732 1753 1752
g Group32944
f 470 468 1735 1752
g Group36573
f 468 470 469 467
g Group32941
f 1757 1756 1755 1754
g Group32944
f 471 486 1756 1757
g Group36573
f 471 473 485 486
g Group32941
f 1756 1759 1758 1755
g Group32944
f 486 477 1759 1756
g Group36573
f 486 485 478 477
g Group32941
f 1763 1762 1761 1760
g Group32944
f 483 489 1762 1763
g Group36573
f 483 479 490 489
g Group32941
f 1759 1765 1764 1758
g Group32944
f 477 475 1765 1759
g Group36573
f 477 478 482 475
g Group32941
f 1751 1767 1766 1750
g Group32944
f 491 493 1750 1766
g Group36573
f 494 493 491 492
g Group32941
f 1762 1769 1768 1761
g Group32944
f 489 488 1769 1762
g Group36573
f 489 490 487 488
g Group32941
f 1771 1763 1760 1770
g Group32944
f 484 483 1763 1771
g Group36573
f 484 480 479 483
g Group32941
f 1767 1768 1769 1766
g Group32944
f 488 491 1766 1769
g Group36573
f 492 491 488 487
g Group32941
f 1754 1773 1772 1757
g Group32944
f 472 471 1757 1772
g Group36573
f 473 471 472 474
g Group32941
f 1775 1771 1770 1774
g Group32944
f 476 484 1771 1775
g Group36573
f 476 481 480 484
g Group32941
f 1773 1746 1747 1772
g Group32944
f 498 472 1772 1747
g Group36573
f 474 472 498 497
g Group32941
f 1765 1775 1774 1764
g Group32944
f 475 476 1775 1765
g Group36573
f 475 482 481 476
g Group32941
f 1708 1709 1748 1749
g Group32944
f 496 443 1708 1749
g Group36573
f 443 496 495 444
g Group32941
f 1779 1778 1777 1776
g Group32944
f 501 513 1777 1778
g Group36573
f 499 514 513 501
g Group32941
f 1776 1777 1781 1780
g Group32944
f 513 506 1781 1777
g Group36573
f 514 505 506 513
g Group32941
f 1785 1784 1783 1782
g Group32944
f 507 515 1783 1784
g Group36573
f 511 516 515 507
g Group32941
f 1780 1781 1787 1786
g Group32944
f 506 510 1787 1781
g Group36573
f 505 503 510 506
g Group32941
f 1791 1790 1789 1788
g Group32944
f 518 520 1791 1788
g Group36573
f 520 518 517 519
g Group32941
f 1613 1441 1440 1612
g Group32944
f 781 782 1441 1613
g Group36573
f 781 788 787 782
g Group32941
f 1793 1792 1784 1785
g Group32944
f 508 507 1784 1792
g Group36573
f 512 511 507 508
g Group32941
f 1788 1789 1782 1783
g Group32944
f 515 518 1788 1783
g Group36573
f 518 515 516 517
g Group32941
f 1778 1779 1795 1794
g Group32944
f 502 501 1778 1794
g Group36573
f 501 502 500 499
g Group32941
f 1797 1796 1792 1793
g Group32944
f 509 508 1792 1796
g Group36573
f 504 512 508 509
g Group32941
f 1391 1650 1651 1390
g Group32944
f 800 778 1390 1651
g Group36573
f 780 778 800 799
g Group32941
f 1786 1787 1796 1797
g Group32944
f 510 509 1796 1787
g Group36573
f 503 504 509 510
g Group32941
f 1801 1800 1799 1798
g Group32944
f 545 543 1798 1799
g Group36573
f 544 543 545 546
g Group32941
f 1791 1803 1802 1790
g Group32944
f 520 522 1803 1791
g Group36573
f 520 519 521 522
g Group32941
f 1807 1806 1805 1804
g Group32944
f 538 523 1807 1804
g Group36573
f 523 538 537 525
g Group32941
f 1804 1805 1809 1808
g Group32944
f 529 538 1804 1808
g Group36573
f 538 529 530 537
g Group32941
f 1813 1812 1811 1810
g Group32944
f 540 535 1813 1810
g Group36573
f 535 540 539 531
g Group32941
f 1808 1809 1815 1814
g Group32944
f 527 529 1808 1814
g Group36573
f 529 527 534 530
g Group32941
f 1801 1798 1817 1816
g Group32944
f 543 541 1817 1798
g Group36573
f 544 542 541 543
g Group32941
f 1332 1333 1819 1818
g Group32944
f 733 742 1332 1818
g Group36573
f 742 733 734 741
g Group32941
f 1821 1820 1812 1813
g Group32944
f 535 536 1821 1813
g Group36573
f 536 535 531 532
g Group32941
f 1816 1817 1810 1811
g Group32944
f 541 540 1810 1817
g Group36573
f 542 539 540 541
g Group32941
f 1806 1807 1823 1822
g Group32944
f 523 524 1823 1807
g Group36573
f 525 526 524 523
g Group32941
f 1825 1824 1820 1821
g Group32944
f 536 528 1825 1821
g Group36573
f 528 536 532 533
g Group32941
f 1822 1823 1794 1795
g Group32944
f 524 502 1794 1823
g Group36573
f 526 500 502 524
g Group32941
f 1814 1815 1824 1825
g Group32944
f 528 527 1814 1825
g Group36573
f 527 528 533 534
g Group32941
f 1827 1826 1738 1739
g Group32944
f 740 732 1827 1739
g Group36573
f 732 740 736 737
g Group32941
f 1831 1830 1829 1828
g Group32944
f 561 549 1828 1829
g Group36573
f 547 549 561 562
g Group32941
f 1830 1833 1832 1829
g Group32944
f 554 561 1829 1832
g Group36573
f 562 561 554 553
g Group32941
f 1837 1836 1835 1834
g Group32944
f 563 555 1834 1835
g Group36573
f 559 555 563 564
g Group32941
f 1833 1839 1838 1832
g Group32944
f 558 554 1832 1838
g Group36573
f 553 554 558 551
g Group32941
f 1843 1842 1841 1840
g Group32944
f 568 566 1842 1843
g Group36573
f 568 567 565 566
g Group32941
f 1818 1819 1845 1844
g Group32944
f 731 733 1818 1844
g Group36573
f 733 731 738 734
g Group32941
f 1847 1837 1834 1846
g Group32944
f 555 556 1846 1834
g Group36573
f 560 556 555 559
g Group32941
f 1842 1835 1836 1841
g Group32944
f 566 563 1835 1842
g Group36573
f 566 565 564 563
g Group32941
f 1828 1849 1848 1831
g Group32944
f 549 550 1849 1828
g Group36573
f 549 547 548 550
g Group32941
f 1851 1847 1846 1850
g Group32944
f 556 557 1850 1846
g Group36573
f 552 557 556 560
g Group32941
f 1849 1853 1852 1848
g Group32944
f 550 596 1853 1849
g Group36573
f 550 548 595 596
g Group32941
f 1839 1851 1850 1838
g Group32944
f 557 558 1838 1850
g Group36573
f 551 558 557 552
g Group32941
f 1857 1856 1855 1854
g Group32944
f 591 593 1855 1856
g Group36573
f 592 594 593 591
g Group32941
f 1843 1840 1718 1719
g Group32944
f 570 568 1843 1719
g Group36573
f 568 570 569 567
g Group32941
f 1861 1860 1859 1858
g Group32944
f 571 586 1860 1861
g Group36573
f 571 573 585 586
g Group32941
f 1860 1863 1862 1859
g Group32944
f 586 577 1863 1860
g Group36573
f 586 585 578 577
g Group32941
f 1867 1866 1865 1864
g Group32944
f 583 588 1866 1867
g Group36573
f 583 579 587 588
g Group32941
f 1863 1869 1868 1862
g Group32944
f 577 575 1869 1863
g Group36573
f 577 578 582 575
g Group32941
f 1857 1871 1870 1856
g Group32944
f 589 591 1856 1870
g Group36573
f 592 591 589 590
g Group32941
f 1736 1737 1380 1381
g Group32944
f 744 739 1736 1381
g Group36573
f 739 744 743 735
g Group32941
f 1873 1867 1864 1872
g Group32944
f 584 583 1867 1873
g Group36573
f 584 580 579 583
g Group32941
f 1871 1865 1866 1870
g Group32944
f 588 589 1870 1866
g Group36573
f 590 589 588 587
g Group32941
f 1858 1875 1874 1861
g Group32944
f 572 571 1861 1874
g Group36573
f 573 571 572 574
g Group32941
f 1877 1873 1872 1876
g Group32944
f 576 584 1873 1877
g Group36573
f 576 581 580 584
g Group32941
f 1875 1852 1853 1874
g Group32944
f 596 572 1874 1853
g Group36573
f 574 572 596 595
g Group32941
f 1869 1877 1876 1868
g Group32944
f 575 576 1877 1869
g Group36573
f 575 582 581 576
g Group32941
f 1799 1800 1854 1855
g Group32944
f 593 545 1799 1855
g Group36573
f 545 593 594 546
g Group32941
f 1358 1359 1802 1803
g Group32944
f 522 122 1358 1803
g Group36573
f 122 522 521 121
g Group32941
f 1881 1880 1879 1878
g Group32944
f 599 611 1879 1880
g Group36573
f 597 612 611 599
g Group32941
f 1878 1879 1883 1882
g Group32944
f 611 604 1883 1879
g Group36573
f 612 603 604 611
g Group32941
f 1887 1886 1885 1884
g Group32944
f 605 613 1885 1886
g Group36573
f 609 614 613 605
g Group32941
f 1882 1883 1889 1888
g Group32944
f 604 608 1889 1883
g Group36573
f 603 601 608 604
g Group32941
f 1893 1892 1891 1890
g Group32944
f 616 618 1893 1890
g Group36573
f 618 616 615 617
g Group32941
f 1844 1845 1826 1827
g Group32944
f 732 731 1844 1827
g Group36573
f 731 732 737 738
g Group32941
f 1895 1894 1886 1887
g Group32944
f 606 605 1886 1894
g Group36573
f 610 609 605 606
g Group32941
f 1890 1891 1884 1885
g Group32944
f 613 616 1890 1885
g Group36573
f 616 613 614 615
g Group32941
f 1880 1881 1897 1896
g Group32944
f 600 599 1880 1896
g Group36573
f 599 600 598 597
g Group32941
f 1899 1898 1894 1895
g Group32944
f 607 606 1894 1898
g Group36573
f 602 610 606 607
g Group32941
f 1896 1897 1901 1900
g Group32944
f 648 600 1896 1900
g Group36573
f 600 648 647 598
g Group32941
f 1888 1889 1898 1899
g Group32944
f 608 607 1898 1889
g Group36573
f 601 602 607 608
g Group32941
f 1905 1904 1903 1902
g Group32944
f 645 643 1902 1903
g Group36573
f 644 643 645 646
g Group32941
f 1893 1907 1906 1892
g Group32944
f 618 620 1907 1893
g Group36573
f 618 617 619 620
g Group32941
f 1911 1910 1909 1908
g Group32944
f 636 621 1911 1908
g Group36573
f 621 636 635 623
g Group32941
f 1908 1909 1913 1912
g Group32944
f 627 636 1908 1912
g Group36573
f 636 627 628 635
g Group32941
f 1917 1916 1915 1914
g Group32944
f 639 633 1917 1914
g Group36573
f 633 639 640 629
g Group32941
f 1912 1913 1919 1918
g Group32944
f 625 627 1912 1918
g Group36573
f 627 625 632 628
g Group32941
f 1905 1902 1921 1920
g Group32944
f 643 641 1921 1902
g Group36573
f 644 642 641 643
g Group32941
f 1914 1915 1923 1922
g Group32944
f 638 639 1914 1922
g Group36573
f 639 638 637 640
g Group32941
f 1925 1924 1916 1917
g Group32944
f 633 634 1925 1917
g Group36573
f 634 633 629 630
g Group32941
f 1920 1921 1922 1923
g Group32944
f 641 638 1922 1921
g Group36573
f 642 637 638 641
g Group32941
f 1910 1911 1927 1926
g Group32944
f 621 622 1927 1911
g Group36573
f 623 624 622 621
g Group32941
f 1929 1928 1924 1925
g Group32944
f 634 626 1929 1925
g Group36573
f 626 634 630 631
g Group32941
f 1926 1927 1900 1901
g Group32944
f 622 648 1900 1927
g Group36573
f 624 647 648 622
g Group32941
f 1918 1919 1928 1929
g Group32944
f 626 625 1918 1929
g Group36573
f 625 626 631 632
g Group32941
f 1906 1907 1438 1439
g Group32944
f 620 650 1438 1907
g Group36573
f 619 649 650 620
g Group32941
f 1933 1932 1931 1930
g Group32944
f 663 652 1930 1931
g Group36573
f 651 652 663 664
g Group32941
f 1932 1935 1934 1931
g Group32944
f 656 663 1931 1934
g Group36573
f 664 663 656 655
g Group32941
f 1939 1938 1937 1936
g Group32944
f 668 657 1936 1937
g Group36573
f 661 657 668 667
g Group32941
f 1935 1941 1940 1934
g Group32944
f 660 656 1934 1940
g Group36573
f 655 656 660 653
g Group32941
f 1945 1944 1943 1942
g Group32944
f 672 670 1944 1945
g Group36573
f 672 671 669 670
g Group32941
f 1938 1947 1946 1937
g Group32944
f 665 668 1937 1946
g Group36573
f 667 668 665 666
g Group32941
f 1949 1939 1936 1948
g Group32944
f 657 658 1948 1936
g Group36573
f 662 658 657 661
g Group32941
f 1944 1946 1947 1943
g Group32944
f 670 665 1946 1944
g Group36573
f 670 669 666 665
g Group32941
f 1930 1951 1950 1933
g Group32944
f 652 702 1951 1930
g Group36573
f 652 651 701 702
g Group32941
f 1953 1949 1948 1952
g Group32944
f 658 659 1952 1948
g Group36573
f 654 659 658 662
g Group32941
f 1334 1335 1510 1511
g Group32944
f 727 728 1510 1335
g Group36573
f 729 730 728 727
g Group32941
f 1941 1953 1952 1940
g Group32944
f 659 660 1940 1952
g Group36573
f 653 660 659 654
g Group32941
f 1957 1956 1955 1954
g Group32944
f 695 699 1955 1956
g Group36573
f 696 700 699 695
g Group32941
f 1945 1942 1304 1305
g Group32944
f 674 672 1945 1305
g Group36573
f 672 674 673 671
g Group32941
f 1961 1960 1959 1958
g Group32944
f 675 690 1960 1961
g Group36573
f 675 677 689 690
g Group32941
f 1960 1963 1962 1959
g Group32944
f 690 681 1963 1960
g Group36573
f 690 689 682 681
g Group32941
f 1498 1965 1964 1501
g Group32944
f 767 755 1501 1964
g Group36573
f 753 755 767 768
g Group32941
f 1963 1967 1966 1962
g Group32944
f 681 679 1967 1963
g Group36573
f 681 682 686 679
g Group32941
f 1957 1969 1968 1956
g Group32944
f 693 695 1956 1968
g Group36573
f 696 695 693 694
g Group32941
f 1973 1972 1971 1970
g Group32944
f 687 692 1972 1973
g Group36573
f 687 683 691 692
g Group32941
f 1975 1973 1970 1974
g Group32944
f 688 687 1973 1975
g Group36573
f 688 684 683 687
g Group32941
f 1969 1971 1972 1968
g Group32944
f 692 693 1968 1972
g Group36573
f 694 693 692 691
g Group32941
f 1958 1977 1976 1961
g Group32944
f 676 675 1961 1976
g Group36573
f 677 675 676 678
g Group32941
f 1979 1975 1974 1978
g Group32944
f 680 688 1975 1979
g Group36573
f 680 685 684 688
g Group32941
f 1977 1950 1951 1976
g Group32944
f 702 676 1976 1951
g Group36573
f 678 676 702 701
g Group32941
f 1967 1979 1978 1966
g Group32944
f 679 680 1979 1967
g Group36573
f 679 686 685 680
g Group32941
f 1981 1980 1954 1955
g Group32944
f 699 698 1981 1955
g Group36573
f 698 699 700 697
g Group32941
f 1965 1559 1556 1964
g Group32944
f 760 767 1964 1556
g Group36573
f 768 767 760 759
g Group32941
f 1903 1904 1980 1981
g Group32944
f 698 645 1903 1981
g Group36573
f 645 698 697 646
g Group32941
f 1985 1984 1983 1982
g Group32944
f 705 717 1983 1984
g Group36573
f 703 718 717 705
g Group32941
f 1982 1983 1987 1986
g Group32944
f 717 710 1987 1983
g Group36573
f 718 709 710 717
g Group32941
f 1991 1990 1989 1988
g Group32944
f 711 722 1989 1990
g Group36573
f 715 721 722 711
g Group32941
f 1986 1987 1993 1992
g Group32944
f 710 714 1993 1987
g Group36573
f 709 707 714 710
g Group32941
f 1997 1996 1995 1994
g Group32944
f 724 726 1997 1994
g Group36573
f 726 724 723 725
g Group32941
f 1988 1989 1999 1998
g Group32944
f 722 719 1999 1989
g Group36573
f 721 720 719 722
g Group32941
f 2001 2000 1990 1991
g Group32944
f 712 711 1990 2000
g Group36573
f 716 715 711 712
g Group32941
f 1994 1995 1998 1999
g Group32944
f 719 724 1994 1999
g Group36573
f 724 719 720 723
g Group32941
f 1984 1985 2003 2002
g Group32944
f 706 705 1984 2002
g Group36573
f 705 706 704 703
g Group32941
f 2005 2004 2000 2001
g Group32944
f 713 712 2000 2004
g Group36573
f 708 716 712 713
g Group32941
f 2002 2003 1508 1509
g Group32944
f 752 706 2002 1509
g Group36573
f 706 752 751 704
g Group32941
f 1992 1993 2004 2005
g Group32944
f 714 713 2004 1993
g Group36573
f 707 708 713 714
g Group32941
f 1673 1432 1433 1672
g Group32944
f 749 747 1672 1433
g Group36573
f 748 747 749 750
g Group32941
f 1997 1752 1753 1996
g Group32944
f 726 470 1752 1997
g Group36573
f 726 725 469 470
g Group32941
f 1840 1841 2007 2006
g Group32944
f 1203 803 2006 2007
g Group36573
f 567 803 1203 565
g Group32941
f 1841 1836 2008 2007
g Group32944
f 1202 1203 2007 2008
g Group36573
f 565 1203 1202 564
g Group32941
f 1836 1837 2009 2008
g Group32944
f 1201 1202 2008 2009
g Group36573
f 564 1202 1201 559
g Group32941
f 1837 1847 2010 2009
g Group32944
f 1200 1201 2009 2010
g Group36573
f 559 1201 1200 560
g Group32941
f 1847 1851 2011 2010
g Group32944
f 1199 1200 2010 2011
g Group36573
f 560 1200 1199 552
g Group32941
f 1851 1839 2012 2011
g Group32944
f 1198 1199 2011 2012
g Group36573
f 552 1199 1198 551
g Group32941
f 1839 1833 2013 2012
g Group32944
f 1197 1198 2012 2013
g Group36573
f 551 1198 1197 553
g Group32941
f 1833 1830 2014 2013
g Group32944
f 1196 1197 2013 2014
g Group36573
f 553 1197 1196 562
g Group32941
f 1830 1831 2015 2014
g Group32944
f 1195 1196 2014 2015
g Group36573
f 562 1196 1195 547
g Group32941
f 1831 1848 2016 2015
g Group32944
f 1194 1195 2015 2016
g Group36573
f 547 1195 1194 548
g Group32941
f 1848 1852 2017 2016
g Group32944
f 1193 1194 2016 2017
g Group36573
f 548 1194 1193 595
g Group32941
f 1852 1875 2018 2017
g Group32944
f 1192 1193 2017 2018
g Group36573
f 595 1193 1192 574
g Group32941
f 1875 1858 2019 2018
g Group32944
f 1191 1192 2018 2019
g Group36573
f 574 1192 1191 573
g Group32941
f 1858 1859 2020 2019
g Group32944
f 1190 1191 2019 2020
g Group36573
f 573 1191 1190 585
g Group32941
f 1859 1862 2021 2020
g Group32944
f 1189 1190 2020 2021
g Group36573
f 585 1190 1189 578
g Group32941
f 1862 1868 2022 2021
g Group32944
f 1188 1189 2021 2022
g Group36573
f 578 1189 1188 582
g Group32941
f 1868 1876 2023 2022
g Group32944
f 1187 1188 2022 2023
g Group36573
f 582 1188 1187 581
g Group32941
f 1876 1872 2024 2023
g Group32944
f 1186 1187 2023 2024
g Group36573
f 581 1187 1186 580
g Group32941
f 1872 1864 2025 2024
g Group32944
f 1185 1186 2024 2025
g Group36573
f 580 1186 1185 579
g Group32941
f 1864 1865 2026 2025
g Group32944
f 1184 1185 2025 2026
g Group36573
f 579 1185 1184 587
g Group32941
f 1865 1871 2027 2026
g Group32944
f 1183 1184 2026 2027
g Group36573
f 587 1184 1183 590
g Group32941
f 1871 1857 2028 2027
g Group32944
f 1182 1183 2027 2028
g Group36573
f 590 1183 1182 592
g Group32941
f 1857 1854 2029 2028
g Group32944
f 1181 1182 2028 2029
g Group36573
f 592 1182 1181 594
g Group32941
f 1854 1800 2030 2029
g Group32944
f 1180 1181 2029 2030
g Group36573
f 594 1181 1180 546
g Group32941
f 1800 1801 2031 2030
g Group32944
f 1179 1180 2030 2031
g Group36573
f 546 1180 1179 544
g Group32941
f 1801 1816 2032 2031
g Group32944
f 1178 1179 2031 2032
g Group36573
f 544 1179 1178 542
g Group32941
f 1816 1811 2033 2032
g Group32944
f 1177 1178 2032 2033
g Group36573
f 542 1178 1177 539
g Group32941
f 1811 1812 2034 2033
g Group32944
f 1176 1177 2033 2034
g Group36573
f 539 1177 1176 531
g Group32941
f 1812 1820 2035 2034
g Group32944
f 1175 1176 2034 2035
g Group36573
f 531 1176 1175 532
g Group32941
f 1820 1824 2036 2035
g Group32944
f 1174 1175 2035 2036
g Group36573
f 532 1175 1174 533
g Group32941
f 1824 1815 2037 2036
g Group32944
f 1173 1174 2036 2037
g Group36573
f 533 1174 1173 534
g Group32941
f 1815 1809 2038 2037
g Group32944
f 1172 1173 2037 2038
g Group36573
f 534 1173 1172 530
g Group32941
f 1809 1805 2039 2038
g Group32944
f 1171 1172 2038 2039
g Group36573
f 530 1172 1171 537
g Group32941
f 1805 1806 2040 2039
g Group32944
f 1170 1171 2039 2040
g Group36573
f 537 1171 1170 525
g Group32941
f 1806 1822 2041 2040
g Group32944
f 1169 1170 2040 2041
g Group36573
f 525 1170 1169 526
g Group32941
f 1822 1795 2042 2041
g Group32944
f 1168 1169 2041 2042
g Group36573
f 526 1169 1168 500
g Group32941
f 1795 1779 2043 2042
g Group32944
f 1167 1168 2042 2043
g Group36573
f 500 1168 1167 499
g Group32941
f 1779 1776 2044 2043
g Group32944
f 1166 1167 2043 2044
g Group36573
f 499 1167 1166 514
g Group32941
f 1776 1780 2045 2044
g Group32944
f 1165 1166 2044 2045
g Group36573
f 514 1166 1165 505
g Group32941
f 1780 1786 2046 2045
g Group32944
f 1164 1165 2045 2046
g Group36573
f 505 1165 1164 503
g Group32941
f 1786 1797 2047 2046
g Group32944
f 1163 1164 2046 2047
g Group36573
f 503 1164 1163 504
g Group32941
f 1797 1793 2048 2047
g Group32944
f 1162 1163 2047 2048
g Group36573
f 504 1163 1162 512
g Group32941
f 1793 1785 2049 2048
g Group32944
f 1161 1162 2048 2049
g Group36573
f 512 1162 1161 511
g Group32941
f 1785 1782 2050 2049
g Group32944
f 1160 1161 2049 2050
g Group36573
f 511 1161 1160 516
g Group32941
f 1782 1789 2051 2050
g Group32944
f 1159 1160 2050 2051
g Group36573
f 516 1160 1159 517
g Group32941
f 1789 1790 2052 2051
g Group32944
f 1158 1159 2051 2052
g Group36573
f 517 1159 1158 519
g Group32941
f 1790 1802 2053 2052
g Group32944
f 1157 1158 2052 2053
g Group36573
f 519 1158 1157 521
g Group32941
f 1802 1359 2054 2053
g Group32944
f 1156 1157 2053 2054
g Group36573
f 521 1157 1156 121
g Group32941
f 1359 1338 2055 2054
g Group32944
f 1155 1156 2054 2055
g Group36573
f 121 1156 1155 119
g Group32941
f 1338 1339 2056 2055
g Group32944
f 1154 1155 2055 2056
g Group36573
f 119 1155 1154 117
g Group32941
f 1339 1344 2057 2056
g Group32944
f 1153 1154 2056 2057
g Group36573
f 117 1154 1153 116
g Group32941
f 1344 1345 2058 2057
g Group32944
f 1152 1153 2057 2058
g Group36573
f 116 1153 1152 111
g Group32941
f 1345 1347 2059 2058
g Group32944
f 1151 1152 2058 2059
g Group36573
f 111 1152 1151 112
g Group32941
f 1347 1351 2060 2059
g Group32944
f 1150 1151 2059 2060
g Group36573
f 112 1151 1150 104
g Group32941
f 1351 1337 2061 2060
g Group32944
f 1149 1150 2060 2061
g Group36573
f 104 1150 1149 103
g Group32941
f 1337 1331 2062 2061
g Group32944
f 1148 1149 2061 2062
g Group36573
f 103 1149 1148 105
g Group32941
f 1331 1328 2063 2062
g Group32944
f 1147 1148 2062 2063
g Group36573
f 105 1148 1147 114
g Group32941
f 1328 1329 2064 2063
g Group32944
f 1146 1147 2063 2064
g Group36573
f 114 1147 1146 99
g Group32941
f 1329 1348 2065 2064
g Group32944
f 1145 1146 2064 2065
g Group36573
f 99 1146 1145 100
g Group32941
f 1348 1352 2066 2065
g Group32944
f 1144 1145 2065 2066
g Group36573
f 100 1145 1144 126
g Group32941
f 1352 1360 2067 2066
g Group32944
f 1143 1144 2066 2067
g Group36573
f 126 1144 1143 125
g Group32941
f 1360 1361 2068 2067
g Group32944
f 1142 1143 2067 2068
g Group36573
f 125 1143 1142 137
g Group32941
f 1361 1364 2069 2068
g Group32944
f 1141 1142 2068 2069
g Group36573
f 137 1142 1141 130
g Group32941
f 1364 1370 2070 2069
g Group32944
f 1140 1141 2069 2070
g Group36573
f 130 1141 1140 134
g Group32941
f 1370 1378 2071 2070
g Group32944
f 1139 1140 2070 2071
g Group36573
f 134 1140 1139 133
g Group32941
f 1378 1376 2072 2071
g Group32944
f 1138 1139 2071 2072
g Group36573
f 133 1139 1138 132
g Group32941
f 1376 1366 2073 2072
g Group32944
f 1137 1138 2072 2073
g Group36573
f 132 1138 1137 131
g Group32941
f 1366 1367 2074 2073
g Group32944
f 1136 1137 2073 2074
g Group36573
f 131 1137 1136 142
g Group32941
f 1367 1374 2075 2074
g Group32944
f 1135 1136 2074 2075
g Group36573
f 142 1136 1135 139
g Group32941
f 1374 1373 2076 2075
g Group32944
f 1134 1135 2075 2076
g Group36573
f 139 1135 1134 144
g Group32941
f 1373 1357 2077 2076
g Group32944
f 1133 1134 2076 2077
g Group36573
f 144 1134 1133 146
g Group32941
f 1357 1354 2078 2077
g Group32944
f 1132 1133 2077 2078
g Group36573
f 146 1133 1132 148
g Group32941
f 1354 1412 2079 2078
g Group32944
f 1131 1132 2078 2079
g Group36573
f 148 1132 1131 196
g Group32941
f 1412 1413 2080 2079
g Group32944
f 1130 1131 2079 2080
g Group36573
f 196 1131 1130 194
g Group32941
f 1413 1426 2081 2080
g Group32944
f 1129 1130 2080 2081
g Group36573
f 194 1130 1129 192
g Group32941
f 1426 1421 2082 2081
g Group32944
f 1128 1129 2081 2082
g Group36573
f 192 1129 1128 190
g Group32941
f 1421 1422 2083 2082
g Group32944
f 1127 1128 2082 2083
g Group36573
f 190 1128 1127 181
g Group32941
f 1422 1428 2084 2083
g Group32944
f 1126 1127 2083 2084
g Group36573
f 181 1127 1126 182
g Group32941
f 1428 1436 2085 2084
g Group32944
f 1125 1126 2084 2085
g Group36573
f 182 1126 1125 183
g Group32941
f 1436 1425 2086 2085
g Group32944
f 1124 1125 2085 2086
g Group36573
f 183 1125 1124 184
g Group32941
f 1425 1419 2087 2086
g Group32944
f 1123 1124 2086 2087
g Group36573
f 184 1124 1123 180
g Group32941
f 1419 1415 2088 2087
g Group32944
f 1122 1123 2087 2088
g Group36573
f 180 1123 1122 187
g Group32941
f 1415 1416 2089 2088
g Group32944
f 1121 1122 2088 2089
g Group36573
f 187 1122 1121 175
g Group32941
f 1416 1434 2090 2089
g Group32944
f 1120 1121 2089 2090
g Group36573
f 175 1121 1120 176
g Group32941
f 1434 1409 2091 2090
g Group32944
f 1119 1120 2090 2091
g Group36573
f 176 1120 1119 197
g Group32941
f 1409 1405 2092 2091
g Group32944
f 1118 1119 2091 2092
g Group36573
f 197 1119 1118 150
g Group32941
f 1405 1387 2093 2092
g Group32944
f 1117 1118 2092 2093
g Group36573
f 150 1118 1117 149
g Group32941
f 1387 1384 2094 2093
g Group32944
f 1116 1117 2093 2094
g Group36573
f 149 1117 1116 164
g Group32941
f 1384 1388 2095 2094
g Group32944
f 1115 1116 2094 2095
g Group36573
f 164 1116 1115 155
g Group32941
f 1388 1392 2096 2095
g Group32944
f 1114 1115 2095 2096
g Group36573
f 155 1115 1114 153
g Group32941
f 1392 1407 2097 2096
g Group32944
f 1113 1114 2096 2097
g Group36573
f 153 1114 1113 154
g Group32941
f 1407 1403 2098 2097
g Group32944
f 1112 1113 2097 2098
g Group36573
f 154 1113 1112 162
g Group32941
f 1403 1401 2099 2098
g Group32944
f 1111 1112 2098 2099
g Group36573
f 162 1112 1111 161
g Group32941
f 1401 1398 2100 2099
g Group32944
f 1110 1111 2099 2100
g Group36573
f 161 1111 1110 166
g Group32941
f 1398 1395 2101 2100
g Group32944
f 1109 1110 2100 2101
g Group36573
f 166 1110 1109 167
g Group32941
f 1395 1396 2102 2101
g Group32944
f 1108 1109 2101 2102
g Group36573
f 167 1109 1108 169
g Group32941
f 1396 1261 2103 2102
g Group32944
f 1107 1108 2102 2103
g Group36573
f 169 1108 1107 171
g Group32941
f 1261 1237 2104 2103
g Group32944
f 1106 1107 2103 2104
g Group36573
f 171 1107 1106 23
g Group32941
f 1237 1216 2105 2104
g Group32944
f 1105 1106 2104 2105
g Group36573
f 23 1106 1105 21
g Group32941
f 1216 1217 2106 2105
g Group32944
f 1104 1105 2105 2106
g Group36573
f 21 1105 1104 19
g Group32941
f 1217 1222 2107 2106
g Group32944
f 1103 1104 2106 2107
g Group36573
f 19 1104 1103 18
g Group32941
f 1222 1223 2108 2107
g Group32944
f 1102 1103 2107 2108
g Group36573
f 18 1103 1102 13
g Group32941
f 1223 1225 2109 2108
g Group32944
f 1101 1102 2108 2109
g Group36573
f 13 1102 1101 14
g Group32941
f 1225 1229 2110 2109
g Group32944
f 1100 1101 2109 2110
g Group36573
f 14 1101 1100 6
g Group32941
f 1229 1215 2111 2110
g Group32944
f 1099 1100 2110 2111
g Group36573
f 6 1100 1099 5
g Group32941
f 1215 1209 2112 2111
g Group32944
f 1098 1099 2111 2112
g Group36573
f 5 1099 1098 7
g Group32941
f 1209 1206 2113 2112
g Group32944
f 1097 1098 2112 2113
g Group36573
f 7 1098 1097 16
g Group32941
f 1206 1207 2114 2113
g Group32944
f 1096 1097 2113 2114
g Group36573
f 16 1097 1096 1
g Group32941
f 1207 1226 2115 2114
g Group32944
f 1095 1096 2114 2115
g Group36573
f 1 1096 1095 2
g Group32941
f 1226 1230 2116 2115
g Group32944
f 1094 1095 2115 2116
g Group36573
f 2 1095 1094 49
g Group32941
f 1230 1257 2117 2116
g Group32944
f 1093 1094 2116 2117
g Group36573
f 49 1094 1093 28
g Group32941
f 1257 1238 2118 2117
g Group32944
f 1092 1093 2117 2118
g Group36573
f 28 1093 1092 27
g Group32941
f 1238 1239 2119 2118
g Group32944
f 1091 1092 2118 2119
g Group36573
f 27 1092 1091 39
g Group32941
f 1239 1242 2120 2119
g Group32944
f 1090 1091 2119 2120
g Group36573
f 39 1091 1090 32
g Group32941
f 1242 1246 2121 2120
g Group32944
f 1089 1090 2120 2121
g Group36573
f 32 1090 1089 36
g Group32941
f 1246 1258 2122 2121
g Group32944
f 1088 1089 2121 2122
g Group36573
f 36 1089 1088 35
g Group32941
f 1258 1254 2123 2122
g Group32944
f 1087 1088 2122 2123
g Group36573
f 35 1088 1087 34
g Group32941
f 1254 1250 2124 2123
g Group32944
f 1086 1087 2123 2124
g Group36573
f 34 1087 1086 33
g Group32941
f 1250 1251 2125 2124
g Group32944
f 1085 1086 2124 2125
g Group36573
f 33 1086 1085 41
g Group32941
f 1251 1249 2126 2125
g Group32944
f 1084 1085 2125 2126
g Group36573
f 41 1085 1084 44
g Group32941
f 1249 1235 2127 2126
g Group32944
f 1083 1084 2126 2127
g Group36573
f 44 1084 1083 46
g Group32941
f 1235 1232 2128 2127
g Group32944
f 1082 1083 2127 2128
g Group36573
f 46 1083 1082 48
g Group32941
f 1232 1292 2129 2128
g Group32944
f 1081 1082 2128 2129
g Group36573
f 48 1082 1081 96
g Group32941
f 1292 1293 2130 2129
g Group32944
f 1080 1081 2129 2130
g Group36573
f 96 1081 1080 94
g Group32941
f 1293 1310 2131 2130
g Group32944
f 1079 1080 2130 2131
g Group36573
f 94 1080 1079 92
g Group32941
f 1310 1313 2132 2131
g Group32944
f 1078 1079 2131 2132
g Group36573
f 92 1079 1078 89
g Group32941
f 1313 1314 2133 2132
g Group32944
f 1077 1078 2132 2133
g Group36573
f 89 1078 1077 81
g Group32941
f 1314 1316 2134 2133
g Group32944
f 1076 1077 2133 2134
g Group36573
f 81 1077 1076 82
g Group32941
f 1316 1320 2135 2134
g Group32944
f 1075 1076 2134 2135
g Group36573
f 82 1076 1075 83
g Group32941
f 1320 1309 2136 2135
g Group32944
f 1074 1075 2135 2136
g Group36573
f 83 1075 1074 84
g Group32941
f 1309 1303 2137 2136
g Group32944
f 1073 1074 2136 2137
g Group36573
f 84 1074 1073 80
g Group32941
f 1303 1299 2138 2137
g Group32944
f 1072 1073 2137 2138
g Group36573
f 80 1073 1072 87
g Group32941
f 1299 1300 2139 2138
g Group32944
f 1071 1072 2138 2139
g Group36573
f 87 1072 1071 75
g Group32941
f 1300 1318 2140 2139
g Group32944
f 1070 1071 2139 2140
g Group36573
f 75 1071 1070 76
g Group32941
f 1318 1289 2141 2140
g Group32944
f 1069 1070 2140 2141
g Group36573
f 76 1070 1069 97
g Group32941
f 1289 1285 2142 2141
g Group32944
f 1068 1069 2141 2142
g Group36573
f 97 1069 1068 52
g Group32941
f 1285 1265 2143 2142
g Group32944
f 1067 1068 2142 2143
g Group36573
f 52 1068 1067 51
g Group32941
f 1265 1262 2144 2143
g Group32944
f 1066 1067 2143 2144
g Group36573
f 51 1067 1066 66
g Group32941
f 1262 1266 2145 2144
g Group32944
f 1065 1066 2144 2145
g Group36573
f 66 1066 1065 57
g Group32941
f 1266 1272 2146 2145
g Group32944
f 1064 1065 2145 2146
g Group36573
f 57 1065 1064 55
g Group32941
f 1272 1287 2147 2146
g Group32944
f 1063 1064 2146 2147
g Group36573
f 55 1064 1063 56
g Group32941
f 1287 1283 2148 2147
g Group32944
f 1062 1063 2147 2148
g Group36573
f 56 1063 1062 64
g Group32941
f 1283 1271 2149 2148
g Group32944
f 1061 1062 2148 2149
g Group36573
f 64 1062 1061 63
g Group32941
f 1271 1268 2150 2149
g Group32944
f 1060 1061 2149 2150
g Group36573
f 63 1061 1060 68
g Group32941
f 1268 1275 2151 2150
g Group32944
f 1059 1060 2150 2151
g Group36573
f 68 1060 1059 69
g Group32941
f 1275 1276 2152 2151
g Group32944
f 1058 1059 2151 2152
g Group36573
f 69 1059 1058 71
g Group32941
f 1276 1591 2153 2152
g Group32944
f 1057 1058 2152 2153
g Group36573
f 71 1058 1057 347
g Group32941
f 1591 1572 2154 2153
g Group32944
f 1056 1057 2153 2154
g Group36573
f 347 1057 1056 319
g Group32941
f 1572 1573 2155 2154
g Group32944
f 1055 1056 2154 2155
g Group36573
f 319 1056 1055 317
g Group32941
f 1573 1568 2156 2155
g Group32944
f 1054 1055 2155 2156
g Group36573
f 317 1055 1054 316
g Group32941
f 1568 1569 2157 2156
g Group32944
f 1053 1054 2156 2157
g Group36573
f 316 1054 1053 311
g Group32941
f 1569 1579 2158 2157
g Group32944
f 1052 1053 2157 2158
g Group36573
f 311 1053 1052 312
g Group32941
f 1579 1583 2159 2158
g Group32944
f 1051 1052 2158 2159
g Group36573
f 312 1052 1051 304
g Group32941
f 1583 1571 2160 2159
g Group32944
f 1050 1051 2159 2160
g Group36573
f 304 1051 1050 303
g Group32941
f 1571 1565 2161 2160
g Group32944
f 1049 1050 2160 2161
g Group36573
f 303 1050 1049 305
g Group32941
f 1565 1562 2162 2161
g Group32944
f 1048 1049 2161 2162
g Group36573
f 305 1049 1048 314
g Group32941
f 1562 1563 2163 2162
g Group32944
f 1047 1048 2162 2163
g Group36573
f 314 1048 1047 299
g Group32941
f 1563 1580 2164 2163
g Group32944
f 1046 1047 2163 2164
g Group36573
f 299 1047 1046 300
g Group32941
f 1580 1584 2165 2164
g Group32944
f 1045 1046 2164 2165
g Group36573
f 300 1046 1045 345
g Group32941
f 1584 1609 2166 2165
g Group32944
f 1044 1045 2165 2166
g Group36573
f 345 1045 1044 324
g Group32941
f 1609 1592 2167 2166
g Group32944
f 1043 1044 2166 2167
g Group36573
f 324 1044 1043 323
g Group32941
f 1592 1593 2168 2167
g Group32944
f 1042 1043 2167 2168
g Group36573
f 323 1043 1042 335
g Group32941
f 1593 1596 2169 2168
g Group32944
f 1041 1042 2168 2169
g Group36573
f 335 1042 1041 328
g Group32941
f 1596 1602 2170 2169
g Group32944
f 1040 1041 2169 2170
g Group36573
f 328 1041 1040 332
g Group32941
f 1602 1610 2171 2170
g Group32944
f 1039 1040 2170 2171
g Group36573
f 332 1040 1039 331
g Group32941
f 1610 1606 2172 2171
g Group32944
f 1038 1039 2171 2172
g Group36573
f 331 1039 1038 330
g Group32941
f 1606 1598 2173 2172
g Group32944
f 1037 1038 2172 2173
g Group36573
f 330 1038 1037 329
g Group32941
f 1598 1599 2174 2173
g Group32944
f 1036 1037 2173 2174
g Group36573
f 329 1037 1036 337
g Group32941
f 1599 1605 2175 2174
g Group32944
f 1035 1036 2174 2175
g Group36573
f 337 1036 1035 340
g Group32941
f 1605 1589 2176 2175
g Group32944
f 1034 1035 2175 2176
g Group36573
f 340 1035 1034 342
g Group32941
f 1589 1586 2177 2176
g Group32944
f 1033 1034 2176 2177
g Group36573
f 342 1034 1033 344
g Group32941
f 1586 1640 2178 2177
g Group32944
f 1032 1033 2177 2178
g Group36573
f 344 1033 1032 396
g Group32941
f 1640 1641 2179 2178
g Group32944
f 1031 1032 2178 2179
g Group36573
f 396 1032 1031 394
g Group32941
f 1641 1654 2180 2179
g Group32944
f 1030 1031 2179 2180
g Group36573
f 394 1031 1030 392
g Group32941
f 1654 1657 2181 2180
g Group32944
f 1029 1030 2180 2181
g Group36573
f 392 1030 1029 389
g Group32941
f 1657 1658 2182 2181
g Group32944
f 1028 1029 2181 2182
g Group36573
f 389 1029 1028 381
g Group32941
f 1658 1660 2183 2182
g Group32944
f 1027 1028 2182 2183
g Group36573
f 381 1028 1027 382
g Group32941
f 1660 1664 2184 2183
g Group32944
f 1026 1027 2183 2184
g Group36573
f 382 1027 1026 383
g Group32941
f 1664 1653 2185 2184
g Group32944
f 1025 1026 2184 2185
g Group36573
f 383 1026 1025 384
g Group32941
f 1653 1649 2186 2185
g Group32944
f 1024 1025 2185 2186
g Group36573
f 384 1025 1024 380
g Group32941
f 1649 1645 2187 2186
g Group32944
f 1023 1024 2186 2187
g Group36573
f 380 1024 1023 387
g Group32941
f 1645 1646 2188 2187
g Group32944
f 1022 1023 2187 2188
g Group36573
f 387 1023 1022 375
g Group32941
f 1646 1662 2189 2188
g Group32944
f 1021 1022 2188 2189
g Group36573
f 375 1022 1021 376
g Group32941
f 1662 1633 2190 2189
g Group32944
f 1020 1021 2189 2190
g Group36573
f 376 1021 1020 350
g Group32941
f 1633 1617 2191 2190
g Group32944
f 1019 1020 2190 2191
g Group36573
f 350 1020 1019 349
g Group32941
f 1617 1614 2192 2191
g Group32944
f 1018 1019 2191 2192
g Group36573
f 349 1019 1018 364
g Group32941
f 1614 1618 2193 2192
g Group32944
f 1017 1018 2192 2193
g Group36573
f 364 1018 1017 355
g Group32941
f 1618 1624 2194 2193
g Group32944
f 1016 1017 2193 2194
g Group36573
f 355 1017 1016 353
g Group32941
f 1624 1635 2195 2194
g Group32944
f 1015 1016 2194 2195
g Group36573
f 353 1016 1015 354
g Group32941
f 1635 1631 2196 2195
g Group32944
f 1014 1015 2195 2196
g Group36573
f 354 1015 1014 362
g Group32941
f 1631 1623 2197 2196
g Group32944
f 1013 1014 2196 2197
g Group36573
f 362 1014 1013 361
g Group32941
f 1623 1620 2198 2197
g Group32944
f 1012 1013 2197 2198
g Group36573
f 361 1013 1012 366
g Group32941
f 1620 1627 2199 2198
g Group32944
f 1011 1012 2198 2199
g Group36573
f 366 1012 1011 367
g Group32941
f 1627 1628 2200 2199
g Group32944
f 1010 1011 2199 2200
g Group36573
f 367 1011 1010 369
g Group32941
f 1628 1642 2201 2200
g Group32944
f 1009 1010 2200 2201
g Group36573
f 369 1010 1009 371
g Group32941
f 1642 1475 2202 2201
g Group32944
f 1008 1009 2201 2202
g Group36573
f 371 1009 1008 221
g Group32941
f 1475 1454 2203 2202
g Group32944
f 1007 1008 2202 2203
g Group36573
f 221 1008 1007 219
g Group32941
f 1454 1455 2204 2203
g Group32944
f 1006 1007 2203 2204
g Group36573
f 219 1007 1006 217
g Group32941
f 1455 1450 2205 2204
g Group32944
f 1005 1006 2204 2205
g Group36573
f 217 1006 1005 216
g Group32941
f 1450 1451 2206 2205
g Group32944
f 1004 1005 2205 2206
g Group36573
f 216 1005 1004 211
g Group32941
f 1451 1463 2207 2206
g Group32944
f 1003 1004 2206 2207
g Group36573
f 211 1004 1003 212
g Group32941
f 1463 1467 2208 2207
g Group32944
f 1002 1003 2207 2208
g Group36573
f 212 1003 1002 204
g Group32941
f 1467 1453 2209 2208
g Group32944
f 1001 1002 2208 2209
g Group36573
f 204 1002 1001 203
g Group32941
f 1453 1447 2210 2209
g Group32944
f 1000 1001 2209 2210
g Group36573
f 203 1001 1000 205
g Group32941
f 1447 1444 2211 2210
g Group32944
f 999 1000 2210 2211
g Group36573
f 205 1000 999 214
g Group32941
f 1444 1445 2212 2211
g Group32944
f 998 999 2211 2212
g Group36573
f 214 999 998 199
g Group32941
f 1445 1464 2213 2212
g Group32944
f 997 998 2212 2213
g Group36573
f 199 998 997 200
g Group32941
f 1464 1468 2214 2213
g Group32944
f 996 997 2213 2214
g Group36573
f 200 997 996 247
g Group32941
f 1468 1495 2215 2214
g Group32944
f 995 996 2214 2215
g Group36573
f 247 996 995 226
g Group32941
f 1495 1476 2216 2215
g Group32944
f 994 995 2215 2216
g Group36573
f 226 995 994 225
g Group32941
f 1476 1477 2217 2216
g Group32944
f 993 994 2216 2217
g Group36573
f 225 994 993 237
g Group32941
f 1477 1480 2218 2217
g Group32944
f 992 993 2217 2218
g Group36573
f 237 993 992 230
g Group32941
f 1480 1486 2219 2218
g Group32944
f 991 992 2218 2219
g Group36573
f 230 992 991 234
g Group32941
f 1486 1496 2220 2219
g Group32944
f 990 991 2219 2220
g Group36573
f 234 991 990 233
g Group32941
f 1496 1492 2221 2220
g Group32944
f 989 990 2220 2221
g Group36573
f 233 990 989 232
g Group32941
f 1492 1482 2222 2221
g Group32944
f 988 989 2221 2222
g Group36573
f 232 989 988 231
g Group32941
f 1482 1483 2223 2222
g Group32944
f 987 988 2222 2223
g Group36573
f 231 988 987 239
g Group32941
f 1483 1489 2224 2223
g Group32944
f 986 987 2223 2224
g Group36573
f 239 987 986 242
g Group32941
f 1489 1473 2225 2224
g Group32944
f 985 986 2224 2225
g Group36573
f 242 986 985 244
g Group32941
f 1473 1470 2226 2225
g Group32944
f 984 985 2225 2226
g Group36573
f 244 985 984 246
g Group32941
f 1470 1532 2227 2226
g Group32944
f 983 984 2226 2227
g Group36573
f 246 984 983 296
g Group32941
f 1532 1533 2228 2227
g Group32944
f 982 983 2227 2228
g Group36573
f 296 983 982 294
g Group32941
f 1533 1544 2229 2228
g Group32944
f 981 982 2228 2229
g Group36573
f 294 982 981 292
g Group32941
f 1544 1547 2230 2229
g Group32944
f 980 981 2229 2230
g Group36573
f 292 981 980 289
g Group32941
f 1547 1548 2231 2230
g Group32944
f 979 980 2230 2231
g Group36573
f 289 980 979 281
g Group32941
f 1548 1550 2232 2231
g Group32944
f 978 979 2231 2232
g Group36573
f 281 979 978 282
g Group32941
f 1550 1554 2233 2232
g Group32944
f 977 978 2232 2233
g Group36573
f 282 978 977 283
g Group32941
f 1554 1543 2234 2233
g Group32944
f 976 977 2233 2234
g Group36573
f 283 977 976 284
g Group32941
f 1543 1539 2235 2234
g Group32944
f 975 976 2234 2235
g Group36573
f 284 976 975 280
g Group32941
f 1539 1535 2236 2235
g Group32944
f 974 975 2235 2236
g Group36573
f 280 975 974 287
g Group32941
f 1535 1536 2237 2236
g Group32944
f 973 974 2236 2237
g Group36573
f 287 974 973 275
g Group32941
f 1536 1552 2238 2237
g Group32944
f 972 973 2237 2238
g Group36573
f 275 973 972 276
g Group32941
f 1552 1529 2239 2238
g Group32944
f 971 972 2238 2239
g Group36573
f 276 972 971 297
g Group32941
f 1529 1525 2240 2239
g Group32944
f 970 971 2239 2240
g Group36573
f 297 971 970 250
g Group32941
f 1525 1505 2241 2240
g Group32944
f 969 970 2240 2241
g Group36573
f 250 970 969 249
g Group32941
f 1505 1502 2242 2241
g Group32944
f 968 969 2241 2242
g Group36573
f 249 969 968 264
g Group32941
f 1502 1506 2243 2242
g Group32944
f 967 968 2242 2243
g Group36573
f 264 968 967 255
g Group32941
f 1506 1512 2244 2243
g Group32944
f 966 967 2243 2244
g Group36573
f 255 967 966 253
g Group32941
f 1512 1527 2245 2244
g Group32944
f 965 966 2244 2245
g Group36573
f 253 966 965 254
g Group32941
f 1527 1523 2246 2245
g Group32944
f 964 965 2245 2246
g Group36573
f 254 965 964 262
g Group32941
f 1523 1521 2247 2246
g Group32944
f 963 964 2246 2247
g Group36573
f 262 964 963 261
g Group32941
f 1521 1518 2248 2247
g Group32944
f 962 963 2247 2248
g Group36573
f 261 963 962 266
g Group32941
f 1518 1515 2249 2248
g Group32944
f 961 962 2248 2249
g Group36573
f 266 962 961 267
g Group32941
f 1515 1516 2250 2249
g Group32944
f 960 961 2249 2250
g Group36573
f 267 961 960 269
g Group32941
f 1516 1307 2251 2250
g Group32944
f 959 960 2250 2251
g Group36573
f 269 960 959 271
g Group32941
f 1307 1304 2252 2251
g Group32944
f 958 959 2251 2252
g Group36573
f 271 959 958 673
g Group32941
f 1304 1942 2253 2252
g Group32944
f 957 958 2252 2253
g Group36573
f 673 958 957 671
g Group32941
f 1942 1943 2254 2253
g Group32944
f 956 957 2253 2254
g Group36573
f 671 957 956 669
g Group32941
f 1943 1947 2255 2254
g Group32944
f 955 956 2254 2255
g Group36573
f 669 956 955 666
g Group32941
f 1947 1938 2256 2255
g Group32944
f 954 955 2255 2256
g Group36573
f 666 955 954 667
g Group32941
f 1938 1939 2257 2256
g Group32944
f 953 954 2256 2257
g Group36573
f 667 954 953 661
g Group32941
f 1939 1949 2258 2257
g Group32944
f 952 953 2257 2258
g Group36573
f 661 953 952 662
g Group32941
f 1949 1953 2259 2258
g Group32944
f 951 952 2258 2259
g Group36573
f 662 952 951 654
g Group32941
f 1953 1941 2260 2259
g Group32944
f 950 951 2259 2260
g Group36573
f 654 951 950 653
g Group32941
f 1941 1935 2261 2260
g Group32944
f 949 950 2260 2261
g Group36573
f 653 950 949 655
g Group32941
f 1935 1932 2262 2261
g Group32944
f 948 949 2261 2262
g Group36573
f 655 949 948 664
g Group32941
f 1932 1933 2263 2262
g Group32944
f 947 948 2262 2263
g Group36573
f 664 948 947 651
g Group32941
f 1933 1950 2264 2263
g Group32944
f 946 947 2263 2264
g Group36573
f 651 947 946 701
g Group32941
f 1950 1977 2265 2264
g Group32944
f 945 946 2264 2265
g Group36573
f 701 946 945 678
g Group32941
f 1977 1958 2266 2265
g Group32944
f 944 945 2265 2266
g Group36573
f 678 945 944 677
g Group32941
f 1958 1959 2267 2266
g Group32944
f 943 944 2266 2267
g Group36573
f 677 944 943 689
g Group32941
f 1959 1962 2268 2267
g Group32944
f 942 943 2267 2268
g Group36573
f 689 943 942 682
g Group32941
f 1962 1966 2269 2268
g Group32944
f 941 942 2268 2269
g Group36573
f 682 942 941 686
g Group32941
f 1966 1978 2270 2269
g Group32944
f 940 941 2269 2270
g Group36573
f 686 941 940 685
g Group32941
f 1978 1974 2271 2270
g Group32944
f 939 940 2270 2271
g Group36573
f 685 940 939 684
g Group32941
f 1974 1970 2272 2271
g Group32944
f 938 939 2271 2272
g Group36573
f 684 939 938 683
g Group32941
f 1970 1971 2273 2272
g Group32944
f 937 938 2272 2273
g Group36573
f 683 938 937 691
g Group32941
f 1971 1969 2274 2273
g Group32944
f 936 937 2273 2274
g Group36573
f 691 937 936 694
g Group32941
f 1969 1957 2275 2274
g Group32944
f 935 936 2274 2275
g Group36573
f 694 936 935 696
g Group32941
f 1957 1954 2276 2275
g Group32944
f 934 935 2275 2276
g Group36573
f 696 935 934 700
g Group32941
f 1954 1980 2277 2276
g Group32944
f 933 934 2276 2277
g Group36573
f 700 934 933 697
g Group32941
f 1980 1904 2278 2277
g Group32944
f 932 933 2277 2278
g Group36573
f 697 933 932 646
g Group32941
f 1904 1905 2279 2278
g Group32944
f 931 932 2278 2279
g Group36573
f 646 932 931 644
g Group32941
f 1905 1920 2280 2279
g Group32944
f 930 931 2279 2280
g Group36573
f 644 931 930 642
g Group32941
f 1920 1923 2281 2280
g Group32944
f 929 930 2280 2281
g Group36573
f 642 930 929 637
g Group32941
f 1923 1915 2282 2281
g Group32944
f 928 929 2281 2282
g Group36573
f 637 929 928 640
g Group32941
f 1915 1916 2283 2282
g Group32944
f 927 928 2282 2283
g Group36573
f 640 928 927 629
g Group32941
f 1916 1924 2284 2283
g Group32944
f 926 927 2283 2284
g Group36573
f 629 927 926 630
g Group32941
f 1924 1928 2285 2284
g Group32944
f 925 926 2284 2285
g Group36573
f 630 926 925 631
g Group32941
f 1928 1919 2286 2285
g Group32944
f 924 925 2285 2286
g Group36573
f 631 925 924 632
g Group32941
f 1919 1913 2287 2286
g Group32944
f 923 924 2286 2287
g Group36573
f 632 924 923 628
g Group32941
f 1913 1909 2288 2287
g Group32944
f 922 923 2287 2288
g Group36573
f 628 923 922 635
g Group32941
f 1909 1910 2289 2288
g Group32944
f 921 922 2288 2289
g Group36573
f 635 922 921 623
g Group32941
f 1910 1926 2290 2289
g Group32944
f 920 921 2289 2290
g Group36573
f 623 921 920 624
g Group32941
f 1926 1901 2291 2290
g Group32944
f 919 920 2290 2291
g Group36573
f 624 920 919 647
g Group32941
f 1901 1897 2292 2291
g Group32944
f 918 919 2291 2292
g Group36573
f 647 919 918 598
g Group32941
f 1897 1881 2293 2292
g Group32944
f 917 918 2292 2293
g Group36573
f 598 918 917 597
g Group32941
f 1881 1878 2294 2293
g Group32944
f 916 917 2293 2294
g Group36573
f 597 917 916 612
g Group32941
f 1878 1882 2295 2294
g Group32944
f 915 916 2294 2295
g Group36573
f 612 916 915 603
g Group32941
f 1882 1888 2296 2295
g Group32944
f 914 915 2295 2296
g Group36573
f 603 915 914 601
g Group32941
f 1888 1899 2297 2296
g Group32944
f 913 914 2296 2297
g Group36573
f 601 914 913 602
g Group32941
f 1899 1895 2298 2297
g Group32944
f 912 913 2297 2298
g Group36573
f 602 913 912 610
g Group32941
f 1895 1887 2299 2298
g Group32944
f 911 912 2298 2299
g Group36573
f 610 912 911 609
g Group32941
f 1887 1884 2300 2299
g Group32944
f 910 911 2299 2300
g Group36573
f 609 911 910 614
g Group32941
f 1884 1891 2301 2300
g Group32944
f 909 910 2300 2301
g Group36573
f 614 910 909 615
g Group32941
f 1891 1892 2302 2301
g Group32944
f 908 909 2301 2302
g Group36573
f 615 909 908 617
g Group32941
f 1892 1906 2303 2302
g Group32944
f 907 908 2302 2303
g Group36573
f 617 908 907 619
g Group32941
f 1906 1439 2304 2303
g Group32944
f 906 907 2303 2304
g Group36573
f 619 907 906 649
g Group32941
f 1439 1279 2305 2304
g Group32944
f 905 906 2304 2305
g Group36573
f 649 906 905 775
g Group32941
f 1279 1280 2306 2305
g Group32944
f 904 905 2305 2306
g Group36573
f 775 905 904 773
g Group32941
f 1280 1540 2307 2306
g Group32944
f 903 904 2306 2307
g Group36573
f 773 904 903 771
g Group32941
f 1540 1491 2308 2307
g Group32944
f 902 903 2307 2308
g Group36573
f 771 903 902 770
g Group32941
f 1491 1460 2309 2308
g Group32944
f 901 902 2308 2309
g Group36573
f 770 902 901 765
g Group32941
f 1460 1461 2310 2309
g Group32944
f 900 901 2309 2310
g Group36573
f 765 901 900 766
g Group32941
f 1461 1637 2311 2310
g Group32944
f 899 900 2310 2311
g Group36573
f 766 900 899 758
g Group32941
f 1637 1558 2312 2311
g Group32944
f 898 899 2311 2312
g Group36573
f 758 899 898 757
g Group32941
f 1558 1559 2313 2312
g Group32944
f 897 898 2312 2313
g Group36573
f 757 898 897 759
g Group32941
f 1559 1965 2314 2313
g Group32944
f 896 897 2313 2314
g Group36573
f 759 897 896 768
g Group32941
f 1965 1498 2315 2314
g Group32944
f 895 896 2314 2315
g Group36573
f 768 896 895 753
g Group32941
f 1498 1499 2316 2315
g Group32944
f 894 895 2315 2316
g Group36573
f 753 895 894 754
g Group32941
f 1499 1650 2317 2316
g Group32944
f 893 894 2316 2317
g Group36573
f 754 894 893 799
g Group32941
f 1650 1391 2318 2317
g Group32944
f 892 893 2317 2318
g Group36573
f 799 893 892 780
g Group32941
f 1391 1294 2319 2318
g Group32944
f 891 892 2318 2319
g Group36573
f 780 892 891 779
g Group32941
f 1294 1295 2320 2319
g Group32944
f 890 891 2319 2320
g Group36573
f 779 891 890 791
g Group32941
f 1295 1576 2321 2320
g Group32944
f 889 890 2320 2321
g Group36573
f 791 890 889 784
g Group32941
f 1576 1612 2322 2321
g Group32944
f 888 889 2321 2322
g Group36573
f 784 889 888 788
g Group32941
f 1612 1440 2323 2322
g Group32944
f 887 888 2322 2323
g Group36573
f 788 888 887 787
g Group32941
f 1440 1322 2324 2323
g Group32944
f 886 887 2323 2324
g Group36573
f 787 887 886 786
g Group32941
f 1322 1323 2325 2324
g Group32944
f 885 886 2324 2325
g Group36573
f 786 886 885 785
g Group32941
f 1323 1212 2326 2325
g Group32944
f 884 885 2325 2326
g Group32941
f 785 885 884 802
f 1212 1213 2327 2326
g Group32944
f 883 884 2326 2327
g Group36573
f 802 884 883 794
g Group32941
f 1213 1245 2328 2327
g Group32944
f 882 883 2327 2328
g Group36573
f 794 883 882 796
g Group32941
f 1245 1431 2329 2328
g Group32944
f 881 882 2328 2329
g Group36573
f 796 882 881 798
g Group32941
f 1431 1432 2330 2329
g Group32944
f 880 881 2329 2330
g Group36573
f 798 881 880 750
g Group32941
f 1432 1673 2331 2330
g Group32944
f 879 880 2330 2331
g Group36573
f 750 880 879 748
g Group32941
f 1673 1383 2332 2331
g Group32944
f 878 879 2331 2332
g Group36573
f 748 879 878 746
g Group32941
f 1383 1380 2333 2332
g Group32944
f 877 878 2332 2333
g Group36573
f 746 878 877 743
g Group32941
f 1380 1737 2334 2333
g Group32944
f 876 877 2333 2334
g Group36573
f 743 877 876 735
g Group32941
f 1737 1738 2335 2334
g Group32944
f 875 876 2334 2335
g Group36573
f 735 876 875 736
g Group32941
f 1738 1826 2336 2335
g Group32944
f 874 875 2335 2336
g Group36573
f 736 875 874 737
g Group32941
f 1826 1845 2337 2336
g Group32944
f 873 874 2336 2337
g Group36573
f 737 874 873 738
g Group32941
f 1845 1819 2338 2337
g Group32944
f 872 873 2337 2338
g Group36573
f 738 873 872 734
g Group32941
f 1819 1333 2339 2338
g Group32944
f 871 872 2338 2339
g Group36573
f 734 872 871 741
g Group32941
f 1333 1334 2340 2339
g Group32944
f 870 871 2339 2340
g Group36573
f 741 871 870 729
g Group32941
f 1334 1511 2341 2340
g Group32944
f 869 870 2340 2341
g Group36573
f 729 870 869 730
g Group32941
f 1511 1508 2342 2341
g Group32944
f 868 869 2341 2342
g Group36573
f 730 869 868 751
g Group32941
f 1508 2003 2343 2342
g Group32944
f 867 868 2342 2343
g Group36573
f 751 868 867 704
g Group32941
f 2003 1985 2344 2343
g Group32944
f 866 867 2343 2344
g Group36573
f 704 867 866 703
g Group32941
f 1985 1982 2345 2344
g Group32944
f 865 866 2344 2345
g Group36573
f 703 866 865 718
g Group32941
f 1982 1986 2346 2345
g Group32944
f 864 865 2345 2346
g Group36573
f 718 865 864 709
g Group32941
f 1986 1992 2347 2346
g Group32944
f 863 864 2346 2347
g Group36573
f 709 864 863 707
g Group32941
f 1992 2005 2348 2347
g Group32944
f 862 863 2347 2348
g Group36573
f 707 863 862 708
g Group32941
f 2005 2001 2349 2348
g Group32944
f 861 862 2348 2349
g Group36573
f 708 862 861 716
g Group32941
f 2001 1991 2350 2349
g Group32944
f 860 861 2349 2350
g Group36573
f 716 861 860 715
g Group32941
f 1991 1988 2351 2350
g Group32944
f 859 860 2350 2351
g Group36573
f 715 860 859 721
g Group32941
f 1988 1998 2352 2351
g Group32944
f 858 859 2351 2352
g Group36573
f 721 859 858 720
g Group32941
f 1998 1995 2353 2352
g Group32944
f 857 858 2352 2353
g Group36573
f 720 858 857 723
g Group32941
f 1995 1996 2354 2353
g Group32944
f 856 857 2353 2354
g Group36573
f 723 857 856 725
g Group32941
f 1996 1753 2355 2354
g Group32944
f 855 856 2354 2355
g Group36573
f 725 856 855 469
g Group32941
f 1753 1732 2356 2355
g Group32944
f 854 855 2355 2356
g Group36573
f 469 855 854 467
g Group32941
f 1732 1733 2357 2356
g Group32944
f 853 854 2356 2357
g Group36573
f 467 854 853 465
g Group32941
f 1733 1728 2358 2357
g Group32944
f 852 853 2357 2358
g Group36573
f 465 853 852 464
g Group32941
f 1728 1729 2359 2358
g Group32944
f 851 852 2358 2359
g Group36573
f 464 852 851 459
g Group32941
f 1729 1741 2360 2359
g Group32944
f 850 851 2359 2360
g Group36573
f 459 851 850 460
g Group32941
f 1741 1745 2361 2360
g Group32944
f 849 850 2360 2361
g Group36573
f 460 850 849 452
g Group32941
f 1745 1731 2362 2361
g Group32944
f 848 849 2361 2362
g Group36573
f 452 849 848 451
g Group32941
f 1731 1725 2363 2362
g Group32944
f 847 848 2362 2363
g Group36573
f 451 848 847 453
g Group32941
f 1725 1722 2364 2363
g Group32944
f 846 847 2363 2364
g Group36573
f 453 847 846 462
g Group32941
f 1722 1723 2365 2364
g Group32944
f 845 846 2364 2365
g Group36573
f 462 846 845 447
g Group32941
f 1723 1742 2366 2365
g Group32944
f 844 845 2365 2366
g Group36573
f 447 845 844 448
g Group32941
f 1742 1746 2367 2366
g Group32944
f 843 844 2366 2367
g Group36573
f 448 844 843 497
g Group32941
f 1746 1773 2368 2367
g Group32944
f 842 843 2367 2368
g Group36573
f 497 843 842 474
g Group32941
f 1773 1754 2369 2368
g Group32944
f 841 842 2368 2369
g Group36573
f 474 842 841 473
g Group32941
f 1754 1755 2370 2369
g Group32944
f 840 841 2369 2370
g Group36573
f 473 841 840 485
g Group32941
f 1755 1758 2371 2370
g Group32944
f 839 840 2370 2371
g Group36573
f 485 840 839 478
g Group32941
f 1758 1764 2372 2371
g Group32944
f 838 839 2371 2372
g Group36573
f 478 839 838 482
g Group32941
f 1764 1774 2373 2372
g Group32944
f 837 838 2372 2373
g Group36573
f 482 838 837 481
g Group32941
f 1774 1770 2374 2373
g Group32944
f 836 837 2373 2374
g Group36573
f 481 837 836 480
g Group32941
f 1770 1760 2375 2374
g Group32944
f 835 836 2374 2375
g Group36573
f 480 836 835 479
g Group32941
f 1760 1761 2376 2375
g Group32944
f 834 835 2375 2376
g Group36573
f 479 835 834 490
g Group32941
f 1761 1768 2377 2376
g Group32944
f 833 834 2376 2377
g Group36573
f 490 834 833 487
g Group32941
f 1768 1767 2378 2377
g Group32944
f 832 833 2377 2378
g Group36573
f 487 833 832 492
g Group32941
f 1767 1751 2379 2378
g Group32944
f 831 832 2378 2379
g Group36573
f 492 832 831 494
g Group32941
f 1751 1748 2380 2379
g Group32944
f 830 831 2379 2380
g Group36573
f 494 831 830 495
g Group32941
f 1748 1709 2381 2380
g Group32944
f 829 830 2380 2381
g Group36573
f 495 830 829 444
g Group32941
f 1709 1706 2382 2381
g Group32944
f 828 829 2381 2382
g Group36573
f 444 829 828 442
g Group32941
f 1706 1711 2383 2382
g Group32944
f 827 828 2382 2383
g Group36573
f 442 828 827 437
g Group32941
f 1711 1701 2384 2383
g Group32944
f 826 827 2383 2384
g Group36573
f 437 827 826 440
g Group32941
f 1701 1702 2385 2384
g Group32944
f 825 826 2384 2385
g Group36573
f 440 826 825 429
g Group32941
f 1702 1712 2386 2385
g Group32944
f 824 825 2385 2386
g Group36573
f 429 825 824 430
g Group32941
f 1712 1716 2387 2386
g Group32944
f 823 824 2386 2387
g Group36573
f 430 824 823 431
g Group32941
f 1716 1705 2388 2387
g Group32944
f 822 823 2387 2388
g Group36573
f 431 823 822 432
g Group32941
f 1705 1699 2389 2388
g Group32944
f 821 822 2388 2389
g Group36573
f 432 822 821 428
g Group32941
f 1699 1695 2390 2389
g Group32944
f 820 821 2389 2390
g Group36573
f 428 821 820 435
g Group32941
f 1695 1696 2391 2390
g Group32944
f 819 820 2390 2391
g Group36573
f 435 820 819 423
g Group32941
f 1696 1714 2392 2391
g Group32944
f 818 819 2391 2392
g Group36573
f 423 819 818 424
g Group32941
f 1714 1691 2393 2392
g Group32944
f 817 818 2392 2393
g Group36573
f 424 818 817 445
g Group32941
f 1691 1687 2394 2393
g Group32944
f 816 817 2393 2394
g Group36573
f 445 817 816 398
g Group32941
f 1687 1669 2395 2394
g Group32944
f 815 816 2394 2395
g Group36573
f 398 816 815 397
g Group32941
f 1669 1666 2396 2395
g Group32944
f 814 815 2395 2396
g Group36573
f 397 815 814 412
g Group32941
f 1666 1670 2397 2396
g Group32944
f 813 814 2396 2397
g Group36573
f 412 814 813 403
g Group32941
f 1670 1674 2398 2397
g Group32944
f 812 813 2397 2398
g Group36573
f 403 813 812 401
g Group32941
f 1674 1689 2399 2398
g Group32944
f 811 812 2398 2399
g Group36573
f 401 812 811 402
g Group32941
f 1689 1685 2400 2399
g Group32944
f 810 811 2399 2400
g Group36573
f 402 811 810 410
g Group32941
f 1685 1683 2401 2400
g Group32944
f 809 810 2400 2401
g Group36573
f 410 810 809 409
g Group32941
f 1683 1680 2402 2401
g Group32944
f 808 809 2401 2402
g Group36573
f 409 809 808 414
g Group32941
f 1680 1677 2403 2402
g Group32944
f 807 808 2402 2403
g Group36573
f 414 808 807 415
g Group32941
f 1677 1678 2404 2403
g Group32944
f 806 807 2403 2404
g Group36573
f 415 807 806 417
g Group32941
f 1678 1692 2405 2404
g Group32944
f 805 806 2404 2405
g Group36573
f 417 806 805 419
g Group32941
f 1692 1718 2406 2405
g Group32944
f 804 805 2405 2406
g Group36573
f 419 805 804 569
g Group32941
f 1718 1840 2006 2406
g Group32944
f 803 804 2406 2006
g Group36573
f 569 804 803 567

 