# File exported by ZBrush version 2021
# www.zbrush.com
#Vertex Count 2560
#Face Count 2560
#Auto scale x=1.000000 y=1.000000 z=1.000000
#Auto offset x=0.000000 y=0.000000 z=0.000000
v 1.7094264 -1.97509801 0.1040785
v 1.8505944 -2.13923311 0.1038865
v 1.79637038 -1.89156103 0.1040785
v 1.9476844 -2.051234 0.1038865
v 1.66626739 -1.96242094 0.1040775
v 1.70092535 -1.85559797 0.1040775
v 1.60399437 -2.06142711 0.1040785
v 1.73681235 -2.23237705 0.1038865
v 1.50494742 -2.13018202 0.1040785
v 1.6316334 -2.31002211 0.1038865
v 1.60008037 -2.0166161 0.1040775
v 1.48851835 -2.02951908 0.1040775
v 1.54723835 -1.88456702 0.1040775
v 1.61064136 -1.96199798 0.1040775
v 1.29074537 -2.27027607 0.1040785
v 1.39721941 -2.45877695 0.1038865
v 1.39230334 -2.20528411 0.1040785
v 1.50959742 -2.39138603 0.1038865
v 1.25088644 -2.24943089 0.1040775
v 1.30569744 -2.1514101 0.1040775
v 1.17051041 -2.33440303 0.1040785
v 1.26746642 -2.52796006 0.1038865
v 1.05996441 -2.38253688 0.1040785
v 1.14917242 -2.58361792 0.1038865
v 1.17540442 -2.28968906 0.1040775
v 1.06346941 -2.28060197 0.1040775
v 1.14931142 -2.14987111 0.1040775
v 1.19640839 -2.2381761 0.1040775
v 1.5526154 -2.40882611 0.1040775
v 1.48922538 -2.5152409 0.1040775
v 1.63184142 -2.35598993 0.1040775
v 1.75444245 -2.33836197 0.1040775
v 1.66790545 -2.49588298 0.1040775
v 1.61237835 -2.41262197 0.1040775
v 1.1405704 -2.62867593 0.1040775
v 1.26425838 -2.63527393 0.1040775
v 1.14869046 -2.77291488 0.1040775
v 1.1104474 -2.68043208 0.1040775
v 1.99394035 -2.05931401 0.1040775
v 1.95254337 -2.1760559 0.1040775
v 2.12400817 -2.12219095 0.1040775
v 2.05329656 -2.0513699 0.1040775
v 0.82147038 -2.47856211 0.1040785
v 0.88907539 -2.68422794 0.1038865
v 0.93376642 -2.43465995 0.1040785
v 1.01245141 -2.64008593 0.1038865
v 0.78645038 -2.45033097 0.1040775
v 0.85935038 -2.36490392 0.1040775
v 0.69102537 -2.51796793 0.1040785
v 0.74830943 -2.72673296 0.1038865
v 0.57320642 -2.5435841 0.1040785
v 0.62142139 -2.7582159 0.1038865
v 0.70455938 -2.47507 0.1040775
v 0.59655338 -2.44429588 0.1040775
v 0.70627641 -2.33285188 0.1040775
v 0.7352184 -2.42865395 0.1040775
v 0.32169839 -2.59103202 0.1040785
v 0.34792539 -2.80593395 0.1038865
v 0.44039639 -2.56985998 0.1040785
v 0.47753739 -2.78668093 0.1038865
v 0.2928504 -2.55651998 0.1040775
v 0.38100141 -2.4869399 0.1040775
v 0.1860744 -2.60426402 0.1040785
v 0.2015734 -2.82019209 0.1038865
v 0.0655214 -2.60642695 0.1040785
v 0.0709834 -2.82633996 0.1038865
v 0.2077094 -2.56482791 0.1040775
v 0.1077714 -2.513592 0.1040775
v 0.2371104 -2.42566704 0.1040775
v 0.24682641 -2.52527403 0.1040775
v 0.5106064 -2.81925606 0.1040775
v 0.4113174 -2.89331007 0.1040775
v 0.60402143 -2.80076003 0.1040775
v 0.72403639 -2.83139991 0.1040775
v 0.58380341 -2.94380903 0.1040775
v 0.56436741 -2.84563589 0.1040775
v 0.0457924 -2.86467599 0.1040775
v 0.15753839 -2.91810798 0.1040775
v 1.05209541 -2.66525292 0.1040775
v 0.9691714 -2.75726103 0.1040775
v 1.22005939 -3.16958999 0.1040785
v 1.14281535 -2.96734499 0.1038865
v 1.07359039 -3.22590494 0.1040785
v 1.00416445 -3.01716804 0.1038865
v 1.26388144 -3.19295406 0.1040775
v 1.16087544 -3.29258704 0.1040775
v 1.38371837 -3.10175108 0.1040785
v 1.29553842 -2.90404009 0.1038865
v 1.52707338 -3.03792595 0.1040785
v 1.42846441 -2.84128689 0.1038865
v 1.36927938 -3.14926505 0.1040775
v 1.51256644 -3.14680409 0.1040775
v 1.36883938 -3.29718089 0.1040775
v 1.33051741 -3.20473003 0.1040775
v 1.81536042 -2.87094402 0.1040785
v 1.70018243 -2.68763208 0.1038865
v 1.6826744 -2.95472598 0.1040785
v 1.57389938 -2.76352 0.1038865
v 1.86289441 -2.88531899 0.1040775
v 1.78127944 -3.00311803 0.1040775
v 1.96266043 -2.772511 0.1040785
v 1.83763945 -2.59577703 0.1038865
v 2.09082937 -2.68197298 0.1040785
v 1.95578742 -2.50832104 0.1038865
v 1.95775735 -2.82192611 0.1040775
v 2.09781742 -2.79158997 0.1040775
v 1.98615443 -2.96709489 0.1040775
v 1.93054842 -2.88388705 0.1040775
v 1.52931034 -2.74521207 0.1040775
v 1.60265445 -2.63631796 0.1040775
v 1.43722736 -2.79443311 0.1040775
v 1.30593836 -2.79492497 0.1040775
v 1.41935944 -2.65026402 0.1040775
v 1.46653842 -2.73852396 0.1040775
v 1.95510637 -2.46077203 0.1040775
v 1.82642936 -2.4868319 0.1040775
v 1.90949237 -2.32284688 0.1040775
v 1.97296142 -2.40022397 0.1040775
v 0.96303141 -2.99083209 0.1040775
v 1.05622243 -2.89835 0.1040775
v 0.87373042 -2.87624692 0.1040775
v 0.90277338 -2.97201895 0.1040775
v 0.0881744 -3.39481806 0.1040785
v 0.0824484 -3.17841291 0.1038865
v 0.24504339 -3.39077305 0.1040785
v 0.2292734 -3.17136001 0.1038865
v 0.0566354 -3.4331789 0.1040775
v 0.18993739 -3.48579001 0.1040775
v 0.5753014 -3.34695196 0.1040785
v 0.53912442 -3.13350105 0.1038865
v 0.42064639 -3.37351799 0.1040785
v 0.39340439 -3.15523195 0.1038865
v 0.61370438 -3.37843895 0.1040775
v 0.4931944 -3.45599198 0.1040775
v 0.74907243 -3.31244397 0.1040785
v 0.70128238 -3.101305 0.1038865
v 0.90214538 -3.27790498 0.1040785
v 0.84391641 -3.06577396 0.1038865
v 0.72561442 -3.3562181 0.1040775
v 0.86661237 -3.38184094 0.1040775
v 0.69623941 -3.50118899 0.1040775
v 0.67674839 -3.4030261 0.1040775
v 0.3592284 -3.12124109 0.1040775
v 0.46868941 -3.04874491 0.1040775
v 0.25531539 -3.13143611 0.1040775
v 0.13385041 -3.08160305 0.1040775
v 0.29403239 -2.99142003 0.1040775
v 0.30380541 -3.09101891 0.1040775
v 0.8615024 -3.02159094 0.1040775
v 0.7326554 -2.99637389 0.1040775
v 2.34300756 -2.46014308 0.1040785
v 2.19418859 -2.30291008 0.1038865
v 2.22928047 -2.5682671 0.1040785
v 2.08519458 -2.40204095 0.1038865
v 2.39243745 -2.46494197 0.1040775
v 2.33544731 -2.59643101 0.1040775
v 2.52931118 -2.52101707 0.1040775
v 2.45850038 -2.45029807 0.1040775
v 2.03711032 -2.39347004 0.1040775
v 2.08777046 -2.27234506 0.1040775
v 2.60878562 -0.188105 0.1040785
v 2.82465934 -0.20448799 0.1038865
v 2.61127519 -0.06755899 0.1040785
v 2.83117437 -0.073615 0.1038865
v 2.56929063 -0.20963299 0.1040775
v 2.51832628 -0.109557 0.1040775
v 2.59519052 -0.323693 0.1040785
v 2.80996751 -0.35079801 0.1038865
v 2.57369327 -0.442332 0.1040785
v 2.79041433 -0.48006099 0.1038865
v 2.56075239 -0.29475 0.1040775
v 2.49093532 -0.382714 0.1040775
v 2.43005323 -0.23865599 0.1040775
v 2.52963256 -0.24864199 0.1040775
v 2.52112436 -0.69282001 0.1040785
v 2.72966337 -0.75095999 0.1038865
v 2.54705858 -0.57507002 0.1040785
v 2.76155757 -0.62386602 0.1038865
v 2.47819042 -0.70623797 0.1040775
v 2.4477086 -0.598149 0.1040775
v 2.4813652 -0.82315802 0.1040785
v 2.68674135 -0.89160001 0.1038865
v 2.4371562 -0.93533301 0.1040785
v 2.64237022 -1.014575 0.1038865
v 2.45322847 -0.78806197 0.1040775
v 2.36760759 -0.86072999 0.1040775
v 2.33596658 -0.70757001 0.1040775
v 2.43168926 -0.736772 0.1040775
v 2.80431938 -0.60580897 0.1040775
v 2.83466434 -0.72589898 0.1040775
v 2.82304239 -0.51243799 0.1040775
v 2.89733648 -0.413331 0.1040775
v 2.94741439 -0.58593899 0.1040775
v 2.84928941 -0.56626397 0.1040775
v 2.66812562 -1.05253398 0.1040775
v 2.7603054 -0.96980202 0.1040775
v 2.77579641 -1.14885699 0.1040775
v 2.68338251 -1.11044204 0.1040775
v 2.86961221 -0.046645 0.1040775
v 2.92281436 -0.15850099 0.1040775
v 2.33626222 -1.17180705 0.1040785
v 2.52942943 -1.26955795 0.1038865
v 2.38469362 -1.06139004 0.1040785
v 2.58553361 -1.15113997 0.1038865
v 2.29153251 -1.17657804 0.1040775
v 2.2827506 -1.06461894 0.1040775
v 2.27180862 -1.29186701 0.1040785
v 2.45986318 -1.39910697 0.1038865
v 2.20654249 -1.39324998 0.1040785
v 2.3923254 -1.51104605 0.1038865
v 2.25107145 -1.25195097 0.1040775
v 2.15290117 -1.30649805 0.1040775
v 2.15178728 -1.15010702 0.1040775
v 2.23996448 -1.19744205 0.1040775
v 2.06211233 -1.60454905 0.1040785
v 2.23252534 -1.73807299 0.1038865
v 2.13113451 -1.50568902 0.1040785
v 2.31063222 -1.63285994 0.1038865
v 2.01731252 -1.60051298 0.1040775
v 2.03051853 -1.48898804 0.1040775
v 1.97549641 -1.709746 0.1040785
v 2.13904619 -1.85157895 0.1038865
v 1.89172637 -1.79646503 0.1040785
v 2.05098819 -1.94821 0.1038865
v 1.96293735 -1.66655397 0.1040775
v 1.85602045 -1.70092296 0.1040775
v 1.88540542 -1.54731404 0.1040775
v 1.96266639 -1.61092603 0.1040775
v 2.35704946 -1.63254296 0.1040775
v 2.33912229 -1.75510299 0.1040775
v 2.41008043 -1.55344605 0.1040775
v 2.51664638 -1.49031603 0.1040775
v 2.49685525 -1.668949 0.1040775
v 2.41372823 -1.61321902 0.1040775
v 2.06025457 -1.993137 0.1040775
v 2.17708063 -1.95197796 0.1040775
v 2.63136625 -1.14093494 0.1040775
v 2.63770961 -1.26463699 0.1040775
v 3.10660028 -1.37909901 0.1040785
v 2.90903043 -1.29058098 0.1038865
v 3.04275941 -1.52244794 0.1040785
v 2.84613132 -1.42381095 0.1038865
v 3.15411663 -1.36466598 0.1040775
v 3.15163755 -1.50795602 0.1040775
v 3.17446327 -1.215451 0.1040785
v 2.97235727 -1.13786804 0.1038865
v 3.23079824 -1.06899094 0.1040785
v 3.02206945 -0.99953502 0.1038865
v 3.19782161 -1.259274 0.1040775
v 3.29746961 -1.15628099 0.1040775
v 3.30203437 -1.36424899 0.1040775
v 3.20958757 -1.32591402 0.1040775
v 3.31678342 -0.74712503 0.1040785
v 3.1057496 -0.698807 0.1038865
v 3.28210163 -0.90016597 0.1040785
v 3.07002258 -0.84174102 0.1038865
v 3.36057519 -0.72370797 0.1040775
v 3.38606929 -0.86472898 0.1040775
v 3.35145139 -0.57338798 0.1040785
v 3.13810348 -0.53667998 0.1038865
v 3.37816143 -0.41875699 0.1040785
v 3.15989923 -0.39131298 0.1038865
v 3.38290262 -0.61181998 0.1040775
v 3.46056842 -0.49138 0.1040775
v 3.50557518 -0.69446897 0.1040775
v 3.40743255 -0.67488497 0.1040775
v 3.02553463 -0.86029398 0.1040775
v 3.00048255 -0.731417 0.1040775
v 2.99516153 -0.96019202 0.1040775
v 2.90261364 -1.05331397 0.1040775
v 2.88064241 -0.87080597 0.1040775
v 2.97639226 -0.89991802 0.1040775
v 3.1258192 -0.35814699 0.1040775
v 3.05318737 -0.467518 0.1040775
v 2.9960823 -0.29278799 0.1040775
v 3.09566736 -0.302688 0.1040775
v 2.79841518 -1.43424201 0.1040775
v 2.79900455 -1.30295205 0.1040775
v 2.65425825 -1.41627001 0.1040775
v 2.74248552 -1.46351397 0.1040775
v 2.4648633 -2.33830189 0.1040785
v 2.30789041 -2.18922591 0.1038865
v 2.57300233 -2.22459197 0.1040785
v 2.4067974 -2.08048296 0.1038865
v 2.46965551 -2.38773202 0.1040775
v 2.60115242 -2.3307631 0.1040775
v 2.77571725 -1.96020901 0.1040785
v 2.59928751 -1.83474302 0.1038865
v 2.68506145 -2.08829402 0.1040785
v 2.51153516 -1.95308899 0.1038865
v 2.82514047 -1.95535302 0.1040775
v 2.79467344 -2.09538507 0.1040775
v 2.87428951 -1.81299996 0.1040785
v 2.69127225 -1.69737398 0.1038865
v 2.9581933 -1.68039405 0.1040785
v 2.76708936 -1.57144105 0.1038865
v 2.88862133 -1.86054694 0.1040775
v 3.00649738 -1.77904295 0.1040775
v 2.97027921 -1.98388505 0.1040775
v 2.88712263 -1.92820203 0.1040775
v 2.46333217 -1.95318901 0.1040775
v 2.48955631 -1.82454299 0.1040775
v 2.39701318 -2.03383398 0.1040775
v 2.27585125 -2.08440303 0.1040775
v 2.32546663 -1.90740096 0.1040775
v 2.40276241 -1.970968 0.1040775
v 2.74831152 -1.52775204 0.1040775
v 2.63932418 -1.60096001 0.1040775
v 3.39984417 -0.08359599 0.1040785
v 3.18343639 -0.077505 0.1038865
v 3.39577817 -0.24046599 0.1040785
v 3.17636632 -0.22466599 0.1038865
v 3.43820858 -0.052064 0.1040775
v 3.49080133 -0.18537099 0.1040775
v 3.13628721 -0.25257799 0.1040775
v 3.08653831 -0.131077 0.1040775
v -1.97902262 -1.70567703 0.1040785
v -2.14306879 -1.84695303 0.1038865
v -1.89543056 -1.79256796 0.1040785
v -2.05500555 -1.94398403 0.1038865
v -1.96637463 -1.66251099 0.1040775
v -1.85952961 -1.69709897 0.1040775
v -2.06542158 -1.60030102 0.1040785
v -2.23628664 -1.73323094 0.1038865
v -2.13424158 -1.50129902 0.1040785
v -2.31399965 -1.62810194 0.1038865
v -2.02061271 -1.59635901 0.1040775
v -2.03358936 -1.48480594 0.1040775
v -1.8885976 -1.54342997 0.1040775
v -1.96598959 -1.60688304 0.1040775
v -2.27447366 -1.287189 0.1040785
v -2.46290445 -1.39378595 0.1038865
v -2.20941638 -1.38870596 0.1040785
v -2.39544153 -1.50612103 0.1038865
v -2.25365352 -1.247316 0.1040775
v -2.15559864 -1.30206298 0.1040775
v -2.33867979 -1.16699695 0.1040785
v -2.53217172 -1.26407694 0.1038865
v -2.38688468 -1.05648005 0.1040785
v -2.58790779 -1.14582002 0.1038865
v -2.29396152 -1.17186105 0.1040775
v -2.28494739 -1.05991995 0.1040775
v -2.1541624 -1.14567601 0.1040775
v -2.24243545 -1.19282996 0.1040775
v -2.41285371 -1.54914796 0.1040775
v -2.51930856 -1.48582804 0.1040775
v -2.3599658 -1.62834 0.1040775
v -2.3422594 -1.75093102 0.1040775
v -2.49983453 -1.66449594 0.1040775
v -2.41661167 -1.60891401 0.1040775
v -2.63297367 -1.13724803 0.1040775
v -2.63948774 -1.260939 0.1040775
v -2.77720642 -1.14546001 0.1040775
v -2.6847496 -1.10715794 0.1040775
v -2.06305456 -1.99024701 0.1040775
v -2.17982244 -1.94892394 0.1040775
v -2.12584543 -2.12035489 0.1040775
v -2.05507373 -2.04959607 0.1040775
v -2.48306274 -0.81805002 0.1040785
v -2.68868637 -0.88578802 0.1038865
v -2.43908739 -0.93031597 0.1040785
v -2.64446449 -1.009135 0.1038865
v -2.45485782 -0.78301 0.1040775
v -2.36938476 -0.855856 0.1040775
v -2.52255773 -0.68762999 0.1040785
v -2.73128461 -0.745049 0.1038865
v -2.54824876 -0.56982702 0.1040785
v -2.7628498 -0.61818301 0.1038865
v -2.47964954 -0.701137 0.1040775
v -2.44894647 -0.59311097 0.1040775
v -2.33742857 -0.70276099 0.1040775
v -2.4332118 -0.73176497 0.1040775
v -2.59586143 -0.31834998 0.1040785
v -2.8107438 -0.34471601 0.1038865
v -2.57460975 -0.43703401 0.1040785
v -2.79140758 -0.47431701 0.1038865
v -2.56136655 -0.28947898 0.1040775
v -2.49172973 -0.377586 0.1040775
v -2.60918045 -0.18273499 0.1040785
v -2.82509565 -0.198375 0.1038865
v -2.61142158 -0.06218399 0.1040785
v -2.83132982 -0.067789 0.1038865
v -2.5697298 -0.204344 0.1040775
v -2.51856136 -0.104373 0.1040775
v -2.43055152 -0.233655 0.1040775
v -2.53015041 -0.24343599 0.1040775
v -2.82396173 -0.50740498 0.1040775
v -2.89807844 -0.408165 0.1040775
v -2.80540657 -0.60080897 0.1040775
v -2.83596372 -0.72084397 0.1040775
v -2.94846439 -0.580684 0.1040775
v -2.8503046 -0.56118398 0.1040775
v -2.86968469 -0.04262299 0.1040775
v -2.92304277 -0.15440399 0.1040775
v -2.66960239 -1.04879403 0.1040775
v -2.76167058 -0.96593099 0.1040775
v -3.1738348 -1.21708798 0.1040785
v -2.97163963 -1.13971304 0.1038865
v -3.23024463 -1.07065701 0.1040785
v -3.02155256 -1.00109303 0.1038865
v -3.19716978 -1.26092505 0.1040775
v -3.29686975 -1.15798401 0.1040775
v -3.10588645 -1.38070404 0.1040785
v -2.90823459 -1.29239499 0.1038865
v -3.04197073 -1.52401804 0.1040785
v -2.84539461 -1.42527902 0.1038865
v -3.15341138 -1.36629402 0.1040775
v -3.15085744 -1.50957894 0.1040775
v -3.30132865 -1.36594998 0.1040775
v -3.20890235 -1.32756698 0.1040775
v -2.87479972 -1.81219494 0.1040785
v -2.69156265 -1.69689798 0.1038865
v -2.9586687 -1.67956399 0.1040785
v -2.76753377 -1.57066404 0.1038865
v -2.88914775 -1.85973703 0.1040775
v -3.00699663 -1.77820003 0.1040775
v -2.77626943 -1.95942997 0.1040785
v -2.59961652 -1.83429396 0.1038865
v -2.68564939 -2.08753991 0.1040785
v -2.51208543 -1.95238399 0.1038865
v -2.82569265 -1.95455801 0.1040775
v -2.79526138 -2.094599 0.1040775
v -2.97083854 -1.98304903 0.1040775
v -2.8876667 -1.92738902 0.1040775
v -2.74925565 -1.52606105 0.1040775
v -2.64031171 -1.59933602 0.1040775
v -2.79853582 -1.434013 0.1040775
v -2.79911136 -1.30272197 0.1040775
v -2.65437746 -1.41605103 0.1040775
v -2.74260759 -1.46328699 0.1040775
v -2.46453762 -1.95167398 0.1040775
v -2.49068069 -1.82301402 0.1040775
v -2.32664156 -1.90596997 0.1040775
v -2.40397739 -1.96949005 0.1040775
v -2.99524164 -0.95994299 0.1040775
v -2.90269947 -1.05307495 0.1040775
v -2.8807168 -0.87056899 0.1040775
v -2.97646951 -0.89967298 0.1040775
v -3.39980173 -0.085349 0.1040785
v -3.18339681 -0.079483 0.1038865
v -3.39565181 -0.242216 0.1040785
v -3.1762495 -0.22630299 0.1038865
v -3.43817949 -0.053835 0.1040775
v -3.49070453 -0.18717099 0.1040775
v -3.35161542 -0.57244598 0.1040785
v -3.13818836 -0.53612899 0.1038865
v -3.37828445 -0.417806 0.1040785
v -3.16001367 -0.390423 0.1038865
v -3.38307762 -0.61086797 0.1040775
v -3.46070861 -0.49040898 0.1040775
v -3.31699562 -0.74619299 0.1040785
v -3.10588455 -0.69826602 0.1038865
v -3.28235769 -0.89924401 0.1040785
v -3.07026052 -0.84087801 0.1038865
v -3.36078071 -0.72276401 0.1040775
v -3.38631343 -0.863779 0.1040775
v -3.50577259 -0.693484 0.1040775
v -3.40762472 -0.67392802 0.1040775
v -3.1260457 -0.35622501 0.1040775
v -3.05347776 -0.46563899 0.1040775
v -3.13630962 -0.252319 0.1040775
v -3.08655262 -0.130822 0.1040775
v -2.99626541 -0.29094499 0.1040775
v -3.09585952 -0.30078399 0.1040775
v -3.02606678 -0.858433 0.1040775
v -3.0009365 -0.72957098 0.1040775
v -2.46365642 -2.33957409 0.1040785
v -2.30652236 -2.19065189 0.1038865
v -2.57185459 -2.225919 0.1040785
v -2.40572166 -2.08172297 0.1038865
v -2.4684205 -2.38900589 0.1040775
v -2.59994745 -2.33210396 0.1040775
v -2.52440977 -2.525918 0.1040775
v -2.45373344 -2.4550631 0.1040775
v -2.39718246 -2.03363394 0.1040775
v -2.27602577 -2.08421492 0.1040775
v -0.19144558 -2.60387301 0.1040785
v -0.2076886 -2.81975793 0.1038865
v -0.07089759 -2.606287 0.1040785
v -0.07681059 -2.82618808 0.1038865
v -0.2129976 -2.56439304 0.1040775
v -0.11295559 -2.51336503 0.1040775
v -0.32704159 -2.59036588 0.1040785
v -0.35400658 -2.80516505 0.1038865
v -0.4456956 -2.56894707 0.1040785
v -0.48328259 -2.78569197 0.1038865
v -0.29812258 -2.55591201 0.1040775
v -0.3861306 -2.48615002 0.1040775
v -0.24211259 -2.42517495 0.1040775
v -0.25203359 -2.52476096 0.1040775
v -0.69621861 -2.516541 0.1040785
v -0.75422257 -2.72512006 0.1038865
v -0.57845062 -2.54239988 0.1040785
v -0.62710762 -2.75693106 0.1038865
v -0.70966261 -2.47361803 0.1040775
v -0.60159456 -2.44306397 0.1040775
v -0.82658159 -2.47686505 0.1040785
v -0.89488959 -2.68228697 0.1038865
v -0.93878561 -2.43273091 0.1040785
v -1.01789355 -2.637995 0.1038865
v -0.79150158 -2.44870901 0.1040775
v -0.86422759 -2.363132 0.1040775
v -0.71108859 -2.331393 0.1040775
v -0.74022656 -2.42713594 0.1040775
v -0.60902261 -2.79967999 0.1040775
v -0.72909158 -2.83010411 0.1040775
v -0.5156396 -2.81834006 0.1040775
v -0.41648361 -2.89257192 0.1040775
v -0.58905762 -2.94276309 0.1040775
v -0.56944757 -2.84462404 0.1040775
v -1.05583655 -2.66377496 0.1040775
v -0.9730426 -2.75590205 0.1040775
v -1.15208864 -2.77150702 0.1040775
v -1.11373364 -2.6790719 0.1040775
v -0.04981559 -2.864609 0.1040775
v -0.16163659 -2.91788411 0.1040775
v -0.00230559 -3.00104093 0.1040775
v -0.00222859 -2.90096402 0.1040775
v -1.1753236 -2.33198905 0.1040785
v -1.27295064 -2.52521991 0.1038865
v -1.06487655 -2.38035011 0.1040785
v -1.15449655 -2.58124804 0.1038865
v -1.18012654 -2.2872641 0.1040775
v -1.06817162 -2.278409 0.1040775
v -1.29542756 -2.26761293 0.1040785
v -1.40254354 -2.45573902 0.1038865
v -1.39684963 -2.20241498 0.1040785
v -1.5145266 -2.3882749 0.1038865
v -1.25552356 -2.24685192 0.1040775
v -1.31013464 -2.14872002 0.1040775
v -1.15374457 -2.14750289 0.1040775
v -1.20102155 -2.23570799 0.1040775
v -1.60824358 -2.05812192 0.1040785
v -1.74165761 -2.22862196 0.1038865
v -1.50933861 -2.12708091 0.1040785
v -1.63639462 -2.30665993 0.1038865
v -1.60423755 -2.01331806 0.1040775
v -1.49270355 -2.02645206 0.1040775
v -1.71349859 -1.97157597 0.1040785
v -1.85522353 -2.13521695 0.1038865
v -1.80027055 -1.88786101 0.1040785
v -1.95191264 -2.04722404 0.1038865
v -1.67031455 -1.95898795 0.1040775
v -1.70475256 -1.85209405 0.1040775
v -1.55112457 -1.881379 0.1040775
v -1.6146866 -1.95868098 0.1040775
v -1.63604664 -2.35307693 0.1040775
v -1.75861859 -2.33523297 0.1040775
v -1.55691456 -2.40605497 0.1040775
v -1.49371564 -2.51258111 0.1040775
v -1.67236161 -2.49290704 0.1040775
v -1.61668562 -2.40974593 0.1040775
v -1.99683356 -2.05651903 0.1040775
v -1.95559954 -2.17331695 0.1040775
v -1.14426159 -2.6270771 0.1040775
v -1.26795864 -2.6334989 0.1040775
v -1.38211762 -3.10246396 0.1040785
v -1.29372763 -2.90483689 0.1038865
v -1.52550661 -3.03871488 0.1040785
v -1.42699754 -2.84202194 0.1038865
v -1.36765265 -3.1499691 0.1040775
v -1.51094162 -3.14758491 0.1040775
v -1.21842455 -3.17021799 0.1040785
v -1.14097356 -2.96806597 0.1038865
v -1.07192564 -3.22645807 0.1040785
v -1.00260758 -3.01768493 0.1038865
v -1.26223254 -3.19360494 0.1040775
v -1.15917456 -3.2931869 0.1040775
v -1.36713755 -3.29788708 0.1040775
v -1.32886362 -3.20541811 0.1040775
v -0.75000459 -3.31223607 0.1040785
v -0.70182359 -3.10117101 0.1038865
v -0.9030686 -3.27765393 0.1040785
v -0.84478062 -3.06553506 0.1038865
v -0.72655957 -3.35601306 0.1040775
v -0.86756461 -3.38159894 0.1040775
v -0.57624459 -3.34679007 0.1040785
v -0.53967559 -3.13341808 0.1038865
v -0.4215956 -3.37340092 0.1040785
v -0.39429259 -3.15512108 0.1038865
v -0.61465561 -3.37826609 0.1040775
v -0.49416658 -3.45585393 0.1040775
v -0.69722658 -3.50099301 0.1040775
v -0.67770558 -3.40283703 0.1040775
v -0.86336362 -3.02106189 0.1040775
v -0.73450058 -2.99592495 0.1040775
v -0.9632796 -2.99075388 0.1040775
v -1.05646157 -2.89826393 0.1040775
v -0.87397056 -2.87617611 0.1040775
v -0.90302062 -2.9719429 0.1040775
v -0.36115059 -3.12102103 0.1040775
v -0.47056758 -3.04845809 0.1040775
v -0.2958756 -2.99123811 0.1040775
v -0.30571058 -3.09083199 0.1040775
v -1.43745958 -2.7943151 0.1040775
v -1.30616962 -2.79481792 0.1040775
v -1.41957962 -2.650146 0.1040775
v -1.46676564 -2.73840308 0.1040775
v -2.34173774 -2.46135091 0.1040785
v -2.19276142 -2.3042829 0.1038865
v -2.22795438 -2.56941604 0.1040785
v -2.08395481 -2.40311503 0.1038865
v -2.39116382 -2.46617507 0.1040775
v -2.33410739 -2.59763598 0.1040775
v -1.96344053 -2.77195811 0.1040785
v -1.83808958 -2.59544706 0.1038865
v -2.09158659 -2.68138694 0.1040785
v -1.95649361 -2.50777196 0.1038865
v -1.95855259 -2.82137703 0.1040775
v -2.09860372 -2.79100108 0.1040775
v -1.81616854 -2.87043595 0.1040785
v -1.70065963 -2.68734288 0.1038865
v -1.68350863 -2.954252 0.1040785
v -1.57467758 -2.76307702 0.1038865
v -1.86370563 -2.884799 0.1040775
v -1.78212654 -3.00261902 0.1040775
v -1.98698854 -2.96653604 0.1040775
v -1.9313606 -2.88334393 0.1040775
v -1.95662355 -2.45956993 0.1040775
v -1.82796263 -2.48571205 0.1040775
v -2.0373106 -2.39330196 0.1040775
v -2.08795976 -2.27217388 0.1040775
v -1.91092455 -2.32167291 0.1040775
v -1.97444164 -2.39901089 0.1040775
v -1.53100156 -2.74427008 0.1040775
v -1.60427963 -2.63533306 0.1040775
v -0.08642159 -3.39486503 0.1040785
v -0.08047059 -3.17845201 0.1038865
v -0.24329359 -3.39089989 0.1040785
v -0.22763659 -3.17147898 0.1038865
v -0.05486359 -3.43320798 0.1040775
v -0.18813759 -3.48588895 0.1040775
v 0.0022704 -3.56964588 0.1040775
v 0.0022064 -3.46956801 0.1040775
v -0.25557559 -3.13141703 0.1040775
v -0.13410559 -3.08159208 0.1040775
v 1.7094264 1.97509694 0.1040785
v 1.8505944 2.13923311 0.1038865
v 1.79637038 1.89155995 0.1040785
v 1.9476844 2.051234 0.1038865
v 1.66626739 1.96241998 0.1040775
v 1.70092535 1.85559701 0.1040775
v 1.60399437 2.06142592 0.1040785
v 1.73681235 2.23237609 0.1038865
v 1.50494742 2.13018202 0.1040785
v 1.6316334 2.31002211 0.1038865
v 1.60008037 2.01661491 0.1040775
v 1.48851835 2.02951788 0.1040775
v 1.54723835 1.88456594 0.1040775
v 1.61064136 1.96199798 0.1040775
v 1.29074537 2.27027511 0.1040785
v 1.39721941 2.45877599 0.1038865
v 1.39230334 2.20528411 0.1040785
v 1.50959742 2.39138388 0.1038865
v 1.25088644 2.24942898 0.1040775
v 1.30569744 2.15140891 0.1040775
v 1.17051041 2.33440303 0.1040785
v 1.26746642 2.5279591 0.1038865
v 1.05996441 2.38253593 0.1040785
v 1.14917242 2.58361697 0.1038865
v 1.17540442 2.28968691 0.1040775
v 1.06346941 2.28060102 0.1040775
v 1.14931142 2.14986991 0.1040775
v 1.19640839 2.23817491 0.1040775
v 1.5526154 2.40882492 0.1040775
v 1.48922538 2.5152409 0.1040775
v 1.63184142 2.35598802 0.1040775
v 1.75444245 2.33836102 0.1040775
v 1.66790545 2.49588203 0.1040775
v 1.61237835 2.41262006 0.1040775
v 1.1405704 2.62867498 0.1040775
v 1.26425838 2.63527298 0.1040775
v 1.14869046 2.77291393 0.1040775
v 1.1104474 2.68043088 0.1040775
v 1.99394035 2.0593121 0.1040775
v 1.95254337 2.17605495 0.1040775
v 2.12400817 2.12218999 0.1040775
v 2.05329656 2.05136895 0.1040775
v 0.82147038 2.47856092 0.1040785
v 0.88907539 2.68422603 0.1038865
v 0.93376642 2.434659 0.1040785
v 1.01245141 2.64008498 0.1038865
v 0.78645038 2.45033097 0.1040775
v 0.85935038 2.36490202 0.1040775
v 0.69102537 2.51796698 0.1040785
v 0.74830943 2.72673201 0.1038865
v 0.57320642 2.54358291 0.1040785
v 0.62142139 2.75821495 0.1038865
v 0.70455938 2.47506904 0.1040775
v 0.59655338 2.44429493 0.1040775
v 0.70627641 2.33284997 0.1040775
v 0.7352184 2.428653 0.1040775
v 0.32169839 2.59103107 0.1040785
v 0.34792539 2.80593299 0.1038865
v 0.44039639 2.56985688 0.1040785
v 0.47753739 2.78667998 0.1038865
v 0.2928504 2.55651903 0.1040775
v 0.38100141 2.48693895 0.1040775
v 0.1860744 2.60426306 0.1040785
v 0.2015734 2.82018899 0.1038865
v 0.0655214 2.60642504 0.1040785
v 0.0709834 2.826339 0.1038865
v 0.2077094 2.56482505 0.1040775
v 0.1077714 2.51359105 0.1040775
v 0.2371104 2.42566609 0.1040775
v 0.24682641 2.52527189 0.1040775
v 0.5106064 2.81925511 0.1040775
v 0.4113174 2.89330911 0.1040775
v 0.60402143 2.80075907 0.1040775
v 0.72403639 2.83139801 0.1040775
v 0.58380341 2.94380688 0.1040775
v 0.56436741 2.84563303 0.1040775
v 0.0457924 2.86467409 0.1040775
v 0.15753839 2.91810798 0.1040775
v 1.05209541 2.66525292 0.1040775
v 0.9691714 2.75726103 0.1040775
v 1.22005939 3.16958904 0.1040785
v 1.14281535 2.96734404 0.1038865
v 1.07359039 3.22590398 0.1040785
v 1.00416445 3.01716589 0.1038865
v 1.26388144 3.19295096 0.1040775
v 1.16087544 3.29258704 0.1040775
v 1.38371837 3.10174894 0.1040785
v 1.29553842 2.9040389 0.1038865
v 1.52707338 3.037925 0.1040785
v 1.42846441 2.84128499 0.1038865
v 1.36927938 3.1492629 0.1040775
v 1.51256644 3.1468029 0.1040775
v 1.36883938 3.29717993 0.1040775
v 1.33051741 3.20472908 0.1040775
v 1.81536042 2.87094306 0.1040785
v 1.70018243 2.68763089 0.1038865
v 1.6826744 2.95472502 0.1040785
v 1.57389938 2.76351904 0.1038865
v 1.86289441 2.88531899 0.1040775
v 1.78127944 3.00311708 0.1040775
v 1.96266043 2.77250909 0.1040785
v 1.83763945 2.59577608 0.1038865
v 2.09082937 2.68197107 0.1040785
v 1.95578742 2.50832009 0.1038865
v 1.95775735 2.82192611 0.1040775
v 2.09781742 2.79158902 0.1040775
v 1.98615443 2.96709203 0.1040775
v 1.93054842 2.8838849 0.1040775
v 1.52931034 2.74521088 0.1040775
v 1.60265445 2.63631701 0.1040775
v 1.43722736 2.79443097 0.1040775
v 1.30593836 2.79492497 0.1040775
v 1.41935944 2.65026211 0.1040775
v 1.46653842 2.73852396 0.1040775
v 1.95510637 2.46077203 0.1040775
v 1.82642936 2.4868319 0.1040775
v 1.90949237 2.32284498 0.1040775
v 1.97296142 2.40022206 0.1040775
v 0.96303141 2.99082994 0.1040775
v 1.05622243 2.89835 0.1040775
v 0.87373042 2.87624692 0.1040775
v 0.90277338 2.972018 0.1040775
v 0.0881744 3.39481806 0.1040785
v 0.0824484 3.17841291 0.1038865
v 0.24504339 3.39077305 0.1040785
v 0.2292734 3.17136001 0.1038865
v 0.0566354 3.4331789 0.1040775
v 0.18993739 3.48579001 0.1040775
v 0.5753014 3.34695005 0.1040785
v 0.53912442 3.13350009 0.1038865
v 0.42064639 3.37351799 0.1040785
v 0.39340439 3.15523004 0.1038865
v 0.61370438 3.37843799 0.1040775
v 0.4931944 3.45599103 0.1040775
v 0.74907243 3.31244397 0.1040785
v 0.70128238 3.10130405 0.1038865
v 0.90214538 3.27790403 0.1040785
v 0.84391641 3.06577205 0.1038865
v 0.72561442 3.3562169 0.1040775
v 0.86661237 3.38183999 0.1040775
v 0.69623941 3.50118804 0.1040775
v 0.67674839 3.4030261 0.1040775
v 0.3592284 3.1212399 0.1040775
v 0.46868941 3.04874301 0.1040775
v 0.25531539 3.13143611 0.1040775
v 0.13385041 3.08160209 0.1040775
v 0.29403239 2.99141907 0.1040775
v 0.30380541 3.09101891 0.1040775
v 0.8615024 3.02158999 0.1040775
v 0.7326554 2.99637389 0.1040775
v 2.34300756 2.46014189 0.1040785
v 2.19418859 2.30290889 0.1038865
v 2.22928047 2.56826496 0.1040785
v 2.08519458 2.40204 0.1038865
v 2.39243745 2.46494007 0.1040775
v 2.33544731 2.59643006 0.1040775
v 2.52931118 2.52101397 0.1040775
v 2.45850038 2.45029497 0.1040775
v 2.03711032 2.39346909 0.1040775
v 2.08777046 2.27234411 0.1040775
v 2.60878562 0.188104 0.1040785
v 2.82465934 0.20448699 0.1038865
v 2.61127519 0.06755799 0.1040785
v 2.83117437 0.073614 0.1038865
v 2.56929063 0.20963099 0.1040775
v 2.51832628 0.10955599 0.1040775
v 2.59519052 0.32369101 0.1040785
v 2.80996751 0.35079601 0.1038865
v 2.57369327 0.44233098 0.1040785
v 2.79041433 0.48006001 0.1038865
v 2.56075239 0.29474899 0.1040775
v 2.49093532 0.38271299 0.1040775
v 2.43005323 0.238654 0.1040775
v 2.52963256 0.24864099 0.1040775
v 2.52112436 0.69281899 0.1040785
v 2.72966337 0.75095897 0.1038865
v 2.54705858 0.57506901 0.1040785
v 2.76155757 0.623865 0.1038865
v 2.47819042 0.70623701 0.1040775
v 2.4477086 0.59814798 0.1040775
v 2.4813652 0.82315701 0.1040785
v 2.68674135 0.891599 0.1038865
v 2.4371562 0.935332 0.1040785
v 2.64237022 1.01457297 0.1038865
v 2.45322847 0.78806 0.1040775
v 2.36760759 0.86072897 0.1040775
v 2.33596658 0.707569 0.1040775
v 2.43168926 0.73676997 0.1040775
v 2.80431938 0.60580802 0.1040775
v 2.83466434 0.72589701 0.1040775
v 2.82304239 0.51243698 0.1040775
v 2.89733648 0.41332998 0.1040775
v 2.94741439 0.58593702 0.1040775
v 2.84928941 0.56626302 0.1040775
v 2.66812562 1.05253303 0.1040775
v 2.7603054 0.96979999 0.1040775
v 2.77579641 1.14885604 0.1040775
v 2.68338251 1.11044096 0.1040775
v 2.86961221 0.046643 0.1040775
v 2.92281436 0.158499 0.1040775
v 3.00607633 -0.000777 0.1040775
v 2.90599823 -0.000919 0.1040775
v 2.33626222 1.17180502 0.1040785
v 2.52942943 1.26955699 0.1038865
v 2.38469362 1.06138801 0.1040785
v 2.58553361 1.15113902 0.1038865
v 2.29153251 1.17657697 0.1040775
v 2.2827506 1.06461596 0.1040775
v 2.27180862 1.29186594 0.1040785
v 2.45986318 1.39910495 0.1038865
v 2.20654249 1.39324796 0.1040785
v 2.3923254 1.51104402 0.1038865
v 2.25107145 1.25195002 0.1040775
v 2.15290117 1.30649602 0.1040775
v 2.15178728 1.150105 0.1040775
v 2.23996448 1.19744098 0.1040775
v 2.06211233 1.60454702 0.1040785
v 2.23252534 1.73807096 0.1038865
v 2.13113451 1.50568699 0.1040785
v 2.31063222 1.63285899 0.1038865
v 2.01731252 1.60051095 0.1040775
v 2.03051853 1.48898696 0.1040775
v 1.97549641 1.70974504 0.1040785
v 2.13904619 1.85157704 0.1038865
v 1.89172637 1.79646301 0.1040785
v 2.05098819 1.94820904 0.1038865
v 1.96293735 1.66655397 0.1040775
v 1.85602045 1.70092201 0.1040775
v 1.88540542 1.54731202 0.1040775
v 1.96266639 1.610924 0.1040775
v 2.35704946 1.63254094 0.1040775
v 2.33912229 1.75510203 0.1040775
v 2.41008043 1.55344498 0.1040775
v 2.51664638 1.49031496 0.1040775
v 2.49685525 1.66894698 0.1040775
v 2.41372823 1.61321699 0.1040775
v 2.06025457 1.99313604 0.1040775
v 2.17708063 1.95197701 0.1040775
v 2.63136625 1.14093399 0.1040775
v 2.63770961 1.26463496 0.1040775
v 3.10660028 1.37909805 0.1040785
v 2.90903043 1.29057896 0.1038865
v 3.04275941 1.52244603 0.1040785
v 2.84613132 1.42381 0.1038865
v 3.15411663 1.36466503 0.1040775
v 3.15163755 1.50795304 0.1040775
v 3.17446327 1.21545004 0.1040785
v 2.97235727 1.13786602 0.1038865
v 3.23079824 1.06898903 0.1040785
v 3.02206945 0.99953299 0.1038865
v 3.19782161 1.25927305 0.1040775
v 3.29746961 1.15628004 0.1040775
v 3.30203437 1.36424803 0.1040775
v 3.20958757 1.32591295 0.1040775
v 3.31678342 0.747123 0.1040785
v 3.1057496 0.69880497 0.1038865
v 3.28210163 0.900164 0.1040785
v 3.07002258 0.84173899 0.1038865
v 3.36057519 0.723706 0.1040775
v 3.38606929 0.86472797 0.1040775
v 3.35145139 0.57338702 0.1040785
v 3.13810348 0.53667902 0.1038865
v 3.37816143 0.418756 0.1040785
v 3.15989923 0.391312 0.1038865
v 3.38290262 0.61181902 0.1040775
v 3.46056842 0.49137899 0.1040775
v 3.50557518 0.694467 0.1040775
v 3.40743255 0.67488402 0.1040775
v 3.02553463 0.86029297 0.1040775
v 3.00048255 0.73141497 0.1040775
v 2.99516153 0.96018999 0.1040775
v 2.90261364 1.05331194 0.1040775
v 2.88064241 0.87080502 0.1040775
v 2.97639226 0.899917 0.1040775
v 3.1258192 0.35814601 0.1040775
v 3.05318737 0.467516 0.1040775
v 2.9960823 0.29278698 0.1040775
v 3.09566736 0.302686 0.1040775
v 2.79841518 1.43424105 0.1040775
v 2.79900455 1.30295097 0.1040775
v 2.65425825 1.41626894 0.1040775
v 2.74248552 1.46351301 0.1040775
v 2.4648633 2.33830094 0.1040785
v 2.30789041 2.18922495 0.1038865
v 2.57300233 2.22459006 0.1040785
v 2.4067974 2.080482 0.1038865
v 2.46965551 2.38773202 0.1040775
v 2.60115242 2.3307619 0.1040775
v 2.77571725 1.96020805 0.1040785
v 2.59928751 1.83474099 0.1038865
v 2.68506145 2.08829188 0.1040785
v 2.51153516 1.95308899 0.1038865
v 2.82514047 1.95535194 0.1040775
v 2.79467344 2.09538292 0.1040775
v 2.87428951 1.81299901 0.1040785
v 2.69127225 1.69737303 0.1038865
v 2.9581933 1.68039202 0.1040785
v 2.76708936 1.57143795 0.1038865
v 2.88862133 1.86054599 0.1040775
v 3.00649738 1.77904105 0.1040775
v 2.97027921 1.98388397 0.1040775
v 2.88712263 1.92820096 0.1040775
v 2.46333217 1.95318794 0.1040775
v 2.48955631 1.82454204 0.1040775
v 2.39701318 2.03383207 0.1040775
v 2.27585125 2.08440089 0.1040775
v 2.32546663 1.90740001 0.1040775
v 2.40276241 1.970968 0.1040775
v 2.74831152 1.52775001 0.1040775
v 2.63932418 1.60095703 0.1040775
v 3.39984417 0.083594 0.1040785
v 3.18343639 0.077504 0.1038865
v 3.39577817 0.240465 0.1040785
v 3.17636632 0.224664 0.1038865
v 3.43820858 0.052062 0.1040775
v 3.49080133 0.185369 0.1040775
v 3.57468462 -0.004982 0.1040775
v 3.47460651 -0.004984 0.1040775
v 3.13628721 0.252577 0.1040775
v 3.08653831 0.13107599 0.1040775
v -1.97902262 1.70567596 0.1040785
v -2.14306879 1.846951 0.1038865
v -1.89543056 1.79256594 0.1040785
v -2.05500555 1.94398295 0.1038865
v -1.96637463 1.66250896 0.1040775
v -1.85952961 1.69709801 0.1040775
v -2.06542158 1.60029995 0.1040785
v -2.23628664 1.73322904 0.1038865
v -2.13424158 1.50129795 0.1040785
v -2.31399965 1.62810003 0.1038865
v -2.02061271 1.59635698 0.1040775
v -2.03358936 1.48480498 0.1040775
v -1.8885976 1.54342901 0.1040775
v -1.96598959 1.60688102 0.1040775
v -2.27447366 1.28718805 0.1040785
v -2.46290445 1.39378404 0.1038865
v -2.20941638 1.38870298 0.1040785
v -2.39544153 1.50611805 0.1038865
v -2.25365352 1.24731504 0.1040775
v -2.15559864 1.30206298 0.1040775
v -2.33867979 1.166996 0.1040785
v -2.53217172 1.26407599 0.1038865
v -2.38688468 1.05647897 0.1040785
v -2.58790779 1.14581894 0.1038865
v -2.29396152 1.17185998 0.1040775
v -2.28494739 1.05991804 0.1040775
v -2.1541624 1.14567494 0.1040775
v -2.24243545 1.19282805 0.1040775
v -2.41285371 1.54914605 0.1040775
v -2.51930856 1.48582696 0.1040775
v -2.3599658 1.62833797 0.1040775
v -2.3422594 1.75092899 0.1040775
v -2.49983453 1.66449499 0.1040775
v -2.41661167 1.60891294 0.1040775
v -2.63297367 1.13724601 0.1040775
v -2.63948774 1.26093804 0.1040775
v -2.77720642 1.14545798 0.1040775
v -2.6847496 1.10715699 0.1040775
v -2.06305456 1.99024605 0.1040775
v -2.17982244 1.94892394 0.1040775
v -2.12584543 2.12035298 0.1040775
v -2.05507373 2.04959511 0.1040775
v -2.48306274 0.818048 0.1040785
v -2.68868637 0.88578701 0.1038865
v -2.43908739 0.930314 0.1040785
v -2.64446449 1.00913405 0.1038865
v -2.45485782 0.78300899 0.1040775
v -2.36938476 0.85585397 0.1040775
v -2.52255773 0.68762898 0.1040785
v -2.73128461 0.74504798 0.1038865
v -2.54824876 0.569826 0.1040785
v -2.7628498 0.61817997 0.1038865
v -2.47964954 0.70113498 0.1040775
v -2.44894647 0.59310901 0.1040775
v -2.33742857 0.70275998 0.1040775
v -2.4332118 0.73176401 0.1040775
v -2.59586143 0.31834799 0.1040785
v -2.8107438 0.34471499 0.1038865
v -2.57460975 0.43703299 0.1040785
v -2.79140758 0.474316 0.1038865
v -2.56136655 0.289478 0.1040775
v -2.49172973 0.37758499 0.1040775
v -2.60918045 0.18273399 0.1040785
v -2.82509565 0.198373 0.1038865
v -2.61142158 0.062183 0.1040785
v -2.83132982 0.06778699 0.1038865
v -2.5697298 0.204343 0.1040775
v -2.51856136 0.104372 0.1040775
v -2.43055152 0.23365299 0.1040775
v -2.53015041 0.24343399 0.1040775
v -2.82396173 0.50740402 0.1040775
v -2.89807844 0.40816301 0.1040775
v -2.80540657 0.60080802 0.1040775
v -2.83596372 0.72084301 0.1040775
v -2.94846439 0.58068299 0.1040775
v -2.8503046 0.56118297 0.1040775
v -2.86968469 0.042622 0.1040775
v -2.92304277 0.154403 0.1040775
v -3.00607967 -0.004992 0.1040775
v -2.90600156 -0.004993 0.1040775
v -2.66960239 1.04879295 0.1040775
v -2.76167058 0.96592897 0.1040775
v -3.1738348 1.21708595 0.1040785
v -2.97163963 1.13971102 0.1038865
v -3.23024463 1.07065498 0.1040785
v -3.02155256 1.00109195 0.1038865
v -3.19716978 1.26092302 0.1040775
v -3.29686975 1.15798199 0.1040775
v -3.10588645 1.38070297 0.1040785
v -2.90823459 1.29239296 0.1038865
v -3.04197073 1.52401697 0.1040785
v -2.84539461 1.42527794 0.1038865
v -3.15341138 1.366292 0.1040775
v -3.15085744 1.50957703 0.1040775
v -3.30132865 1.36594903 0.1040775
v -3.20890235 1.32756602 0.1040775
v -2.87479972 1.81219303 0.1040785
v -2.69156265 1.69689595 0.1038865
v -2.9586687 1.67956197 0.1040785
v -2.76753377 1.57066202 0.1038865
v -2.88914775 1.85973596 0.1040775
v -3.00699663 1.77819895 0.1040775
v -2.77626943 1.95942902 0.1040785
v -2.59961652 1.834293 0.1038865
v -2.68564939 2.08753991 0.1040785
v -2.51208543 1.95238304 0.1038865
v -2.82569265 1.95455801 0.1040775
v -2.79526138 2.09459805 0.1040775
v -2.97083854 1.983047 0.1040775
v -2.8876667 1.92738902 0.1040775
v -2.74925565 1.52605998 0.1040775
v -2.64031171 1.59933495 0.1040775
v -2.79853582 1.43401098 0.1040775
v -2.79911136 1.30271995 0.1040775
v -2.65437746 1.416049 0.1040775
v -2.74260759 1.46328496 0.1040775
v -2.46453762 1.95167195 0.1040775
v -2.49068069 1.82301104 0.1040775
v -2.32664156 1.90596902 0.1040775
v -2.40397739 1.96948897 0.1040775
v -2.99524164 0.95994299 0.1040775
v -2.90269947 1.05307304 0.1040775
v -2.8807168 0.87056702 0.1040775
v -2.97646951 0.89967101 0.1040775
v -3.39980173 0.08534699 0.1040785
v -3.18339681 0.07948099 0.1038865
v -3.39565181 0.24221399 0.1040785
v -3.1762495 0.22630199 0.1038865
v -3.43817949 0.05383399 0.1040775
v -3.49070453 0.18716999 0.1040775
v -3.57468462 -0.003141 0.1040775
v -3.47460746 -0.003194 0.1040775
v -3.35161542 0.57244402 0.1040785
v -3.13818836 0.53612697 0.1038865
v -3.37828445 0.41780498 0.1040785
v -3.16001367 0.39042198 0.1038865
v -3.38307762 0.61086702 0.1040775
v -3.46070861 0.49040699 0.1040775
v -3.31699562 0.74619197 0.1040785
v -3.10588455 0.69826501 0.1038865
v -3.28235769 0.89924198 0.1040785
v -3.07026052 0.84087598 0.1038865
v -3.36078071 0.722763 0.1040775
v -3.38631343 0.86377698 0.1040775
v -3.50577259 0.69348198 0.1040775
v -3.40762472 0.67392599 0.1040775
v -3.1260457 0.356224 0.1040775
v -3.05347776 0.46563699 0.1040775
v -3.13630962 0.25231799 0.1040775
v -3.08655262 0.130821 0.1040775
v -2.99626541 0.29094401 0.1040775
v -3.09585952 0.30078199 0.1040775
v -3.02606678 0.85843199 0.1040775
v -3.0009365 0.72956997 0.1040775
v -2.46365642 2.3395729 0.1040785
v -2.30652236 2.19064998 0.1038865
v -2.57185459 2.2259171 0.1040785
v -2.40572166 2.08172297 0.1038865
v -2.4684205 2.38900494 0.1040775
v -2.59994745 2.33210206 0.1040775
v -2.52440977 2.52591705 0.1040775
v -2.45373344 2.45506095 0.1040775
v -2.39718246 2.03363394 0.1040775
v -2.27602577 2.08421397 0.1040775
v -0.19144558 2.60387301 0.1040785
v -0.2076886 2.81975698 0.1038865
v -0.07089759 2.60628604 0.1040785
v -0.07681059 2.82618689 0.1038865
v -0.2129976 2.56439304 0.1040775
v -0.11295559 2.51336288 0.1040775
v -0.32704159 2.59036493 0.1040785
v -0.35400658 2.8051629 0.1038865
v -0.4456956 2.56894588 0.1040785
v -0.48328259 2.78569102 0.1038865
v -0.29812258 2.55591106 0.1040775
v -0.3861306 2.48614811 0.1040775
v -0.24211259 2.42517304 0.1040775
v -0.25203359 2.52476 0.1040775
v -0.69621861 2.51653909 0.1040785
v -0.75422257 2.72511792 0.1038865
v -0.57845062 2.54239797 0.1040785
v -0.62710762 2.75692892 0.1038865
v -0.70966261 2.47361588 0.1040775
v -0.60159456 2.44306111 0.1040775
v -0.82658159 2.4768629 0.1040785
v -0.89488959 2.68228602 0.1038865
v -0.93878561 2.43272995 0.1040785
v -1.01789355 2.63799405 0.1038865
v -0.79150158 2.4487071 0.1040775
v -0.86422759 2.36313009 0.1040775
v -0.71108859 2.33139205 0.1040775
v -0.74022656 2.42713499 0.1040775
v -0.60902261 2.79967999 0.1040775
v -0.72909158 2.83010292 0.1040775
v -0.5156396 2.8183391 0.1040775
v -0.41648361 2.89257097 0.1040775
v -0.58905762 2.94276189 0.1040775
v -0.56944757 2.84462308 0.1040775
v -1.05583655 2.66377401 0.1040775
v -0.9730426 2.7558999 0.1040775
v -1.15208864 2.77150607 0.1040775
v -1.11373364 2.67907095 0.1040775
v -0.04981559 2.864609 0.1040775
v -0.16163659 2.91788411 0.1040775
v -0.00230559 3.00103902 0.1040775
v -0.00222859 2.90096211 0.1040775
v -1.1753236 2.33198809 0.1040785
v -1.27295064 2.52521896 0.1038865
v -1.06487655 2.38034892 0.1040785
v -1.15449655 2.58124589 0.1038865
v -1.18012654 2.28726196 0.1040775
v -1.06817162 2.278409 0.1040775
v -1.29542756 2.26761198 0.1040785
v -1.40254354 2.45573806 0.1038865
v -1.39684963 2.20241403 0.1040785
v -1.5145266 2.38827395 0.1038865
v -1.25552356 2.24685096 0.1040775
v -1.31013464 2.14871811 0.1040775
v -1.15374457 2.14750099 0.1040775
v -1.20102155 2.23570704 0.1040775
v -1.60824358 2.05812096 0.1040785
v -1.74165761 2.228621 0.1038865
v -1.50933861 2.12708091 0.1040785
v -1.63639462 2.30665898 0.1038865
v -1.60423755 2.01331806 0.1040775
v -1.49270355 2.02645111 0.1040775
v -1.71349859 1.97157502 0.1040785
v -1.85522353 2.13521695 0.1038865
v -1.80027055 1.88785994 0.1040785
v -1.95191264 2.04722189 0.1038865
v -1.67031455 1.95898699 0.1040775
v -1.70475256 1.85209298 0.1040775
v -1.55112457 1.88137698 0.1040775
v -1.6146866 1.95868003 0.1040775
v -1.63604664 2.35307693 0.1040775
v -1.75861859 2.33523201 0.1040775
v -1.55691456 2.40605402 0.1040775
v -1.49371564 2.51257991 0.1040775
v -1.67236161 2.4929049 0.1040775
v -1.61668562 2.40974402 0.1040775
v -1.99683356 2.05651807 0.1040775
v -1.95559954 2.173316 0.1040775
v -1.14426159 2.62707495 0.1040775
v -1.26795864 2.633497 0.1040775
v -1.38211762 3.102463 0.1040785
v -1.29372763 2.90483498 0.1038865
v -1.52550661 3.03871297 0.1040785
v -1.42699754 2.84202098 0.1038865
v -1.36765265 3.1499679 0.1040775
v -1.51094162 3.14758396 0.1040775
v -1.21842455 3.17021799 0.1040785
v -1.14097356 2.96806407 0.1038865
v -1.07192564 3.22645711 0.1040785
v -1.00260758 3.01768398 0.1038865
v -1.26223254 3.19360494 0.1040775
v -1.15917456 3.29318594 0.1040775
v -1.36713755 3.29788589 0.1040775
v -1.32886362 3.20541691 0.1040775
v -0.75000459 3.31223607 0.1040785
v -0.70182359 3.1011691 0.1038865
v -0.9030686 3.27765297 0.1040785
v -0.84478062 3.06553411 0.1038865
v -0.72655957 3.35601306 0.1040775
v -0.86756461 3.38159894 0.1040775
v -0.57624459 3.34679007 0.1040785
v -0.53967559 3.13341808 0.1038865
v -0.4215956 3.37340092 0.1040785
v -0.39429259 3.15511989 0.1038865
v -0.61465561 3.37826609 0.1040775
v -0.49416658 3.45585298 0.1040775
v -0.69722658 3.50099301 0.1040775
v -0.67770558 3.40283703 0.1040775
v -0.86336362 3.02105903 0.1040775
v -0.73450058 2.99592399 0.1040775
v -0.9632796 2.99075293 0.1040775
v -1.05646157 2.89826297 0.1040775
v -0.87397056 2.87617492 0.1040775
v -0.90302062 2.9719429 0.1040775
v -0.36115059 3.12101697 0.1040775
v -0.47056758 3.0484569 0.1040775
v -0.2958756 2.99123692 0.1040775
v -0.30571058 3.09083104 0.1040775
v -1.43745958 2.79431295 0.1040775
v -1.30616962 2.79481697 0.1040775
v -1.41957962 2.65014505 0.1040775
v -1.46676564 2.73840189 0.1040775
v -2.34173774 2.46134996 0.1040785
v -2.19276142 2.30428099 0.1038865
v -2.22795438 2.56941509 0.1040785
v -2.08395481 2.40311408 0.1038865
v -2.39116382 2.46617293 0.1040775
v -2.33410739 2.59763503 0.1040775
v -1.96344053 2.77195692 0.1040785
v -1.83808958 2.59544611 0.1038865
v -2.09158659 2.68138504 0.1040785
v -1.95649361 2.50777006 0.1038865
v -1.95855259 2.82137608 0.1040775
v -2.09860372 2.79100108 0.1040775
v -1.81616854 2.87043595 0.1040785
v -1.70065963 2.68734192 0.1038865
v -1.68350863 2.95425009 0.1040785
v -1.57467758 2.76307511 0.1038865
v -1.86370563 2.88479709 0.1040775
v -1.78212654 3.00261807 0.1040775
v -1.98698854 2.96653389 0.1040775
v -1.9313606 2.88334107 0.1040775
v -1.95662355 2.45956897 0.1040775
v -1.82796263 2.48571109 0.1040775
v -2.0373106 2.3932991 0.1040775
v -2.08795976 2.27217292 0.1040775
v -1.91092455 2.32167291 0.1040775
v -1.97444164 2.39901089 0.1040775
v -1.53100156 2.74427008 0.1040775
v -1.60427963 2.6353321 0.1040775
v -0.08642159 3.39486503 0.1040785
v -0.08047059 3.17845106 0.1038865
v -0.24329359 3.39089989 0.1040785
v -0.22763659 3.17147803 0.1038865
v -0.05486359 3.43320703 0.1040775
v -0.18813759 3.48588895 0.1040775
v 0.0022704 3.56964588 0.1040775
v 0.0022064 3.46956801 0.1040775
v -0.25557559 3.13141608 0.1040775
v -0.13410559 3.08158993 0.1040775
v 1.94784438 -2.05131793 -0.10407849
v 1.85075545 -2.13931703 -0.10407849
v 1.70936441 -1.97503101 -0.10388649
v 1.79630839 -1.89149403 -0.10388649
v 1.66626739 -1.96242094 -0.10388649
v 1.70092535 -1.85559797 -0.10388649
v 1.61064136 -1.96199798 -0.10388649
v 1.54723835 -1.88456702 -0.10388649
v 1.60394144 -2.06135296 -0.10388649
v 1.73686444 -2.23255205 -0.10407849
v 1.63168442 -2.31019711 -0.10407849
v 1.50489437 -2.13010811 -0.10388649
v 1.48851835 -2.02951908 -0.10388649
v 1.60008037 -2.0166161 -0.10388649
v 1.50973939 -2.39149999 -0.10407849
v 1.39736139 -2.45889091 -0.10407849
v 1.29069745 -2.27019906 -0.10388649
v 1.39225542 -2.20520591 -0.10388649
v 1.25088644 -2.24943089 -0.10388649
v 1.30569744 -2.1514101 -0.10388649
v 1.19640839 -2.2381761 -0.10388649
v 1.14931142 -2.14987111 -0.10388649
v 1.17047345 -2.33432006 -0.10388649
v 1.2674824 -2.52814197 -0.10407849
v 1.14918839 -2.58380007 -0.10407849
v 1.05992639 -2.38245391 -0.10388649
v 1.06346941 -2.28060197 -0.10388649
v 1.17540442 -2.28968906 -0.10388649
v 1.61237835 -2.41262197 -0.10388649
v 1.66790545 -2.49588298 -0.10388649
v 1.4894154 -2.51543188 -0.10388649
v 1.55280435 -2.40901804 -0.10388649
v 1.7545464 -2.33861088 -0.10388649
v 1.63194537 -2.35623908 -0.10388649
v 1.26431238 -2.63553905 -0.10388649
v 1.14869046 -2.77291488 -0.10388649
v 1.1104474 -2.68043208 -0.10388649
v 1.1406244 -2.62894105 -0.10388649
v 2.05329656 -2.0513699 -0.10388649
v 2.12400817 -2.12219095 -0.10388649
v 1.95276534 -2.17620611 -0.10388649
v 1.99416339 -2.05946397 -0.10388649
v 1.0125674 -2.64022493 -0.10407849
v 0.88919138 -2.68436694 -0.10407849
v 0.82143938 -2.47847604 -0.10388649
v 0.93373441 -2.43457508 -0.10388649
v 0.78645038 -2.45033097 -0.10388649
v 0.85935038 -2.36490392 -0.10388649
v 0.7352184 -2.42865395 -0.10388649
v 0.70627641 -2.33285188 -0.10388649
v 0.6910054 -2.517879 -0.10388649
v 0.7482894 -2.72691488 -0.10407849
v 0.62140142 -2.7583971 -0.10407849
v 0.57318538 -2.54349589 -0.10388649
v 0.59655338 -2.44429588 -0.10388649
v 0.70455938 -2.47507 -0.10388649
v 0.47762441 -2.78684091 -0.10407849
v 0.34801241 -2.80609393 -0.10407849
v 0.3216834 -2.59094309 -0.10388649
v 0.44038239 -2.56977009 -0.10388649
v 0.2928504 -2.55651998 -0.10388649
v 0.38100141 -2.4869399 -0.10388649
v 0.24682641 -2.52527403 -0.10388649
v 0.2371104 -2.42566704 -0.10388649
v 0.18607141 -2.60417294 -0.10388649
v 0.2015194 -2.8203659 -0.10407849
v 0.0709284 -2.82651495 -0.10407849
v 0.0655184 -2.60633611 -0.10388649
v 0.1077714 -2.513592 -0.10388649
v 0.2077094 -2.56482911 -0.10388649
v 0.56436741 -2.84563589 -0.10388649
v 0.58380341 -2.94380903 -0.10388649
v 0.4114184 -2.89355993 -0.10388649
v 0.51070737 -2.81950497 -0.10388649
v 0.7240374 -2.83167004 -0.10388649
v 0.60402238 -2.80103111 -0.10388649
v 0.0457404 -2.86494088 -0.10388649
v 0.1574874 -2.9183731 -0.10388649
v 0.9693194 -2.75748491 -0.10388649
v 1.05224335 -2.66547703 -0.10388649
v 1.00405538 -3.01702499 -0.10407849
v 1.14270639 -2.96720194 -0.10407849
v 1.22009146 -3.16967511 -0.10388649
v 1.07362234 -3.22599005 -0.10388649
v 1.26388144 -3.19295406 -0.10388649
v 1.16087544 -3.29258704 -0.10388649
v 1.33051741 -3.20473003 -0.10388649
v 1.36883938 -3.29718089 -0.10388649
v 1.38375639 -3.10183405 -0.10388649
v 1.29551339 -2.90386104 -0.10407849
v 1.42843937 -2.84110689 -0.10407849
v 1.52711141 -3.03800892 -0.10388649
v 1.51256644 -3.14680409 -0.10388649
v 1.36927938 -3.14926409 -0.10388649
v 1.57376444 -2.76340007 -0.10407849
v 1.70004737 -2.68751192 -0.10407849
v 1.81540834 -2.87102103 -0.10388649
v 1.68272244 -2.95480299 -0.10388649
v 1.86289346 -2.88531899 -0.10388649
v 1.78127944 -3.00311803 -0.10388649
v 1.93054842 -2.88388705 -0.10388649
v 1.98615443 -2.96709489 -0.10388649
v 1.96271336 -2.77258491 -0.10388649
v 1.83758044 -2.59560489 -0.10407849
v 1.95572745 -2.5081501 -0.10407849
v 2.09088325 -2.68204689 -0.10388649
v 2.09781742 -2.79158997 -0.10388649
v 1.95775735 -2.82192611 -0.10388649
v 1.46653842 -2.73852396 -0.10388649
v 1.41935944 -2.65026402 -0.10388649
v 1.60247135 -2.63612008 -0.10388649
v 1.52912735 -2.7450149 -0.10388649
v 1.30587542 -2.79466295 -0.10388649
v 1.43716442 -2.79417109 -0.10388649
v 1.82631635 -2.48658704 -0.10388649
v 1.90949237 -2.32284688 -0.10388649
v 1.97296142 -2.40022397 -0.10388649
v 1.95499444 -2.46052694 -0.10388649
v 0.90277338 -2.97201895 -0.10388649
v 0.87373042 -2.87624692 -0.10388649
v 1.05608141 -2.89812111 -0.10388649
v 0.9628914 -2.99060392 -0.10388649
v 0.0881784 -3.39491009 -0.10388649
v 0.0824944 -3.17823791 -0.10407849
v 0.2293194 -3.17118501 -0.10407849
v 0.2450464 -3.39086389 -0.10388649
v 0.18993739 -3.48579001 -0.10388649
v 0.0566354 -3.4331789 -0.10388649
v 0.39332541 -3.15506911 -0.10407849
v 0.53904539 -3.13333797 -0.10407849
v 0.57531541 -3.34704089 -0.10388649
v 0.4206604 -3.37360811 -0.10388649
v 0.61370438 -3.37843895 -0.10388649
v 0.4931944 -3.45599198 -0.10388649
v 0.67674839 -3.4030261 -0.10388649
v 0.69623941 -3.50118899 -0.10388649
v 0.74909341 -3.3125329 -0.10388649
v 0.7012934 -3.10112309 -0.10407849
v 0.84392738 -3.065593 -0.10407849
v 0.90216642 -3.27799391 -0.10388649
v 0.86661237 -3.38183999 -0.10388649
v 0.72561442 -3.3562181 -0.10388649
v 0.30380541 -3.09101891 -0.10388649
v 0.29403239 -2.99142003 -0.10388649
v 0.46859639 -3.0484929 -0.10388649
v 0.3591344 -3.12098789 -0.10388649
v 0.1338924 -3.08133602 -0.10388649
v 0.25535839 -3.13117003 -0.10388649
v 0.86149239 -3.02132105 -0.10388649
v 0.73264539 -2.996104 -0.10388649
v 2.08503961 -2.40194988 -0.10407849
v 2.19403362 -2.30281901 -0.10407849
v 2.34306955 -2.46021008 -0.10388649
v 2.22934246 -2.5683341 -0.10388649
v 2.39243745 -2.46494197 -0.10388649
v 2.33544635 -2.59643006 -0.10388649
v 2.45850038 -2.45029807 -0.10388649
v 2.52931118 -2.52101707 -0.10388649
v 2.0875535 -2.27218699 -0.10388649
v 2.03689336 -2.39331197 -0.10388649
v 2.83134746 -0.07356099 -0.10407849
v 2.82483243 -0.204434 -0.10407849
v 2.60869455 -0.188102 -0.10388649
v 2.61118316 -0.067556 -0.10388649
v 2.56929063 -0.20963299 -0.10388649
v 2.51832628 -0.109557 -0.10388649
v 2.52963256 -0.24864199 -0.10388649
v 2.43005323 -0.23865599 -0.10388649
v 2.5951004 -0.32367798 -0.10388649
v 2.81012725 -0.35088598 -0.10407849
v 2.79057455 -0.480149 -0.10407849
v 2.57360363 -0.442317 -0.10388649
v 2.49093532 -0.382714 -0.10388649
v 2.56075239 -0.29475 -0.10388649
v 2.7617383 -0.623847 -0.10407849
v 2.72984361 -0.75094097 -0.10407849
v 2.52103519 -0.69279897 -0.10388649
v 2.54697036 -0.57504898 -0.10388649
v 2.47819137 -0.70623797 -0.10388649
v 2.4477086 -0.598149 -0.10388649
v 2.43168926 -0.736772 -0.10388649
v 2.33596658 -0.70757001 -0.10388649
v 2.48127937 -0.82312601 -0.10388649
v 2.68688154 -0.89171701 -0.10407849
v 2.64251041 -1.01469194 -0.10407849
v 2.43707132 -0.935301 -0.10388649
v 2.36760759 -0.86072999 -0.10388649
v 2.45322847 -0.78806197 -0.10388649
v 2.84928941 -0.56626397 -0.10388649
v 2.94741439 -0.58593899 -0.10388649
v 2.83493328 -0.72589999 -0.10388649
v 2.80458927 -0.605811 -0.10388649
v 2.89758634 -0.41343399 -0.10388649
v 2.82329225 -0.51254099 -0.10388649
v 2.76053142 -0.96995097 -0.10388649
v 2.77579641 -1.14885699 -0.10388649
v 2.68338251 -1.11044204 -0.10388649
v 2.66835022 -1.05268394 -0.10388649
v 2.92307853 -0.15845 -0.10388649
v 2.86987638 -0.046594 -0.10388649
v 2.58571338 -1.15115702 -0.10407849
v 2.5296092 -1.269575 -0.10407849
v 2.33617925 -1.17176902 -0.10388649
v 2.38461017 -1.06135201 -0.10388649
v 2.29153251 -1.17657804 -0.10388649
v 2.2827506 -1.06461894 -0.10388649
v 2.23996448 -1.19744205 -0.10388649
v 2.15178728 -1.15010702 -0.10388649
v 2.27173137 -1.29181897 -0.10388649
v 2.45997762 -1.39924895 -0.10407849
v 2.39244031 -1.51118898 -0.10407849
v 2.20646524 -1.39320194 -0.10388649
v 2.1529026 -1.30649805 -0.10388649
v 2.25107145 -1.25195097 -0.10388649
v 2.31080722 -1.63291096 -0.10407849
v 2.23269939 -1.73812401 -0.10407849
v 2.06203842 -1.604496 -0.10388649
v 2.1310606 -1.50563597 -0.10388649
v 2.01731252 -1.60051298 -0.10388649
v 2.03051853 -1.48898804 -0.10388649
v 1.96266639 -1.61092603 -0.10388649
v 1.88540542 -1.54731404 -0.10388649
v 1.97543036 -1.70968401 -0.10388649
v 2.13913059 -1.85174095 -0.10407849
v 2.05107355 -1.948372 -0.10407849
v 1.89165937 -1.79640305 -0.10388649
v 1.85602045 -1.70092296 -0.10388649
v 1.96293735 -1.66655397 -0.10388649
v 2.41372823 -1.61321902 -0.10388649
v 2.49685525 -1.668949 -0.10388649
v 2.33937025 -1.75520801 -0.10388649
v 2.35729742 -1.63264703 -0.10388649
v 2.51683855 -1.490507 -0.10388649
v 2.41027116 -1.55363702 -0.10388649
v 2.06040525 -1.99336099 -0.10388649
v 2.17723131 -1.95220303 -0.10388649
v 2.63797235 -1.26469099 -0.10388649
v 2.63163042 -1.14098894 -0.10388649
v 2.84595346 -1.42378699 -0.10407849
v 2.90885162 -1.29055595 -0.10407849
v 3.1066823 -1.37913703 -0.10388649
v 3.04284238 -1.52248597 -0.10388649
v 3.15411663 -1.36466598 -0.10388649
v 3.15163755 -1.50795602 -0.10388649
v 3.20958757 -1.32591402 -0.10388649
v 3.30203437 -1.36424899 -0.10388649
v 3.17454862 -1.21548295 -0.10388649
v 2.97221326 -1.13775801 -0.10407849
v 3.02192544 -0.99942499 -0.10407849
v 3.23088359 -1.06902301 -0.10388649
v 3.29746818 -1.15628099 -0.10388649
v 3.19782161 -1.259274 -0.10388649
v 3.06984138 -0.84175097 -0.10407849
v 3.1055684 -0.69881802 -0.10407849
v 3.31687259 -0.74714601 -0.10388649
v 3.28219032 -0.90018701 -0.10388649
v 3.36057424 -0.72370797 -0.10388649
v 3.38606834 -0.86472898 -0.10388649
v 3.40743255 -0.67488497 -0.10388649
v 3.50557518 -0.69446897 -0.10388649
v 3.35154151 -0.57340198 -0.10388649
v 3.1379404 -0.536601 -0.10407849
v 3.15973663 -0.39123401 -0.10407849
v 3.37825155 -0.41877099 -0.10388649
v 3.46056842 -0.49138 -0.10388649
v 3.38290262 -0.61181998 -0.10388649
v 2.97639226 -0.89991802 -0.10388649
v 2.88064241 -0.87080597 -0.10388649
v 3.00021362 -0.73140597 -0.10388649
v 3.02526617 -0.86028301 -0.10388649
v 2.90238332 -1.05317199 -0.10388649
v 2.99493122 -0.960051 -0.10388649
v 3.05293417 -0.467424 -0.10388649
v 2.9960823 -0.29278799 -0.10388649
v 3.09566736 -0.302688 -0.10388649
v 3.12556648 -0.35805299 -0.10388649
v 2.74248552 -1.46351397 -0.10388649
v 2.65425825 -1.41627001 -0.10388649
v 2.79874324 -1.30288898 -0.10388649
v 2.79815435 -1.43418002 -0.10388649
v 2.46493053 -2.33836388 -0.10388649
v 2.30779838 -2.18906903 -0.10407849
v 2.40670537 -2.08032608 -0.10407849
v 2.57306861 -2.22465395 -0.10388649
v 2.60115242 -2.3307631 -0.10388649
v 2.46965551 -2.38773202 -0.10388649
v 2.51136446 -1.95302999 -0.10407849
v 2.59911727 -1.83468401 -0.10407849
v 2.77579116 -1.96026194 -0.10388649
v 2.68513441 -2.08834695 -0.10388649
v 2.82514047 -1.95535302 -0.10388649
v 2.79467344 -2.09538507 -0.10388649
v 2.88712263 -1.92820203 -0.10388649
v 2.97027921 -1.98388505 -0.10388649
v 2.87436628 -1.813048 -0.10388649
v 2.69115161 -1.69723796 -0.10407849
v 2.7669692 -1.57130503 -0.10407849
v 2.9582715 -1.68044197 -0.10388649
v 3.00649738 -1.77904295 -0.10388649
v 2.88862133 -1.86054694 -0.10388649
v 2.40276241 -1.970968 -0.10388649
v 2.32546663 -1.90740096 -0.10388649
v 2.48931217 -1.82442998 -0.10388649
v 2.46308851 -1.95307695 -0.10388649
v 2.27569341 -2.08418393 -0.10388649
v 2.3968544 -2.03361511 -0.10388649
v 2.74811363 -1.52756798 -0.10388649
v 2.6391263 -1.60077595 -0.10388649
v 3.17619228 -0.224711 -0.10407849
v 3.18326234 -0.077551 -0.10407849
v 3.39993619 -0.083599 -0.10388649
v 3.39586925 -0.24047 -0.10388649
v 3.43820858 -0.052064 -0.10388649
v 3.49080133 -0.18537099 -0.10388649
v 3.08627319 -0.13111899 -0.10388649
v 3.13602161 -0.25262001 -0.10388649
v -2.05508947 -1.94414496 -0.10407849
v -2.14315271 -1.84711396 -0.10407849
v -1.97895658 -1.70561504 -0.10388649
v -1.89536464 -1.79250598 -0.10388649
v -1.96637463 -1.66251099 -0.10388649
v -1.85952961 -1.69709897 -0.10388649
v -1.96598959 -1.60688304 -0.10388649
v -1.8885976 -1.54342997 -0.10388649
v -2.06534767 -1.60024797 -0.10388649
v -2.23646163 -1.73328304 -0.10407849
v -2.3141756 -1.62815403 -0.10407849
v -2.13416767 -1.50124597 -0.10388649
v -2.03358936 -1.48480701 -0.10388649
v -2.02061271 -1.59635901 -0.10388649
v -2.39555549 -1.50626194 -0.10407849
v -2.46301841 -1.39392805 -0.10407849
v -2.27439546 -1.28714096 -0.10388649
v -2.20933866 -1.38865804 -0.10388649
v -2.25365352 -1.247316 -0.10388649
v -2.15559864 -1.30206298 -0.10388649
v -2.24243545 -1.19282996 -0.10388649
v -2.1541624 -1.14567601 -0.10388649
v -2.33859682 -1.16695904 -0.10388649
v -2.5323534 -1.26409304 -0.10407849
v -2.58808946 -1.14583599 -0.10407849
v -2.38680172 -1.05644202 -0.10388649
v -2.28494739 -1.05991995 -0.10388649
v -2.29396152 -1.17186105 -0.10388649
v -2.41661167 -1.60891401 -0.10388649
v -2.49983453 -1.66449594 -0.10388649
v -2.51950073 -1.48601794 -0.10388649
v -2.41304445 -1.54933798 -0.10388649
v -2.34250879 -1.75103497 -0.10388649
v -2.36021471 -1.62844502 -0.10388649
v -2.63975238 -1.260993 -0.10388649
v -2.77720642 -1.14546001 -0.10388649
v -2.6847496 -1.10715794 -0.10388649
v -2.63323879 -1.13730204 -0.10388649
v -2.05507373 -2.04959607 -0.10388649
v -2.12584543 -2.12035489 -0.10388649
v -2.17997264 -1.94914698 -0.10388649
v -2.06320476 -1.99046897 -0.10388649
v -2.64460372 -1.00925099 -0.10407849
v -2.68882465 -0.88590401 -0.10407849
v -2.48297739 -0.81801801 -0.10388649
v -2.43900156 -0.93028402 -0.10388649
v -2.45485878 -0.78301 -0.10388649
v -2.36938476 -0.855856 -0.10388649
v -2.4332118 -0.73176497 -0.10388649
v -2.33742857 -0.70276099 -0.10388649
v -2.52246856 -0.68760901 -0.10388649
v -2.73146677 -0.74502998 -0.10407849
v -2.76303148 -0.61816299 -0.10407849
v -2.54815959 -0.56980699 -0.10388649
v -2.44894647 -0.59311097 -0.10388649
v -2.47964954 -0.701137 -0.10388649
v -2.7915678 -0.474404 -0.10407849
v -2.81090354 -0.34480398 -0.10407849
v -2.59577179 -0.31833499 -0.10388649
v -2.57452058 -0.43702 -0.10388649
v -2.56136655 -0.28947898 -0.10388649
v -2.49172973 -0.377586 -0.10388649
v -2.53015041 -0.24343599 -0.10388649
v -2.43055152 -0.233655 -0.10388649
v -2.60908937 -0.182732 -0.10388649
v -2.82526969 -0.19832 -0.10407849
v -2.83150339 -0.067734 -0.10407849
v -2.6113305 -0.062181 -0.10388649
v -2.51856136 -0.104373 -0.10388649
v -2.5697298 -0.204344 -0.10388649
v -2.8503046 -0.56118398 -0.10388649
v -2.94846439 -0.580684 -0.10388649
v -2.89832782 -0.408266 -0.10388649
v -2.82421159 -0.50750702 -0.10388649
v -2.83623361 -0.72084599 -0.10388649
v -2.80567741 -0.60080999 -0.10388649
v -2.86995077 -0.042571 -0.10388649
v -2.92330837 -0.15435199 -0.10388649
v -2.7618947 -0.96607899 -0.10388649
v -2.6698265 -1.04894197 -0.10388649
v -3.02140951 -1.00098395 -0.10407849
v -2.97149562 -1.13960397 -0.10407849
v -3.17391967 -1.21712005 -0.10388649
v -3.23032951 -1.070688 -0.10388649
v -3.19716978 -1.26092505 -0.10388649
v -3.29686975 -1.15798401 -0.10388649
v -3.20890235 -1.32756698 -0.10388649
v -3.30132865 -1.36594998 -0.10388649
v -3.10596942 -1.38074195 -0.10388649
v -2.90805482 -1.29236996 -0.10407849
v -2.84521579 -1.42525398 -0.10407849
v -3.04205274 -1.52405595 -0.10388649
v -3.15085744 -1.50957894 -0.10388649
v -3.15341138 -1.36629402 -0.10388649
v -2.76741361 -1.57052898 -0.10407849
v -2.69144249 -1.69676303 -0.10407849
v -2.87487649 -1.81224298 -0.10388649
v -2.95874548 -1.67961204 -0.10388649
v -2.88914775 -1.85973703 -0.10388649
v -3.00699663 -1.77820003 -0.10388649
v -2.8876667 -1.92738902 -0.10388649
v -2.97083854 -1.98304903 -0.10388649
v -2.77634382 -1.95948302 -0.10388649
v -2.59944582 -1.83423495 -0.10407849
v -2.51191473 -1.95232498 -0.10407849
v -2.68572282 -2.08759403 -0.10388649
v -2.79526138 -2.094599 -0.10388649
v -2.82569265 -1.95455801 -0.10388649
v -2.74260759 -1.46328699 -0.10388649
v -2.65437746 -1.41605103 -0.10388649
v -2.64011478 -1.59915304 -0.10388649
v -2.74905777 -1.52587795 -0.10388649
v -2.79884958 -1.30265903 -0.10388649
v -2.79827356 -1.43394994 -0.10388649
v -2.4904356 -1.82290101 -0.10388649
v -2.32664156 -1.90596997 -0.10388649
v -2.40397739 -1.96949005 -0.10388649
v -2.46429157 -1.95156097 -0.10388649
v -2.97646951 -0.89967298 -0.10388649
v -2.8807168 -0.87056899 -0.10388649
v -2.90247058 -1.05293405 -0.10388649
v -2.99501276 -0.95980298 -0.10388649
v -3.3998928 -0.085352 -0.10388649
v -3.18322181 -0.07952799 -0.10407849
v -3.1760745 -0.22634899 -0.10407849
v -3.39574241 -0.242219 -0.10388649
v -3.49070453 -0.18717099 -0.10388649
v -3.43817949 -0.053835 -0.10388649
v -3.15985059 -0.39034399 -0.10407849
v -3.13802576 -0.53605002 -0.10407849
v -3.35170555 -0.57245999 -0.10388649
v -3.37837457 -0.41782099 -0.10388649
v -3.38307762 -0.61086797 -0.10388649
v -3.46070861 -0.49040898 -0.10388649
v -3.40762472 -0.67392802 -0.10388649
v -3.50577259 -0.693484 -0.10388649
v -3.31708335 -0.74621498 -0.10388649
v -3.10570383 -0.69827699 -0.10407849
v -3.07007837 -0.84088802 -0.10407849
v -3.28244543 -0.89926499 -0.10388649
v -3.38631343 -0.863779 -0.10388649
v -3.36078071 -0.72276401 -0.10388649
v -3.09585952 -0.30078399 -0.10388649
v -2.99626541 -0.29094499 -0.10388649
v -3.05322456 -0.46554601 -0.10388649
v -3.12579345 -0.356132 -0.10388649
v -3.08628559 -0.13086399 -0.10388649
v -3.13604259 -0.25236201 -0.10388649
v -3.02579736 -0.85842299 -0.10388649
v -3.00066661 -0.72956097 -0.10388649
v -2.40563058 -2.081568 -0.10407849
v -2.30643177 -2.19049692 -0.10407849
v -2.46372366 -2.33963608 -0.10388649
v -2.57192182 -2.22598099 -0.10388649
v -2.4684205 -2.38900589 -0.10388649
v -2.59994745 -2.33210396 -0.10388649
v -2.45373344 -2.4550631 -0.10388649
v -2.52440977 -2.525918 -0.10388649
v -2.27586841 -2.08399701 -0.10388649
v -2.39702463 -2.03341698 -0.10388649
v -0.07675659 -2.82636094 -0.10407849
v -0.20763459 -2.81993103 -0.10407849
v -0.19144159 -2.60378193 -0.10388649
v -0.07089359 -2.60619592 -0.10388649
v -0.2129976 -2.56439304 -0.10388649
v -0.11295559 -2.51336503 -0.10388649
v -0.25203359 -2.52476096 -0.10388649
v -0.24211259 -2.42517495 -0.10388649
v -0.3270266 -2.590276 -0.10388649
v -0.35409358 -2.80532503 -0.10407849
v -0.4833706 -2.78585195 -0.10407849
v -0.44568058 -2.56885695 -0.10388649
v -0.3861306 -2.48615002 -0.10388649
v -0.29812258 -2.55591201 -0.10388649
v -0.6270886 -2.75711107 -0.10407849
v -0.7542026 -2.72530007 -0.10407849
v -0.69619756 -2.51645207 -0.10388649
v -0.57842958 -2.54231095 -0.10388649
v -0.70966261 -2.47361803 -0.10388649
v -0.60159456 -2.44306397 -0.10388649
v -0.74022656 -2.42713594 -0.10388649
v -0.71108859 -2.331393 -0.10388649
v -0.82654959 -2.47677993 -0.10388649
v -0.89500659 -2.68242692 -0.10407849
v -1.01801061 -2.63813495 -0.10407849
v -0.9387536 -2.43264603 -0.10388649
v -0.86422759 -2.363132 -0.10388649
v -0.79150259 -2.44870901 -0.10388649
v -0.56944757 -2.84462404 -0.10388649
v -0.58905762 -2.94276309 -0.10388649
v -0.72909259 -2.83037304 -0.10388649
v -0.60902357 -2.79994988 -0.10388649
v -0.41658559 -2.89282202 -0.10388649
v -0.51574158 -2.81858992 -0.10388649
v -0.97319161 -2.75612711 -0.10388649
v -1.15208864 -2.77150702 -0.10388649
v -1.11373364 -2.6790719 -0.10388649
v -1.05598557 -2.66400003 -0.10388649
v -0.00222859 -2.90096402 -0.10388649
v -0.00230559 -3.00104093 -0.10388649
v -0.16158559 -2.91814804 -0.10388649
v -0.04976459 -2.86487293 -0.10388649
v -1.15451359 -2.58142805 -0.10407849
v -1.27296662 -2.52539992 -0.10407849
v -1.17528557 -2.33190608 -0.10388649
v -1.06483864 -2.3802669 -0.10388649
v -1.18012654 -2.2872641 -0.10388649
v -1.06817162 -2.278409 -0.10388649
v -1.20102155 -2.23570799 -0.10388649
v -1.15374457 -2.14750289 -0.10388649
v -1.29537963 -2.26753592 -0.10388649
v -1.40268564 -2.45585393 -0.10407849
v -1.51466953 -2.38839006 -0.10407849
v -1.39680159 -2.20233798 -0.10388649
v -1.31013464 -2.14872002 -0.10388649
v -1.25552356 -2.24685192 -0.10388649
v -1.63644564 -2.30683398 -0.10407849
v -1.74170863 -2.228796 -0.10407849
v -1.60819053 -2.05804801 -0.10388649
v -1.50928556 -2.127007 -0.10388649
v -1.60423755 -2.01331806 -0.10388649
v -1.49270355 -2.02645206 -0.10388649
v -1.6146866 -1.95868098 -0.10388649
v -1.55112457 -1.881379 -0.10388649
v -1.7134366 -1.97151005 -0.10388649
v -1.85538554 -2.13530206 -0.10407849
v -1.95207464 -2.04730892 -0.10407849
v -1.80020856 -1.88779401 -0.10388649
v -1.70475256 -1.85209405 -0.10388649
v -1.67031562 -1.95898795 -0.10388649
v -1.61668562 -2.40974593 -0.10388649
v -1.67236161 -2.49290704 -0.10388649
v -1.75872361 -2.33548092 -0.10388649
v -1.63615155 -2.35332489 -0.10388649
v -1.49390661 -2.51277208 -0.10388649
v -1.55710554 -2.4062469 -0.10388649
v -1.99705755 -2.05666995 -0.10388649
v -1.95582461 -2.17346811 -0.10388649
v -1.26801264 -2.63376188 -0.10388649
v -1.1443156 -2.62734007 -0.10388649
v -1.42697262 -2.84184408 -0.10407849
v -1.2937026 -2.90465903 -0.10407849
v -1.38215553 -3.10254597 -0.10388649
v -1.52554464 -3.03879809 -0.10388649
v -1.36765265 -3.1499691 -0.10388649
v -1.51094055 -3.14758491 -0.10388649
v -1.32886362 -3.20541811 -0.10388649
v -1.36713755 -3.29788708 -0.10388649
v -1.21845555 -3.1703031 -0.10388649
v -1.14086353 -2.96792101 -0.10407849
v -1.00249755 -3.01754093 -0.10407849
v -1.07195758 -3.22654295 -0.10388649
v -1.1591736 -3.2931869 -0.10388649
v -1.26223254 -3.19360494 -0.10388649
v -0.84479057 -3.06535506 -0.10407849
v -0.70183461 -3.10099101 -0.10407849
v -0.75002557 -3.312325 -0.10388649
v -0.90308958 -3.2777419 -0.10388649
v -0.72655957 -3.35601306 -0.10388649
v -0.86756461 -3.38159894 -0.10388649
v -0.67770558 -3.40283703 -0.10388649
v -0.69722658 -3.50099301 -0.10388649
v -0.57625961 -3.34687995 -0.10388649
v -0.53959661 -3.133255 -0.10407849
v -0.39421358 -3.15495705 -0.10407849
v -0.42161059 -3.37349104 -0.10388649
v -0.49416658 -3.45585393 -0.10388649
v -0.61465561 -3.37826609 -0.10388649
v -0.90302062 -2.9719429 -0.10388649
v -0.87397056 -2.87617611 -0.10388649
v -0.73449057 -2.99565601 -0.10388649
v -0.86335259 -3.02079296 -0.10388649
v -1.05632054 -2.89803409 -0.10388649
v -0.96313858 -2.99052405 -0.10388649
v -0.47047358 -3.04820489 -0.10388649
v -0.2958756 -2.99123811 -0.10388649
v -0.30571058 -3.09083199 -0.10388649
v -0.3610576 -3.12076711 -0.10388649
v -1.46676564 -2.73840308 -0.10388649
v -1.41957962 -2.650146 -0.10388649
v -1.30610764 -2.79455709 -0.10388649
v -1.43739759 -2.79405403 -0.10388649
v -2.34179973 -2.46141696 -0.10388649
v -2.19260549 -2.30419111 -0.10407849
v -2.0837984 -2.40302395 -0.10407849
v -2.22801637 -2.56948304 -0.10388649
v -2.33410739 -2.59763598 -0.10388649
v -2.39116382 -2.46617507 -0.10388649
v -1.95643365 -2.50760197 -0.10407849
v -1.83803057 -2.59527611 -0.10407849
v -1.96349453 -2.77203202 -0.10388649
v -2.09163951 -2.68146109 -0.10388649
v -1.95855259 -2.82137703 -0.10388649
v -2.09860372 -2.79100108 -0.10388649
v -1.9313606 -2.88334393 -0.10388649
v -1.98698854 -2.96653604 -0.10388649
v -1.81621658 -2.87051391 -0.10388649
v -1.70052456 -2.687222 -0.10407849
v -1.57454156 -2.7629559 -0.10407849
v -1.6835556 -2.95432901 -0.10388649
v -1.78212654 -3.00261902 -0.10388649
v -1.86370563 -2.884799 -0.10388649
v -1.97444164 -2.39901089 -0.10388649
v -1.91092455 -2.32167291 -0.10388649
v -1.82784962 -2.48546695 -0.10388649
v -1.95651161 -2.45932507 -0.10388649
v -2.08774042 -2.27201604 -0.10388649
v -2.03709268 -2.39314293 -0.10388649
v -1.53081762 -2.74407196 -0.10388649
v -1.60409557 -2.63513493 -0.10388649
v -0.22768259 -3.17130494 -0.10407849
v -0.08051659 -3.17827796 -0.10407849
v -0.08642459 -3.39495611 -0.10388649
v -0.24329659 -3.39099097 -0.10388649
v -0.05486359 -3.43320798 -0.10388649
v -0.18813759 -3.48588895 -0.10388649
v 0.0022064 -3.46956801 -0.10388649
v 0.0022704 -3.56964588 -0.10388649
v -0.13414859 -3.08132791 -0.10388649
v -0.25561758 -3.13115191 -0.10388649
v 1.70936441 1.97502994 -0.10388649
v 1.85075545 2.13931608 -0.10407849
v 1.94784438 2.05131793 -0.10407849
v 1.79630839 1.89149296 -0.10388649
v 1.70092535 1.85559701 -0.10388649
v 1.66626739 1.96241998 -0.10388649
v 1.54723835 1.88456594 -0.10388649
v 1.61064136 1.96199798 -0.10388649
v 1.63168442 2.31019711 -0.10407849
v 1.73686444 2.23255205 -0.10407849
v 1.60394144 2.06135201 -0.10388649
v 1.50489437 2.13010811 -0.10388649
v 1.60008037 2.01661491 -0.10388649
v 1.48851835 2.02951788 -0.10388649
v 1.29069745 2.27019691 -0.10388649
v 1.39736139 2.45888996 -0.10407849
v 1.50973939 2.39149689 -0.10407849
v 1.39225542 2.20520591 -0.10388649
v 1.30569744 2.1514101 -0.10388649
v 1.25088644 2.24942898 -0.10388649
v 1.14931142 2.14986991 -0.10388649
v 1.19640839 2.23817491 -0.10388649
v 1.14918839 2.58379888 -0.10407849
v 1.2674824 2.52814102 -0.10407849
v 1.17047345 2.33432006 -0.10388649
v 1.05992639 2.38245296 -0.10388649
v 1.17540442 2.28968691 -0.10388649
v 1.06346941 2.28060102 -0.10388649
v 1.4894154 2.51543188 -0.10388649
v 1.66790545 2.49588203 -0.10388649
v 1.61237835 2.41262006 -0.10388649
v 1.55280435 2.40901708 -0.10388649
v 1.7545464 2.33860993 -0.10388649
v 1.63194537 2.35623788 -0.10388649
v 1.1104474 2.68043088 -0.10388649
v 1.14869046 2.77291393 -0.10388649
v 1.26431238 2.6355369 -0.10388649
v 1.1406244 2.6289401 -0.10388649
v 1.95276534 2.17620492 -0.10388649
v 2.12400817 2.12218999 -0.10388649
v 2.05329656 2.05136895 -0.10388649
v 1.99416339 2.05946302 -0.10388649
v 0.82143938 2.47847509 -0.10388649
v 0.88919138 2.68436503 -0.10407849
v 1.0125674 2.64022302 -0.10407849
v 0.93373441 2.43457388 -0.10388649
v 0.85935038 2.36490202 -0.10388649
v 0.78645038 2.45033097 -0.10388649
v 0.70627641 2.33284997 -0.10388649
v 0.7352184 2.428653 -0.10388649
v 0.62140142 2.75839591 -0.10407849
v 0.7482894 2.72691392 -0.10407849
v 0.6910054 2.51787805 -0.10388649
v 0.57318538 2.54349494 -0.10388649
v 0.70455938 2.47506904 -0.10388649
v 0.59655338 2.44429493 -0.10388649
v 0.3216834 2.5909419 -0.10388649
v 0.34801241 2.80609202 -0.10407849
v 0.47762441 2.786839 -0.10407849
v 0.44038239 2.56976699 -0.10388649
v 0.38100141 2.48693895 -0.10388649
v 0.2928504 2.55651903 -0.10388649
v 0.2371104 2.42566609 -0.10388649
v 0.24682641 2.52527189 -0.10388649
v 0.0709284 2.82651305 -0.10407849
v 0.2015194 2.82036304 -0.10407849
v 0.18607141 2.60417199 -0.10388649
v 0.0655184 2.60633397 -0.10388649
v 0.2077094 2.56482505 -0.10388649
v 0.1077714 2.51359105 -0.10388649
v 0.4114184 2.89355802 -0.10388649
v 0.58380341 2.94380688 -0.10388649
v 0.56436741 2.84563303 -0.10388649
v 0.51070737 2.81950497 -0.10388649
v 0.7240374 2.8316679 -0.10388649
v 0.60402238 2.80102992 -0.10388649
v 0.0457404 2.86493897 -0.10388649
v 0.1574874 2.9183731 -0.10388649
v 0.9693194 2.75748491 -0.10388649
v 1.05224335 2.66547703 -0.10388649
v 1.22009146 3.16967511 -0.10388649
v 1.14270639 2.96720099 -0.10407849
v 1.00405538 3.01702308 -0.10407849
v 1.07362234 3.22599005 -0.10388649
v 1.16087544 3.29258704 -0.10388649
v 1.26388144 3.19295096 -0.10388649
v 1.36883938 3.29717993 -0.10388649
v 1.33051741 3.20472908 -0.10388649
v 1.42843937 2.84110498 -0.10407849
v 1.29551339 2.90386009 -0.10407849
v 1.38375639 3.10183191 -0.10388649
v 1.52711141 3.03800702 -0.10388649
v 1.36927938 3.1492629 -0.10388649
v 1.51256644 3.1468029 -0.10388649
v 1.81540834 2.87102103 -0.10388649
v 1.70004737 2.68751096 -0.10407849
v 1.57376444 2.76339888 -0.10407849
v 1.68272244 2.95480203 -0.10388649
v 1.78127944 3.00311708 -0.10388649
v 1.86289346 2.88531899 -0.10388649
v 1.98615443 2.96709203 -0.10388649
v 1.93054842 2.8838849 -0.10388649
v 1.95572745 2.5081489 -0.10407849
v 1.83758044 2.59560489 -0.10407849
v 1.96271336 2.772583 -0.10388649
v 2.09088325 2.68204498 -0.10388649
v 1.95775735 2.82192611 -0.10388649
v 2.09781742 2.79158902 -0.10388649
v 1.60247135 2.63611888 -0.10388649
v 1.41935944 2.65026211 -0.10388649
v 1.46653842 2.73852396 -0.10388649
v 1.52912735 2.74501299 -0.10388649
v 1.30587542 2.79466199 -0.10388649
v 1.43716442 2.79416799 -0.10388649
v 1.97296142 2.40022206 -0.10388649
v 1.90949237 2.32284498 -0.10388649
v 1.82631635 2.48658609 -0.10388649
v 1.95499444 2.46052599 -0.10388649
v 1.05608141 2.89812111 -0.10388649
v 0.87373042 2.87624692 -0.10388649
v 0.90277338 2.972018 -0.10388649
v 0.9628914 2.99060106 -0.10388649
v 0.2293194 3.17118406 -0.10407849
v 0.0824944 3.17823696 -0.10407849
v 0.0881784 3.3949089 -0.10388649
v 0.2450464 3.39086389 -0.10388649
v 0.0566354 3.4331789 -0.10388649
v 0.18993739 3.48579001 -0.10388649
v 0.57531541 3.34703993 -0.10388649
v 0.53904539 3.13333797 -0.10407849
v 0.39332541 3.15506792 -0.10407849
v 0.4206604 3.37360811 -0.10388649
v 0.4931944 3.45599103 -0.10388649
v 0.61370438 3.37843799 -0.10388649
v 0.69623941 3.50118804 -0.10388649
v 0.67674839 3.4030261 -0.10388649
v 0.84392738 3.0655899 -0.10407849
v 0.7012934 3.10112309 -0.10407849
v 0.74909341 3.3125329 -0.10388649
v 0.90216642 3.27799296 -0.10388649
v 0.72561442 3.3562169 -0.10388649
v 0.86661237 3.38183999 -0.10388649
v 0.46859639 3.048491 -0.10388649
v 0.29403239 2.99141907 -0.10388649
v 0.30380541 3.09101891 -0.10388649
v 0.3591344 3.12098693 -0.10388649
v 0.1338924 3.08133602 -0.10388649
v 0.25535839 3.13116908 -0.10388649
v 0.86149239 3.0213201 -0.10388649
v 0.73264539 2.996104 -0.10388649
v 2.34306955 2.46020889 -0.10388649
v 2.19403362 2.30281901 -0.10407849
v 2.08503961 2.40194892 -0.10407849
v 2.22934246 2.56833195 -0.10388649
v 2.33544635 2.59643006 -0.10388649
v 2.39243745 2.46494007 -0.10388649
v 2.52931118 2.52101397 -0.10388649
v 2.45850038 2.45029497 -0.10388649
v 2.0875535 2.27218604 -0.10388649
v 2.03689336 2.39331102 -0.10388649
v 2.60869455 0.18810099 -0.10388649
v 2.82483243 0.20443299 -0.10407849
v 2.83134746 0.07355999 -0.10407849
v 2.61118316 0.067555 -0.10388649
v 2.51832628 0.10955599 -0.10388649
v 2.56929063 0.20963099 -0.10388649
v 2.43005323 0.238654 -0.10388649
v 2.52963256 0.24864099 -0.10388649
v 2.79057455 0.480147 -0.10407849
v 2.81012725 0.35088399 -0.10407849
v 2.5951004 0.323677 -0.10388649
v 2.57360363 0.44231599 -0.10388649
v 2.56075239 0.29474899 -0.10388649
v 2.49093532 0.38271299 -0.10388649
v 2.52103519 0.69279801 -0.10388649
v 2.72984361 0.75094002 -0.10407849
v 2.7617383 0.62384498 -0.10407849
v 2.54697036 0.57504802 -0.10388649
v 2.4477086 0.59814798 -0.10388649
v 2.47819137 0.70623701 -0.10388649
v 2.33596658 0.707569 -0.10388649
v 2.43168926 0.73676997 -0.10388649
v 2.64251041 1.01469004 -0.10407849
v 2.68688154 0.891716 -0.10407849
v 2.48127937 0.82312399 -0.10388649
v 2.43707132 0.93529999 -0.10388649
v 2.45322847 0.78806 -0.10388649
v 2.36760759 0.86072897 -0.10388649
v 2.83493328 0.72589898 -0.10388649
v 2.94741439 0.58593702 -0.10388649
v 2.84928941 0.56626302 -0.10388649
v 2.80458927 0.60580897 -0.10388649
v 2.89758634 0.413432 -0.10388649
v 2.82329225 0.51253998 -0.10388649
v 2.68338251 1.11044096 -0.10388649
v 2.77579641 1.14885604 -0.10388649
v 2.76053142 0.969949 -0.10388649
v 2.66835022 1.05268204 -0.10388649
v 2.92307853 0.15844899 -0.10388649
v 3.00607633 -0.000777 -0.10388649
v 2.90599823 -0.000919 -0.10388649
v 2.86987638 0.046592 -0.10388649
v 2.33617925 1.17176699 -0.10388649
v 2.5296092 1.26957297 -0.10407849
v 2.58571338 1.15115499 -0.10407849
v 2.38461017 1.06134998 -0.10388649
v 2.2827506 1.06461596 -0.10388649
v 2.29153251 1.17657697 -0.10388649
v 2.15178728 1.150105 -0.10388649
v 2.23996448 1.19744098 -0.10388649
v 2.39244031 1.511186 -0.10407849
v 2.45997762 1.399248 -0.10407849
v 2.27173137 1.29181802 -0.10388649
v 2.20646524 1.39320004 -0.10388649
v 2.25107145 1.25195002 -0.10388649
v 2.1529026 1.30649602 -0.10388649
v 2.06203842 1.60449397 -0.10388649
v 2.23269939 1.73812305 -0.10407849
v 2.31080722 1.63291001 -0.10407849
v 2.1310606 1.50563395 -0.10388649
v 2.03051853 1.48898696 -0.10388649
v 2.01731252 1.60051095 -0.10388649
v 1.88540542 1.54731202 -0.10388649
v 1.96266639 1.610924 -0.10388649
v 2.05107355 1.94837105 -0.10407849
v 2.13913059 1.85173904 -0.10407849
v 1.97543036 1.70968294 -0.10388649
v 1.89165937 1.79640102 -0.10388649
v 1.96293735 1.66655397 -0.10388649
v 1.85602045 1.70092201 -0.10388649
v 2.33937025 1.75520694 -0.10388649
v 2.49685525 1.66894698 -0.10388649
v 2.41372823 1.61321699 -0.10388649
v 2.35729742 1.63264501 -0.10388649
v 2.51683855 1.49050605 -0.10388649
v 2.41027116 1.55363595 -0.10388649
v 2.06040525 1.99336004 -0.10388649
v 2.17723131 1.952201 -0.10388649
v 2.63797235 1.26468896 -0.10388649
v 2.63163042 1.14098799 -0.10388649
v 3.1066823 1.37913596 -0.10388649
v 2.90885162 1.290555 -0.10407849
v 2.84595346 1.42378497 -0.10407849
v 3.04284238 1.52248394 -0.10388649
v 3.15163755 1.50795304 -0.10388649
v 3.15411663 1.36466503 -0.10388649
v 3.30203437 1.36424803 -0.10388649
v 3.20958757 1.32591295 -0.10388649
v 3.02192544 0.99942398 -0.10407849
v 2.97221326 1.13775694 -0.10407849
v 3.17454862 1.21548104 -0.10388649
v 3.23088359 1.06902098 -0.10388649
v 3.19782161 1.25927305 -0.10388649
v 3.29746818 1.15628004 -0.10388649
v 3.31687259 0.74714398 -0.10388649
v 3.1055684 0.698816 -0.10407849
v 3.06984138 0.84175002 -0.10407849
v 3.28219032 0.90018498 -0.10388649
v 3.38606834 0.86472797 -0.10388649
v 3.36057424 0.723706 -0.10388649
v 3.50557518 0.694467 -0.10388649
v 3.40743255 0.67488402 -0.10388649
v 3.15973663 0.39123201 -0.10407849
v 3.1379404 0.53659898 -0.10407849
v 3.35154151 0.57340097 -0.10388649
v 3.37825155 0.41876998 -0.10388649
v 3.38290262 0.61181902 -0.10388649
v 3.46056842 0.49137899 -0.10388649
v 3.00021362 0.731404 -0.10388649
v 2.88064241 0.87080502 -0.10388649
v 2.97639226 0.899917 -0.10388649
v 3.02526617 0.860282 -0.10388649
v 2.90238332 1.05317103 -0.10388649
v 2.99493122 0.96004897 -0.10388649
v 3.09566736 0.302686 -0.10388649
v 2.9960823 0.29278698 -0.10388649
v 3.05293417 0.467422 -0.10388649
v 3.12556648 0.35805198 -0.10388649
v 2.79874324 1.30288803 -0.10388649
v 2.65425825 1.41626894 -0.10388649
v 2.74248552 1.46351301 -0.10388649
v 2.79815435 1.43417894 -0.10388649
v 2.40670537 2.08032608 -0.10407849
v 2.30779838 2.18906807 -0.10407849
v 2.46493053 2.33836293 -0.10388649
v 2.57306861 2.22465205 -0.10388649
v 2.46965551 2.38773202 -0.10388649
v 2.60115242 2.3307619 -0.10388649
v 2.77579116 1.96026194 -0.10388649
v 2.59911727 1.83468198 -0.10407849
v 2.51136446 1.95302999 -0.10407849
v 2.68513441 2.08834505 -0.10388649
v 2.79467344 2.09538292 -0.10388649
v 2.82514047 1.95535194 -0.10388649
v 2.97027921 1.98388397 -0.10388649
v 2.88712263 1.92820096 -0.10388649
v 2.7669692 1.57130301 -0.10407849
v 2.69115161 1.69723701 -0.10407849
v 2.87436628 1.81304705 -0.10388649
v 2.9582715 1.68043994 -0.10388649
v 2.88862133 1.86054599 -0.10388649
v 3.00649738 1.77904105 -0.10388649
v 2.48931217 1.82442903 -0.10388649
v 2.32546663 1.90740001 -0.10388649
v 2.40276241 1.970968 -0.10388649
v 2.46308851 1.953076 -0.10388649
v 2.27569341 2.08418202 -0.10388649
v 2.3968544 2.03361296 -0.10388649
v 2.74811363 1.52756702 -0.10388649
v 2.6391263 1.60077405 -0.10388649
v 3.39993619 0.083598 -0.10388649
v 3.18326234 0.077549 -0.10407849
v 3.17619228 0.22471 -0.10407849
v 3.39586925 0.24046799 -0.10388649
v 3.49080133 0.185369 -0.10388649
v 3.43820858 0.052062 -0.10388649
v 3.57468462 -0.004982 -0.10388649
v 3.47460651 -0.004984 -0.10388649
v 3.08627319 0.131118 -0.10388649
v 3.13602161 0.25261899 -0.10388649
v -1.97895658 1.70561397 -0.10388649
v -2.14315271 1.84711206 -0.10407849
v -2.05508947 1.94414401 -0.10407849
v -1.89536464 1.79250395 -0.10388649
v -1.85952961 1.69709801 -0.10388649
v -1.96637463 1.66250896 -0.10388649
v -1.8885976 1.54342901 -0.10388649
v -1.96598959 1.60688102 -0.10388649
v -2.3141756 1.62815105 -0.10407849
v -2.23646163 1.73328101 -0.10407849
v -2.06534767 1.60024702 -0.10388649
v -2.13416767 1.50124502 -0.10388649
v -2.02061271 1.59635698 -0.10388649
v -2.03358936 1.48480594 -0.10388649
v -2.27439546 1.28714001 -0.10388649
v -2.46301841 1.39392602 -0.10407849
v -2.39555549 1.50626003 -0.10407849
v -2.20933866 1.38865494 -0.10388649
v -2.15559864 1.30206298 -0.10388649
v -2.25365352 1.24731504 -0.10388649
v -2.1541624 1.14567494 -0.10388649
v -2.24243545 1.19282805 -0.10388649
v -2.58808946 1.14583504 -0.10407849
v -2.5323534 1.26409196 -0.10407849
v -2.33859682 1.16695797 -0.10388649
v -2.38680172 1.05644094 -0.10388649
v -2.29396152 1.17185998 -0.10388649
v -2.28494739 1.05991804 -0.10388649
v -2.51950073 1.48601698 -0.10388649
v -2.49983453 1.66449499 -0.10388649
v -2.41661167 1.60891294 -0.10388649
v -2.41304445 1.54933595 -0.10388649
v -2.34250879 1.75103402 -0.10388649
v -2.36021471 1.628443 -0.10388649
v -2.6847496 1.10715699 -0.10388649
v -2.77720642 1.14545798 -0.10388649
v -2.63975238 1.26099205 -0.10388649
v -2.63323879 1.13729894 -0.10388649
v -2.17997264 1.94914698 -0.10388649
v -2.12584543 2.12035298 -0.10388649
v -2.05507373 2.04959511 -0.10388649
v -2.06320476 1.99046897 -0.10388649
v -2.48297739 0.81801599 -0.10388649
v -2.68882465 0.885903 -0.10407849
v -2.64460372 1.00925004 -0.10407849
v -2.43900156 0.93028301 -0.10388649
v -2.36938476 0.85585397 -0.10388649
v -2.45485878 0.78300899 -0.10388649
v -2.33742857 0.70275998 -0.10388649
v -2.4332118 0.73176401 -0.10388649
v -2.76303148 0.61816102 -0.10407849
v -2.73146677 0.74502801 -0.10407849
v -2.52246856 0.687608 -0.10388649
v -2.54815959 0.56980502 -0.10388649
v -2.47964954 0.70113498 -0.10388649
v -2.44894647 0.59310901 -0.10388649
v -2.59577179 0.31833401 -0.10388649
v -2.81090354 0.34480199 -0.10407849
v -2.7915678 0.47440299 -0.10407849
v -2.57452058 0.437018 -0.10388649
v -2.49172973 0.37758499 -0.10388649
v -2.56136655 0.289478 -0.10388649
v -2.43055152 0.23365299 -0.10388649
v -2.53015041 0.24343399 -0.10388649
v -2.83150339 0.06773299 -0.10407849
v -2.82526969 0.198319 -0.10407849
v -2.60908937 0.182731 -0.10388649
v -2.6113305 0.06217899 -0.10388649
v -2.5697298 0.204343 -0.10388649
v -2.51856136 0.104372 -0.10388649
v -2.89832782 0.40826499 -0.10388649
v -2.94846439 0.58068299 -0.10388649
v -2.8503046 0.56118297 -0.10388649
v -2.82421159 0.507505 -0.10388649
v -2.83623361 0.72084397 -0.10388649
v -2.80567741 0.60080897 -0.10388649
v -2.90600156 -0.004993 -0.10388649
v -3.00607967 -0.004992 -0.10388649
v -2.92330837 0.15435099 -0.10388649
v -2.86995077 0.04256999 -0.10388649
v -2.7618947 0.96607703 -0.10388649
v -2.6698265 1.04894101 -0.10388649
v -3.17391967 1.21711802 -0.10388649
v -2.97149562 1.13960194 -0.10407849
v -3.02140951 1.000983 -0.10407849
v -3.23032951 1.07068705 -0.10388649
v -3.29686975 1.15798199 -0.10388649
v -3.19716978 1.26092302 -0.10388649
v -3.30132865 1.36594903 -0.10388649
v -3.20890235 1.32756602 -0.10388649
v -2.84521579 1.42525303 -0.10407849
v -2.90805482 1.29236805 -0.10407849
v -3.10596942 1.380741 -0.10388649
v -3.04205274 1.524055 -0.10388649
v -3.15341138 1.366292 -0.10388649
v -3.15085744 1.50957703 -0.10388649
v -2.87487649 1.81224095 -0.10388649
v -2.69144249 1.69676101 -0.10407849
v -2.76741361 1.57052695 -0.10407849
v -2.95874548 1.67961001 -0.10388649
v -3.00699663 1.77819895 -0.10388649
v -2.88914775 1.85973596 -0.10388649
v -2.97083854 1.983047 -0.10388649
v -2.8876667 1.92738902 -0.10388649
v -2.51191473 1.95232403 -0.10407849
v -2.59944582 1.83423399 -0.10407849
v -2.77634382 1.95948302 -0.10388649
v -2.68572282 2.08759307 -0.10388649
v -2.82569265 1.95455801 -0.10388649
v -2.79526138 2.09459805 -0.10388649
v -2.64011478 1.59915196 -0.10388649
v -2.65437746 1.416049 -0.10388649
v -2.74260759 1.46328496 -0.10388649
v -2.74905777 1.52587699 -0.10388649
v -2.79884958 1.302657 -0.10388649
v -2.79827356 1.43394804 -0.10388649
v -2.40397739 1.96948897 -0.10388649
v -2.32664156 1.90596902 -0.10388649
v -2.4904356 1.82289803 -0.10388649
v -2.46429157 1.95155894 -0.10388649
v -2.90247058 1.05293202 -0.10388649
v -2.8807168 0.87056702 -0.10388649
v -2.97646951 0.89967101 -0.10388649
v -2.99501276 0.95980197 -0.10388649
v -3.1760745 0.22634799 -0.10407849
v -3.18322181 0.07952699 -0.10407849
v -3.3998928 0.08535099 -0.10388649
v -3.39574241 0.242218 -0.10388649
v -3.43817949 0.05383399 -0.10388649
v -3.49070453 0.18716999 -0.10388649
v -3.47460746 -0.003194 -0.10388649
v -3.57468462 -0.003141 -0.10388649
v -3.35170555 0.57245898 -0.10388649
v -3.13802576 0.536049 -0.10407849
v -3.15985059 0.39034301 -0.10407849
v -3.37837457 0.41781899 -0.10388649
v -3.46070861 0.49040699 -0.10388649
v -3.38307762 0.61086702 -0.10388649
v -3.50577259 0.69348198 -0.10388649
v -3.40762472 0.67392599 -0.10388649
v -3.07007837 0.84088599 -0.10407849
v -3.10570383 0.69827503 -0.10407849
v -3.31708335 0.74621301 -0.10388649
v -3.28244543 0.89926397 -0.10388649
v -3.36078071 0.722763 -0.10388649
v -3.38631343 0.86377698 -0.10388649
v -3.05322456 0.46554398 -0.10388649
v -2.99626541 0.29094401 -0.10388649
v -3.09585952 0.30078199 -0.10388649
v -3.12579345 0.35613 -0.10388649
v -3.08628559 0.13086299 -0.10388649
v -3.13604259 0.25235998 -0.10388649
v -3.02579736 0.85842198 -0.10388649
v -3.00066661 0.729559 -0.10388649
v -2.46372366 2.33963489 -0.10388649
v -2.30643177 2.19049501 -0.10407849
v -2.40563058 2.08156704 -0.10407849
v -2.57192182 2.22597909 -0.10388649
v -2.59994745 2.33210206 -0.10388649
v -2.4684205 2.38900494 -0.10388649
v -2.52440977 2.52591705 -0.10388649
v -2.45373344 2.45506095 -0.10388649
v -2.27586841 2.08399701 -0.10388649
v -2.39702463 2.03341603 -0.10388649
v -0.19144159 2.60378193 -0.10388649
v -0.20763459 2.81993007 -0.10407849
v -0.07675659 2.82635903 -0.10407849
v -0.07089359 2.60619497 -0.10388649
v -0.11295559 2.51336288 -0.10388649
v -0.2129976 2.56439304 -0.10388649
v -0.24211259 2.42517304 -0.10388649
v -0.25203359 2.52476 -0.10388649
v -0.4833706 2.785851 -0.10407849
v -0.35409358 2.80532288 -0.10407849
v -0.3270266 2.59027504 -0.10388649
v -0.44568058 2.568856 -0.10388649
v -0.29812258 2.55591106 -0.10388649
v -0.3861306 2.48614811 -0.10388649
v -0.69619756 2.51645088 -0.10388649
v -0.7542026 2.72529888 -0.10407849
v -0.6270886 2.75711011 -0.10407849
v -0.57842958 2.54230999 -0.10388649
v -0.60159456 2.44306111 -0.10388649
v -0.70966261 2.47361707 -0.10388649
v -0.71108859 2.33139205 -0.10388649
v -0.74022656 2.42713499 -0.10388649
v -1.01801061 2.63813495 -0.10407849
v -0.89500659 2.68242597 -0.10407849
v -0.82654959 2.47677803 -0.10388649
v -0.9387536 2.43264508 -0.10388649
v -0.79150259 2.4487071 -0.10388649
v -0.86422759 2.36313009 -0.10388649
v -0.72909259 2.83037209 -0.10388649
v -0.58905762 2.94276189 -0.10388649
v -0.56944757 2.84462308 -0.10388649
v -0.60902357 2.79994893 -0.10388649
v -0.41658559 2.89281988 -0.10388649
v -0.51574158 2.81858897 -0.10388649
v -1.11373364 2.67907095 -0.10388649
v -1.15208864 2.77150607 -0.10388649
v -0.97319161 2.75612497 -0.10388649
v -1.05598557 2.66399908 -0.10388649
v -0.16158559 2.91814804 -0.10388649
v -0.00230559 3.00103902 -0.10388649
v -0.00222859 2.90096211 -0.10388649
v -0.04976459 2.86487197 -0.10388649
v -1.17528557 2.33190488 -0.10388649
v -1.27296662 2.52539992 -0.10407849
v -1.15451359 2.5814259 -0.10407849
v -1.06483864 2.3802669 -0.10388649
v -1.06817162 2.278409 -0.10388649
v -1.18012654 2.28726196 -0.10388649
v -1.15374457 2.14750099 -0.10388649
v -1.20102155 2.23570704 -0.10388649
v -1.51466953 2.38838911 -0.10407849
v -1.40268564 2.45585203 -0.10407849
v -1.29537963 2.26753497 -0.10388649
v -1.39680159 2.20233702 -0.10388649
v -1.25552356 2.24685096 -0.10388649
v -1.31013464 2.14871907 -0.10388649
v -1.60819053 2.05804705 -0.10388649
v -1.74170863 2.22879505 -0.10407849
v -1.63644564 2.30683302 -0.10407849
v -1.50928556 2.127007 -0.10388649
v -1.49270355 2.02645206 -0.10388649
v -1.60423755 2.01331806 -0.10388649
v -1.55112457 1.88137698 -0.10388649
v -1.6146866 1.95868003 -0.10388649
v -1.95207464 2.04730606 -0.10407849
v -1.85538554 2.13530111 -0.10407849
v -1.7134366 1.97150802 -0.10388649
v -1.80020856 1.88779294 -0.10388649
v -1.67031562 1.95898699 -0.10388649
v -1.70475256 1.85209298 -0.10388649
v -1.75872361 2.33548092 -0.10388649
v -1.67236161 2.4929049 -0.10388649
v -1.61668562 2.40974402 -0.10388649
v -1.63615155 2.35332489 -0.10388649
v -1.49390661 2.51277089 -0.10388649
v -1.55710554 2.40624499 -0.10388649
v -1.99705755 2.05666899 -0.10388649
v -1.95582461 2.17346692 -0.10388649
v -1.26801264 2.63376092 -0.10388649
v -1.1443156 2.62733888 -0.10388649
v -1.38215553 3.10254597 -0.10388649
v -1.2937026 2.90465688 -0.10407849
v -1.42697262 2.84184289 -0.10407849
v -1.52554464 3.03879594 -0.10388649
v -1.51094055 3.14758396 -0.10388649
v -1.36765265 3.1499679 -0.10388649
v -1.36713755 3.29788589 -0.10388649
v -1.32886362 3.20541691 -0.10388649
v -1.00249755 3.01753902 -0.10407849
v -1.14086353 2.96791911 -0.10407849
v -1.21845555 3.1703031 -0.10388649
v -1.07195758 3.22654199 -0.10388649
v -1.26223254 3.19360494 -0.10388649
v -1.1591736 3.29318594 -0.10388649
v -0.75002557 3.312325 -0.10388649
v -0.70183461 3.1009891 -0.10407849
v -0.84479057 3.0653541 -0.10407849
v -0.90308958 3.27774095 -0.10388649
v -0.86756461 3.38159799 -0.10388649
v -0.72655957 3.35601306 -0.10388649
v -0.69722658 3.50099301 -0.10388649
v -0.67770558 3.40283703 -0.10388649
v -0.39421358 3.15495705 -0.10407849
v -0.53959661 3.13325405 -0.10407849
v -0.57625961 3.34687995 -0.10388649
v -0.42161059 3.37349104 -0.10388649
v -0.61465561 3.37826609 -0.10388649
v -0.49416658 3.45585298 -0.10388649
v -0.73449057 2.99565506 -0.10388649
v -0.87397056 2.87617492 -0.10388649
v -0.90302062 2.9719429 -0.10388649
v -0.86335259 3.0207901 -0.10388649
v -1.05632054 2.8980329 -0.10388649
v -0.96313858 2.9905231 -0.10388649
v -0.30571058 3.09083104 -0.10388649
v -0.2958756 2.99123692 -0.10388649
v -0.47047358 3.04820394 -0.10388649
v -0.3610576 3.12076401 -0.10388649
v -1.30610764 2.7945559 -0.10388649
v -1.41957962 2.65014505 -0.10388649
v -1.46676564 2.73840189 -0.10388649
v -1.43739759 2.79405188 -0.10388649
v -2.0837984 2.403023 -0.10407849
v -2.19260549 2.30418896 -0.10407849
v -2.34179973 2.46141696 -0.10388649
v -2.22801637 2.56948208 -0.10388649
v -2.39116382 2.46617293 -0.10388649
v -2.33410739 2.59763503 -0.10388649
v -1.96349453 2.77203106 -0.10388649
v -1.83803057 2.59527611 -0.10407849
v -1.95643365 2.50759911 -0.10407849
v -2.09163951 2.68145895 -0.10388649
v -2.09860372 2.79100108 -0.10388649
v -1.95855259 2.82137608 -0.10388649
v -1.98698854 2.96653389 -0.10388649
v -1.9313606 2.88334107 -0.10388649
v -1.57454156 2.76295495 -0.10407849
v -1.70052456 2.68722105 -0.10407849
v -1.81621658 2.87051296 -0.10388649
v -1.6835556 2.95432806 -0.10388649
v -1.86370563 2.88479709 -0.10388649
v -1.78212654 3.00261688 -0.10388649
v -1.82784962 2.48546695 -0.10388649
v -1.91092455 2.32167291 -0.10388649
v -1.97444164 2.39901089 -0.10388649
v -1.95651161 2.45932507 -0.10388649
v -2.08774042 2.27201509 -0.10388649
v -2.03709268 2.39314103 -0.10388649
v -1.53081762 2.74407196 -0.10388649
v -1.60409557 2.63513398 -0.10388649
v -0.08642459 3.39495611 -0.10388649
v -0.08051659 3.17827701 -0.10407849
v -0.22768259 3.17130398 -0.10407849
v -0.24329659 3.39099097 -0.10388649
v -0.18813759 3.48588895 -0.10388649
v -0.05486359 3.43320703 -0.10388649
v 0.0022704 3.56964588 -0.10388649
v 0.0022064 3.46956801 -0.10388649
v -0.13414859 3.08132505 -0.10388649
v -0.25561758 3.13115191 -0.10388649
g Group32941
f 1284 1283 1282 1281
g Group32944
f 4 3 1284 1281
f 1 2 1282 1283
g Group9131
f 3 4 2 1
g Group32941
f 1284 1286 1285 1283
g Group32944
f 5 1 1283 1285
f 3 6 1286 1284
g Group9131
f 3 1 5 6
g Group32941
f 1285 1286 1288 1287
g Group32944
f 14 5 1285 1287
f 6 13 1288 1286
g Group9131
f 5 14 13 6
g Group32941
f 1292 1291 1290 1289
g Group32944
f 8 7 1289 1290
f 9 10 1291 1292
g Group9131
f 9 7 8 10
g Group32941
f 1292 1289 1294 1293
g Group32944
f 12 9 1292 1293
f 7 11 1294 1289
g Group9131
f 9 12 11 7
g Group32941
f 1294 1287 1288 1293
g Group32944
f 13 12 1293 1288
f 11 14 1287 1294
g Group9131
f 11 12 13 14
g Group32941
f 1298 1297 1296 1295
g Group32944
f 18 17 1298 1295
f 15 16 1296 1297
g Group9131
f 17 18 16 15
g Group32941
f 1298 1300 1299 1297
g Group32944
f 19 15 1297 1299
f 17 20 1300 1298
g Group9131
f 17 15 19 20
g Group32941
f 1299 1300 1302 1301
g Group32944
f 28 19 1299 1301
f 20 27 1302 1300
g Group9131
f 19 28 27 20
g Group32941
f 1306 1305 1304 1303
g Group32944
f 22 21 1303 1304
f 23 24 1305 1306
g Group9131
f 23 21 22 24
g Group32941
f 1306 1303 1308 1307
g Group32944
f 26 23 1306 1307
f 21 25 1308 1303
g Group9131
f 23 26 25 21
g Group32941
f 1308 1301 1302 1307
g Group32944
f 27 26 1307 1302
f 25 28 1301 1308
g Group9131
f 25 26 27 28
g Group32941
f 1312 1311 1310 1309
g Group32944
f 34 29 1312 1309
f 30 33 1310 1311
g Group9131
f 29 34 33 30
g Group32941
f 1314 1309 1310 1313
g Group32944
f 33 32 1313 1310
f 31 34 1309 1314
g Group9131
f 31 32 33 34
g Group32941
f 1296 1311 1312 1295
g Group32944
f 29 18 1295 1312
f 16 30 1311 1296
g Group9131
f 16 18 29 30
g Group32941
f 1291 1314 1313 1290
g Group32944
f 32 8 1290 1313
f 10 31 1314 1291
g Group9131
f 10 8 32 31
g Group32941
f 1318 1317 1316 1315
g Group32944
f 37 36 1315 1316
f 35 38 1317 1318
g Group9131
f 35 36 37 38
g Group32941
f 1315 1304 1305 1318
g Group32944
f 24 35 1318 1305
f 36 22 1304 1315
g Group9131
f 36 35 24 22
g Group32941
f 1322 1321 1320 1319
g Group32944
f 42 39 1322 1319
f 40 41 1320 1321
g Group9131
f 39 42 41 40
g Group32941
f 1322 1281 1282 1321
g Group32944
f 2 40 1321 1282
f 39 4 1281 1322
g Group9131
f 39 40 2 4
g Group32941
f 1326 1325 1324 1323
g Group32944
f 46 45 1326 1323
f 43 44 1324 1325
g Group9131
f 45 46 44 43
g Group32941
f 1326 1328 1327 1325
g Group32944
f 47 43 1325 1327
f 45 48 1328 1326
g Group9131
f 45 43 47 48
g Group32941
f 1327 1328 1330 1329
g Group32944
f 56 47 1327 1329
f 48 55 1330 1328
g Group9131
f 47 56 55 48
g Group32941
f 1334 1333 1332 1331
g Group32944
f 50 49 1331 1332
f 51 52 1333 1334
g Group9131
f 51 49 50 52
g Group32941
f 1334 1331 1336 1335
g Group32944
f 54 51 1334 1335
f 49 53 1336 1331
g Group9131
f 51 54 53 49
g Group32941
f 1336 1329 1330 1335
g Group32944
f 55 54 1335 1330
f 53 56 1329 1336
g Group9131
f 53 54 55 56
g Group32941
f 1340 1339 1338 1337
g Group32944
f 60 59 1340 1337
f 57 58 1338 1339
g Group9131
f 59 60 58 57
g Group32941
f 1340 1342 1341 1339
g Group32944
f 61 57 1339 1341
f 59 62 1342 1340
g Group9131
f 59 57 61 62
g Group32941
f 1341 1342 1344 1343
g Group32944
f 70 61 1341 1343
f 62 69 1344 1342
g Group9131
f 61 70 69 62
g Group32941
f 1348 1347 1346 1345
g Group32944
f 64 63 1345 1346
f 65 66 1347 1348
g Group9131
f 65 63 64 66
g Group32941
f 1348 1345 1350 1349
g Group32944
f 68 65 1348 1349
f 63 67 1350 1345
g Group9131
f 65 68 67 63
g Group32941
f 1350 1343 1344 1349
g Group32944
f 69 68 1349 1344
f 67 70 1343 1350
g Group9131
f 67 68 69 70
g Group32941
f 1354 1353 1352 1351
g Group32944
f 76 71 1354 1351
f 72 75 1352 1353
g Group9131
f 71 76 75 72
g Group32941
f 1356 1351 1352 1355
g Group32944
f 75 74 1355 1352
f 73 76 1351 1356
g Group9131
f 73 74 75 76
g Group32941
f 1338 1353 1354 1337
g Group32944
f 71 60 1337 1354
f 58 72 1353 1338
g Group9131
f 58 60 71 72
g Group32941
f 1333 1356 1355 1332
g Group32944
f 74 50 1332 1355
f 52 73 1356 1333
g Group9131
f 52 50 74 73
g Group32941
f 1358 1346 1347 1357
g Group32944
f 66 77 1357 1347
f 78 64 1346 1358
g Group9131
f 78 77 66 64
g Group32941
f 1360 1323 1324 1359
g Group32944
f 44 80 1359 1324
f 79 46 1323 1360
g Group9131
f 79 80 44 46
g Group32941
f 1364 1363 1362 1361
g Group32944
f 84 83 1364 1361
f 81 82 1362 1363
g Group9131
f 83 84 82 81
g Group32941
f 1364 1366 1365 1363
g Group32944
f 85 81 1363 1365
f 83 86 1366 1364
g Group9131
f 83 81 85 86
g Group32941
f 1365 1366 1368 1367
g Group32944
f 94 85 1365 1367
f 86 93 1368 1366
g Group9131
f 85 94 93 86
g Group32941
f 1372 1371 1370 1369
g Group32944
f 88 87 1369 1370
f 89 90 1371 1372
g Group9131
f 89 87 88 90
g Group32941
f 1372 1369 1374 1373
g Group32944
f 92 89 1372 1373
f 87 91 1374 1369
g Group9131
f 89 92 91 87
g Group32941
f 1374 1367 1368 1373
g Group32944
f 93 92 1373 1368
f 91 94 1367 1374
g Group9131
f 91 92 93 94
g Group32941
f 1378 1377 1376 1375
g Group32944
f 98 97 1378 1375
f 95 96 1376 1377
g Group9131
f 97 98 96 95
g Group32941
f 1378 1380 1379 1377
g Group32944
f 99 95 1377 1379
f 97 100 1380 1378
g Group9131
f 97 95 99 100
g Group32941
f 1379 1380 1382 1381
g Group32944
f 108 99 1379 1381
f 100 107 1382 1380
g Group9131
f 99 108 107 100
g Group32941
f 1386 1385 1384 1383
g Group32944
f 102 101 1383 1384
f 103 104 1385 1386
g Group9131
f 103 101 102 104
g Group32941
f 1386 1383 1388 1387
g Group32944
f 106 103 1386 1387
f 101 105 1388 1383
g Group9131
f 103 106 105 101
g Group32941
f 1388 1381 1382 1387
g Group32944
f 107 106 1387 1382
f 105 108 1381 1388
g Group9131
f 105 106 107 108
g Group32941
f 1392 1391 1390 1389
g Group32944
f 114 109 1392 1389
f 110 113 1390 1391
g Group9131
f 109 114 113 110
g Group32941
f 1394 1389 1390 1393
g Group32944
f 113 112 1393 1390
f 111 114 1389 1394
g Group9131
f 111 112 113 114
g Group32941
f 1376 1391 1392 1375
g Group32944
f 109 98 1375 1392
f 96 110 1391 1376
g Group9131
f 96 98 109 110
g Group32941
f 1371 1394 1393 1370
g Group32944
f 112 88 1370 1393
f 90 111 1394 1371
g Group9131
f 90 88 112 111
g Group32941
f 1398 1397 1396 1395
g Group32944
f 117 116 1395 1396
f 115 118 1397 1398
g Group9131
f 115 116 117 118
g Group32941
f 1395 1384 1385 1398
g Group32944
f 104 115 1398 1385
f 116 102 1384 1395
g Group9131
f 116 115 104 102
g Group32941
f 1402 1401 1400 1399
g Group32944
f 122 119 1402 1399
f 120 121 1400 1401
g Group9131
f 119 122 121 120
g Group32941
f 1402 1361 1362 1401
g Group32944
f 82 120 1401 1362
f 119 84 1361 1402
g Group9131
f 119 120 82 84
g Group32941
f 1406 1405 1404 1403
g Group32944
f 124 123 1403 1404
f 125 126 1405 1406
g Group9131
f 125 123 124 126
g Group32941
f 1406 1403 1408 1407
g Group32944
f 128 125 1406 1407
f 123 127 1408 1403
g Group9131
f 125 128 127 123
g Group32941
f 1412 1411 1410 1409
g Group32944
f 132 131 1412 1409
f 129 130 1410 1411
g Group9131
f 131 132 130 129
g Group32941
f 1412 1414 1413 1411
g Group32944
f 133 129 1411 1413
f 131 134 1414 1412
g Group9131
f 131 129 133 134
g Group32941
f 1413 1414 1416 1415
g Group32944
f 142 133 1413 1415
f 134 141 1416 1414
g Group9131
f 133 142 141 134
g Group32941
f 1420 1419 1418 1417
g Group32944
f 136 135 1417 1418
f 137 138 1419 1420
g Group9131
f 137 135 136 138
g Group32941
f 1420 1417 1422 1421
g Group32944
f 140 137 1420 1421
f 135 139 1422 1417
g Group9131
f 137 140 139 135
g Group32941
f 1422 1415 1416 1421
g Group32944
f 141 140 1421 1416
f 139 142 1415 1422
g Group9131
f 139 140 141 142
g Group32941
f 1426 1425 1424 1423
g Group32944
f 148 143 1426 1423
f 144 147 1424 1425
g Group9131
f 143 148 147 144
g Group32941
f 1428 1423 1424 1427
g Group32944
f 147 146 1427 1424
f 145 148 1423 1428
g Group9131
f 145 146 147 148
g Group32941
f 1410 1425 1426 1409
g Group32944
f 143 132 1409 1426
f 130 144 1425 1410
g Group9131
f 130 132 143 144
g Group32941
f 1405 1428 1427 1404
g Group32944
f 146 124 1404 1427
f 126 145 1428 1405
g Group9131
f 126 124 146 145
g Group32941
f 1430 1418 1419 1429
g Group32944
f 138 149 1429 1419
f 150 136 1418 1430
g Group9131
f 150 149 138 136
g Group32941
f 1434 1433 1432 1431
g Group32944
f 154 153 1434 1431
f 151 152 1432 1433
g Group9131
f 153 154 152 151
g Group32941
f 1434 1436 1435 1433
g Group32944
f 155 151 1433 1435
f 153 156 1436 1434
g Group9131
f 153 151 155 156
g Group32941
f 1435 1436 1438 1437
g Group32944
f 158 155 1435 1437
f 156 157 1438 1436
g Group9131
f 155 158 157 156
g Group32941
f 1440 1431 1432 1439
g Group32944
f 152 160 1439 1432
f 159 154 1431 1440
g Group9131
f 159 160 152 154
g Group32941
f 1429 1399 1400 1430
g Group32944
f 121 150 1430 1400
f 149 122 1399 1429
g Group9131
f 149 150 121 122
g Group32941
f 1439 1396 1397 1440
g Group32944
f 118 159 1440 1397
f 160 117 1396 1439
g Group9131
f 160 159 118 117
g Group32941
f 1317 1360 1359 1316
g Group32944
f 80 37 1316 1359
f 38 79 1360 1317
g Group9131
f 38 37 80 79
g Group32941
f 1444 1443 1442 1441
g Group32944
f 164 163 1444 1441
f 161 162 1442 1443
g Group9131
f 163 164 162 161
g Group32941
f 1444 1446 1445 1443
g Group32944
f 165 161 1443 1445
f 163 166 1446 1444
g Group9131
f 163 161 165 166
g Group32941
f 1445 1446 1448 1447
g Group32944
f 174 165 1445 1447
f 166 173 1448 1446
g Group9131
f 165 174 173 166
g Group32941
f 1452 1451 1450 1449
g Group32944
f 168 167 1449 1450
f 169 170 1451 1452
g Group9131
f 169 167 168 170
g Group32941
f 1452 1449 1454 1453
g Group32944
f 172 169 1452 1453
f 167 171 1454 1449
g Group9131
f 169 172 171 167
g Group32941
f 1454 1447 1448 1453
g Group32944
f 173 172 1453 1448
f 171 174 1447 1454
g Group9131
f 171 172 173 174
g Group32941
f 1458 1457 1456 1455
g Group32944
f 178 177 1458 1455
f 175 176 1456 1457
g Group9131
f 177 178 176 175
g Group32941
f 1458 1460 1459 1457
g Group32944
f 179 175 1457 1459
f 177 180 1460 1458
g Group9131
f 177 175 179 180
g Group32941
f 1459 1460 1462 1461
g Group32944
f 188 179 1459 1461
f 180 187 1462 1460
g Group9131
f 179 188 187 180
g Group32941
f 1466 1465 1464 1463
g Group32944
f 182 181 1463 1464
f 183 184 1465 1466
g Group9131
f 183 181 182 184
g Group32941
f 1466 1463 1468 1467
g Group32944
f 186 183 1466 1467
f 181 185 1468 1463
g Group9131
f 183 186 185 181
g Group32941
f 1468 1461 1462 1467
g Group32944
f 187 186 1467 1462
f 185 188 1461 1468
g Group9131
f 185 186 187 188
g Group32941
f 1472 1471 1470 1469
g Group32944
f 194 189 1472 1469
f 190 193 1470 1471
g Group9131
f 189 194 193 190
g Group32941
f 1474 1469 1470 1473
g Group32944
f 193 192 1473 1470
f 191 194 1469 1474
g Group9131
f 191 192 193 194
g Group32941
f 1456 1471 1472 1455
g Group32944
f 189 178 1455 1472
f 176 190 1471 1456
g Group9131
f 176 178 189 190
g Group32941
f 1451 1474 1473 1450
g Group32944
f 192 168 1450 1473
f 170 191 1474 1451
g Group9131
f 170 168 192 191
g Group32941
f 1478 1477 1476 1475
g Group32944
f 197 196 1475 1476
f 195 198 1477 1478
g Group9131
f 195 196 197 198
g Group32941
f 1475 1464 1465 1478
g Group32944
f 184 195 1478 1465
f 196 182 1464 1475
g Group9131
f 196 195 184 182
g Group32941
f 1480 1441 1442 1479
g Group32944
f 162 200 1479 1442
f 199 164 1441 1480
g Group9131
f 199 200 162 164
g Group32941
f 1484 1483 1482 1481
g Group32944
f 204 203 1484 1481
f 201 202 1482 1483
g Group9131
f 203 204 202 201
g Group32941
f 1484 1486 1485 1483
g Group32944
f 205 201 1483 1485
f 203 206 1486 1484
g Group9131
f 203 201 205 206
g Group32941
f 1485 1486 1488 1487
g Group32944
f 214 205 1485 1487
f 206 213 1488 1486
g Group9131
f 205 214 213 206
g Group32941
f 1492 1491 1490 1489
g Group32944
f 208 207 1489 1490
f 209 210 1491 1492
g Group9131
f 209 207 208 210
g Group32941
f 1492 1489 1494 1493
g Group32944
f 212 209 1492 1493
f 207 211 1494 1489
g Group9131
f 209 212 211 207
g Group32941
f 1494 1487 1488 1493
g Group32944
f 213 212 1493 1488
f 211 214 1487 1494
g Group9131
f 211 212 213 214
g Group32941
f 1498 1497 1496 1495
g Group32944
f 218 217 1498 1495
f 215 216 1496 1497
g Group9131
f 217 218 216 215
g Group32941
f 1498 1500 1499 1497
g Group32944
f 219 215 1497 1499
f 217 220 1500 1498
g Group9131
f 217 215 219 220
g Group32941
f 1499 1500 1502 1501
g Group32944
f 228 219 1499 1501
f 220 227 1502 1500
g Group9131
f 219 228 227 220
g Group32941
f 1506 1505 1504 1503
g Group32944
f 222 221 1503 1504
f 223 224 1505 1506
g Group9131
f 223 221 222 224
g Group32941
f 1506 1503 1508 1507
g Group32944
f 226 223 1506 1507
f 221 225 1508 1503
g Group9131
f 223 226 225 221
g Group32941
f 1508 1501 1502 1507
g Group32944
f 227 226 1507 1502
f 225 228 1501 1508
g Group9131
f 225 226 227 228
g Group32941
f 1512 1511 1510 1509
g Group32944
f 234 229 1512 1509
f 230 233 1510 1511
g Group9131
f 229 234 233 230
g Group32941
f 1514 1509 1510 1513
g Group32944
f 233 232 1513 1510
f 231 234 1509 1514
g Group9131
f 231 232 233 234
g Group32941
f 1496 1511 1512 1495
g Group32944
f 229 218 1495 1512
f 216 230 1511 1496
g Group9131
f 216 218 229 230
g Group32941
f 1491 1514 1513 1490
g Group32944
f 232 208 1490 1513
f 210 231 1514 1491
g Group9131
f 210 208 232 231
g Group32941
f 1516 1504 1505 1515
g Group32944
f 224 235 1515 1505
f 236 222 1504 1516
g Group9131
f 236 235 224 222
g Group32941
f 1518 1481 1482 1517
g Group32944
f 202 238 1517 1482
f 237 204 1481 1518
g Group9131
f 237 238 202 204
g Group32941
f 1522 1521 1520 1519
g Group32944
f 242 241 1522 1519
f 239 240 1520 1521
g Group9131
f 241 242 240 239
g Group32941
f 1522 1524 1523 1521
g Group32944
f 243 239 1521 1523
f 241 244 1524 1522
g Group9131
f 241 239 243 244
g Group32941
f 1523 1524 1526 1525
g Group32944
f 252 243 1523 1525
f 244 251 1526 1524
g Group9131
f 243 252 251 244
g Group32941
f 1530 1529 1528 1527
g Group32944
f 246 245 1527 1528
f 247 248 1529 1530
g Group9131
f 247 245 246 248
g Group32941
f 1530 1527 1532 1531
g Group32944
f 250 247 1530 1531
f 245 249 1532 1527
g Group9131
f 247 250 249 245
g Group32941
f 1532 1525 1526 1531
g Group32944
f 251 250 1531 1526
f 249 252 1525 1532
g Group9131
f 249 250 251 252
g Group32941
f 1536 1535 1534 1533
g Group32944
f 256 255 1536 1533
f 253 254 1534 1535
g Group9131
f 255 256 254 253
g Group32941
f 1536 1538 1537 1535
g Group32944
f 257 253 1535 1537
f 255 258 1538 1536
g Group9131
f 255 253 257 258
g Group32941
f 1537 1538 1540 1539
g Group32944
f 266 257 1537 1539
f 258 265 1540 1538
g Group9131
f 257 266 265 258
g Group32941
f 1544 1543 1542 1541
g Group32944
f 260 259 1541 1542
f 261 262 1543 1544
g Group9131
f 261 259 260 262
g Group32941
f 1544 1541 1546 1545
g Group32944
f 264 261 1544 1545
f 259 263 1546 1541
g Group9131
f 261 264 263 259
g Group32941
f 1546 1539 1540 1545
g Group32944
f 265 264 1545 1540
f 263 266 1539 1546
g Group9131
f 263 264 265 266
g Group32941
f 1550 1549 1548 1547
g Group32944
f 272 267 1550 1547
f 268 271 1548 1549
g Group9131
f 267 272 271 268
g Group32941
f 1552 1547 1548 1551
g Group32944
f 271 270 1551 1548
f 269 272 1547 1552
g Group9131
f 269 270 271 272
g Group32941
f 1534 1549 1550 1533
g Group32944
f 267 256 1533 1550
f 254 268 1549 1534
g Group9131
f 254 256 267 268
g Group32941
f 1529 1552 1551 1528
g Group32944
f 270 246 1528 1551
f 248 269 1552 1529
g Group9131
f 248 246 270 269
g Group32941
f 1556 1555 1554 1553
g Group32944
f 275 274 1553 1554
f 273 276 1555 1556
g Group9131
f 273 274 275 276
g Group32941
f 1553 1542 1543 1556
g Group32944
f 262 273 1556 1543
f 274 260 1542 1553
g Group9131
f 274 273 262 260
g Group32941
f 1560 1559 1558 1557
g Group32944
f 280 277 1560 1557
f 278 279 1558 1559
g Group9131
f 277 280 279 278
g Group32941
f 1560 1519 1520 1559
g Group32944
f 240 278 1559 1520
f 277 242 1519 1560
g Group9131
f 277 278 240 242
g Group32941
f 1564 1563 1562 1561
g Group32944
f 282 281 1561 1562
f 283 284 1563 1564
g Group9131
f 283 281 282 284
g Group32941
f 1564 1561 1566 1565
g Group32944
f 286 283 1564 1565
f 281 285 1566 1561
g Group9131
f 283 286 285 281
g Group32941
f 1570 1569 1568 1567
g Group32944
f 290 289 1570 1567
f 287 288 1568 1569
g Group9131
f 289 290 288 287
g Group32941
f 1570 1572 1571 1569
g Group32944
f 291 287 1569 1571
f 289 292 1572 1570
g Group9131
f 289 287 291 292
g Group32941
f 1571 1572 1574 1573
g Group32944
f 300 291 1571 1573
f 292 299 1574 1572
g Group9131
f 291 300 299 292
g Group32941
f 1578 1577 1576 1575
g Group32944
f 294 293 1575 1576
f 295 296 1577 1578
g Group9131
f 295 293 294 296
g Group32941
f 1578 1575 1580 1579
g Group32944
f 298 295 1578 1579
f 293 297 1580 1575
g Group9131
f 295 298 297 293
g Group32941
f 1580 1573 1574 1579
g Group32944
f 299 298 1579 1574
f 297 300 1573 1580
g Group9131
f 297 298 299 300
g Group32941
f 1584 1583 1582 1581
g Group32944
f 306 301 1584 1581
f 302 305 1582 1583
g Group9131
f 301 306 305 302
g Group32941
f 1586 1581 1582 1585
g Group32944
f 305 304 1585 1582
f 303 306 1581 1586
g Group9131
f 303 304 305 306
g Group32941
f 1568 1583 1584 1567
g Group32944
f 301 290 1567 1584
f 288 302 1583 1568
g Group9131
f 288 290 301 302
g Group32941
f 1563 1586 1585 1562
g Group32944
f 304 282 1562 1585
f 284 303 1586 1563
g Group9131
f 284 282 304 303
g Group32941
f 1588 1576 1577 1587
g Group32944
f 296 307 1587 1577
f 308 294 1576 1588
g Group9131
f 308 307 296 294
g Group32941
f 1592 1591 1590 1589
g Group32944
f 312 311 1592 1589
f 309 310 1590 1591
g Group9131
f 311 312 310 309
g Group32941
f 1592 1594 1593 1591
g Group32944
f 313 309 1591 1593
f 311 314 1594 1592
g Group9131
f 311 309 313 314
g Group32941
f 1596 1589 1590 1595
g Group32944
f 310 316 1595 1590
f 315 312 1589 1596
g Group9131
f 315 316 310 312
g Group32941
f 1587 1557 1558 1588
g Group32944
f 279 308 1588 1558
f 307 280 1557 1587
g Group9131
f 307 308 279 280
g Group32941
f 1595 1554 1555 1596
g Group32944
f 276 315 1596 1555
f 316 275 1554 1595
g Group9131
f 316 315 276 275
g Group32941
f 1477 1518 1517 1476
g Group32944
f 238 197 1476 1517
f 198 237 1518 1477
g Group9131
f 198 197 238 237
g Group32941
f 1438 1565 1566 1437
g Group32944
f 285 158 1437 1566
f 157 286 1565 1438
g Group9131
f 157 158 285 286
g Group32941
f 1515 1319 1320 1516
g Group32944
f 41 236 1516 1320
f 235 42 1319 1515
g Group9131
f 235 236 41 42
g Group32941
f 1600 1599 1598 1597
g Group32944
f 320 319 1600 1597
f 317 318 1598 1599
g Group9131
f 319 320 318 317
g Group32941
f 1600 1602 1601 1599
g Group32944
f 321 317 1599 1601
f 319 322 1602 1600
g Group9131
f 319 317 321 322
g Group32941
f 1601 1602 1604 1603
g Group32944
f 330 321 1601 1603
f 322 329 1604 1602
g Group9131
f 321 330 329 322
g Group32941
f 1608 1607 1606 1605
g Group32944
f 324 323 1605 1606
f 325 326 1607 1608
g Group9131
f 325 323 324 326
g Group32941
f 1608 1605 1610 1609
g Group32944
f 328 325 1608 1609
f 323 327 1610 1605
g Group9131
f 325 328 327 323
g Group32941
f 1610 1603 1604 1609
g Group32944
f 329 328 1609 1604
f 327 330 1603 1610
g Group9131
f 327 328 329 330
g Group32941
f 1614 1613 1612 1611
g Group32944
f 334 333 1614 1611
f 331 332 1612 1613
g Group9131
f 333 334 332 331
g Group32941
f 1614 1616 1615 1613
g Group32944
f 335 331 1613 1615
f 333 336 1616 1614
g Group9131
f 333 331 335 336
g Group32941
f 1615 1616 1618 1617
g Group32944
f 344 335 1615 1617
f 336 343 1618 1616
g Group9131
f 335 344 343 336
g Group32941
f 1622 1621 1620 1619
g Group32944
f 338 337 1619 1620
f 339 340 1621 1622
g Group9131
f 339 337 338 340
g Group32941
f 1622 1619 1624 1623
g Group32944
f 342 339 1622 1623
f 337 341 1624 1619
g Group9131
f 339 342 341 337
g Group32941
f 1624 1617 1618 1623
g Group32944
f 343 342 1623 1618
f 341 344 1617 1624
g Group9131
f 341 342 343 344
g Group32941
f 1628 1627 1626 1625
g Group32944
f 350 345 1628 1625
f 346 349 1626 1627
g Group9131
f 345 350 349 346
g Group32941
f 1630 1625 1626 1629
g Group32944
f 349 348 1629 1626
f 347 350 1625 1630
g Group9131
f 347 348 349 350
g Group32941
f 1612 1627 1628 1611
g Group32944
f 345 334 1611 1628
f 332 346 1627 1612
g Group9131
f 332 334 345 346
g Group32941
f 1607 1630 1629 1606
g Group32944
f 348 324 1606 1629
f 326 347 1630 1607
g Group9131
f 326 324 348 347
g Group32941
f 1634 1633 1632 1631
g Group32944
f 353 352 1631 1632
f 351 354 1633 1634
g Group9131
f 351 352 353 354
g Group32941
f 1631 1620 1621 1634
g Group32944
f 340 351 1634 1621
f 352 338 1620 1631
g Group9131
f 352 351 340 338
g Group32941
f 1638 1637 1636 1635
g Group32944
f 358 355 1638 1635
f 356 357 1636 1637
g Group9131
f 355 358 357 356
g Group32941
f 1638 1597 1598 1637
g Group32944
f 318 356 1637 1598
f 355 320 1597 1638
g Group9131
f 355 356 318 320
g Group32941
f 1642 1641 1640 1639
g Group32944
f 362 361 1642 1639
f 359 360 1640 1641
g Group9131
f 361 362 360 359
g Group32941
f 1642 1644 1643 1641
g Group32944
f 363 359 1641 1643
f 361 364 1644 1642
g Group9131
f 361 359 363 364
g Group32941
f 1643 1644 1646 1645
g Group32944
f 372 363 1643 1645
f 364 371 1646 1644
g Group9131
f 363 372 371 364
g Group32941
f 1650 1649 1648 1647
g Group32944
f 366 365 1647 1648
f 367 368 1649 1650
g Group9131
f 367 365 366 368
g Group32941
f 1650 1647 1652 1651
g Group32944
f 370 367 1650 1651
f 365 369 1652 1647
g Group9131
f 367 370 369 365
g Group32941
f 1652 1645 1646 1651
g Group32944
f 371 370 1651 1646
f 369 372 1645 1652
g Group9131
f 369 370 371 372
g Group32941
f 1656 1655 1654 1653
g Group32944
f 376 375 1656 1653
f 373 374 1654 1655
g Group9131
f 375 376 374 373
g Group32941
f 1656 1658 1657 1655
g Group32944
f 377 373 1655 1657
f 375 378 1658 1656
g Group9131
f 375 373 377 378
g Group32941
f 1657 1658 1660 1659
g Group32944
f 386 377 1657 1659
f 378 385 1660 1658
g Group9131
f 377 386 385 378
g Group32941
f 1664 1663 1662 1661
g Group32944
f 380 379 1661 1662
f 381 382 1663 1664
g Group9131
f 381 379 380 382
g Group32941
f 1664 1661 1666 1665
g Group32944
f 384 381 1664 1665
f 379 383 1666 1661
g Group9131
f 381 384 383 379
g Group32941
f 1666 1659 1660 1665
g Group32944
f 385 384 1665 1660
f 383 386 1659 1666
g Group9131
f 383 384 385 386
g Group32941
f 1670 1669 1668 1667
g Group32944
f 392 387 1670 1667
f 388 391 1668 1669
g Group9131
f 387 392 391 388
g Group32941
f 1672 1667 1668 1671
g Group32944
f 391 390 1671 1668
f 389 392 1667 1672
g Group9131
f 389 390 391 392
g Group32941
f 1654 1669 1670 1653
g Group32944
f 387 376 1653 1670
f 374 388 1669 1654
g Group9131
f 374 376 387 388
g Group32941
f 1649 1672 1671 1648
g Group32944
f 390 366 1648 1671
f 368 389 1672 1649
g Group9131
f 368 366 390 389
g Group32941
f 1674 1662 1663 1673
g Group32944
f 382 393 1673 1663
f 394 380 1662 1674
g Group9131
f 394 393 382 380
g Group32941
f 1676 1639 1640 1675
g Group32944
f 360 396 1675 1640
f 395 362 1639 1676
g Group9131
f 395 396 360 362
g Group32941
f 1680 1679 1678 1677
g Group32944
f 400 399 1680 1677
f 397 398 1678 1679
g Group9131
f 399 400 398 397
g Group32941
f 1680 1682 1681 1679
g Group32944
f 401 397 1679 1681
f 399 402 1682 1680
g Group9131
f 399 397 401 402
g Group32941
f 1681 1682 1684 1683
g Group32944
f 410 401 1681 1683
f 402 409 1684 1682
g Group9131
f 401 410 409 402
g Group32941
f 1688 1687 1686 1685
g Group32944
f 404 403 1685 1686
f 405 406 1687 1688
g Group9131
f 405 403 404 406
g Group32941
f 1688 1685 1690 1689
g Group32944
f 408 405 1688 1689
f 403 407 1690 1685
g Group9131
f 405 408 407 403
g Group32941
f 1690 1683 1684 1689
g Group32944
f 409 408 1689 1684
f 407 410 1683 1690
g Group9131
f 407 408 409 410
g Group32941
f 1694 1693 1692 1691
g Group32944
f 414 413 1694 1691
f 411 412 1692 1693
g Group9131
f 413 414 412 411
g Group32941
f 1694 1696 1695 1693
g Group32944
f 415 411 1693 1695
f 413 416 1696 1694
g Group9131
f 413 411 415 416
g Group32941
f 1695 1696 1698 1697
g Group32944
f 424 415 1695 1697
f 416 423 1698 1696
g Group9131
f 415 424 423 416
g Group32941
f 1702 1701 1700 1699
g Group32944
f 418 417 1699 1700
f 419 420 1701 1702
g Group9131
f 419 417 418 420
g Group32941
f 1702 1699 1704 1703
g Group32944
f 422 419 1702 1703
f 417 421 1704 1699
g Group9131
f 419 422 421 417
g Group32941
f 1704 1697 1698 1703
g Group32944
f 423 422 1703 1698
f 421 424 1697 1704
g Group9131
f 421 422 423 424
g Group32941
f 1708 1707 1706 1705
g Group32944
f 430 425 1708 1705
f 426 429 1706 1707
g Group9131
f 425 430 429 426
g Group32941
f 1710 1705 1706 1709
g Group32944
f 429 428 1709 1706
f 427 430 1705 1710
g Group9131
f 427 428 429 430
g Group32941
f 1692 1707 1708 1691
g Group32944
f 425 414 1691 1708
f 412 426 1707 1692
g Group9131
f 412 414 425 426
g Group32941
f 1687 1710 1709 1686
g Group32944
f 428 404 1686 1709
f 406 427 1710 1687
g Group9131
f 406 404 428 427
g Group32941
f 1714 1713 1712 1711
g Group32944
f 433 432 1711 1712
f 431 434 1713 1714
g Group9131
f 431 432 433 434
g Group32941
f 1711 1700 1701 1714
g Group32944
f 420 431 1714 1701
f 432 418 1700 1711
g Group9131
f 432 431 420 418
g Group32941
f 1718 1717 1716 1715
g Group32944
f 438 435 1718 1715
f 436 437 1716 1717
g Group9131
f 435 438 437 436
g Group32941
f 1718 1677 1678 1717
g Group32944
f 398 436 1717 1678
f 435 400 1677 1718
g Group9131
f 435 436 398 400
g Group32941
f 1722 1721 1720 1719
g Group32944
f 440 439 1719 1720
f 441 442 1721 1722
g Group9131
f 441 439 440 442
g Group32941
f 1722 1719 1724 1723
g Group32944
f 444 441 1722 1723
f 439 443 1724 1719
g Group9131
f 441 444 443 439
g Group32941
f 1728 1727 1726 1725
g Group32944
f 448 447 1728 1725
f 445 446 1726 1727
g Group9131
f 447 448 446 445
g Group32941
f 1728 1730 1729 1727
g Group32944
f 449 445 1727 1729
f 447 450 1730 1728
g Group9131
f 447 445 449 450
g Group32941
f 1729 1730 1732 1731
g Group32944
f 458 449 1729 1731
f 450 457 1732 1730
g Group9131
f 449 458 457 450
g Group32941
f 1736 1735 1734 1733
g Group32944
f 452 451 1733 1734
f 453 454 1735 1736
g Group9131
f 453 451 452 454
g Group32941
f 1736 1733 1738 1737
g Group32944
f 456 453 1736 1737
f 451 455 1738 1733
g Group9131
f 453 456 455 451
g Group32941
f 1738 1731 1732 1737
g Group32944
f 457 456 1737 1732
f 455 458 1731 1738
g Group9131
f 455 456 457 458
g Group32941
f 1742 1741 1740 1739
g Group32944
f 464 459 1742 1739
f 460 463 1740 1741
g Group9131
f 459 464 463 460
g Group32941
f 1744 1739 1740 1743
g Group32944
f 463 462 1743 1740
f 461 464 1739 1744
g Group9131
f 461 462 463 464
g Group32941
f 1726 1741 1742 1725
g Group32944
f 459 448 1725 1742
f 446 460 1741 1726
g Group9131
f 446 448 459 460
g Group32941
f 1721 1744 1743 1720
g Group32944
f 462 440 1720 1743
f 442 461 1744 1721
g Group9131
f 442 440 462 461
g Group32941
f 1746 1734 1735 1745
g Group32944
f 454 465 1745 1735
f 466 452 1734 1746
g Group9131
f 466 465 454 452
g Group32941
f 1750 1749 1748 1747
g Group32944
f 470 469 1750 1747
f 467 468 1748 1749
g Group9131
f 469 470 468 467
g Group32941
f 1750 1752 1751 1749
g Group32944
f 471 467 1749 1751
f 469 472 1752 1750
g Group9131
f 469 467 471 472
g Group32941
f 1751 1752 1754 1753
g Group32944
f 474 471 1751 1753
f 472 473 1754 1752
g Group9131
f 471 474 473 472
g Group32941
f 1756 1747 1748 1755
g Group32944
f 468 476 1755 1748
f 475 470 1747 1756
g Group9131
f 475 476 468 470
g Group32941
f 1745 1715 1716 1746
g Group32944
f 437 466 1746 1716
f 465 438 1715 1745
g Group9131
f 465 466 437 438
g Group32941
f 1755 1712 1713 1756
g Group32944
f 434 475 1756 1713
f 476 433 1712 1755
g Group9131
f 476 475 434 433
g Group32941
f 1633 1676 1675 1632
g Group32944
f 396 353 1632 1675
f 354 395 1676 1633
g Group9131
f 354 353 396 395
g Group32941
f 1760 1759 1758 1757
g Group32944
f 480 479 1760 1757
f 477 478 1758 1759
g Group9131
f 479 480 478 477
g Group32941
f 1760 1762 1761 1759
g Group32944
f 481 477 1759 1761
f 479 482 1762 1760
g Group9131
f 479 477 481 482
g Group32941
f 1761 1762 1764 1763
g Group32944
f 490 481 1761 1763
f 482 489 1764 1762
g Group9131
f 481 490 489 482
g Group32941
f 1768 1767 1766 1765
g Group32944
f 484 483 1765 1766
f 485 486 1767 1768
g Group9131
f 485 483 484 486
g Group32941
f 1768 1765 1770 1769
g Group32944
f 488 485 1768 1769
f 483 487 1770 1765
g Group9131
f 485 488 487 483
g Group32941
f 1770 1763 1764 1769
g Group32944
f 489 488 1769 1764
f 487 490 1763 1770
g Group9131
f 487 488 489 490
g Group32941
f 1774 1773 1772 1771
g Group32944
f 494 493 1774 1771
f 491 492 1772 1773
g Group9131
f 493 494 492 491
g Group32941
f 1774 1776 1775 1773
g Group32944
f 495 491 1773 1775
f 493 496 1776 1774
g Group9131
f 493 491 495 496
g Group32941
f 1775 1776 1778 1777
g Group32944
f 504 495 1775 1777
f 496 503 1778 1776
g Group9131
f 495 504 503 496
g Group32941
f 1782 1781 1780 1779
g Group32944
f 498 497 1779 1780
f 499 500 1781 1782
g Group9131
f 499 497 498 500
g Group32941
f 1782 1779 1784 1783
g Group32944
f 502 499 1782 1783
f 497 501 1784 1779
g Group9131
f 499 502 501 497
g Group32941
f 1784 1777 1778 1783
g Group32944
f 503 502 1783 1778
f 501 504 1777 1784
g Group9131
f 501 502 503 504
g Group32941
f 1788 1787 1786 1785
g Group32944
f 510 505 1788 1785
f 506 509 1786 1787
g Group9131
f 505 510 509 506
g Group32941
f 1790 1785 1786 1789
g Group32944
f 509 508 1789 1786
f 507 510 1785 1790
g Group9131
f 507 508 509 510
g Group32941
f 1772 1787 1788 1771
g Group32944
f 505 494 1771 1788
f 492 506 1787 1772
g Group9131
f 492 494 505 506
g Group32941
f 1767 1790 1789 1766
g Group32944
f 508 484 1766 1789
f 486 507 1790 1767
g Group9131
f 486 484 508 507
g Group32941
f 1794 1793 1792 1791
g Group32944
f 513 512 1791 1792
f 511 514 1793 1794
g Group9131
f 511 512 513 514
g Group32941
f 1791 1780 1781 1794
g Group32944
f 500 511 1794 1781
f 512 498 1780 1791
g Group9131
f 512 511 500 498
g Group32941
f 1798 1797 1796 1795
g Group32944
f 518 515 1798 1795
f 516 517 1796 1797
g Group9131
f 515 518 517 516
g Group32941
f 1798 1757 1758 1797
g Group32944
f 478 516 1797 1758
f 515 480 1757 1798
g Group9131
f 515 516 478 480
g Group32941
f 1802 1801 1800 1799
g Group32944
f 522 521 1802 1799
f 519 520 1800 1801
g Group9131
f 521 522 520 519
g Group32941
f 1802 1804 1803 1801
g Group32944
f 523 519 1801 1803
f 521 524 1804 1802
g Group9131
f 521 519 523 524
g Group32941
f 1803 1804 1806 1805
g Group32944
f 532 523 1803 1805
f 524 531 1806 1804
g Group9131
f 523 532 531 524
g Group32941
f 1810 1809 1808 1807
g Group32944
f 526 525 1807 1808
f 527 528 1809 1810
g Group9131
f 527 525 526 528
g Group32941
f 1810 1807 1812 1811
g Group32944
f 530 527 1810 1811
f 525 529 1812 1807
g Group9131
f 527 530 529 525
g Group32941
f 1812 1805 1806 1811
g Group32944
f 531 530 1811 1806
f 529 532 1805 1812
g Group9131
f 529 530 531 532
g Group32941
f 1816 1815 1814 1813
g Group32944
f 536 535 1816 1813
f 533 534 1814 1815
g Group9131
f 535 536 534 533
g Group32941
f 1816 1818 1817 1815
g Group32944
f 537 533 1815 1817
f 535 538 1818 1816
g Group9131
f 535 533 537 538
g Group32941
f 1817 1818 1820 1819
g Group32944
f 546 537 1817 1819
f 538 545 1820 1818
g Group9131
f 537 546 545 538
g Group32941
f 1824 1823 1822 1821
g Group32944
f 540 539 1821 1822
f 541 542 1823 1824
g Group9131
f 541 539 540 542
g Group32941
f 1824 1821 1826 1825
g Group32944
f 544 541 1824 1825
f 539 543 1826 1821
g Group9131
f 541 544 543 539
g Group32941
f 1826 1819 1820 1825
g Group32944
f 545 544 1825 1820
f 543 546 1819 1826
g Group9131
f 543 544 545 546
g Group32941
f 1830 1829 1828 1827
g Group32944
f 552 547 1830 1827
f 548 551 1828 1829
g Group9131
f 547 552 551 548
g Group32941
f 1832 1827 1828 1831
g Group32944
f 551 550 1831 1828
f 549 552 1827 1832
g Group9131
f 549 550 551 552
g Group32941
f 1814 1829 1830 1813
g Group32944
f 547 536 1813 1830
f 534 548 1829 1814
g Group9131
f 534 536 547 548
g Group32941
f 1809 1832 1831 1808
g Group32944
f 550 526 1808 1831
f 528 549 1832 1809
g Group9131
f 528 526 550 549
g Group32941
f 1834 1822 1823 1833
g Group32944
f 542 553 1833 1823
f 554 540 1822 1834
g Group9131
f 554 553 542 540
g Group32941
f 1836 1799 1800 1835
g Group32944
f 520 556 1835 1800
f 555 522 1799 1836
g Group9131
f 555 556 520 522
g Group32941
f 1840 1839 1838 1837
g Group32944
f 560 559 1840 1837
f 557 558 1838 1839
g Group9131
f 559 560 558 557
g Group32941
f 1840 1842 1841 1839
g Group32944
f 561 557 1839 1841
f 559 562 1842 1840
g Group9131
f 559 557 561 562
g Group32941
f 1841 1842 1844 1843
g Group32944
f 570 561 1841 1843
f 562 569 1844 1842
g Group9131
f 561 570 569 562
g Group32941
f 1848 1847 1846 1845
g Group32944
f 564 563 1845 1846
f 565 566 1847 1848
g Group9131
f 565 563 564 566
g Group32941
f 1848 1845 1850 1849
g Group32944
f 568 565 1848 1849
f 563 567 1850 1845
g Group9131
f 565 568 567 563
g Group32941
f 1850 1843 1844 1849
g Group32944
f 569 568 1849 1844
f 567 570 1843 1850
g Group9131
f 567 568 569 570
g Group32941
f 1854 1853 1852 1851
g Group32944
f 574 573 1854 1851
f 571 572 1852 1853
g Group9131
f 573 574 572 571
g Group32941
f 1854 1856 1855 1853
g Group32944
f 575 571 1853 1855
f 573 576 1856 1854
g Group9131
f 573 571 575 576
g Group32941
f 1855 1856 1858 1857
g Group32944
f 584 575 1855 1857
f 576 583 1858 1856
g Group9131
f 575 584 583 576
g Group32941
f 1862 1861 1860 1859
g Group32944
f 578 577 1859 1860
f 579 580 1861 1862
g Group9131
f 579 577 578 580
g Group32941
f 1862 1859 1864 1863
g Group32944
f 582 579 1862 1863
f 577 581 1864 1859
g Group9131
f 579 582 581 577
g Group32941
f 1864 1857 1858 1863
g Group32944
f 583 582 1863 1858
f 581 584 1857 1864
g Group9131
f 581 582 583 584
g Group32941
f 1868 1867 1866 1865
g Group32944
f 590 585 1868 1865
f 586 589 1866 1867
g Group9131
f 585 590 589 586
g Group32941
f 1870 1865 1866 1869
g Group32944
f 589 588 1869 1866
f 587 590 1865 1870
g Group9131
f 587 588 589 590
g Group32941
f 1852 1867 1868 1851
g Group32944
f 585 574 1851 1868
f 572 586 1867 1852
g Group9131
f 572 574 585 586
g Group32941
f 1847 1870 1869 1846
g Group32944
f 588 564 1846 1869
f 566 587 1870 1847
g Group9131
f 566 564 588 587
g Group32941
f 1874 1873 1872 1871
g Group32944
f 593 592 1871 1872
f 591 594 1873 1874
g Group9131
f 591 592 593 594
g Group32941
f 1871 1860 1861 1874
g Group32944
f 580 591 1874 1861
f 592 578 1860 1871
g Group9131
f 592 591 580 578
g Group32941
f 1878 1877 1876 1875
g Group32944
f 598 595 1878 1875
f 596 597 1876 1877
g Group9131
f 595 598 597 596
g Group32941
f 1878 1837 1838 1877
g Group32944
f 558 596 1877 1838
f 595 560 1837 1878
g Group9131
f 595 596 558 560
g Group32941
f 1882 1881 1880 1879
g Group32944
f 600 599 1879 1880
f 601 602 1881 1882
g Group9131
f 601 599 600 602
g Group32941
f 1882 1879 1884 1883
g Group32944
f 604 601 1882 1883
f 599 603 1884 1879
g Group9131
f 601 604 603 599
g Group32941
f 1888 1887 1886 1885
g Group32944
f 608 607 1888 1885
f 605 606 1886 1887
g Group9131
f 607 608 606 605
g Group32941
f 1888 1890 1889 1887
g Group32944
f 609 605 1887 1889
f 607 610 1890 1888
g Group9131
f 607 605 609 610
g Group32941
f 1889 1890 1892 1891
g Group32944
f 618 609 1889 1891
f 610 617 1892 1890
g Group9131
f 609 618 617 610
g Group32941
f 1896 1895 1894 1893
g Group32944
f 612 611 1893 1894
f 613 614 1895 1896
g Group9131
f 613 611 612 614
g Group32941
f 1896 1893 1898 1897
g Group32944
f 616 613 1896 1897
f 611 615 1898 1893
g Group9131
f 613 616 615 611
g Group32941
f 1898 1891 1892 1897
g Group32944
f 617 616 1897 1892
f 615 618 1891 1898
g Group9131
f 615 616 617 618
g Group32941
f 1902 1901 1900 1899
g Group32944
f 624 619 1902 1899
f 620 623 1900 1901
g Group9131
f 619 624 623 620
g Group32941
f 1904 1899 1900 1903
g Group32944
f 623 622 1903 1900
f 621 624 1899 1904
g Group9131
f 621 622 623 624
g Group32941
f 1886 1901 1902 1885
g Group32944
f 619 608 1885 1902
f 606 620 1901 1886
g Group9131
f 606 608 619 620
g Group32941
f 1881 1904 1903 1880
g Group32944
f 622 600 1880 1903
f 602 621 1904 1881
g Group9131
f 602 600 622 621
g Group32941
f 1906 1894 1895 1905
g Group32944
f 614 625 1905 1895
f 626 612 1894 1906
g Group9131
f 626 625 614 612
g Group32941
f 1910 1909 1908 1907
g Group32944
f 630 629 1910 1907
f 627 628 1908 1909
g Group9131
f 629 630 628 627
g Group32941
f 1910 1912 1911 1909
g Group32944
f 631 627 1909 1911
f 629 632 1912 1910
g Group9131
f 629 627 631 632
g Group32941
f 1911 1912 1914 1913
g Group32944
f 634 631 1911 1913
f 632 633 1914 1912
g Group9131
f 631 634 633 632
g Group32941
f 1916 1907 1908 1915
g Group32944
f 628 636 1915 1908
f 635 630 1907 1916
g Group9131
f 635 636 628 630
g Group32941
f 1905 1875 1876 1906
g Group32944
f 597 626 1906 1876
f 625 598 1875 1905
g Group9131
f 625 626 597 598
g Group32941
f 1915 1872 1873 1916
g Group32944
f 594 635 1916 1873
f 636 593 1872 1915
g Group9131
f 636 635 594 593
g Group32941
f 1793 1836 1835 1792
g Group32944
f 556 513 1792 1835
f 514 555 1836 1793
g Group9131
f 514 513 556 555
g Group32941
f 1754 1883 1884 1753
g Group32944
f 603 474 1753 1884
f 473 604 1883 1754
g Group9131
f 473 474 603 604
g Group32941
f 1833 1635 1636 1834
g Group32944
f 357 554 1834 1636
f 553 358 1635 1833
g Group9131
f 553 554 357 358
g Group32941
f 1408 1913 1914 1407
g Group32944
f 633 128 1407 1914
f 127 634 1913 1408
g Group9131
f 127 128 633 634
g Group32941
f 1357 1795 1796 1358
g Group32944
f 517 78 1358 1796
f 77 518 1795 1357
g Group9131
f 77 78 517 518
g Group32941
f 1920 1919 1918 1917
g Group32944
f 638 637 1917 1918
f 639 640 1919 1920
g Group9131
f 639 637 638 640
g Group32941
f 1920 1917 1922 1921
g Group32944
f 642 639 1920 1921
f 637 641 1922 1917
g Group9131
f 639 642 641 637
g Group32941
f 1922 1924 1923 1921
g Group32944
f 649 642 1921 1923
f 641 650 1924 1922
g Group9131
f 641 642 649 650
g Group32941
f 1928 1927 1926 1925
g Group32944
f 646 645 1928 1925
f 643 644 1926 1927
g Group9131
f 645 646 644 643
g Group32941
f 1928 1930 1929 1927
g Group32944
f 647 643 1927 1929
f 645 648 1930 1928
g Group9131
f 645 643 647 648
g Group32941
f 1929 1930 1923 1924
g Group32944
f 650 647 1929 1924
f 648 649 1923 1930
g Group9131
f 647 650 649 648
g Group32941
f 1934 1933 1932 1931
g Group32944
f 652 651 1931 1932
f 653 654 1933 1934
g Group9131
f 653 651 652 654
g Group32941
f 1934 1931 1936 1935
g Group32944
f 656 653 1934 1935
f 651 655 1936 1931
g Group9131
f 653 656 655 651
g Group32941
f 1936 1938 1937 1935
g Group32944
f 663 656 1935 1937
f 655 664 1938 1936
g Group9131
f 655 656 663 664
g Group32941
f 1942 1941 1940 1939
g Group32944
f 660 659 1942 1939
f 657 658 1940 1941
g Group9131
f 659 660 658 657
g Group32941
f 1942 1944 1943 1941
g Group32944
f 661 657 1941 1943
f 659 662 1944 1942
g Group9131
f 659 657 661 662
g Group32941
f 1943 1944 1937 1938
g Group32944
f 664 661 1943 1938
f 662 663 1937 1944
g Group9131
f 661 664 663 662
g Group32941
f 1948 1947 1946 1945
g Group32944
f 669 666 1945 1946
f 665 670 1947 1948
g Group9131
f 665 666 669 670
g Group32941
f 1950 1949 1946 1947
g Group32944
f 670 667 1950 1947
f 668 669 1946 1949
g Group9131
f 667 670 669 668
g Group32941
f 1932 1933 1948 1945
g Group32944
f 666 652 1932 1945
f 654 665 1948 1933
g Group9131
f 652 666 665 654
g Group32941
f 1925 1926 1949 1950
g Group32944
f 667 646 1925 1950
f 644 668 1949 1926
g Group9131
f 646 667 668 644
g Group32941
f 1954 1953 1952 1951
g Group32944
f 674 671 1954 1951
f 672 673 1952 1953
g Group9131
f 671 674 673 672
g Group32941
f 1953 1954 1939 1940
g Group32944
f 658 672 1953 1940
f 671 660 1939 1954
g Group9131
f 672 658 660 671
g Group32941
f 1958 1957 1956 1955
g Group32944
f 677 676 1955 1956
f 675 678 1957 1958
g Group9131
f 675 676 677 678
g Group32941
f 1958 1955 1918 1919
g Group32944
f 640 675 1958 1919
f 676 638 1918 1955
g Group9131
f 675 640 638 676
g Group32941
f 1962 1961 1960 1959
g Group32944
f 680 679 1959 1960
f 681 682 1961 1962
g Group9131
f 681 679 680 682
g Group32941
f 1962 1959 1964 1963
g Group32944
f 684 681 1962 1963
f 679 683 1964 1959
g Group9131
f 681 684 683 679
g Group32941
f 1964 1966 1965 1963
g Group32944
f 691 684 1963 1965
f 683 692 1966 1964
g Group9131
f 683 684 691 692
g Group32941
f 1970 1969 1968 1967
g Group32944
f 688 687 1970 1967
f 685 686 1968 1969
g Group9131
f 687 688 686 685
g Group32941
f 1970 1972 1971 1969
g Group32944
f 689 685 1969 1971
f 687 690 1972 1970
g Group9131
f 687 685 689 690
g Group32941
f 1971 1972 1965 1966
g Group32944
f 692 689 1971 1966
f 690 691 1965 1972
g Group9131
f 689 692 691 690
g Group32941
f 1976 1975 1974 1973
g Group32944
f 694 693 1973 1974
f 695 696 1975 1976
g Group9131
f 695 693 694 696
g Group32941
f 1976 1973 1978 1977
g Group32944
f 698 695 1976 1977
f 693 697 1978 1973
g Group9131
f 695 698 697 693
g Group32941
f 1978 1980 1979 1977
g Group32944
f 705 698 1977 1979
f 697 706 1980 1978
g Group9131
f 697 698 705 706
g Group32941
f 1984 1983 1982 1981
g Group32944
f 702 701 1984 1981
f 699 700 1982 1983
g Group9131
f 701 702 700 699
g Group32941
f 1984 1986 1985 1983
g Group32944
f 703 699 1983 1985
f 701 704 1986 1984
g Group9131
f 701 699 703 704
g Group32941
f 1985 1986 1979 1980
g Group32944
f 706 703 1985 1980
f 704 705 1979 1986
g Group9131
f 703 706 705 704
g Group32941
f 1990 1989 1988 1987
g Group32944
f 711 708 1987 1988
f 707 712 1989 1990
g Group9131
f 707 708 711 712
g Group32941
f 1992 1991 1988 1989
g Group32944
f 712 709 1992 1989
f 710 711 1988 1991
g Group9131
f 709 712 711 710
g Group32941
f 1974 1975 1990 1987
g Group32944
f 708 694 1974 1987
f 696 707 1990 1975
g Group9131
f 694 708 707 696
g Group32941
f 1967 1968 1991 1992
g Group32944
f 709 688 1967 1992
f 686 710 1991 1968
g Group9131
f 688 709 710 686
g Group32941
f 1994 1993 1981 1982
g Group32944
f 700 714 1994 1982
f 713 702 1981 1993
g Group9131
f 714 700 702 713
g Group32941
f 1996 1995 1960 1961
g Group32944
f 682 715 1996 1961
f 716 680 1960 1995
g Group9131
f 715 682 680 716
g Group32941
f 2000 1999 1998 1997
g Group32944
f 718 717 1997 1998
f 719 720 1999 2000
g Group9131
f 719 717 718 720
g Group32941
f 2000 1997 2002 2001
g Group32944
f 722 719 2000 2001
f 717 721 2002 1997
g Group9131
f 719 722 721 717
g Group32941
f 2002 2004 2003 2001
g Group32944
f 729 722 2001 2003
f 721 730 2004 2002
g Group9131
f 721 722 729 730
g Group32941
f 2008 2007 2006 2005
g Group32944
f 726 725 2008 2005
f 723 724 2006 2007
g Group9131
f 725 726 724 723
g Group32941
f 2008 2010 2009 2007
g Group32944
f 727 723 2007 2009
f 725 728 2010 2008
g Group9131
f 725 723 727 728
g Group32941
f 2009 2010 2003 2004
g Group32944
f 730 727 2009 2004
f 728 729 2003 2010
g Group9131
f 727 730 729 728
g Group32941
f 2014 2013 2012 2011
g Group32944
f 732 731 2011 2012
f 733 734 2013 2014
g Group9131
f 733 731 732 734
g Group32941
f 2014 2011 2016 2015
g Group32944
f 736 733 2014 2015
f 731 735 2016 2011
g Group9131
f 733 736 735 731
g Group32941
f 2016 2018 2017 2015
g Group32944
f 743 736 2015 2017
f 735 744 2018 2016
g Group9131
f 735 736 743 744
g Group32941
f 2022 2021 2020 2019
g Group32944
f 740 739 2022 2019
f 737 738 2020 2021
g Group9131
f 739 740 738 737
g Group32941
f 2022 2024 2023 2021
g Group32944
f 741 737 2021 2023
f 739 742 2024 2022
g Group9131
f 739 737 741 742
g Group32941
f 2023 2024 2017 2018
g Group32944
f 744 741 2023 2018
f 742 743 2017 2024
g Group9131
f 741 744 743 742
g Group32941
f 2028 2027 2026 2025
g Group32944
f 749 746 2025 2026
f 745 750 2027 2028
g Group9131
f 745 746 749 750
g Group32941
f 2030 2029 2026 2027
g Group32944
f 750 747 2030 2027
f 748 749 2026 2029
g Group9131
f 747 750 749 748
g Group32941
f 2012 2013 2028 2025
g Group32944
f 746 732 2012 2025
f 734 745 2028 2013
g Group9131
f 732 746 745 734
g Group32941
f 2005 2006 2029 2030
g Group32944
f 747 726 2005 2030
f 724 748 2029 2006
g Group9131
f 726 747 748 724
g Group32941
f 2034 2033 2032 2031
g Group32944
f 754 751 2034 2031
f 752 753 2032 2033
g Group9131
f 751 754 753 752
g Group32941
f 2033 2034 2019 2020
g Group32944
f 738 752 2033 2020
f 751 740 2019 2034
g Group9131
f 752 738 740 751
g Group32941
f 2038 2037 2036 2035
g Group32944
f 757 756 2035 2036
f 755 758 2037 2038
g Group9131
f 755 756 757 758
g Group32941
f 2038 2035 1998 1999
g Group32944
f 720 755 2038 1999
f 756 718 1998 2035
g Group9131
f 755 720 718 756
g Group32941
f 2042 2041 2040 2039
g Group32944
f 762 761 2042 2039
f 759 760 2040 2041
g Group9131
f 761 762 760 759
g Group32941
f 2042 2044 2043 2041
g Group32944
f 763 759 2041 2043
f 761 764 2044 2042
g Group9131
f 761 759 763 764
g Group32941
f 2048 2047 2046 2045
g Group32944
f 766 765 2045 2046
f 767 768 2047 2048
g Group9131
f 767 765 766 768
g Group32941
f 2048 2045 2050 2049
g Group32944
f 770 767 2048 2049
f 765 769 2050 2045
g Group9131
f 767 770 769 765
g Group32941
f 2050 2052 2051 2049
g Group32944
f 777 770 2049 2051
f 769 778 2052 2050
g Group9131
f 769 770 777 778
g Group32941
f 2056 2055 2054 2053
g Group32944
f 774 773 2056 2053
f 771 772 2054 2055
g Group9131
f 773 774 772 771
g Group32941
f 2056 2058 2057 2055
g Group32944
f 775 771 2055 2057
f 773 776 2058 2056
g Group9131
f 773 771 775 776
g Group32941
f 2057 2058 2051 2052
g Group32944
f 778 775 2057 2052
f 776 777 2051 2058
g Group9131
f 775 778 777 776
g Group32941
f 2062 2061 2060 2059
g Group32944
f 783 780 2059 2060
f 779 784 2061 2062
g Group9131
f 779 780 783 784
g Group32941
f 2064 2063 2060 2061
g Group32944
f 784 781 2064 2061
f 782 783 2060 2063
g Group9131
f 781 784 783 782
g Group32941
f 2046 2047 2062 2059
g Group32944
f 780 766 2046 2059
f 768 779 2062 2047
g Group9131
f 766 780 779 768
g Group32941
f 2039 2040 2063 2064
g Group32944
f 781 762 2039 2064
f 760 782 2063 2040
g Group9131
f 762 781 782 760
g Group32941
f 2066 2065 2053 2054
g Group32944
f 772 786 2066 2054
f 785 774 2053 2065
g Group9131
f 786 772 774 785
g Group32941
f 2070 2069 2068 2067
g Group32944
f 788 787 2067 2068
f 789 790 2069 2070
g Group9131
f 789 787 788 790
g Group32941
f 2070 2067 2072 2071
g Group32944
f 792 789 2070 2071
f 787 791 2072 2067
g Group9131
f 789 792 791 787
g Group32941
f 2072 2074 2073 2071
g Group32944
f 793 792 2071 2073
f 791 794 2074 2072
g Group9131
f 791 792 793 794
g Group32941
f 2076 2075 2068 2069
g Group32944
f 790 795 2076 2069
f 796 788 2068 2075
g Group9131
f 795 790 788 796
g Group32941
f 2065 2066 2036 2037
g Group32944
f 758 785 2065 2037
f 786 757 2036 2066
g Group9131
f 785 758 757 786
g Group32941
f 2075 2076 2031 2032
g Group32944
f 753 796 2075 2032
f 795 754 2031 2076
g Group9131
f 796 753 754 795
g Group32941
f 1951 1952 1995 1996
g Group32944
f 715 674 1951 1996
f 673 716 1995 1952
g Group9131
f 674 715 716 673
g Group32941
f 2080 2079 2078 2077
g Group32944
f 798 797 2077 2078
f 799 800 2079 2080
g Group9131
f 799 797 798 800
g Group32941
f 2080 2077 2082 2081
g Group32944
f 802 799 2080 2081
f 797 801 2082 2077
g Group9131
f 799 802 801 797
g Group32941
f 2082 2084 2083 2081
g Group32944
f 809 802 2081 2083
f 801 810 2084 2082
g Group9131
f 801 802 809 810
g Group32941
f 2088 2087 2086 2085
g Group32944
f 806 805 2088 2085
f 803 804 2086 2087
g Group9131
f 805 806 804 803
g Group32941
f 2088 2090 2089 2087
g Group32944
f 807 803 2087 2089
f 805 808 2090 2088
g Group9131
f 805 803 807 808
g Group32941
f 2089 2090 2083 2084
g Group32944
f 810 807 2089 2084
f 808 809 2083 2090
g Group9131
f 807 810 809 808
g Group32941
f 2094 2093 2092 2091
g Group32944
f 812 811 2091 2092
f 813 814 2093 2094
g Group9131
f 813 811 812 814
g Group32941
f 2094 2091 2096 2095
g Group32944
f 816 813 2094 2095
f 811 815 2096 2091
g Group9131
f 813 816 815 811
g Group32941
f 2096 2098 2097 2095
g Group32944
f 823 816 2095 2097
f 815 824 2098 2096
g Group9131
f 815 816 823 824
g Group32941
f 2102 2101 2100 2099
g Group32944
f 820 819 2102 2099
f 817 818 2100 2101
g Group9131
f 819 820 818 817
g Group32941
f 2102 2104 2103 2101
g Group32944
f 821 817 2101 2103
f 819 822 2104 2102
g Group9131
f 819 817 821 822
g Group32941
f 2103 2104 2097 2098
g Group32944
f 824 821 2103 2098
f 822 823 2097 2104
g Group9131
f 821 824 823 822
g Group32941
f 2108 2107 2106 2105
g Group32944
f 829 826 2105 2106
f 825 830 2107 2108
g Group9131
f 825 826 829 830
g Group32941
f 2110 2109 2106 2107
g Group32944
f 830 827 2110 2107
f 828 829 2106 2109
g Group9131
f 827 830 829 828
g Group32941
f 2092 2093 2108 2105
g Group32944
f 826 812 2092 2105
f 814 825 2108 2093
g Group9131
f 812 826 825 814
g Group32941
f 2085 2086 2109 2110
g Group32944
f 827 806 2085 2110
f 804 828 2109 2086
g Group9131
f 806 827 828 804
g Group32941
f 2114 2113 2112 2111
g Group32944
f 834 831 2114 2111
f 832 833 2112 2113
g Group9131
f 831 834 833 832
g Group32941
f 2113 2114 2099 2100
g Group32944
f 818 832 2113 2100
f 831 820 2099 2114
g Group9131
f 832 818 820 831
g Group32941
f 2118 2117 2116 2115
g Group32944
f 837 836 2115 2116
f 835 838 2117 2118
g Group9131
f 835 836 837 838
g Group32941
f 2118 2115 2078 2079
g Group32944
f 800 835 2118 2079
f 836 798 2078 2115
g Group9131
f 835 800 798 836
g Group32941
f 2122 2121 2120 2119
g Group32944
f 840 839 2119 2120
f 841 842 2121 2122
g Group9131
f 841 839 840 842
g Group32941
f 2122 2119 2124 2123
g Group32944
f 844 841 2122 2123
f 839 843 2124 2119
g Group9131
f 841 844 843 839
g Group32941
f 2124 2126 2125 2123
g Group32944
f 851 844 2123 2125
f 843 852 2126 2124
g Group9131
f 843 844 851 852
g Group32941
f 2130 2129 2128 2127
g Group32944
f 848 847 2130 2127
f 845 846 2128 2129
g Group9131
f 847 848 846 845
g Group32941
f 2130 2132 2131 2129
g Group32944
f 849 845 2129 2131
f 847 850 2132 2130
g Group9131
f 847 845 849 850
g Group32941
f 2131 2132 2125 2126
g Group32944
f 852 849 2131 2126
f 850 851 2125 2132
g Group9131
f 849 852 851 850
g Group32941
f 2136 2135 2134 2133
g Group32944
f 854 853 2133 2134
f 855 856 2135 2136
g Group9131
f 855 853 854 856
g Group32941
f 2136 2133 2138 2137
g Group32944
f 858 855 2136 2137
f 853 857 2138 2133
g Group9131
f 855 858 857 853
g Group32941
f 2138 2140 2139 2137
g Group32944
f 865 858 2137 2139
f 857 866 2140 2138
g Group9131
f 857 858 865 866
g Group32941
f 2144 2143 2142 2141
g Group32944
f 862 861 2144 2141
f 859 860 2142 2143
g Group9131
f 861 862 860 859
g Group32941
f 2144 2146 2145 2143
g Group32944
f 863 859 2143 2145
f 861 864 2146 2144
g Group9131
f 861 859 863 864
g Group32941
f 2145 2146 2139 2140
g Group32944
f 866 863 2145 2140
f 864 865 2139 2146
g Group9131
f 863 866 865 864
g Group32941
f 2150 2149 2148 2147
g Group32944
f 871 868 2147 2148
f 867 872 2149 2150
g Group9131
f 867 868 871 872
g Group32941
f 2152 2151 2148 2149
g Group32944
f 872 869 2152 2149
f 870 871 2148 2151
g Group9131
f 869 872 871 870
g Group32941
f 2134 2135 2150 2147
g Group32944
f 868 854 2134 2147
f 856 867 2150 2135
g Group9131
f 854 868 867 856
g Group32941
f 2127 2128 2151 2152
g Group32944
f 869 848 2127 2152
f 846 870 2151 2128
g Group9131
f 848 869 870 846
g Group32941
f 2154 2153 2141 2142
g Group32944
f 860 874 2154 2142
f 873 862 2141 2153
g Group9131
f 874 860 862 873
g Group32941
f 2156 2155 2120 2121
g Group32944
f 842 875 2156 2121
f 876 840 2120 2155
g Group9131
f 875 842 840 876
g Group32941
f 2160 2159 2158 2157
g Group32944
f 878 877 2157 2158
f 879 880 2159 2160
g Group9131
f 879 877 878 880
g Group32941
f 2160 2157 2162 2161
g Group32944
f 882 879 2160 2161
f 877 881 2162 2157
g Group9131
f 879 882 881 877
g Group32941
f 2162 2164 2163 2161
g Group32944
f 889 882 2161 2163
f 881 890 2164 2162
g Group9131
f 881 882 889 890
g Group32941
f 2168 2167 2166 2165
g Group32944
f 886 885 2168 2165
f 883 884 2166 2167
g Group9131
f 885 886 884 883
g Group32941
f 2168 2170 2169 2167
g Group32944
f 887 883 2167 2169
f 885 888 2170 2168
g Group9131
f 885 883 887 888
g Group32941
f 2169 2170 2163 2164
g Group32944
f 890 887 2169 2164
f 888 889 2163 2170
g Group9131
f 887 890 889 888
g Group32941
f 2174 2173 2172 2171
g Group32944
f 892 891 2171 2172
f 893 894 2173 2174
g Group9131
f 893 891 892 894
g Group32941
f 2174 2171 2176 2175
g Group32944
f 896 893 2174 2175
f 891 895 2176 2171
g Group9131
f 893 896 895 891
g Group32941
f 2176 2178 2177 2175
g Group32944
f 903 896 2175 2177
f 895 904 2178 2176
g Group9131
f 895 896 903 904
g Group32941
f 2182 2181 2180 2179
g Group32944
f 900 899 2182 2179
f 897 898 2180 2181
g Group9131
f 899 900 898 897
g Group32941
f 2182 2184 2183 2181
g Group32944
f 901 897 2181 2183
f 899 902 2184 2182
g Group9131
f 899 897 901 902
g Group32941
f 2183 2184 2177 2178
g Group32944
f 904 901 2183 2178
f 902 903 2177 2184
g Group9131
f 901 904 903 902
g Group32941
f 2188 2187 2186 2185
g Group32944
f 909 906 2185 2186
f 905 910 2187 2188
g Group9131
f 905 906 909 910
g Group32941
f 2190 2189 2186 2187
g Group32944
f 910 907 2190 2187
f 908 909 2186 2189
g Group9131
f 907 910 909 908
g Group32941
f 2172 2173 2188 2185
g Group32944
f 906 892 2172 2185
f 894 905 2188 2173
g Group9131
f 892 906 905 894
g Group32941
f 2165 2166 2189 2190
g Group32944
f 907 886 2165 2190
f 884 908 2189 2166
g Group9131
f 886 907 908 884
g Group32941
f 2194 2193 2192 2191
g Group32944
f 914 911 2194 2191
f 912 913 2192 2193
g Group9131
f 911 914 913 912
g Group32941
f 2193 2194 2179 2180
g Group32944
f 898 912 2193 2180
f 911 900 2179 2194
g Group9131
f 912 898 900 911
g Group32941
f 2198 2197 2196 2195
g Group32944
f 917 916 2195 2196
f 915 918 2197 2198
g Group9131
f 915 916 917 918
g Group32941
f 2198 2195 2158 2159
g Group32944
f 880 915 2198 2159
f 916 878 2158 2195
g Group9131
f 915 880 878 916
g Group32941
f 2202 2201 2200 2199
g Group32944
f 922 921 2202 2199
f 919 920 2200 2201
g Group9131
f 921 922 920 919
g Group32941
f 2202 2204 2203 2201
g Group32944
f 923 919 2201 2203
f 921 924 2204 2202
g Group9131
f 921 919 923 924
g Group32941
f 2208 2207 2206 2205
g Group32944
f 926 925 2205 2206
f 927 928 2207 2208
g Group9131
f 927 925 926 928
g Group32941
f 2208 2205 2210 2209
g Group32944
f 930 927 2208 2209
f 925 929 2210 2205
g Group9131
f 927 930 929 925
g Group32941
f 2210 2212 2211 2209
g Group32944
f 937 930 2209 2211
f 929 938 2212 2210
g Group9131
f 929 930 937 938
g Group32941
f 2216 2215 2214 2213
g Group32944
f 934 933 2216 2213
f 931 932 2214 2215
g Group9131
f 933 934 932 931
g Group32941
f 2216 2218 2217 2215
g Group32944
f 935 931 2215 2217
f 933 936 2218 2216
g Group9131
f 933 931 935 936
g Group32941
f 2217 2218 2211 2212
g Group32944
f 938 935 2217 2212
f 936 937 2211 2218
g Group9131
f 935 938 937 936
g Group32941
f 2222 2221 2220 2219
g Group32944
f 943 940 2219 2220
f 939 944 2221 2222
g Group9131
f 939 940 943 944
g Group32941
f 2224 2223 2220 2221
g Group32944
f 944 941 2224 2221
f 942 943 2220 2223
g Group9131
f 941 944 943 942
g Group32941
f 2206 2207 2222 2219
g Group32944
f 940 926 2206 2219
f 928 939 2222 2207
g Group9131
f 926 940 939 928
g Group32941
f 2199 2200 2223 2224
g Group32944
f 941 922 2199 2224
f 920 942 2223 2200
g Group9131
f 922 941 942 920
g Group32941
f 2226 2225 2213 2214
g Group32944
f 932 946 2226 2214
f 945 934 2213 2225
g Group9131
f 946 932 934 945
g Group32941
f 2230 2229 2228 2227
g Group32944
f 948 947 2227 2228
f 949 950 2229 2230
g Group9131
f 949 947 948 950
g Group32941
f 2230 2227 2232 2231
g Group32944
f 952 949 2230 2231
f 947 951 2232 2227
g Group9131
f 949 952 951 947
g Group32941
f 2232 2234 2233 2231
g Group32944
f 953 952 2231 2233
f 951 954 2234 2232
g Group9131
f 951 952 953 954
g Group32941
f 2236 2235 2228 2229
g Group32944
f 950 955 2236 2229
f 956 948 2228 2235
g Group9131
f 955 950 948 956
g Group32941
f 2225 2226 2196 2197
g Group32944
f 918 945 2225 2197
f 946 917 2196 2226
g Group9131
f 945 918 917 946
g Group32941
f 2235 2236 2191 2192
g Group32944
f 913 956 2235 2192
f 955 914 2191 2236
g Group9131
f 956 913 914 955
g Group32941
f 2111 2112 2155 2156
g Group32944
f 875 834 2111 2156
f 833 876 2155 2112
g Group9131
f 834 875 876 833
g Group32941
f 2073 2074 2203 2204
g Group32944
f 924 793 2073 2204
f 794 923 2203 2074
g Group9131
f 793 924 923 794
g Group32941
f 2153 2154 1956 1957
g Group32944
f 678 873 2153 1957
f 874 677 1956 2154
g Group9131
f 873 678 677 874
g Group32941
f 2240 2239 2238 2237
g Group32944
f 958 957 2237 2238
f 959 960 2239 2240
g Group9131
f 959 957 958 960
g Group32941
f 2240 2237 2242 2241
g Group32944
f 962 959 2240 2241
f 957 961 2242 2237
g Group9131
f 959 962 961 957
g Group32941
f 2242 2244 2243 2241
g Group32944
f 969 962 2241 2243
f 961 970 2244 2242
g Group9131
f 961 962 969 970
g Group32941
f 2248 2247 2246 2245
g Group32944
f 966 965 2248 2245
f 963 964 2246 2247
g Group9131
f 965 966 964 963
g Group32941
f 2248 2250 2249 2247
g Group32944
f 967 963 2247 2249
f 965 968 2250 2248
g Group9131
f 965 963 967 968
g Group32941
f 2249 2250 2243 2244
g Group32944
f 970 967 2249 2244
f 968 969 2243 2250
g Group9131
f 967 970 969 968
g Group32941
f 2254 2253 2252 2251
g Group32944
f 972 971 2251 2252
f 973 974 2253 2254
g Group9131
f 973 971 972 974
g Group32941
f 2254 2251 2256 2255
g Group32944
f 976 973 2254 2255
f 971 975 2256 2251
g Group9131
f 973 976 975 971
g Group32941
f 2256 2258 2257 2255
g Group32944
f 983 976 2255 2257
f 975 984 2258 2256
g Group9131
f 975 976 983 984
g Group32941
f 2262 2261 2260 2259
g Group32944
f 980 979 2262 2259
f 977 978 2260 2261
g Group9131
f 979 980 978 977
g Group32941
f 2262 2264 2263 2261
g Group32944
f 981 977 2261 2263
f 979 982 2264 2262
g Group9131
f 979 977 981 982
g Group32941
f 2263 2264 2257 2258
g Group32944
f 984 981 2263 2258
f 982 983 2257 2264
g Group9131
f 981 984 983 982
g Group32941
f 2268 2267 2266 2265
g Group32944
f 989 986 2265 2266
f 985 990 2267 2268
g Group9131
f 985 986 989 990
g Group32941
f 2270 2269 2266 2267
g Group32944
f 990 987 2270 2267
f 988 989 2266 2269
g Group9131
f 987 990 989 988
g Group32941
f 2252 2253 2268 2265
g Group32944
f 986 972 2252 2265
f 974 985 2268 2253
g Group9131
f 972 986 985 974
g Group32941
f 2245 2246 2269 2270
g Group32944
f 987 966 2245 2270
f 964 988 2269 2246
g Group9131
f 966 987 988 964
g Group32941
f 2274 2273 2272 2271
g Group32944
f 994 991 2274 2271
f 992 993 2272 2273
g Group9131
f 991 994 993 992
g Group32941
f 2273 2274 2259 2260
g Group32944
f 978 992 2273 2260
f 991 980 2259 2274
g Group9131
f 992 978 980 991
g Group32941
f 2278 2277 2276 2275
g Group32944
f 997 996 2275 2276
f 995 998 2277 2278
g Group9131
f 995 996 997 998
g Group32941
f 2278 2275 2238 2239
g Group32944
f 960 995 2278 2239
f 996 958 2238 2275
g Group9131
f 995 960 958 996
g Group32941
f 2282 2281 2280 2279
g Group32944
f 1000 999 2279 2280
f 1001 1002 2281 2282
g Group9131
f 1001 999 1000 1002
g Group32941
f 2282 2279 2284 2283
g Group32944
f 1004 1001 2282 2283
f 999 1003 2284 2279
g Group9131
f 1001 1004 1003 999
g Group32941
f 2284 2286 2285 2283
g Group32944
f 1011 1004 2283 2285
f 1003 1012 2286 2284
g Group9131
f 1003 1004 1011 1012
g Group32941
f 2290 2289 2288 2287
g Group32944
f 1008 1007 2290 2287
f 1005 1006 2288 2289
g Group9131
f 1007 1008 1006 1005
g Group32941
f 2290 2292 2291 2289
g Group32944
f 1009 1005 2289 2291
f 1007 1010 2292 2290
g Group9131
f 1007 1005 1009 1010
g Group32941
f 2291 2292 2285 2286
g Group32944
f 1012 1009 2291 2286
f 1010 1011 2285 2292
g Group9131
f 1009 1012 1011 1010
g Group32941
f 2296 2295 2294 2293
g Group32944
f 1014 1013 2293 2294
f 1015 1016 2295 2296
g Group9131
f 1015 1013 1014 1016
g Group32941
f 2296 2293 2298 2297
g Group32944
f 1018 1015 2296 2297
f 1013 1017 2298 2293
g Group9131
f 1015 1018 1017 1013
g Group32941
f 2298 2300 2299 2297
g Group32944
f 1025 1018 2297 2299
f 1017 1026 2300 2298
g Group9131
f 1017 1018 1025 1026
g Group32941
f 2304 2303 2302 2301
g Group32944
f 1022 1021 2304 2301
f 1019 1020 2302 2303
g Group9131
f 1021 1022 1020 1019
g Group32941
f 2304 2306 2305 2303
g Group32944
f 1023 1019 2303 2305
f 1021 1024 2306 2304
g Group9131
f 1021 1019 1023 1024
g Group32941
f 2305 2306 2299 2300
g Group32944
f 1026 1023 2305 2300
f 1024 1025 2299 2306
g Group9131
f 1023 1026 1025 1024
g Group32941
f 2310 2309 2308 2307
g Group32944
f 1031 1028 2307 2308
f 1027 1032 2309 2310
g Group9131
f 1027 1028 1031 1032
g Group32941
f 2312 2311 2308 2309
g Group32944
f 1032 1029 2312 2309
f 1030 1031 2308 2311
g Group9131
f 1029 1032 1031 1030
g Group32941
f 2294 2295 2310 2307
g Group32944
f 1028 1014 2294 2307
f 1016 1027 2310 2295
g Group9131
f 1014 1028 1027 1016
g Group32941
f 2287 2288 2311 2312
g Group32944
f 1029 1008 2287 2312
f 1006 1030 2311 2288
g Group9131
f 1008 1029 1030 1006
g Group32941
f 2316 2315 2314 2313
g Group32944
f 1036 1033 2316 2313
f 1034 1035 2314 2315
g Group9131
f 1033 1036 1035 1034
g Group32941
f 2315 2316 2301 2302
g Group32944
f 1020 1034 2315 2302
f 1033 1022 2301 2316
g Group9131
f 1034 1020 1022 1033
g Group32941
f 2318 2317 2280 2281
g Group32944
f 1002 1037 2318 2281
f 1038 1000 2280 2317
g Group9131
f 1037 1002 1000 1038
g Group32941
f 2322 2321 2320 2319
g Group32944
f 1040 1039 2319 2320
f 1041 1042 2321 2322
g Group9131
f 1041 1039 1040 1042
g Group32941
f 2322 2319 2324 2323
g Group32944
f 1044 1041 2322 2323
f 1039 1043 2324 2319
g Group9131
f 1041 1044 1043 1039
g Group32941
f 2324 2326 2325 2323
g Group32944
f 1051 1044 2323 2325
f 1043 1052 2326 2324
g Group9131
f 1043 1044 1051 1052
g Group32941
f 2330 2329 2328 2327
g Group32944
f 1048 1047 2330 2327
f 1045 1046 2328 2329
g Group9131
f 1047 1048 1046 1045
g Group32941
f 2330 2332 2331 2329
g Group32944
f 1049 1045 2329 2331
f 1047 1050 2332 2330
g Group9131
f 1047 1045 1049 1050
g Group32941
f 2331 2332 2325 2326
g Group32944
f 1052 1049 2331 2326
f 1050 1051 2325 2332
g Group9131
f 1049 1052 1051 1050
g Group32941
f 2336 2335 2334 2333
g Group32944
f 1054 1053 2333 2334
f 1055 1056 2335 2336
g Group9131
f 1055 1053 1054 1056
g Group32941
f 2336 2333 2338 2337
g Group32944
f 1058 1055 2336 2337
f 1053 1057 2338 2333
g Group9131
f 1055 1058 1057 1053
g Group32941
f 2338 2340 2339 2337
g Group32944
f 1065 1058 2337 2339
f 1057 1066 2340 2338
g Group9131
f 1057 1058 1065 1066
g Group32941
f 2344 2343 2342 2341
g Group32944
f 1062 1061 2344 2341
f 1059 1060 2342 2343
g Group9131
f 1061 1062 1060 1059
g Group32941
f 2344 2346 2345 2343
g Group32944
f 1063 1059 2343 2345
f 1061 1064 2346 2344
g Group9131
f 1061 1059 1063 1064
g Group32941
f 2345 2346 2339 2340
g Group32944
f 1066 1063 2345 2340
f 1064 1065 2339 2346
g Group9131
f 1063 1066 1065 1064
g Group32941
f 2350 2349 2348 2347
g Group32944
f 1071 1068 2347 2348
f 1067 1072 2349 2350
g Group9131
f 1067 1068 1071 1072
g Group32941
f 2352 2351 2348 2349
g Group32944
f 1072 1069 2352 2349
f 1070 1071 2348 2351
g Group9131
f 1069 1072 1071 1070
g Group32941
f 2334 2335 2350 2347
g Group32944
f 1068 1054 2334 2347
f 1056 1067 2350 2335
g Group9131
f 1054 1068 1067 1056
g Group32941
f 2327 2328 2351 2352
g Group32944
f 1069 1048 2327 2352
f 1046 1070 2351 2328
g Group9131
f 1048 1069 1070 1046
g Group32941
f 2356 2355 2354 2353
g Group32944
f 1076 1073 2356 2353
f 1074 1075 2354 2355
g Group9131
f 1073 1076 1075 1074
g Group32941
f 2355 2356 2341 2342
g Group32944
f 1060 1074 2355 2342
f 1073 1062 2341 2356
g Group9131
f 1074 1060 1062 1073
g Group32941
f 2360 2359 2358 2357
g Group32944
f 1079 1078 2357 2358
f 1077 1080 2359 2360
g Group9131
f 1077 1078 1079 1080
g Group32941
f 2360 2357 2320 2321
g Group32944
f 1042 1077 2360 2321
f 1078 1040 2320 2357
g Group9131
f 1077 1042 1040 1078
g Group32941
f 2364 2363 2362 2361
g Group32944
f 1084 1083 2364 2361
f 1081 1082 2362 2363
g Group9131
f 1083 1084 1082 1081
g Group32941
f 2364 2366 2365 2363
g Group32944
f 1085 1081 2363 2365
f 1083 1086 2366 2364
g Group9131
f 1083 1081 1085 1086
g Group32941
f 2365 2366 2368 2367
g Group32944
f 1088 1085 2365 2367
f 1086 1087 2368 2366
g Group9131
f 1085 1088 1087 1086
g Group32941
f 2372 2371 2370 2369
g Group32944
f 1090 1089 2369 2370
f 1091 1092 2371 2372
g Group9131
f 1091 1089 1090 1092
g Group32941
f 2372 2369 2374 2373
g Group32944
f 1094 1091 2372 2373
f 1089 1093 2374 2369
g Group9131
f 1091 1094 1093 1089
g Group32941
f 2374 2376 2375 2373
g Group32944
f 1101 1094 2373 2375
f 1093 1102 2376 2374
g Group9131
f 1093 1094 1101 1102
g Group32941
f 2380 2379 2378 2377
g Group32944
f 1098 1097 2380 2377
f 1095 1096 2378 2379
g Group9131
f 1097 1098 1096 1095
g Group32941
f 2380 2382 2381 2379
g Group32944
f 1099 1095 2379 2381
f 1097 1100 2382 2380
g Group9131
f 1097 1095 1099 1100
g Group32941
f 2381 2382 2375 2376
g Group32944
f 1102 1099 2381 2376
f 1100 1101 2375 2382
g Group9131
f 1099 1102 1101 1100
g Group32941
f 2386 2385 2384 2383
g Group32944
f 1107 1104 2383 2384
f 1103 1108 2385 2386
g Group9131
f 1103 1104 1107 1108
g Group32941
f 2388 2387 2384 2385
g Group32944
f 1108 1105 2388 2385
f 1106 1107 2384 2387
g Group9131
f 1105 1108 1107 1106
g Group32941
f 2370 2371 2386 2383
g Group32944
f 1104 1090 2370 2383
f 1092 1103 2386 2371
g Group9131
f 1090 1104 1103 1092
g Group32941
f 2361 2362 2387 2388
g Group32944
f 1105 1084 2361 2388
f 1082 1106 2387 2362
g Group9131
f 1084 1105 1106 1082
g Group32941
f 2390 2389 2377 2378
g Group32944
f 1096 1110 2390 2378
f 1109 1098 2377 2389
g Group9131
f 1110 1096 1098 1109
g Group32941
f 2394 2393 2392 2391
g Group32944
f 1112 1111 2391 2392
f 1113 1114 2393 2394
g Group9131
f 1113 1111 1112 1114
g Group32941
f 2394 2391 2396 2395
g Group32944
f 1116 1113 2394 2395
f 1111 1115 2396 2391
g Group9131
f 1113 1116 1115 1111
g Group32941
f 2396 2398 2397 2395
g Group32944
f 1117 1116 2395 2397
f 1115 1118 2398 2396
g Group9131
f 1115 1116 1117 1118
g Group32941
f 2400 2399 2392 2393
g Group32944
f 1114 1119 2400 2393
f 1120 1112 2392 2399
g Group9131
f 1119 1114 1112 1120
g Group32941
f 2389 2390 2358 2359
g Group32944
f 1080 1109 2389 2359
f 1110 1079 2358 2390
g Group9131
f 1109 1080 1079 1110
g Group32941
f 2399 2400 2353 2354
g Group32944
f 1075 1120 2399 2354
f 1119 1076 2353 2400
g Group9131
f 1120 1075 1076 1119
g Group32941
f 2271 2272 2317 2318
g Group32944
f 1037 994 2271 2318
f 993 1038 2317 2272
g Group9131
f 994 1037 1038 993
g Group32941
f 2404 2403 2402 2401
g Group32944
f 1122 1121 2401 2402
f 1123 1124 2403 2404
g Group9131
f 1123 1121 1122 1124
g Group32941
f 2404 2401 2406 2405
g Group32944
f 1126 1123 2404 2405
f 1121 1125 2406 2401
g Group9131
f 1123 1126 1125 1121
g Group32941
f 2406 2408 2407 2405
g Group32944
f 1133 1126 2405 2407
f 1125 1134 2408 2406
g Group9131
f 1125 1126 1133 1134
g Group32941
f 2412 2411 2410 2409
g Group32944
f 1130 1129 2412 2409
f 1127 1128 2410 2411
g Group9131
f 1129 1130 1128 1127
g Group32941
f 2412 2414 2413 2411
g Group32944
f 1131 1127 2411 2413
f 1129 1132 2414 2412
g Group9131
f 1129 1127 1131 1132
g Group32941
f 2413 2414 2407 2408
g Group32944
f 1134 1131 2413 2408
f 1132 1133 2407 2414
g Group9131
f 1131 1134 1133 1132
g Group32941
f 2418 2417 2416 2415
g Group32944
f 1136 1135 2415 2416
f 1137 1138 2417 2418
g Group9131
f 1137 1135 1136 1138
g Group32941
f 2418 2415 2420 2419
g Group32944
f 1140 1137 2418 2419
f 1135 1139 2420 2415
g Group9131
f 1137 1140 1139 1135
g Group32941
f 2420 2422 2421 2419
g Group32944
f 1147 1140 2419 2421
f 1139 1148 2422 2420
g Group9131
f 1139 1140 1147 1148
g Group32941
f 2426 2425 2424 2423
g Group32944
f 1144 1143 2426 2423
f 1141 1142 2424 2425
g Group9131
f 1143 1144 1142 1141
g Group32941
f 2426 2428 2427 2425
g Group32944
f 1145 1141 2425 2427
f 1143 1146 2428 2426
g Group9131
f 1143 1141 1145 1146
g Group32941
f 2427 2428 2421 2422
g Group32944
f 1148 1145 2427 2422
f 1146 1147 2421 2428
g Group9131
f 1145 1148 1147 1146
g Group32941
f 2432 2431 2430 2429
g Group32944
f 1153 1150 2429 2430
f 1149 1154 2431 2432
g Group9131
f 1149 1150 1153 1154
g Group32941
f 2434 2433 2430 2431
g Group32944
f 1154 1151 2434 2431
f 1152 1153 2430 2433
g Group9131
f 1151 1154 1153 1152
g Group32941
f 2416 2417 2432 2429
g Group32944
f 1150 1136 2416 2429
f 1138 1149 2432 2417
g Group9131
f 1136 1150 1149 1138
g Group32941
f 2409 2410 2433 2434
g Group32944
f 1151 1130 2409 2434
f 1128 1152 2433 2410
g Group9131
f 1130 1151 1152 1128
g Group32941
f 2438 2437 2436 2435
g Group32944
f 1158 1155 2438 2435
f 1156 1157 2436 2437
g Group9131
f 1155 1158 1157 1156
g Group32941
f 2437 2438 2423 2424
g Group32944
f 1142 1156 2437 2424
f 1155 1144 2423 2438
g Group9131
f 1156 1142 1144 1155
g Group32941
f 2442 2441 2440 2439
g Group32944
f 1161 1160 2439 2440
f 1159 1162 2441 2442
g Group9131
f 1159 1160 1161 1162
g Group32941
f 2442 2439 2402 2403
g Group32944
f 1124 1159 2442 2403
f 1160 1122 2402 2439
g Group9131
f 1159 1124 1122 1160
g Group32941
f 2446 2445 2444 2443
g Group32944
f 1164 1163 2443 2444
f 1165 1166 2445 2446
g Group9131
f 1165 1163 1164 1166
g Group32941
f 2446 2443 2448 2447
g Group32944
f 1168 1165 2446 2447
f 1163 1167 2448 2443
g Group9131
f 1165 1168 1167 1163
g Group32941
f 2448 2450 2449 2447
g Group32944
f 1175 1168 2447 2449
f 1167 1176 2450 2448
g Group9131
f 1167 1168 1175 1176
g Group32941
f 2454 2453 2452 2451
g Group32944
f 1172 1171 2454 2451
f 1169 1170 2452 2453
g Group9131
f 1171 1172 1170 1169
g Group32941
f 2454 2456 2455 2453
g Group32944
f 1173 1169 2453 2455
f 1171 1174 2456 2454
g Group9131
f 1171 1169 1173 1174
g Group32941
f 2455 2456 2449 2450
g Group32944
f 1176 1173 2455 2450
f 1174 1175 2449 2456
g Group9131
f 1173 1176 1175 1174
g Group32941
f 2460 2459 2458 2457
g Group32944
f 1178 1177 2457 2458
f 1179 1180 2459 2460
g Group9131
f 1179 1177 1178 1180
g Group32941
f 2460 2457 2462 2461
g Group32944
f 1182 1179 2460 2461
f 1177 1181 2462 2457
g Group9131
f 1179 1182 1181 1177
g Group32941
f 2462 2464 2463 2461
g Group32944
f 1189 1182 2461 2463
f 1181 1190 2464 2462
g Group9131
f 1181 1182 1189 1190
g Group32941
f 2468 2467 2466 2465
g Group32944
f 1186 1185 2468 2465
f 1183 1184 2466 2467
g Group9131
f 1185 1186 1184 1183
g Group32941
f 2468 2470 2469 2467
g Group32944
f 1187 1183 2467 2469
f 1185 1188 2470 2468
g Group9131
f 1185 1183 1187 1188
g Group32941
f 2469 2470 2463 2464
g Group32944
f 1190 1187 2469 2464
f 1188 1189 2463 2470
g Group9131
f 1187 1190 1189 1188
g Group32941
f 2474 2473 2472 2471
g Group32944
f 1195 1192 2471 2472
f 1191 1196 2473 2474
g Group9131
f 1191 1192 1195 1196
g Group32941
f 2476 2475 2472 2473
g Group32944
f 1196 1193 2476 2473
f 1194 1195 2472 2475
g Group9131
f 1193 1196 1195 1194
g Group32941
f 2458 2459 2474 2471
g Group32944
f 1192 1178 2458 2471
f 1180 1191 2474 2459
g Group9131
f 1178 1192 1191 1180
g Group32941
f 2451 2452 2475 2476
g Group32944
f 1193 1172 2451 2476
f 1170 1194 2475 2452
g Group9131
f 1172 1193 1194 1170
g Group32941
f 2478 2477 2465 2466
g Group32944
f 1184 1198 2478 2466
f 1197 1186 2465 2477
g Group9131
f 1198 1184 1186 1197
g Group32941
f 2480 2479 2444 2445
g Group32944
f 1166 1199 2480 2445
f 1200 1164 2444 2479
g Group9131
f 1199 1166 1164 1200
g Group32941
f 2484 2483 2482 2481
g Group32944
f 1202 1201 2481 2482
f 1203 1204 2483 2484
g Group9131
f 1203 1201 1202 1204
g Group32941
f 2484 2481 2486 2485
g Group32944
f 1206 1203 2484 2485
f 1201 1205 2486 2481
g Group9131
f 1203 1206 1205 1201
g Group32941
f 2486 2488 2487 2485
g Group32944
f 1213 1206 2485 2487
f 1205 1214 2488 2486
g Group9131
f 1205 1206 1213 1214
g Group32941
f 2492 2491 2490 2489
g Group32944
f 1210 1209 2492 2489
f 1207 1208 2490 2491
g Group9131
f 1209 1210 1208 1207
g Group32941
f 2492 2494 2493 2491
g Group32944
f 1211 1207 2491 2493
f 1209 1212 2494 2492
g Group9131
f 1209 1207 1211 1212
g Group32941
f 2493 2494 2487 2488
g Group32944
f 1214 1211 2493 2488
f 1212 1213 2487 2494
g Group9131
f 1211 1214 1213 1212
g Group32941
f 2498 2497 2496 2495
g Group32944
f 1216 1215 2495 2496
f 1217 1218 2497 2498
g Group9131
f 1217 1215 1216 1218
g Group32941
f 2498 2495 2500 2499
g Group32944
f 1220 1217 2498 2499
f 1215 1219 2500 2495
g Group9131
f 1217 1220 1219 1215
g Group32941
f 2500 2502 2501 2499
g Group32944
f 1227 1220 2499 2501
f 1219 1228 2502 2500
g Group9131
f 1219 1220 1227 1228
g Group32941
f 2506 2505 2504 2503
g Group32944
f 1224 1223 2506 2503
f 1221 1222 2504 2505
g Group9131
f 1223 1224 1222 1221
g Group32941
f 2506 2508 2507 2505
g Group32944
f 1225 1221 2505 2507
f 1223 1226 2508 2506
g Group9131
f 1223 1221 1225 1226
g Group32941
f 2507 2508 2501 2502
g Group32944
f 1228 1225 2507 2502
f 1226 1227 2501 2508
g Group9131
f 1225 1228 1227 1226
g Group32941
f 2512 2511 2510 2509
g Group32944
f 1233 1230 2509 2510
f 1229 1234 2511 2512
g Group9131
f 1229 1230 1233 1234
g Group32941
f 2514 2513 2510 2511
g Group32944
f 1234 1231 2514 2511
f 1232 1233 2510 2513
g Group9131
f 1231 1234 1233 1232
g Group32941
f 2496 2497 2512 2509
g Group32944
f 1230 1216 2496 2509
f 1218 1229 2512 2497
g Group9131
f 1216 1230 1229 1218
g Group32941
f 2489 2490 2513 2514
g Group32944
f 1231 1210 2489 2514
f 1208 1232 2513 2490
g Group9131
f 1210 1231 1232 1208
g Group32941
f 2518 2517 2516 2515
g Group32944
f 1238 1235 2518 2515
f 1236 1237 2516 2517
g Group9131
f 1235 1238 1237 1236
g Group32941
f 2517 2518 2503 2504
g Group32944
f 1222 1236 2517 2504
f 1235 1224 2503 2518
g Group9131
f 1236 1222 1224 1235
g Group32941
f 2522 2521 2520 2519
g Group32944
f 1241 1240 2519 2520
f 1239 1242 2521 2522
g Group9131
f 1239 1240 1241 1242
g Group32941
f 2522 2519 2482 2483
g Group32944
f 1204 1239 2522 2483
f 1240 1202 2482 2519
g Group9131
f 1239 1204 1202 1240
g Group32941
f 2526 2525 2524 2523
g Group32944
f 1246 1245 2526 2523
f 1243 1244 2524 2525
g Group9131
f 1245 1246 1244 1243
g Group32941
f 2526 2528 2527 2525
g Group32944
f 1247 1243 2525 2527
f 1245 1248 2528 2526
g Group9131
f 1245 1243 1247 1248
g Group32941
f 2532 2531 2530 2529
g Group32944
f 1250 1249 2529 2530
f 1251 1252 2531 2532
g Group9131
f 1251 1249 1250 1252
g Group32941
f 2532 2529 2534 2533
g Group32944
f 1254 1251 2532 2533
f 1249 1253 2534 2529
g Group9131
f 1251 1254 1253 1249
g Group32941
f 2534 2536 2535 2533
g Group32944
f 1261 1254 2533 2535
f 1253 1262 2536 2534
g Group9131
f 1253 1254 1261 1262
g Group32941
f 2540 2539 2538 2537
g Group32944
f 1258 1257 2540 2537
f 1255 1256 2538 2539
g Group9131
f 1257 1258 1256 1255
g Group32941
f 2540 2542 2541 2539
g Group32944
f 1259 1255 2539 2541
f 1257 1260 2542 2540
g Group9131
f 1257 1255 1259 1260
g Group32941
f 2541 2542 2535 2536
g Group32944
f 1262 1259 2541 2536
f 1260 1261 2535 2542
g Group9131
f 1259 1262 1261 1260
g Group32941
f 2546 2545 2544 2543
g Group32944
f 1267 1264 2543 2544
f 1263 1268 2545 2546
g Group9131
f 1263 1264 1267 1268
g Group32941
f 2548 2547 2544 2545
g Group32944
f 1268 1265 2548 2545
f 1266 1267 2544 2547
g Group9131
f 1265 1268 1267 1266
g Group32941
f 2530 2531 2546 2543
g Group32944
f 1264 1250 2530 2543
f 1252 1263 2546 2531
g Group9131
f 1250 1264 1263 1252
g Group32941
f 2523 2524 2547 2548
g Group32944
f 1265 1246 2523 2548
f 1244 1266 2547 2524
g Group9131
f 1246 1265 1266 1244
g Group32941
f 2550 2549 2537 2538
g Group32944
f 1256 1270 2550 2538
f 1269 1258 2537 2549
g Group9131
f 1270 1256 1258 1269
g Group32941
f 2554 2553 2552 2551
g Group32944
f 1272 1271 2551 2552
f 1273 1274 2553 2554
g Group9131
f 1273 1271 1272 1274
g Group32941
f 2554 2551 2556 2555
g Group32944
f 1276 1273 2554 2555
f 1271 1275 2556 2551
g Group9131
f 1273 1276 1275 1271
g Group32941
f 2556 2558 2557 2555
g Group32944
f 1277 1276 2555 2557
f 1275 1278 2558 2556
g Group9131
f 1275 1276 1277 1278
g Group32941
f 2560 2559 2552 2553
g Group32944
f 1274 1279 2560 2553
f 1280 1272 2552 2559
g Group9131
f 1279 1274 1272 1280
g Group32941
f 2549 2550 2520 2521
g Group32944
f 1242 1269 2549 2521
f 1270 1241 2520 2550
g Group9131
f 1269 1242 1241 1270
g Group32941
f 2559 2560 2515 2516
g Group32944
f 1237 1280 2559 2516
f 1279 1238 2515 2560
g Group9131
f 1280 1237 1238 1279
g Group32941
f 2435 2436 2479 2480
g Group32944
f 1199 1158 2435 2480
f 1157 1200 2479 2436
g Group9131
f 1158 1199 1200 1157
g Group32941
f 2397 2398 2527 2528
g Group32944
f 1248 1117 2397 2528
f 1118 1247 2527 2398
g Group9131
f 1117 1248 1247 1118
g Group32941
f 2477 2478 2276 2277
g Group32944
f 998 1197 2477 2277
f 1198 997 2276 2478
g Group9131
f 1197 998 997 1198
g Group32941
f 2043 2044 2557 2558
g Group32944
f 1278 763 2043 2558
f 764 1277 2557 2044
g Group9131
f 763 1278 1277 764
g Group32941
f 1993 1994 2440 2441
g Group32944
f 1162 713 1993 2441
f 714 1161 2440 1994
g Group9131
f 713 1162 1161 714
g Group32941
f 2116 2117 1480 1479
g Group32944
f 200 837 2116 1479
f 838 199 1480 2117
g Group9131
f 837 200 199 838
g Group32941
f 2233 2234 1593 1594
g Group32944
f 314 953 2233 1594
f 954 313 1593 2234
g Group9131
f 953 314 313 954
g Group32941
f 2313 2314 1674 1673
g Group32944
f 393 1036 2313 1673
f 1035 394 1674 2314
g Group9131
f 1036 393 394 1035
g Group32941
f 2367 2368 1723 1724
g Group32944
f 443 1088 2367 1724
f 1087 444 1723 2368
g Group9131
f 1088 443 444 1087

 