# File exported by ZBrush version 2021
# www.zbrush.com
#Vertex Count 3840
#Face Count 3840
#Auto scale x=1.000000 y=1.000000 z=1.000000
#Auto offset x=0.000000 y=0.000000 z=0.000000
v -2.88187503 -0.58220702 0.1028795
v -2.92950606 -0.52241998 0.1028795
v -2.89545106 -0.617015 0.1028795
v -2.95547294 -0.62485498 0.1028795
v -2.81824803 -0.53303897 0.10285349
v -2.83695602 -0.45399001 0.1028545
v -2.88859391 -0.48179298 0.1028795
v -2.86398005 -0.56023502 0.1028795
v -2.93579506 -0.70102602 0.1028795
v -2.87774491 -0.68523001 0.1028795
v -2.63578009 -0.52886098 0.1026965
v -2.65321898 -0.451184 0.1026965
v -2.68133997 -0.530344 0.1027355
v -2.69911003 -0.45228698 0.1027355
v -2.72693896 -0.53153801 0.1027745
v -2.74502992 -0.453125 0.10277549
v -2.772578 -0.53244 0.1028145
v -2.7909789 -0.45369198 0.1028145
v -2.5927689 -0.43240898 0.10262449
v -2.54504609 -0.45980799 0.10262449
v -2.54419803 -0.38914999 0.1026135
v -2.58968091 -0.39627599 0.1026135
v -2.60022711 -0.52749198 0.10266549
v -2.61731195 -0.45013499 0.10266549
v -2.56631898 -0.50375402 0.1026525
v -2.60026907 -0.44131198 0.1026415
v -2.82892894 -0.77666097 0.1028795
v -2.83967208 -0.85234898 0.1028795
v -2.85827589 -0.75354397 0.1028795
v -2.91399002 -0.777215 0.1028795
v -2.74915695 -0.786785 0.10285349
v -2.72520494 -0.86441302 0.1028545
v -2.78381609 -0.86661702 0.1028795
v -2.80236291 -0.78653001 0.1028795
v -2.58975911 -0.69787597 0.1026965
v -2.56541109 -0.77368301 0.1026965
v -2.62978506 -0.71969401 0.1027355
v -2.60552597 -0.79598999 0.1027355
v -2.66969394 -0.74178302 0.1027745
v -2.64553189 -0.81854999 0.10277549
v -2.7094841 -0.76414597 0.1028145
v -2.68542599 -0.84136301 0.1028145
v -2.50378894 -0.75921201 0.10262449
v -2.47654104 -0.71140897 0.10262449
v -2.43999099 -0.77187401 0.1026135
v -2.48281002 -0.78878897 0.1026135
v -2.55842208 -0.68103599 0.10266549
v -2.53392791 -0.756383 0.10266549
v -2.51817607 -0.68305802 0.1026525
v -2.51476788 -0.75533598 0.1026415
v -2.95203805 -0.133017 0.1028795
v -2.98995494 -0.06664799 0.1028795
v -2.97078204 -0.165341 0.1028795
v -3.03130006 -0.16389399 0.1028795
v -2.8816359 -0.09416999 0.10285349
v -2.88802194 -0.013184 0.1028545
v -2.94330811 -0.032777 0.1028795
v -2.93099093 -0.114044 0.1028795
v -3.02351403 -0.24219299 0.1028795
v -2.96373009 -0.23546899 0.1028795
v -2.70067691 -0.117971 0.1026965
v -2.70601797 -0.038545 0.1026965
v -2.74592995 -0.112464 0.1027355
v -2.75153803 -0.03260999 0.1027355
v -2.79117488 -0.106665 0.1027745
v -2.79704594 -0.026415 0.10277549
v -2.83641004 -0.10056699 0.1028145
v -2.84254097 -0.019943 0.1028145
v -2.64341092 -0.029262 0.10262449
v -2.60044503 -0.063619 0.10262449
v -2.66533708 -0.122074 0.10266549
v -2.67037701 -0.042996 0.10266549
v -2.62819504 -0.10379999 0.1026525
v -2.65218305 -0.036911 0.1026415
v -2.92948389 -0.33329099 0.1028795
v -2.95168805 -0.40643701 0.1028795
v -2.95494604 -0.30595201 0.1028795
v -3.01362991 -0.32081601 0.1028795
v -2.85220503 -0.35550299 0.10285349
v -2.8404181 -0.43588298 0.1028545
v -2.89867496 -0.42908901 0.1028795
v -2.90474295 -0.34710899 0.1028795
v -2.68107509 -0.292059 0.1026965
v -2.66861391 -0.37068301 0.1026965
v -2.72396802 -0.307489 0.1027355
v -2.71167588 -0.38658699 0.1027355
v -2.766788 -0.323208 0.1027745
v -2.75466394 -0.40275898 0.10277549
v -2.80953407 -0.33921301 0.1028145
v -2.79757809 -0.41919499 0.1028145
v -2.60550689 -0.36583 0.10262449
v -2.57125997 -0.322746 0.10262449
v -2.64752697 -0.28020098 0.10266549
v -2.63485693 -0.358408 0.10266549
v -2.60806608 -0.288369 0.1026525
v -2.6157639 -0.36030399 0.1026415
v -2.54236698 -1.41996204 0.1028795
v -2.60581493 -1.37733304 0.1028795
v -2.54480791 -1.45724296 0.1028795
v -2.59967088 -1.48282802 0.1028795
v -2.49653792 -1.35389304 0.10285349
v -2.53822493 -1.28416097 0.1028545
v -2.57906293 -1.32625901 0.1028795
v -2.53193593 -1.39360904 0.1028795
v -2.55792808 -1.54950797 0.1028795
v -2.50735092 -1.51693296 0.1028795
v -2.32383298 -1.29485297 0.1026965
v -2.36389589 -1.226058 0.1026965
v -2.36682295 -1.310014 0.1027355
v -2.40731406 -1.24095499 0.1027355
v -2.40993905 -1.32491397 0.1027745
v -2.45084309 -1.25560605 0.10277549
v -2.45317792 -1.33954 0.1028145
v -2.49447989 -1.27000999 0.1028145
v -2.31192803 -1.18991994 0.10262449
v -2.25816392 -1.20163703 0.10262449
v -2.27866911 -1.13402795 0.1026135
v -2.31987905 -1.15454804 0.1026135
v -2.29035091 -1.28282702 0.10266549
v -2.32997798 -1.21422004 0.10266549
v -2.26518607 -1.24995994 0.1026525
v -2.31639003 -1.20067799 0.1026415
v -2.4332211 -1.58937895 0.1028795
v -2.42063188 -1.66478002 0.1028795
v -2.46817588 -1.57618999 0.1028795
v -2.514153 -1.61556899 0.1028795
v -2.354115 -1.57496702 0.10285349
v -2.30785989 -1.64175105 0.1028545
v -2.36307406 -1.66153395 0.1028795
v -2.40491604 -1.59077799 0.1028795
v -2.22896599 -1.44211602 0.1026965
v -2.18288397 -1.50703394 0.1026965
v -2.2605431 -1.474985 0.1027355
v -2.21440005 -1.54040694 0.1027355
v -2.291929 -1.50809705 0.1027745
v -2.24573397 -1.57399094 0.10277549
v -2.32312011 -1.54141998 0.1028145
v -2.27688694 -1.60776805 0.1028145
v -2.12849593 -1.47464799 0.10262449
v -2.11694097 -1.42085397 0.10262449
v -2.06385207 -1.46747398 0.1026135
v -2.09957289 -1.49651694 0.1026135
v -2.20417189 -1.41660094 0.10266549
v -2.1580851 -1.48103904 0.10266549
v -2.16518688 -1.40638804 0.1026525
v -2.14013505 -1.47427105 0.1026415
v -2.74478006 -1.01287496 0.1028795
v -2.80095195 -0.96103501 0.1028795
v -2.75289988 -1.04934597 0.1028795
v -2.8110311 -1.06622397 0.1028795
v -2.68937611 -0.95459502 0.10285349
v -2.71989893 -0.87931197 0.1028545
v -2.76670098 -0.91466599 0.1028795
v -2.73043704 -0.98843598 0.1028795
v -2.77998709 -1.13851499 0.1028795
v -2.72502088 -1.11406898 0.1028795
v -2.50967001 -0.92269998 0.1026965
v -2.53872609 -0.84857797 0.1026965
v -2.55447506 -0.93110001 0.1027355
v -2.58391404 -0.85665798 0.1027355
v -2.59935998 -0.93921798 0.1027745
v -2.62917399 -0.86446899 0.10277549
v -2.64432811 -0.947052 0.1028145
v -2.67449998 -0.87202197 0.1028145
v -2.48183894 -0.82082098 0.10262449
v -2.43050408 -0.84064197 0.10262449
v -2.47474098 -0.91593599 0.10266549
v -2.50339794 -0.84207397 0.10266549
v -2.4448421 -0.88731002 0.1026525
v -2.48789596 -0.83076602 0.1026415
v -2.662858 -1.19700205 0.1028795
v -2.66195607 -1.27344596 0.1028795
v -2.69538092 -1.17862296 0.1028795
v -2.7468431 -1.21050095 0.1028795
v -2.58247304 -1.19487297 0.10285349
v -2.54698705 -1.26795005 0.1028545
v -2.60457992 -1.27904903 0.1028795
v -2.63509702 -1.20271694 0.1028795
v -2.43846201 -1.082749 0.1026965
v -2.40286207 -1.15394997 0.1026965
v -2.47470092 -1.11040294 0.1027355
v -2.43911409 -1.18210697 0.1027355
v -2.5107851 -1.13830602 0.1027745
v -2.47522091 -1.21050095 0.10277549
v -2.5467081 -1.16646397 0.1028145
v -2.51117897 -1.23910903 0.1028145
v -2.34416008 -1.13027703 0.10262449
v -2.32450389 -1.078884 0.10262449
v -2.41005611 -1.06132495 0.10266549
v -2.37437892 -1.13206803 0.10266549
v -2.36996603 -1.05720198 0.1026525
v -2.35560107 -1.12811505 0.1026415
v -1.964473 -2.11754107 0.1028795
v -2.03784203 -2.09608507 0.1028795
v -1.95553004 -2.15381693 0.1028795
v -2.00008988 -2.19478797 0.1028795
v -1.94076395 -2.04070901 0.10285349
v -2.00158095 -1.98684501 0.1028545
v -2.02778196 -2.03932189 0.1028795
v -1.96249604 -2.08927607 0.1028795
v -1.94014 -2.24573707 0.1028795
v -1.90177798 -2.19939494 0.1028795
v -1.79398798 -1.93222105 0.1026965
v -1.85297298 -1.87875604 0.1026965
v -1.83038294 -1.95967495 0.1027355
v -1.88985598 -1.90608704 0.1027355
v -1.86697804 -1.98691499 0.1027745
v -1.92692005 -1.93321096 0.10277549
v -1.90377199 -2.01392006 0.1028145
v -1.96416199 -1.96012795 0.1028145
v -1.81436204 -1.82860398 0.10262449
v -1.75957095 -1.82351696 0.10262449
v -1.79955899 -1.76526701 0.1026135
v -1.83263802 -1.79728794 0.1026135
v -1.76570701 -1.91064298 0.10266549
v -1.82422304 -1.85722494 0.10266549
v -1.75165903 -1.87169802 0.1026525
v -1.81536495 -1.84019994 0.1026415
v -1.80921495 -2.24604201 0.1028795
v -1.77442097 -2.31410002 0.1028795
v -1.84652304 -2.24404192 0.1028795
v -1.87844204 -2.29547095 0.1028795
v -1.73816895 -2.20838308 0.10285349
v -1.67388594 -2.25806188 0.1028545
v -1.72053694 -2.29360604 0.1028795
v -1.78181302 -2.23881292 0.1028795
v -1.65903902 -2.04391288 0.1026965
v -1.59548795 -2.09186196 0.1026965
v -1.679201 -2.0847969 0.1027355
v -1.61543703 -2.13320493 0.1027355
v -1.69911003 -2.12583899 0.1027745
v -1.635154 -2.17468309 0.10277549
v -1.71876597 -2.1670351 0.1028145
v -1.65463805 -2.2162981 0.1028145
v -1.55343496 -2.04455089 0.10262449
v -1.55868601 -1.98978197 0.10262449
v -1.49398505 -2.01817107 0.1026135
v -1.51925599 -2.05665302 0.1026135
v -1.643121 -2.01209402 0.10266549
v -1.57970905 -2.059592 0.10266549
v -1.60904502 -1.99057495 0.1026525
v -1.56464505 -2.04771208 0.1026415
v -2.28048491 -1.79070699 0.1028795
v -2.34970498 -1.75827097 0.1028795
v -2.27719998 -1.82791698 0.1028795
v -2.32750701 -1.86159002 0.1028795
v -2.24529194 -1.71840095 0.10285349
v -2.29714798 -1.655869 0.1028545
v -2.33107209 -1.70370602 0.1028795
v -2.27420306 -1.763067 0.1028795
v -2.27606296 -1.92111003 0.1028795
v -2.23105788 -1.88119304 0.1028795
v -2.0836389 -1.63366401 0.1026965
v -2.13374495 -1.57179999 0.1026965
v -2.12380695 -1.65522003 0.1027355
v -2.17437505 -1.59316003 0.1027355
v -2.16413998 -1.67652905 0.1027745
v -2.21515488 -1.614295 0.10277549
v -2.20463395 -1.69758796 0.1028145
v -2.2560811 -1.63519597 0.1028145
v -2.08791303 -1.52814495 0.10262449
v -2.03298807 -1.53151297 0.10262449
v -2.0523889 -1.61666405 0.10266549
v -2.1020379 -1.55491602 0.10266549
v -2.03254389 -1.58033394 0.1026525
v -2.09067702 -1.53945195 0.1026415
v -2.14672589 -1.94145298 0.1028795
v -2.12276005 -2.01403689 0.1028795
v -2.18328809 -1.93376004 0.1028795
v -2.22270393 -1.97969698 0.1028795
v -2.07075405 -1.91511905 0.10285349
v -2.01483297 -1.97404503 0.1028545
v -2.06637501 -2.00203299 0.1028795
v -2.118541 -1.93850505 0.1028795
v -1.96738004 -1.76469504 0.1026965
v -1.91191601 -1.82180595 0.1026965
v -1.99356198 -1.80201196 0.1027355
v -1.93796002 -1.85961198 0.1027355
v -2.01951909 -1.83952498 0.1027745
v -1.96379399 -1.89758694 0.10277549
v -2.04525089 -1.87722504 0.1028145
v -1.98942005 -1.93573498 0.1028145
v -1.86311805 -1.781497 0.10262449
v -1.85992205 -1.72656297 0.10262449
v -1.94677698 -1.73568904 0.10266549
v -1.89138305 -1.79233598 0.10266549
v -1.90981102 -1.71965003 0.1026525
v -1.87467801 -1.78289794 0.1026415
v -1.20252203 -2.60786891 0.1028795
v -1.27894401 -2.60960507 0.1028795
v -1.18302905 -2.63974094 0.1028795
v -1.21311104 -2.69226408 0.1028795
v -1.20315694 -2.52746009 0.10285349
v -1.27741205 -2.49451494 0.1028545
v -1.28651905 -2.55245089 0.1028795
v -1.20918595 -2.58032703 0.1028795
v -1.14056205 -2.72269511 0.1028795
v -1.11801004 -2.66692495 0.1028795
v -1.09605801 -2.3796699 0.1026965
v -1.16844999 -2.34654593 0.1026965
v -1.12244796 -2.41683697 0.1027355
v -1.19534194 -2.3837471 0.1027355
v -1.14909505 -2.45385503 0.1027745
v -1.22246801 -2.42081093 0.10277549
v -1.17599797 -2.490731 0.1028145
v -1.249825 -2.45772695 0.1028145
v -1.14681398 -2.28705406 0.10262449
v -1.09612405 -2.26564502 0.10262449
v -1.15185403 -2.22221088 0.1026135
v -1.17370295 -2.26273989 0.1026135
v -1.07562899 -2.35054111 0.10266549
v -1.14755702 -2.3173201 0.10266549
v -1.07401394 -2.30917096 0.1026525
v -1.14426195 -2.29841804 0.1026415
v -1.01567804 -2.68339204 0.1028795
v -0.96192902 -2.73775911 0.1028795
v -1.05184304 -2.69276404 0.1028795
v -1.06671404 -2.751446 0.1028795
v -0.95934402 -2.62602591 0.10285349
v -0.88305002 -2.65392088 0.1028545
v -0.91676598 -2.70191788 0.1028795
v -0.99174302 -2.66821789 0.1028795
v -0.93365401 -2.44531798 0.1026965
v -0.85857802 -2.47180891 0.1026965
v -0.940508 -2.4903779 0.1027355
v -0.86509198 -2.51725101 0.1027355
v -0.947075 -2.53552293 0.1027745
v -0.87134301 -2.5627439 0.10277549
v -0.95335298 -2.58073806 0.1028145
v -0.87732899 -2.60831403 0.1028145
v -0.83279997 -2.41400289 0.10262449
v -0.85436898 -2.36336803 0.10262449
v -0.78411197 -2.37087488 0.1026135
v -0.79656201 -2.41519093 0.1026135
v -0.92810201 -2.41018199 0.10266549
v -0.85329598 -2.43627691 0.10266549
v -0.90212798 -2.37936806 0.1026525
v -0.84253102 -2.42038488 0.1026415
v -1.60257303 -2.39188289 0.1028795
v -1.67836105 -2.38190102 0.1028795
v -1.588189 -2.4263699 0.1028795
v -1.62595903 -2.47367596 0.1028795
v -1.59089303 -2.31233191 0.10285349
v -1.65922999 -2.2684009 0.1028545
v -1.67709803 -2.3242681 0.1028795
v -1.60494399 -2.36364698 0.1028795
v -1.55892396 -2.514853 0.1028795
v -1.52809798 -2.46319198 0.1028795
v -1.46243202 -2.18267393 0.1026965
v -1.52889895 -2.13886094 0.1026965
v -1.49420094 -2.21537089 0.1027355
v -1.56116998 -2.17150902 0.1027355
v -1.52620101 -2.24787497 0.1027745
v -1.59364903 -2.20397806 0.10277549
v -1.55843198 -2.28019499 0.1028145
v -1.62633597 -2.23628306 0.1028145
v -1.49841296 -2.08338689 0.10262449
v -1.44504201 -2.06998992 0.10262449
v -1.43778598 -2.1570189 0.10266549
v -1.50378 -2.11318492 0.10266549
v -1.42985701 -2.11638402 0.1026525
v -1.49762797 -2.09501004 0.1026415
v -1.42949295 -2.49512696 0.1028795
v -1.38469898 -2.55707311 0.1028795
v -1.46666705 -2.49885702 0.1028795
v -1.49034595 -2.55456209 0.1028795
v -1.36503994 -2.44705009 0.10285349
v -1.29391896 -2.4863131 0.1028545
v -1.33458399 -2.52857804 0.1028795
v -1.40351796 -2.48379993 0.1028795
v -1.31199097 -2.27241206 0.1026965
v -1.24185502 -2.31008505 0.1026965
v -1.32566404 -2.31590008 0.1027355
v -1.25524795 -2.35398697 0.1027355
v -1.339064 -2.35951089 0.1027745
v -1.26839005 -2.3980019 0.10277549
v -1.35218894 -2.40322303 0.1028145
v -1.28127896 -2.44210505 0.1028145
v -1.20753204 -2.25690293 0.10262449
v -1.22109603 -2.20357203 0.10262449
v -1.30112397 -2.23853993 0.10266549
v -1.23119497 -2.2757771 0.10266549
v -1.27074098 -2.21206092 0.1026525
v -1.21812605 -2.26172995 0.1026415
v -0.32741299 -2.84488511 0.1028795
v -0.399728 -2.86966109 0.1028795
v -0.299189 -2.86936092 0.1028795
v -0.31196799 -2.92853498 0.1028795
v -0.35234698 -2.76844596 0.10285349
v -0.43309199 -2.75950002 0.1028545
v -0.424241 -2.81748199 0.1028795
v -0.34209901 -2.8206439 0.1028795
v -0.233611 -2.93558597 0.1028795
v -0.228992 -2.87560701 0.1028795
v -0.29498601 -2.59516 0.1026965
v -0.37400698 -2.58550095 0.1026965
v -0.30889201 -2.63859105 0.1027355
v -0.388383 -2.62910103 0.1027355
v -0.32308799 -2.68193507 0.1027745
v -0.403023 -2.67262911 0.10277549
v -0.33757299 -2.72521591 0.1028145
v -0.41792699 -2.71609997 0.1028145
v -0.37138399 -2.52225899 0.10262449
v -0.32954999 -2.48650407 0.10262449
v -0.39581 -2.46197104 0.1026135
v -0.404372 -2.5072081 0.1026135
v -0.28432899 -2.56122589 0.10266549
v -0.36293599 -2.55132889 0.10266549
v -0.29530599 -2.52130389 0.1026525
v -0.36551299 -2.53231811 0.1026415
v -0.12647199 -2.86034202 0.1028795
v -0.058797 -2.89588499 0.1028795
v -0.15810799 -2.88020801 0.1028795
v -0.15452699 -2.94064307 0.1028795
v -0.09014099 -2.78860592 0.10285349
v -0.008979 -2.79212307 0.1028545
v -0.026593 -2.84806299 0.1028795
v -0.10825199 -2.83863306 0.1028795
v -0.12033099 -2.60860109 0.1026965
v -0.04075999 -2.61113596 0.1026965
v -0.113227 -2.65363097 0.1027355
v -0.03322 -2.65641498 0.1027355
v -0.105827 -2.69864511 0.1027745
v -0.025409 -2.70166993 0.10277549
v -0.09813199 -2.74362993 0.1028145
v -0.017329 -2.74690389 0.1028145
v -0.033682 -2.54823303 0.10262449
v -0.069557 -2.50650596 0.10262449
v -0.000325 -2.49238896 0.1026135
v 0.00122 -2.53840208 0.1026135
v -0.12567199 -2.5734241 0.10266549
v -0.04647599 -2.57567191 0.10266549
v -0.11023999 -2.5361979 0.1026525
v -0.041021 -2.55726289 0.1026415
v -0.77406299 -2.76007008 0.1028795
v -0.84931898 -2.77348709 0.1028795
v -0.74991899 -2.78857898 0.1028795
v -0.77160602 -2.84510588 0.1028795
v -0.78700202 -2.68071293 0.10285349
v -0.86542701 -2.65952205 0.1028545
v -0.86555498 -2.71817398 0.1028795
v -0.78486597 -2.73388004 0.1028795
v -0.695252 -2.86406898 0.1028795
v -0.68150502 -2.80550003 0.1028795
v -0.70379102 -2.51827311 0.1026965
v -0.780402 -2.49661493 0.1026965
v -0.72417902 -2.55904007 0.1027355
v -0.80128097 -2.53749394 0.1027355
v -0.74484401 -2.59970808 0.1027745
v -0.82241302 -2.57827496 0.10277549
v -0.76578402 -2.64026188 0.1028145
v -0.843795 -2.61894297 0.1028145
v -0.76812702 -2.43452191 0.10262449
v -0.72131401 -2.40559697 0.10262449
v -0.68806499 -2.48635697 0.10266549
v -0.764229 -2.4645369 0.10266549
v -0.69279998 -2.44523 0.1026525
v -0.76386499 -2.44534897 0.1026415
v -0.577856 -2.80610609 0.1028795
v -0.51641899 -2.85159206 0.1028795
v -0.61216098 -2.8209021 0.1028795
v -0.61787301 -2.88116908 0.1028795
v -0.53097099 -2.74078702 0.10285349
v -0.45130398 -2.75667405 0.1028545
v -0.47727501 -2.80926799 0.1028795
v -0.55652797 -2.78745389 0.1028795
v -0.53324997 -2.55827593 0.1026965
v -0.455004 -2.5729599 0.1026965
v -0.53312403 -2.6038661 0.1027355
v -0.45448499 -2.61886405 0.1027355
v -0.53270202 -2.64947891 0.1027745
v -0.45369499 -2.66477704 0.10277549
v -0.53198397 -2.69511103 0.1028145
v -0.45263499 -2.71072197 0.1028145
v -0.43838098 -2.51188802 0.10262449
v -0.46744599 -2.46515297 0.10262449
v -0.53314399 -2.52269792 0.10266549
v -0.455224 -2.53703689 0.10266549
v -0.51219397 -2.48827409 0.1026525
v -0.44701799 -2.51969504 0.1026415
v 0.57785701 -2.80610609 0.1028795
v 0.51642 -2.85159206 0.1028795
v 0.61216098 -2.8209021 0.1028795
v 0.61787301 -2.88116908 0.1028795
v 0.530972 -2.74078702 0.10285349
v 0.451305 -2.75667405 0.1028545
v 0.47727599 -2.80926799 0.1028795
v 0.55652797 -2.78745389 0.1028795
v 0.69469499 -2.86419391 0.1028795
v 0.68095898 -2.8056209 0.1028795
v 0.53325098 -2.55827593 0.1026965
v 0.45500499 -2.5729599 0.1026965
v 0.53312403 -2.6038661 0.1027355
v 0.45448499 -2.61885809 0.1027355
v 0.53270202 -2.64947891 0.1027745
v 0.45369499 -2.66477704 0.10277549
v 0.53198498 -2.69511103 0.1028145
v 0.45263499 -2.71072197 0.1028145
v 0.438382 -2.51188802 0.10262449
v 0.46744599 -2.46515297 0.10262449
v 0.39686998 -2.46181011 0.1026135
v 0.402388 -2.50750994 0.1026135
v 0.53314501 -2.52269792 0.10266549
v 0.455224 -2.53703689 0.10266549
v 0.51061201 -2.48797106 0.1026525
v 0.44701799 -2.51969504 0.1026415
v 0.77406299 -2.76007008 0.1028795
v 0.84931898 -2.77348709 0.1028795
v 0.74991899 -2.78857898 0.1028795
v 0.77160602 -2.84510588 0.1028795
v 0.78700101 -2.68071293 0.10285349
v 0.86542701 -2.65952205 0.1028545
v 0.86555498 -2.71817398 0.1028795
v 0.78486597 -2.73388004 0.1028795
v 0.70379298 -2.51827311 0.1026965
v 0.780402 -2.49661493 0.1026965
v 0.72417998 -2.55904007 0.1027355
v 0.80128198 -2.53749394 0.1027355
v 0.74484401 -2.59970808 0.1027745
v 0.82241398 -2.57827496 0.10277549
v 0.76578497 -2.64026188 0.1028145
v 0.843795 -2.61894297 0.1028145
v 0.76812797 -2.43452191 0.10262449
v 0.72131502 -2.40559697 0.10262449
v 0.78303802 -2.37121605 0.1026135
v 0.798424 -2.41460299 0.1026135
v 0.68806499 -2.48635697 0.10266549
v 0.76423001 -2.4645369 0.10266549
v 0.69151502 -2.44619703 0.1026525
v 0.763866 -2.44534897 0.1026415
v 0.12647199 -2.86034202 0.1028795
v 0.058796 -2.89588499 0.1028795
v 0.15810699 -2.88020801 0.1028795
v 0.15452599 -2.94064307 0.1028795
v 0.09014 -2.78860592 0.10285349
v 0.008978 -2.79212307 0.1028545
v 0.02659199 -2.84806299 0.1028795
v 0.10825099 -2.83863306 0.1028795
v 0.233041 -2.93562293 0.1028795
v 0.22843299 -2.8756411 0.1028795
v 0.12032999 -2.60860109 0.1026965
v 0.04075999 -2.61113596 0.1026965
v 0.113227 -2.65363097 0.1027355
v 0.03321899 -2.65641498 0.1027355
v 0.105827 -2.69864511 0.1027745
v 0.025409 -2.70166993 0.10277549
v 0.09813199 -2.74362993 0.1028145
v 0.017329 -2.74690389 0.1028145
v 0.033681 -2.54823303 0.10262449
v 0.069557 -2.50650596 0.10262449
v 0.12567199 -2.5734241 0.10266549
v 0.046475 -2.57567191 0.10266549
v 0.10871999 -2.53566503 0.1026525
v 0.04101999 -2.55726289 0.1026415
v 0.32741299 -2.84488511 0.1028795
v 0.399728 -2.86966109 0.1028795
v 0.29919001 -2.86936092 0.1028795
v 0.31196901 -2.92853498 0.1028795
v 0.352348 -2.76844596 0.10285349
v 0.43309301 -2.75950002 0.1028545
v 0.42423999 -2.81748008 0.1028795
v 0.34209999 -2.8206439 0.1028795
v 0.29498601 -2.59516 0.1026965
v 0.374008 -2.58550095 0.1026965
v 0.30889201 -2.63859105 0.1027355
v 0.38838401 -2.62910103 0.1027355
v 0.32308799 -2.68193507 0.1027745
v 0.403023 -2.67262911 0.10277549
v 0.33757299 -2.72521591 0.1028145
v 0.41792699 -2.71609997 0.1028145
v 0.371385 -2.52225899 0.10262449
v 0.32954999 -2.48650407 0.10262449
v 0.28432899 -2.56122589 0.10266549
v 0.362937 -2.55132889 0.10266549
v 0.293886 -2.52207088 0.1026525
v 0.36551401 -2.53231811 0.1026415
v 1.42709505 -2.49645209 0.1028795
v 1.38224399 -2.55834388 0.1028795
v 1.46426701 -2.50020599 0.1028795
v 1.48789405 -2.55593609 0.1028795
v 1.36268699 -2.44831299 0.10285349
v 1.29152905 -2.4875009 0.1028545
v 1.33215594 -2.52981209 0.1028795
v 1.40112996 -2.48508811 0.1028795
v 1.55601596 -2.51659011 0.1028795
v 1.52524995 -2.46487903 0.1028795
v 1.30979895 -2.27362203 0.1026965
v 1.23962903 -2.31123495 0.1026965
v 1.32343304 -2.31713008 0.1027355
v 1.25298202 -2.35514807 0.1027355
v 1.33679199 -2.36074399 0.1027745
v 1.266083 -2.39916205 0.10277549
v 1.349877 -2.40446996 0.1028145
v 1.27893197 -2.44328308 0.1028145
v 1.20535397 -2.25801992 0.10262449
v 1.21896803 -2.20470809 0.10262449
v 1.15067005 -2.22279906 0.1026135
v 1.16972005 -2.26471495 0.1026135
v 1.29896497 -2.23973488 0.10266549
v 1.22900104 -2.27692008 0.10266549
v 1.26700496 -2.21343302 0.1026525
v 1.215945 -2.26285696 0.1026415
v 1.60027205 -2.3933649 0.1028795
v 1.67606902 -2.38345193 0.1028795
v 1.585855 -2.42782902 0.1028795
v 1.62358295 -2.4751749 0.1028795
v 1.588665 -2.313802 0.10285349
v 1.65704298 -2.26993703 0.1028545
v 1.67486 -2.32581305 0.1028795
v 1.60266804 -2.36512589 0.1028795
v 1.46032297 -2.18403101 0.1026965
v 1.52682995 -2.14026999 0.1026965
v 1.49206101 -2.21674895 0.1027355
v 1.55907297 -2.17294693 0.1027355
v 1.52403199 -2.24928689 0.1027745
v 1.59152197 -2.20545291 0.10277549
v 1.556234 -2.28163409 0.1028145
v 1.624179 -2.23778295 0.1028145
v 1.49639499 -2.08477997 0.10262449
v 1.44303703 -2.07132101 0.10262449
v 1.49151098 -2.01991295 0.1026135
v 1.51927101 -2.05664205 0.1026135
v 1.43570101 -2.15834999 0.10266549
v 1.50173604 -2.1145699 0.10266549
v 1.42687797 -2.11902189 0.1026525
v 1.49560201 -2.096385 0.1026415
v 1.01310503 -2.68433499 0.1028795
v 0.95930701 -2.73863697 0.1028795
v 1.04926204 -2.69373893 0.1028795
v 1.06407904 -2.75242996 0.1028795
v 0.956824 -2.62689709 0.10285349
v 0.88050597 -2.65473699 0.1028545
v 0.914177 -2.70276308 0.1028795
v 0.98918402 -2.669142 0.1028795
v 1.13742399 -2.72396588 0.1028795
v 1.11493396 -2.66817092 0.1028795
v 0.93130099 -2.44618201 0.1026965
v 0.856202 -2.47259593 0.1026965
v 0.93811398 -2.491261 0.1027355
v 0.86267399 -2.51804494 0.1027355
v 0.94463998 -2.53640294 0.1027745
v 0.868882 -2.5635519 0.10277549
v 0.95087599 -2.58161711 0.1028145
v 0.87482702 -2.60911107 0.1028145
v 0.83047699 -2.41476297 0.10262449
v 0.85209298 -2.36416602 0.10262449
v 0.92578297 -2.41103506 0.10266549
v 0.85095202 -2.43705701 0.10266549
v 0.89822697 -2.38013696 0.1026525
v 0.84020197 -2.42116498 0.1026415
v 1.200019 -2.60898399 0.1028795
v 1.27644097 -2.61077189 0.1028795
v 1.18049705 -2.64082908 0.1028795
v 1.21053195 -2.69339203 0.1028795
v 1.20072996 -2.52856898 0.10285349
v 1.27501702 -2.49569511 0.1028545
v 1.28406894 -2.55363893 0.1028795
v 1.20670998 -2.58143496 0.1028795
v 1.09376704 -2.38068008 0.1026965
v 1.16619002 -2.34762096 0.1026965
v 1.12012195 -2.4178729 0.1027355
v 1.193048 -2.38485097 0.1027355
v 1.14673602 -2.454916 0.1027745
v 1.22013998 -2.42193198 0.10277549
v 1.17360496 -2.49181604 0.1028145
v 1.24746298 -2.45887994 0.1028145
v 1.14460802 -2.28812503 0.10262449
v 1.09393894 -2.26665401 0.10262449
v 1.07336497 -2.35153293 0.10266549
v 1.14532494 -2.31837892 0.10266549
v 1.07066595 -2.31132507 0.1026525
v 1.14204502 -2.29947495 0.1026415
v 2.14468789 -1.94360005 0.1028795
v 2.12065005 -2.01616191 0.1028795
v 2.1812551 -1.93594098 0.1028795
v 2.22062706 -1.98192799 0.1028795
v 2.06874108 -1.91718494 0.10285349
v 2.01276111 -1.97605598 0.1028545
v 2.06427693 -2.00409698 0.1028795
v 2.116503 -1.94062399 0.1028795
v 2.27366304 -1.92381799 0.1028795
v 2.22870588 -1.88383603 0.1028795
v 1.96551704 -1.76666605 0.1026965
v 1.90999698 -1.82371997 0.1026965
v 1.99165999 -1.80400598 0.1027355
v 1.93600201 -1.86154699 0.1027355
v 2.01758194 -1.84153699 0.1027745
v 1.96179902 -1.89954304 0.10277549
v 2.04327607 -1.87926602 0.1028145
v 1.98738598 -1.93771505 0.1028145
v 1.86124002 -1.78336799 0.10262449
v 1.85809803 -1.72842097 0.10262449
v 1.79846704 -1.76632905 0.1026135
v 1.82929599 -1.80051398 0.1026135
v 1.94494295 -1.73763895 0.10266549
v 1.88949394 -1.79422295 0.10266549
v 1.90652501 -1.72221994 0.1026525
v 1.87279796 -1.78477394 0.1026415
v 2.27859807 -1.79298603 0.1028795
v 2.34784889 -1.76061904 0.1028795
v 2.27527308 -1.83019197 0.1028795
v 2.32554793 -1.86391496 0.1028795
v 2.2434771 -1.72064399 0.10285349
v 2.29539299 -1.65816795 0.1028545
v 2.32926988 -1.70604097 0.1028795
v 2.27234196 -1.76533901 0.1028795
v 2.08190798 -1.63574504 0.1026965
v 2.13207507 -1.57392704 0.1026965
v 2.12205505 -1.657341 0.1027355
v 2.1726861 -1.595335 0.1027355
v 2.16236496 -1.67868995 0.1027745
v 2.21344304 -1.61650705 0.10277549
v 2.20283889 -1.69979405 0.1028145
v 2.25434708 -1.63744902 0.1028145
v 2.08628511 -1.53022897 0.10262449
v 2.03135895 -1.53354394 0.10262449
v 2.06202197 -1.46988403 0.1026135
v 2.09958601 -1.49649798 0.1026135
v 2.050673 -1.61871194 0.10266549
v 2.10038399 -1.55702102 0.10266549
v 2.03037595 -1.58389496 0.1026525
v 2.08904004 -1.54154694 0.1026415
v 1.80687201 -2.24784898 0.1028795
v 1.77200901 -2.31588196 0.1028795
v 1.84418094 -2.24587893 0.1028795
v 1.87604796 -2.29734802 0.1028795
v 1.73586201 -2.2101221 0.10285349
v 1.67153203 -2.259727 0.1028545
v 1.71814596 -2.29532504 0.1028795
v 1.77947604 -2.24059104 0.1028795
v 1.93735396 -2.24804091 0.1028795
v 1.89904797 -2.20164609 0.1028795
v 1.65689694 -2.04557395 0.1026965
v 1.59329795 -2.09345698 0.1026965
v 1.67701804 -2.08647203 0.1027355
v 1.61320698 -2.13481307 0.1027355
v 1.69688701 -2.12754011 0.1027745
v 1.63288199 -2.17631602 0.10277549
v 1.71650195 -2.16874694 0.1028145
v 1.652323 -2.21795988 0.1028145
v 1.55129301 -2.04610395 0.10262449
v 1.55659902 -1.99133694 0.10262449
v 1.64101004 -2.01373601 0.10266549
v 1.57755005 -2.061172 0.10266549
v 1.60540497 -1.99262094 0.1026525
v 1.56249904 -2.04927206 0.1026415
v 1.96225702 -2.11951088 0.1028795
v 2.03564906 -2.09811902 0.1028795
v 1.95327794 -2.15577793 0.1028795
v 1.99779796 -2.19679093 0.1028795
v 1.93862497 -2.04265308 0.10285349
v 1.99949705 -1.98884904 0.1028545
v 2.02564311 -2.04134798 0.1028795
v 1.96030795 -2.09123301 0.1028795
v 1.79195702 -1.93401897 0.1026965
v 1.85099494 -1.88060903 0.1026965
v 1.82832396 -1.96150398 0.1027355
v 1.88785195 -1.90798199 0.1027355
v 1.864892 -1.98877596 0.1027745
v 1.92488801 -1.93513703 0.10277549
v 1.90165996 -2.01582598 0.1028145
v 1.96210396 -1.96209597 0.1028145
v 1.81243598 -1.83041799 0.10262449
v 1.75765001 -1.82527899 0.10262449
v 1.76369905 -1.91240096 0.10266549
v 1.822268 -1.85905301 0.10266549
v 1.74897003 -1.87489104 0.1026525
v 1.81342697 -1.842018 0.1026415
v 2.6616559 -1.199476 0.1028795
v 2.66068792 -1.27590799 0.1028795
v 2.69419908 -1.18111395 0.1028795
v 2.74563193 -1.21303796 0.1028795
v 2.58127903 -1.19725704 0.10285349
v 2.54572391 -1.27030098 0.1028545
v 2.60330605 -1.28145599 0.1028795
v 2.63389396 -1.20515394 0.1028795
v 2.77861189 -1.14161205 0.1028795
v 2.72367095 -1.11709904 0.1028795
v 2.4373691 -1.08499801 0.1026965
v 2.40170288 -1.15617501 0.1026965
v 2.47358393 -1.11268496 0.1027355
v 2.43793201 -1.184358 0.1027355
v 2.50963997 -1.14062595 0.1027745
v 2.47400903 -1.212785 0.10277549
v 2.54554009 -1.16882097 0.1028145
v 2.5099399 -1.24143004 0.1028145
v 2.34302306 -1.13244402 0.10262449
v 2.32341599 -1.08103001 0.10262449
v 2.27803897 -1.13518405 0.1026135
v 2.31776404 -1.15845799 0.1026135
v 2.40898299 -1.06355702 0.10266549
v 2.37324094 -1.13425505 0.10266549
v 2.367702 -1.06047499 0.1026525
v 2.3544681 -1.13029396 0.1026415
v 2.74375009 -1.015414 0.1028795
v 2.79997396 -0.96361899 0.1028795
v 2.75183701 -1.05188894 0.1028795
v 2.80995297 -1.06882703 0.1028795
v 2.68840193 -0.95708298 0.10285349
v 2.7189939 -0.88182699 0.1028545
v 2.76576399 -0.91722297 0.1028795
v 2.7294321 -0.99094802 0.1028795
v 2.50872302 -0.92501598 0.1026965
v 2.5378499 -0.85093098 0.1026965
v 2.55352211 -0.93345499 0.1027355
v 2.58303189 -0.85904198 0.1027355
v 2.59840011 -0.94161897 0.1027745
v 2.62828207 -0.86690002 0.10277549
v 2.64336204 -0.94949001 0.1028145
v 2.67360496 -0.87449598 0.1028145
v 2.48098993 -0.82311797 0.10262449
v 2.42963409 -0.84288501 0.10262449
v 2.43961405 -0.77293902 0.1026135
v 2.4834671 -0.78694301 0.1026135
v 2.47380089 -0.91822898 0.10266549
v 2.50253009 -0.84438598 0.10266549
v 2.44392609 -0.89117902 0.1026525
v 2.48703694 -0.83307397 0.1026415
v 2.43166089 -1.59162604 0.1028795
v 2.41900301 -1.66701602 0.1028795
v 2.46662902 -1.57847094 0.1028795
v 2.51256895 -1.61789 0.1028795
v 2.3525691 -1.57714295 0.10285349
v 2.306252 -1.64387702 0.1028545
v 2.36144709 -1.66372299 0.1028795
v 2.40335297 -1.593001 0.1028795
v 2.55609488 -1.55235695 0.1028795
v 2.505553 -1.51972603 0.1028795
v 2.22754001 -1.44416999 0.1026965
v 2.18140006 -1.509045 0.1026965
v 2.25908994 -1.47707498 0.1027355
v 2.21288299 -1.54244995 0.1027355
v 2.29044294 -1.51020395 0.1027745
v 2.24418902 -1.57606601 0.10277549
v 2.32160496 -1.543563 0.1028145
v 2.27530908 -1.60986805 0.1028145
v 2.12704396 -1.47662603 0.10262449
v 2.11553597 -1.42280197 0.10262449
v 2.20277309 -1.41863894 0.10266549
v 2.15662598 -1.48303198 0.10266549
v 2.16244888 -1.40926802 0.1026525
v 2.13868093 -1.47624599 0.1026415
v 2.54096388 -1.42230296 0.1028795
v 2.60445189 -1.37973594 0.1028795
v 2.54337191 -1.45959401 0.1028795
v 2.59821009 -1.48522496 0.1028795
v 2.49519491 -1.35619902 0.10285349
v 2.53694701 -1.28650498 0.1028545
v 2.57774806 -1.32864403 0.1028795
v 2.53055596 -1.39595496 0.1028795
v 2.322546 -1.29700696 0.1026965
v 2.36267089 -1.22824001 0.1026965
v 2.3655219 -1.31220805 0.1027355
v 2.406075 -1.24317801 0.1027355
v 2.40862298 -1.32713902 0.1027745
v 2.44958996 -1.25787496 0.10277549
v 2.45184803 -1.34179401 0.1028145
v 2.49321603 -1.27231705 0.1028145
v 2.31073594 -1.19206094 0.10262449
v 2.2569611 -1.20372498 0.10262449
v 2.28907203 -1.28494894 0.10266549
v 2.32876491 -1.21637296 0.10266549
v 2.26369094 -1.25364196 0.1026525
v 2.31518793 -1.20281601 0.1026415
v 2.92948389 -0.33329099 0.1028795
v 2.951689 -0.406441 0.1028795
v 2.95494699 -0.305954 0.1028795
v 3.01362991 -0.32081601 0.1028795
v 2.85220503 -0.35550698 0.10285349
v 2.8404181 -0.43588298 0.1028545
v 2.89867496 -0.42908901 0.1028795
v 2.90474295 -0.34710699 0.1028795
v 3.02344989 -0.24275599 0.1028795
v 2.96366596 -0.23602099 0.1028795
v 2.68107605 -0.292059 0.1026965
v 2.66861391 -0.37068301 0.1026965
v 2.72396802 -0.307489 0.1027355
v 2.71167588 -0.38658699 0.1027355
v 2.766788 -0.32321 0.1027745
v 2.75466394 -0.40275898 0.10277549
v 2.80953502 -0.33921301 0.1028145
v 2.79757809 -0.41919499 0.1028145
v 2.60550689 -0.36583 0.10262449
v 2.57126092 -0.322746 0.10262449
v 2.54439711 -0.38810101 0.1026135
v 2.58930397 -0.39825901 0.1026135
v 2.64752697 -0.28020098 0.10266549
v 2.63485693 -0.358408 0.10266549
v 2.60725307 -0.28975701 0.1026525
v 2.6157639 -0.36030399 0.1026415
v 2.95203805 -0.13303199 0.1028795
v 2.98995494 -0.06664799 0.1028795
v 2.97078204 -0.165351 0.1028795
v 3.03130006 -0.16389399 0.1028795
v 2.8816359 -0.094172 0.10285349
v 2.88802194 -0.013184 0.1028545
v 2.94330811 -0.032777 0.1028795
v 2.93099093 -0.114046 0.1028795
v 2.70067691 -0.117981 0.1026965
v 2.70601797 -0.038545 0.1026965
v 2.74592995 -0.112466 0.1027355
v 2.75153803 -0.03260999 0.1027355
v 2.79117488 -0.106663 0.1027745
v 2.79704594 -0.026415 0.10277549
v 2.83641004 -0.10056699 0.1028145
v 2.84254097 -0.019943 0.1028145
v 2.64341211 -0.029262 0.10262449
v 2.60044503 -0.063619 0.10262449
v 2.66533803 -0.12207499 0.10266549
v 2.67037797 -0.042996 0.10266549
v 2.62867689 -0.10532499 0.1026525
v 2.65218305 -0.036911 0.1026415
v 2.82892894 -0.77666097 0.1028795
v 2.83967208 -0.85234898 0.1028795
v 2.85827589 -0.75354397 0.1028795
v 2.91399002 -0.777215 0.1028795
v 2.74915695 -0.786785 0.10285349
v 2.72520589 -0.86441302 0.1028545
v 2.78381705 -0.86661702 0.1028795
v 2.80236291 -0.78653001 0.1028795
v 2.93564605 -0.70157599 0.1028795
v 2.87759995 -0.68577098 0.1028795
v 2.58975911 -0.69787597 0.1026965
v 2.56541109 -0.77368301 0.1026965
v 2.62978506 -0.71969401 0.1027355
v 2.60552597 -0.79598802 0.1027355
v 2.66969394 -0.74178302 0.1027745
v 2.64553308 -0.81854999 0.10277549
v 2.7094841 -0.76414597 0.1028145
v 2.68542599 -0.84136301 0.1028145
v 2.50378894 -0.75921201 0.10262449
v 2.47654104 -0.71140897 0.10262449
v 2.55842304 -0.68103599 0.10266549
v 2.53392911 -0.756383 0.10266549
v 2.51715588 -0.68431299 0.1026525
v 2.51476907 -0.75533402 0.1026415
v 2.88187503 -0.58220702 0.1028795
v 2.92950606 -0.52241998 0.1028795
v 2.89545202 -0.61701297 0.1028795
v 2.95547294 -0.62485498 0.1028795
v 2.81824898 -0.53303802 0.10285349
v 2.83695602 -0.45399001 0.1028545
v 2.88859391 -0.48179298 0.1028795
v 2.86398005 -0.56023502 0.1028795
v 2.63578009 -0.52886098 0.1026965
v 2.65321898 -0.451184 0.1026965
v 2.68134093 -0.530344 0.1027355
v 2.69911003 -0.45228698 0.1027355
v 2.72693991 -0.53153801 0.1027745
v 2.74503111 -0.453125 0.10277549
v 2.772578 -0.53243398 0.1028145
v 2.7909801 -0.45369198 0.1028145
v 2.5927701 -0.43241199 0.10262449
v 2.54504609 -0.45980799 0.10262449
v 2.60022711 -0.52749198 0.10266549
v 2.61731195 -0.45013499 0.10266549
v 2.56656408 -0.50533902 0.1026525
v 2.60026907 -0.44130998 0.1026415
v -2.88187503 0.58220499 0.1028795
v -2.92950606 0.52241998 0.1028795
v -2.89545106 0.61701297 0.1028795
v -2.95547294 0.62484902 0.1028795
v -2.81824803 0.53303897 0.10285349
v -2.83695602 0.45399001 0.1028545
v -2.88859391 0.48179298 0.1028795
v -2.86398005 0.56023502 0.1028795
v -2.93579506 0.70102602 0.1028795
v -2.87774491 0.68522602 0.1028795
v -2.63578009 0.52886098 0.1026965
v -2.65321898 0.451182 0.1026965
v -2.68133997 0.530344 0.1027355
v -2.69911003 0.45228698 0.1027355
v -2.72693896 0.53153401 0.1027745
v -2.74502992 0.453123 0.10277549
v -2.772578 0.53243601 0.1028145
v -2.7909789 0.45369198 0.1028145
v -2.5927689 0.43240898 0.10262449
v -2.54504609 0.45980799 0.10262449
v -2.54419803 0.38914999 0.1026135
v -2.58968091 0.39627599 0.1026135
v -2.60022711 0.52749198 0.10266549
v -2.61731195 0.45013499 0.10266549
v -2.56631898 0.50375199 0.1026525
v -2.60026907 0.44130998 0.1026415
v -2.82892894 0.77666097 0.1028795
v -2.83967208 0.85234499 0.1028795
v -2.85827589 0.75354397 0.1028795
v -2.91399002 0.777215 0.1028795
v -2.74915695 0.786785 0.10285349
v -2.72520494 0.86441201 0.1028545
v -2.78381609 0.86661702 0.1028795
v -2.80236291 0.78653001 0.1028795
v -2.58975911 0.69787597 0.1026965
v -2.56541109 0.77368098 0.1026965
v -2.62978506 0.71969401 0.1027355
v -2.60552597 0.79598999 0.1027355
v -2.66969394 0.74178201 0.1027745
v -2.64553189 0.81854999 0.10277549
v -2.7094841 0.764144 0.1028145
v -2.68542599 0.84136098 0.1028145
v -2.50378894 0.75920701 0.10262449
v -2.47654104 0.711407 0.10262449
v -2.43999099 0.77186799 0.1026135
v -2.48281002 0.78878897 0.1026135
v -2.55842208 0.68103599 0.10266549
v -2.53392791 0.75638097 0.10266549
v -2.51817607 0.68305802 0.1026525
v -2.51476788 0.75533598 0.1026415
v -2.95203805 0.133017 0.1028795
v -2.98995494 0.06664799 0.1028795
v -2.97078204 0.16533599 0.1028795
v -3.03130006 0.16389399 0.1028795
v -2.8816359 0.09416999 0.10285349
v -2.88802194 0.013184 0.1028545
v -2.94330811 0.032777 0.1028795
v -2.93099093 0.114044 0.1028795
v -3.02351403 0.24219299 0.1028795
v -2.96373009 0.23546899 0.1028795
v -2.70067691 0.117968 0.1026965
v -2.70601797 0.038545 0.1026965
v -2.74592995 0.112464 0.1027355
v -2.75153803 0.03260999 0.1027355
v -2.79117488 0.106663 0.1027745
v -2.79704594 0.02641299 0.10277549
v -2.83641004 0.10056699 0.1028145
v -2.84254097 0.019943 0.1028145
v -2.64341092 0.029262 0.10262449
v -2.60044503 0.063619 0.10262449
v -2.58878898 -0.006049 0.1026135
v -2.63482689 -0.005971 0.1026135
v -2.66533708 0.12207199 0.10266549
v -2.67037701 0.042996 0.10266549
v -2.62819504 0.10379999 0.1026525
v -2.65218305 0.036911 0.1026415
v -2.92948389 0.33328899 0.1028795
v -2.95168805 0.40643701 0.1028795
v -2.95494604 0.30594798 0.1028795
v -3.01362991 0.32081601 0.1028795
v -2.85220503 0.35550099 0.10285349
v -2.8404181 0.43588298 0.1028545
v -2.89867496 0.42908901 0.1028795
v -2.90474295 0.34710699 0.1028795
v -2.68107509 0.292057 0.1026965
v -2.66861391 0.37067899 0.1026965
v -2.72396802 0.307489 0.1027355
v -2.71167588 0.38658699 0.1027355
v -2.766788 0.323208 0.1027745
v -2.75466394 0.40275898 0.10277549
v -2.80953407 0.33921301 0.1028145
v -2.79757809 0.41919499 0.1028145
v -2.60550689 0.36582899 0.10262449
v -2.57125997 0.322746 0.10262449
v -2.64752697 0.28020098 0.10266549
v -2.63485693 0.358408 0.10266549
v -2.60806608 0.288365 0.1026525
v -2.6157639 0.36030399 0.1026415
v -2.54236698 1.41996204 0.1028795
v -2.60581493 1.37732696 0.1028795
v -2.54480791 1.45724105 0.1028795
v -2.59967088 1.48282396 0.1028795
v -2.49653792 1.35388898 0.10285349
v -2.53822493 1.28416097 0.1028545
v -2.57906293 1.32625901 0.1028795
v -2.53193593 1.39360904 0.1028795
v -2.55792808 1.54950797 0.1028795
v -2.50735092 1.51693296 0.1028795
v -2.32383298 1.29485297 0.1026965
v -2.36389589 1.226058 0.1026965
v -2.36682295 1.310014 0.1027355
v -2.40731406 1.24095296 0.1027355
v -2.40993905 1.32491099 0.1027745
v -2.45084309 1.25560498 0.10277549
v -2.45317792 1.33953702 0.1028145
v -2.49447989 1.27000999 0.1028145
v -2.31192803 1.18991994 0.10262449
v -2.25816392 1.20163703 0.10262449
v -2.27866911 1.13402795 0.1026135
v -2.31987905 1.15454804 0.1026135
v -2.29035091 1.28282499 0.10266549
v -2.32997798 1.21421897 0.10266549
v -2.26518607 1.24995994 0.1026525
v -2.31639003 1.20067799 0.1026415
v -2.4332211 1.58937501 0.1028795
v -2.42063188 1.66477799 0.1028795
v -2.46817588 1.57618999 0.1028795
v -2.514153 1.61556899 0.1028795
v -2.354115 1.57496702 0.10285349
v -2.30785989 1.64175105 0.1028545
v -2.36307406 1.66153204 0.1028795
v -2.40491604 1.59078002 0.1028795
v -2.22896599 1.44211602 0.1026965
v -2.18288397 1.50703394 0.1026965
v -2.2605431 1.474985 0.1027355
v -2.21440005 1.54041397 0.1027355
v -2.291929 1.50809705 0.1027745
v -2.24573397 1.57398998 0.10277549
v -2.32312011 1.54141998 0.1028145
v -2.27688694 1.60776603 0.1028145
v -2.12849593 1.47464799 0.10262449
v -2.11694097 1.42085397 0.10262449
v -2.06385207 1.46747398 0.1026135
v -2.09957289 1.49651694 0.1026135
v -2.20417189 1.41659903 0.10266549
v -2.1580851 1.48103702 0.10266549
v -2.16518688 1.40638804 0.1026525
v -2.14013505 1.47427105 0.1026415
v -2.74478006 1.012874 0.1028795
v -2.80095195 0.96103501 0.1028795
v -2.75289988 1.04934597 0.1028795
v -2.8110311 1.06622397 0.1028795
v -2.68937611 0.95459502 0.10285349
v -2.71989893 0.87931001 0.1028545
v -2.76670098 0.914662 0.1028795
v -2.73043704 0.98843598 0.1028795
v -2.77998709 1.13851499 0.1028795
v -2.72502088 1.11406898 0.1028795
v -2.50967001 0.92269599 0.1026965
v -2.53872609 0.84857797 0.1026965
v -2.55447506 0.93110001 0.1027355
v -2.58391404 0.85665798 0.1027355
v -2.59935998 0.93921798 0.1027745
v -2.62917399 0.86446899 0.10277549
v -2.64432811 0.94705098 0.1028145
v -2.67449998 0.87202197 0.1028145
v -2.48183894 0.82082098 0.10262449
v -2.43050408 0.84064 0.10262449
v -2.47474098 0.91593599 0.10266549
v -2.50339794 0.84207397 0.10266549
v -2.4448421 0.88730901 0.1026525
v -2.48789596 0.83076602 0.1026415
v -2.662858 1.19700205 0.1028795
v -2.66195607 1.27344405 0.1028795
v -2.69538092 1.17862296 0.1028795
v -2.7468431 1.21050095 0.1028795
v -2.58247304 1.19487297 0.10285349
v -2.54698705 1.26794803 0.1028545
v -2.60457992 1.27904903 0.1028795
v -2.63509702 1.20271694 0.1028795
v -2.43846201 1.082749 0.1026965
v -2.40286207 1.15394997 0.1026965
v -2.47470092 1.11040294 0.1027355
v -2.43911409 1.18210697 0.1027355
v -2.5107851 1.13830602 0.1027745
v -2.47522091 1.21050095 0.10277549
v -2.5467081 1.16646397 0.1028145
v -2.51117897 1.23910903 0.1028145
v -2.34416008 1.13027095 0.10262449
v -2.32450389 1.07888305 0.10262449
v -2.41005611 1.06132102 0.10266549
v -2.37437892 1.13206398 0.10266549
v -2.36996603 1.05720198 0.1026525
v -2.35560107 1.12811398 0.1026415
v -1.964473 2.11754202 0.1028795
v -2.03784203 2.09608507 0.1028795
v -1.95553004 2.15382003 0.1028795
v -2.00008988 2.19478702 0.1028795
v -1.94076395 2.04071211 0.10285349
v -2.00158095 1.98684704 0.1028545
v -2.02778196 2.03932499 0.1028795
v -1.96249604 2.08927393 0.1028795
v -1.94014 2.24573898 0.1028795
v -1.90177798 2.19939494 0.1028795
v -1.79398798 1.93222498 0.1026965
v -1.85297298 1.87875497 0.1026965
v -1.83038294 1.95967102 0.1027355
v -1.88985598 1.90608704 0.1027355
v -1.86697804 1.98691105 0.1027745
v -1.92692005 1.93321096 0.10277549
v -1.90377199 2.01391696 0.1028145
v -1.96416199 1.960132 0.1028145
v -1.81436204 1.82860398 0.10262449
v -1.75957095 1.82351696 0.10262449
v -1.79955899 1.76526701 0.1026135
v -1.83263802 1.79728603 0.1026135
v -1.76570701 1.91064298 0.10266549
v -1.82422304 1.85722398 0.10266549
v -1.75165903 1.87169396 0.1026525
v -1.81536495 1.84020304 0.1026415
v -1.80921495 2.24603796 0.1028795
v -1.77442097 2.31410002 0.1028795
v -1.84652304 2.24403691 0.1028795
v -1.87844204 2.29547095 0.1028795
v -1.73816895 2.20838308 0.10285349
v -1.67388594 2.25806188 0.1028545
v -1.72053694 2.29360508 0.1028795
v -1.78181302 2.23880696 0.1028795
v -1.65903902 2.04391288 0.1026965
v -1.59548795 2.09186005 0.1026965
v -1.679201 2.0847969 0.1027355
v -1.61543703 2.13320303 0.1027355
v -1.69911003 2.12583804 0.1027745
v -1.635154 2.17468309 0.10277549
v -1.71876597 2.1670351 0.1028145
v -1.65463805 2.2162981 0.1028145
v -1.55343496 2.04455089 0.10262449
v -1.55868601 1.98978102 0.10262449
v -1.49398505 2.01816892 0.1026135
v -1.51925599 2.05665302 0.1026135
v -1.643121 2.01209402 0.10266549
v -1.57970905 2.059592 0.10266549
v -1.60904502 1.99057495 0.1026525
v -1.56464505 2.04771208 0.1026415
v -2.28048491 1.79070198 0.1028795
v -2.34970498 1.75827097 0.1028795
v -2.27719998 1.82791495 0.1028795
v -2.32750701 1.861588 0.1028795
v -2.24529194 1.71840095 0.10285349
v -2.29714798 1.65586495 0.1028545
v -2.33107209 1.70370602 0.1028795
v -2.27420306 1.76306605 0.1028795
v -2.27606296 1.92111003 0.1028795
v -2.23105788 1.88118898 0.1028795
v -2.0836389 1.63366401 0.1026965
v -2.13374495 1.57179999 0.1026965
v -2.12380695 1.65522396 0.1027355
v -2.17437505 1.593158 0.1027355
v -2.16413998 1.67652905 0.1027745
v -2.21515488 1.614295 0.10277549
v -2.20463395 1.69758796 0.1028145
v -2.2560811 1.63519597 0.1028145
v -2.08791303 1.528144 0.10262449
v -2.03298807 1.53151297 0.10262449
v -2.0523889 1.61665999 0.10266549
v -2.1020379 1.55491805 0.10266549
v -2.03254389 1.58033001 0.1026525
v -2.09067702 1.53945195 0.1026415
v -2.14672589 1.94145202 0.1028795
v -2.12276005 2.01403689 0.1028795
v -2.18328809 1.93376004 0.1028795
v -2.22270393 1.97969603 0.1028795
v -2.07075405 1.91511702 0.10285349
v -2.01483297 1.97404301 0.1028545
v -2.06637501 2.00203204 0.1028795
v -2.118541 1.938501 0.1028795
v -1.96738004 1.76469504 0.1026965
v -1.91191601 1.82180595 0.1026965
v -1.99356198 1.80201005 0.1027355
v -1.93796002 1.85961198 0.1027355
v -2.01951909 1.83952498 0.1027745
v -1.96379399 1.89758598 0.10277549
v -2.04525089 1.87722301 0.1028145
v -1.98942005 1.93573498 0.1028145
v -1.86311805 1.78149104 0.10262449
v -1.85992205 1.72656297 0.10262449
v -1.94677698 1.73568904 0.10266549
v -1.89138305 1.79233598 0.10266549
v -1.90981102 1.71964395 0.1026525
v -1.87467801 1.78289794 0.1026415
v -1.20252203 2.60786199 0.1028795
v -1.27894401 2.60960388 0.1028795
v -1.18302905 2.63974094 0.1028795
v -1.21311104 2.69226002 0.1028795
v -1.20315694 2.52745604 0.10285349
v -1.27741205 2.49451494 0.1028545
v -1.28651905 2.55245089 0.1028795
v -1.20918595 2.58032703 0.1028795
v -1.14056205 2.72269511 0.1028795
v -1.11801004 2.66692805 0.1028795
v -1.09605801 2.3796699 0.1026965
v -1.16844999 2.34654593 0.1026965
v -1.12244796 2.41683292 0.1027355
v -1.19534194 2.383744 0.1027355
v -1.14909505 2.45385503 0.1027745
v -1.22246801 2.42080998 0.10277549
v -1.17599797 2.49073505 0.1028145
v -1.249825 2.457726 0.1028145
v -1.14681398 2.28705406 0.10262449
v -1.09612405 2.26564502 0.10262449
v -1.15185403 2.22221088 0.1026135
v -1.17370295 2.26273393 0.1026135
v -1.07562899 2.3505361 0.10266549
v -1.14755702 2.3173201 0.10266549
v -1.07401394 2.30917096 0.1026525
v -1.14426195 2.29841995 0.1026415
v -1.01567804 2.68339204 0.1028795
v -0.96192902 2.7377491 0.1028795
v -1.05184304 2.6927669 0.1028795
v -1.06671404 2.751446 0.1028795
v -0.95934402 2.62602591 0.10285349
v -0.88305002 2.65392303 0.1028545
v -0.91676598 2.70191788 0.1028795
v -0.99174302 2.66821789 0.1028795
v -0.93365401 2.44532203 0.1026965
v -0.85857802 2.47180891 0.1026965
v -0.940508 2.490381 0.1027355
v -0.86509198 2.51724696 0.1027355
v -0.947075 2.53552293 0.1027745
v -0.87134301 2.5627439 0.10277549
v -0.95335298 2.58074188 0.1028145
v -0.87732899 2.60830807 0.1028145
v -0.83279997 2.41399598 0.10262449
v -0.85436898 2.36336493 0.10262449
v -0.78411197 2.37087011 0.1026135
v -0.79656201 2.41519093 0.1026135
v -0.92810201 2.41017794 0.10266549
v -0.85329598 2.43627595 0.10266549
v -0.90212798 2.37936401 0.1026525
v -0.84253102 2.42038893 0.1026415
v -1.60257303 2.39188289 0.1028795
v -1.67836105 2.38189911 0.1028795
v -1.588189 2.4263699 0.1028795
v -1.62595903 2.47367596 0.1028795
v -1.59089303 2.31233191 0.10285349
v -1.65922999 2.268399 0.1028545
v -1.67709803 2.3242681 0.1028795
v -1.60494399 2.36365008 0.1028795
v -1.55892396 2.51485109 0.1028795
v -1.52809798 2.46319198 0.1028795
v -1.46243202 2.18267798 0.1026965
v -1.52889895 2.13886094 0.1026965
v -1.49420094 2.21536707 0.1027355
v -1.56116998 2.17150688 0.1027355
v -1.52620101 2.24787497 0.1027745
v -1.59364903 2.20397806 0.10277549
v -1.55843198 2.28019499 0.1028145
v -1.62633597 2.23628497 0.1028145
v -1.49841296 2.08338904 0.10262449
v -1.44504201 2.06998992 0.10262449
v -1.43778598 2.1570189 0.10266549
v -1.50378 2.11318302 0.10266549
v -1.42985701 2.11638999 0.1026525
v -1.49762797 2.09501004 0.1026415
v -1.42949295 2.495126 0.1028795
v -1.38469898 2.55707311 0.1028795
v -1.46666705 2.49885606 0.1028795
v -1.49034595 2.55456209 0.1028795
v -1.36503994 2.4470489 0.10285349
v -1.29391896 2.4863131 0.1028545
v -1.33458399 2.52857995 0.1028795
v -1.40351796 2.48379588 0.1028795
v -1.31199097 2.27241206 0.1026965
v -1.24185502 2.31008005 0.1026965
v -1.32566404 2.3159039 0.1027355
v -1.25524795 2.35398507 0.1027355
v -1.339064 2.35950994 0.1027745
v -1.26839005 2.398 0.10277549
v -1.35218894 2.40321993 0.1028145
v -1.28127896 2.4421041 0.1028145
v -1.20753204 2.25690293 0.10262449
v -1.22109603 2.20357108 0.10262449
v -1.30112397 2.23853993 0.10266549
v -1.23119497 2.2757771 0.10266549
v -1.27074098 2.21206092 0.1026525
v -1.21812605 2.26172995 0.1026415
v -0.32741299 2.84488201 0.1028795
v -0.399728 2.8696599 0.1028795
v -0.299189 2.86936092 0.1028795
v -0.31196799 2.92853498 0.1028795
v -0.35234698 2.76844 0.10285349
v -0.43309199 2.75950002 0.1028545
v -0.424241 2.81748199 0.1028795
v -0.34209901 2.82064104 0.1028795
v -0.233611 2.93558502 0.1028795
v -0.228992 2.87560701 0.1028795
v -0.29498601 2.59516191 0.1026965
v -0.37400698 2.58550405 0.1026965
v -0.30889201 2.63858699 0.1027355
v -0.388383 2.62910103 0.1027355
v -0.32308799 2.68193507 0.1027745
v -0.403023 2.67262196 0.10277549
v -0.33757299 2.72522211 0.1028145
v -0.41792699 2.71609807 0.1028145
v -0.37138399 2.5222609 0.10262449
v -0.32954999 2.48650407 0.10262449
v -0.39581 2.4619739 0.1026135
v -0.404372 2.50721001 0.1026135
v -0.28432899 2.56122589 0.10266549
v -0.36293599 2.55133509 0.10266549
v -0.29530599 2.52130889 0.1026525
v -0.36551299 2.53231811 0.1026415
v -0.12647199 2.86033296 0.1028795
v -0.058797 2.89588499 0.1028795
v -0.15810799 2.88020801 0.1028795
v -0.15452699 2.94064307 0.1028795
v -0.09014099 2.78860497 0.10285349
v -0.008979 2.79212307 0.1028545
v -0.026593 2.84806203 0.1028795
v -0.10825199 2.83863496 0.1028795
v -0.12033099 2.6085999 0.1026965
v -0.04075999 2.61113405 0.1026965
v -0.113227 2.65363097 0.1027355
v -0.03322 2.65640997 0.1027355
v -0.105827 2.69864511 0.1027745
v -0.025409 2.70166611 0.10277549
v -0.09813199 2.74362993 0.1028145
v -0.017329 2.74690794 0.1028145
v -0.033682 2.54823088 0.10262449
v -0.069557 2.50649905 0.10262449
v -0.000325 2.4923911 0.1026135
v 0.00122 2.53840208 0.1026135
v -0.12567199 2.57342791 0.10266549
v -0.04647599 2.57567191 0.10266549
v -0.11023999 2.53619599 0.1026525
v -0.041021 2.55726695 0.1026415
v -0.77406299 2.76006889 0.1028795
v -0.84931898 2.77348709 0.1028795
v -0.74991899 2.78858304 0.1028795
v -0.77160602 2.84510207 0.1028795
v -0.78700202 2.68071198 0.10285349
v -0.86542701 2.65952491 0.1028545
v -0.86555498 2.71817398 0.1028795
v -0.78486597 2.73388004 0.1028795
v -0.695252 2.86406898 0.1028795
v -0.68150502 2.80549907 0.1028795
v -0.70379102 2.51827192 0.1026965
v -0.780402 2.49661707 0.1026965
v -0.72417902 2.55903911 0.1027355
v -0.80128097 2.53749394 0.1027355
v -0.74484401 2.59970808 0.1027745
v -0.82241302 2.57827496 0.10277549
v -0.76578402 2.64026188 0.1028145
v -0.843795 2.61894488 0.1028145
v -0.76812702 2.43452501 0.10262449
v -0.72131401 2.40559601 0.10262449
v -0.68806499 2.48635292 0.10266549
v -0.764229 2.4645369 0.10266549
v -0.69279998 2.44523 0.1026525
v -0.76386499 2.44534897 0.1026415
v -0.577856 2.80610609 0.1028795
v -0.51641899 2.85159897 0.1028795
v -0.61216098 2.82090401 0.1028795
v -0.61787301 2.88117098 0.1028795
v -0.53097099 2.74078297 0.10285349
v -0.45130398 2.75667405 0.1028545
v -0.47727501 2.80926799 0.1028795
v -0.55652797 2.78744792 0.1028795
v -0.53324997 2.55827188 0.1026965
v -0.455004 2.5729599 0.1026965
v -0.53312403 2.6038649 0.1027355
v -0.45448499 2.6188631 0.1027355
v -0.53270202 2.64947891 0.1027745
v -0.45369499 2.66477704 0.10277549
v -0.53198397 2.69511103 0.1028145
v -0.45263499 2.71072197 0.1028145
v -0.43838098 2.51188993 0.10262449
v -0.46744599 2.46515798 0.10262449
v -0.53314399 2.52269792 0.10266549
v -0.455224 2.53703999 0.10266549
v -0.51219397 2.48827409 0.1026525
v -0.44701799 2.51969409 0.1026415
v 0.57785701 2.80610609 0.1028795
v 0.51642 2.85159897 0.1028795
v 0.61216098 2.8209021 0.1028795
v 0.61787301 2.88117098 0.1028795
v 0.530972 2.74078297 0.10285349
v 0.451305 2.75667405 0.1028545
v 0.47727599 2.80926799 0.1028795
v 0.55652797 2.78744792 0.1028795
v 0.69469499 2.864192 0.1028795
v 0.68095898 2.8056209 0.1028795
v 0.53325098 2.55827188 0.1026965
v 0.45500499 2.5729599 0.1026965
v 0.53312403 2.6038649 0.1027355
v 0.45448499 2.6188631 0.1027355
v 0.53270202 2.64947891 0.1027745
v 0.45369499 2.66477704 0.10277549
v 0.53198498 2.69511103 0.1028145
v 0.45263499 2.71072197 0.1028145
v 0.438382 2.51188993 0.10262449
v 0.46744599 2.46515798 0.10262449
v 0.39686998 2.46181011 0.1026135
v 0.402388 2.50751304 0.1026135
v 0.53314501 2.52269792 0.10266549
v 0.455224 2.53703999 0.10266549
v 0.51061201 2.48797106 0.1026525
v 0.44701799 2.51969409 0.1026415
v 0.77406299 2.76006889 0.1028795
v 0.84931898 2.77348709 0.1028795
v 0.74991899 2.78858304 0.1028795
v 0.77160602 2.84510207 0.1028795
v 0.78700101 2.68071198 0.10285349
v 0.86542701 2.65952491 0.1028545
v 0.86555498 2.71817398 0.1028795
v 0.78486597 2.73388004 0.1028795
v 0.70379298 2.51827192 0.1026965
v 0.780402 2.49661707 0.1026965
v 0.72417998 2.55903911 0.1027355
v 0.80128198 2.53749394 0.1027355
v 0.74484401 2.59970808 0.1027745
v 0.82241398 2.57827496 0.10277549
v 0.76578497 2.64026188 0.1028145
v 0.843795 2.61894488 0.1028145
v 0.76812797 2.43452501 0.10262449
v 0.72131502 2.40559601 0.10262449
v 0.78303802 2.37120604 0.1026135
v 0.798424 2.4146049 0.1026135
v 0.68806499 2.48635292 0.10266549
v 0.76423001 2.4645369 0.10266549
v 0.69151502 2.44619703 0.1026525
v 0.763866 2.44534897 0.1026415
v 0.12647199 2.86033296 0.1028795
v 0.058796 2.89588689 0.1028795
v 0.15810699 2.88020801 0.1028795
v 0.15452599 2.94064307 0.1028795
v 0.09014 2.78860497 0.10285349
v 0.008978 2.79212307 0.1028545
v 0.02659199 2.84806203 0.1028795
v 0.10825099 2.83863496 0.1028795
v 0.233041 2.93562698 0.1028795
v 0.22843299 2.87564492 0.1028795
v 0.12032999 2.6085999 0.1026965
v 0.04075999 2.61113405 0.1026965
v 0.113227 2.65363097 0.1027355
v 0.03321899 2.65640997 0.1027355
v 0.105827 2.69864511 0.1027745
v 0.025409 2.70166611 0.10277549
v 0.09813199 2.74362993 0.1028145
v 0.017329 2.74690794 0.1028145
v 0.033681 2.54823088 0.10262449
v 0.069557 2.50649905 0.10262449
v 0.12567199 2.57342791 0.10266549
v 0.046475 2.57567191 0.10266549
v 0.10871999 2.53566288 0.1026525
v 0.04101999 2.55726695 0.1026415
v 0.32741299 2.84488201 0.1028795
v 0.399728 2.8696599 0.1028795
v 0.29919001 2.86936092 0.1028795
v 0.31196901 2.92853498 0.1028795
v 0.352348 2.76844 0.10285349
v 0.43309301 2.75950002 0.1028545
v 0.42423999 2.81748199 0.1028795
v 0.34209999 2.82064104 0.1028795
v 0.29498601 2.59516191 0.1026965
v 0.374008 2.58550405 0.1026965
v 0.30889201 2.63858699 0.1027355
v 0.38838401 2.62910103 0.1027355
v 0.32308799 2.68193507 0.1027745
v 0.403023 2.67262196 0.10277549
v 0.33757299 2.72522211 0.1028145
v 0.41792699 2.71609807 0.1028145
v 0.371385 2.5222609 0.10262449
v 0.32954999 2.48650407 0.10262449
v 0.28432899 2.56122589 0.10266549
v 0.362937 2.55133509 0.10266549
v 0.293886 2.52206993 0.1026525
v 0.36551401 2.53231811 0.1026415
v 1.42709505 2.49644804 0.1028795
v 1.38224399 2.55834293 0.1028795
v 1.46426701 2.50020504 0.1028795
v 1.48789405 2.55593609 0.1028795
v 1.36268699 2.44831705 0.10285349
v 1.29152905 2.4875009 0.1028545
v 1.33215594 2.52981805 0.1028795
v 1.40112996 2.48508811 0.1028795
v 1.55601596 2.51659011 0.1028795
v 1.52524995 2.46488404 0.1028795
v 1.30979895 2.27362203 0.1026965
v 1.23962903 2.31123399 0.1026965
v 1.32343304 2.31713008 0.1027355
v 1.25298202 2.35514593 0.1027355
v 1.33679199 2.36074399 0.1027745
v 1.266083 2.39916205 0.10277549
v 1.349877 2.40446996 0.1028145
v 1.27893197 2.44328308 0.1028145
v 1.20535397 2.25800991 0.10262449
v 1.21896803 2.20470809 0.10262449
v 1.15067005 2.22279596 0.1026135
v 1.16972005 2.264714 0.1026135
v 1.29896497 2.23973488 0.10266549
v 1.22900104 2.27692008 0.10266549
v 1.26700496 2.21343588 0.1026525
v 1.215945 2.2628529 0.1026415
v 1.60027205 2.3933649 0.1028795
v 1.67606902 2.38345193 0.1028795
v 1.585855 2.42782902 0.1028795
v 1.62358295 2.4751749 0.1028795
v 1.588665 2.313802 0.10285349
v 1.65704298 2.26993608 0.1028545
v 1.67486 2.32581305 0.1028795
v 1.60266804 2.36512589 0.1028795
v 1.46032297 2.18403101 0.1026965
v 1.52682995 2.1402719 0.1026965
v 1.49206101 2.2167499 0.1027355
v 1.55907297 2.17294597 0.1027355
v 1.52403199 2.24928689 0.1027745
v 1.59152197 2.20545291 0.10277549
v 1.556234 2.28163909 0.1028145
v 1.624179 2.23778295 0.1028145
v 1.49639499 2.08477997 0.10262449
v 1.44303703 2.07132101 0.10262449
v 1.49151098 2.01991295 0.1026135
v 1.51927101 2.05664205 0.1026135
v 1.43570101 2.15834999 0.10266549
v 1.50173604 2.1145699 0.10266549
v 1.42687797 2.11902189 0.1026525
v 1.49560201 2.09639096 0.1026415
v 1.01310503 2.68433809 0.1028795
v 0.95930701 2.73863697 0.1028795
v 1.04926204 2.69373703 0.1028795
v 1.06407904 2.7524259 0.1028795
v 0.956824 2.62689709 0.10285349
v 0.88050597 2.65473699 0.1028545
v 0.914177 2.70275902 0.1028795
v 0.98918402 2.669142 0.1028795
v 1.13742399 2.72397089 0.1028795
v 1.11493396 2.66817092 0.1028795
v 0.93130099 2.44617795 0.1026965
v 0.856202 2.47259903 0.1026965
v 0.93811398 2.49126005 0.1027355
v 0.86267399 2.51804494 0.1027355
v 0.94463998 2.53640294 0.1027745
v 0.868882 2.5635519 0.10277549
v 0.95087599 2.58161711 0.1028145
v 0.87482702 2.60911107 0.1028145
v 0.83047699 2.41476297 0.10262449
v 0.85209298 2.36416602 0.10262449
v 0.92578297 2.41103506 0.10266549
v 0.85095202 2.43705701 0.10266549
v 0.89822697 2.38013696 0.1026525
v 0.84020197 2.42116808 0.1026415
v 1.200019 2.60897803 0.1028795
v 1.27644097 2.61077189 0.1028795
v 1.18049705 2.64083099 0.1028795
v 1.21053195 2.69338989 0.1028795
v 1.20072996 2.52856898 0.10285349
v 1.27501702 2.49569106 0.1028545
v 1.28406894 2.55363392 0.1028795
v 1.20670998 2.58143496 0.1028795
v 1.09376704 2.38067793 0.1026965
v 1.16619002 2.34761905 0.1026965
v 1.12012195 2.41786789 0.1027355
v 1.193048 2.38485097 0.1027355
v 1.14673602 2.45491504 0.1027745
v 1.22013998 2.42193198 0.10277549
v 1.17360496 2.49181389 0.1028145
v 1.24746298 2.4588871 0.1028145
v 1.14460802 2.28812503 0.10262449
v 1.09393894 2.26665592 0.10262449
v 1.07336497 2.35153293 0.10266549
v 1.14532494 2.31837892 0.10266549
v 1.07066595 2.31132388 0.1026525
v 1.14204502 2.299474 0.1026415
v 2.14468789 1.94359803 0.1028795
v 2.12065005 2.01616191 0.1028795
v 2.1812551 1.93594098 0.1028795
v 2.22062706 1.98192799 0.1028795
v 2.06874108 1.91718101 0.10285349
v 2.01276111 1.97605598 0.1028545
v 2.06427693 2.00409698 0.1028795
v 2.116503 1.94061994 0.1028795
v 2.27366304 1.92381405 0.1028795
v 2.22870588 1.88383603 0.1028795
v 1.96551704 1.76666605 0.1026965
v 1.90999698 1.82371997 0.1026965
v 1.99165999 1.80400204 0.1027355
v 1.93600201 1.86154699 0.1027355
v 2.01758194 1.84153699 0.1027745
v 1.96179902 1.89954304 0.10277549
v 2.04327607 1.87926602 0.1028145
v 1.98738598 1.93771302 0.1028145
v 1.86124002 1.78336298 0.10262449
v 1.85809803 1.72842097 0.10262449
v 1.79846704 1.76632797 0.1026135
v 1.82929599 1.80051398 0.1026135
v 1.94494295 1.73763299 0.10266549
v 1.88949394 1.79422295 0.10266549
v 1.90652501 1.72221994 0.1026525
v 1.87279796 1.78477394 0.1026415
v 2.27859807 1.792984 0.1028795
v 2.34784889 1.76061904 0.1028795
v 2.27527308 1.83019495 0.1028795
v 2.32554793 1.86391305 0.1028795
v 2.2434771 1.72064399 0.10285349
v 2.29539299 1.65816795 0.1028545
v 2.32926988 1.70603501 0.1028795
v 2.27234196 1.76533901 0.1028795
v 2.08190798 1.63574397 0.1026965
v 2.13207507 1.57392704 0.1026965
v 2.12205505 1.65734005 0.1027355
v 2.1726861 1.59533298 0.1027355
v 2.16236496 1.67868995 0.1027745
v 2.21344304 1.61650705 0.10277549
v 2.20283889 1.69979405 0.1028145
v 2.25434708 1.63744902 0.1028145
v 2.08628511 1.53022396 0.10262449
v 2.03135895 1.53354394 0.10262449
v 2.06202197 1.46988701 0.1026135
v 2.09958601 1.49649798 0.1026135
v 2.050673 1.61871194 0.10266549
v 2.10038399 1.55702102 0.10266549
v 2.03037595 1.58389401 0.1026525
v 2.08904004 1.54154694 0.1026415
v 1.80687201 2.24784898 0.1028795
v 1.77200901 2.31588196 0.1028795
v 1.84418094 2.24587798 0.1028795
v 1.87604796 2.29734802 0.1028795
v 1.73586201 2.2101221 0.10285349
v 1.67153203 2.259727 0.1028545
v 1.71814596 2.2953279 0.1028795
v 1.77947604 2.2405889 0.1028795
v 1.93735396 2.248039 0.1028795
v 1.89904797 2.20164799 0.1028795
v 1.65689694 2.04557395 0.1026965
v 1.59329795 2.09345698 0.1026965
v 1.67701804 2.08647203 0.1027355
v 1.61320698 2.13481307 0.1027355
v 1.69688701 2.12754011 0.1027745
v 1.63288199 2.17631602 0.10277549
v 1.71650195 2.16874694 0.1028145
v 1.652323 2.21795988 0.1028145
v 1.55129301 2.046103 0.10262449
v 1.55659902 1.99133694 0.10262449
v 1.64101004 2.01374006 0.10266549
v 1.57755005 2.06117105 0.10266549
v 1.60540497 1.99261796 0.1026525
v 1.56249904 2.04926991 0.1026415
v 1.96225702 2.11951088 0.1028795
v 2.03564906 2.09811902 0.1028795
v 1.95327794 2.15577793 0.1028795
v 1.99779796 2.19679093 0.1028795
v 1.93862497 2.04265308 0.10285349
v 1.99949705 1.98884904 0.1028545
v 2.02564311 2.04134988 0.1028795
v 1.96030795 2.09123206 0.1028795
v 1.79195702 1.93401897 0.1026965
v 1.85099494 1.88060903 0.1026965
v 1.82832396 1.96150398 0.1027355
v 1.88785195 1.90798103 0.1027355
v 1.864892 1.98877596 0.1027745
v 1.92488801 1.93513703 0.10277549
v 1.90165996 2.01582503 0.1028145
v 1.96210396 1.96209204 0.1028145
v 1.81243598 1.83041799 0.10262449
v 1.75765001 1.82527494 0.10262449
v 1.76369905 1.91240096 0.10266549
v 1.822268 1.85905301 0.10266549
v 1.74897003 1.87489104 0.1026525
v 1.81342697 1.84201705 0.1026415
v 2.6616559 1.199476 0.1028795
v 2.66068792 1.27590799 0.1028795
v 2.69419908 1.18111395 0.1028795
v 2.74563193 1.21303796 0.1028795
v 2.58127903 1.19725704 0.10285349
v 2.54572391 1.27030098 0.1028545
v 2.60330605 1.28145504 0.1028795
v 2.63389396 1.20515394 0.1028795
v 2.77861189 1.141608 0.1028795
v 2.72367095 1.11709904 0.1028795
v 2.4373691 1.08499598 0.1026965
v 2.40170288 1.15617501 0.1026965
v 2.47358393 1.11268496 0.1027355
v 2.43793201 1.184358 0.1027355
v 2.50963997 1.14062595 0.1027745
v 2.47400903 1.21278297 0.10277549
v 2.54554009 1.16881895 0.1028145
v 2.5099399 1.24143004 0.1028145
v 2.34302306 1.13243997 0.10262449
v 2.32341599 1.08103001 0.10262449
v 2.27803897 1.13518405 0.1026135
v 2.31776404 1.15845799 0.1026135
v 2.40898299 1.06355702 0.10266549
v 2.37324094 1.13425505 0.10266549
v 2.367702 1.06047499 0.1026525
v 2.3544681 1.13029205 0.1026415
v 2.74375009 1.01541197 0.1028795
v 2.79997396 0.963615 0.1028795
v 2.75183701 1.05188894 0.1028795
v 2.80995297 1.06882703 0.1028795
v 2.68840193 0.95708298 0.10285349
v 2.7189939 0.88182699 0.1028545
v 2.76576399 0.91722297 0.1028795
v 2.7294321 0.99094802 0.1028795
v 2.50872302 0.92501199 0.1026965
v 2.5378499 0.85092902 0.1026965
v 2.55352211 0.93345499 0.1027355
v 2.58303189 0.85904198 0.1027355
v 2.59840011 0.94161897 0.1027745
v 2.62828207 0.86690002 0.10277549
v 2.64336204 0.94949001 0.1028145
v 2.67360496 0.87449199 0.1028145
v 2.48098993 0.82311797 0.10262449
v 2.42963409 0.84288299 0.10262449
v 2.43961405 0.77293902 0.1026135
v 2.4834671 0.78694301 0.1026135
v 2.47380089 0.91822701 0.10266549
v 2.50253009 0.84438598 0.10266549
v 2.44392609 0.89117902 0.1026525
v 2.48703694 0.83307397 0.1026415
v 2.43166089 1.59162604 0.1028795
v 2.41900301 1.66701602 0.1028795
v 2.46662902 1.57847094 0.1028795
v 2.51256895 1.61789 0.1028795
v 2.3525691 1.57714295 0.10285349
v 2.306252 1.64387702 0.1028545
v 2.36144709 1.66371905 0.1028795
v 2.40335297 1.59299695 0.1028795
v 2.55609488 1.55235302 0.1028795
v 2.505553 1.51972401 0.1028795
v 2.22754001 1.44416999 0.1026965
v 2.18140006 1.509045 0.1026965
v 2.25908994 1.47707498 0.1027355
v 2.21288299 1.54244995 0.1027355
v 2.29044294 1.51020395 0.1027745
v 2.24418902 1.57606601 0.10277549
v 2.32160496 1.543563 0.1028145
v 2.27530908 1.60987198 0.1028145
v 2.12704396 1.47662603 0.10262449
v 2.11553597 1.42279994 0.10262449
v 2.20277309 1.41863894 0.10266549
v 2.15662598 1.48303198 0.10266549
v 2.16244888 1.40927004 0.1026525
v 2.13868093 1.47624599 0.1026415
v 2.54096388 1.42230296 0.1028795
v 2.60445189 1.37973594 0.1028795
v 2.54337191 1.45959401 0.1028795
v 2.59821009 1.48522496 0.1028795
v 2.49519491 1.35619497 0.10285349
v 2.53694701 1.28650498 0.1028545
v 2.57774806 1.32864403 0.1028795
v 2.53055596 1.39595305 0.1028795
v 2.322546 1.29700696 0.1026965
v 2.36267089 1.22824001 0.1026965
v 2.3655219 1.31221199 0.1027355
v 2.406075 1.24317705 0.1027355
v 2.40862298 1.32713794 0.1027745
v 2.44958996 1.25787305 0.10277549
v 2.45184803 1.34179401 0.1028145
v 2.49321603 1.27231705 0.1028145
v 2.31073594 1.19206094 0.10262449
v 2.2569611 1.20372498 0.10262449
v 2.28907203 1.28494894 0.10266549
v 2.32876491 1.21637296 0.10266549
v 2.26369094 1.25364196 0.1026525
v 2.31518793 1.20281601 0.1026415
v 2.92948389 0.33328899 0.1028795
v 2.951689 0.40643701 0.1028795
v 2.95494699 0.30595201 0.1028795
v 3.01362991 0.32081601 0.1028795
v 2.85220503 0.35550299 0.10285349
v 2.8404181 0.43588298 0.1028545
v 2.89867496 0.42908901 0.1028795
v 2.90474295 0.34710699 0.1028795
v 3.02344989 0.24275599 0.1028795
v 2.96366596 0.23602099 0.1028795
v 2.68107605 0.292059 0.1026965
v 2.66861391 0.37067899 0.1026965
v 2.72396802 0.30748701 0.1027355
v 2.71167588 0.38658699 0.1027355
v 2.766788 0.323208 0.1027745
v 2.75466394 0.402754 0.10277549
v 2.80953502 0.33921301 0.1028145
v 2.79757809 0.41919499 0.1028145
v 2.60550689 0.36582899 0.10262449
v 2.57126092 0.322746 0.10262449
v 2.54439711 0.38810101 0.1026135
v 2.58930397 0.398258 0.1026135
v 2.64752697 0.28020098 0.10266549
v 2.63485693 0.358408 0.10266549
v 2.60725307 0.28975701 0.1026525
v 2.6157639 0.36030399 0.1026415
v 2.95203805 0.133028 0.1028795
v 2.98995494 0.06664799 0.1028795
v 2.97078204 0.16534699 0.1028795
v 3.03130006 0.16389399 0.1028795
v 2.8816359 0.09416999 0.10285349
v 2.88802194 0.013184 0.1028545
v 2.94330811 0.032777 0.1028795
v 2.93099093 0.114044 0.1028795
v 2.70067691 0.11797499 0.1026965
v 2.70601797 0.038545 0.1026965
v 2.74592995 0.112464 0.1027355
v 2.75153803 0.03260999 0.1027355
v 2.79117488 0.10665699 0.1027745
v 2.79704594 0.02641299 0.10277549
v 2.83641004 0.10056699 0.1028145
v 2.84254097 0.019943 0.1028145
v 2.64341211 0.029262 0.10262449
v 2.60044503 0.063619 0.10262449
v 2.58878994 -0.006049 0.1026135
v 2.63482689 -0.005971 0.1026135
v 2.66533803 0.122074 0.10266549
v 2.67037797 0.042996 0.10266549
v 2.62867689 0.10532499 0.1026525
v 2.65218305 0.036911 0.1026415
v 2.82892894 0.77666097 0.1028795
v 2.83967208 0.85234499 0.1028795
v 2.85827589 0.75354397 0.1028795
v 2.91399002 0.777215 0.1028795
v 2.74915695 0.786785 0.10285349
v 2.72520589 0.86441201 0.1028545
v 2.78381705 0.86661702 0.1028795
v 2.80236291 0.78653001 0.1028795
v 2.93564605 0.70157402 0.1028795
v 2.87759995 0.68576997 0.1028795
v 2.58975911 0.69787597 0.1026965
v 2.56541109 0.77368098 0.1026965
v 2.62978506 0.71969401 0.1027355
v 2.60552597 0.79598802 0.1027355
v 2.66969394 0.74178201 0.1027745
v 2.64553308 0.81854999 0.10277549
v 2.7094841 0.764144 0.1028145
v 2.68542599 0.84136098 0.1028145
v 2.50378894 0.75920701 0.10262449
v 2.47654104 0.711407 0.10262449
v 2.55842304 0.68103599 0.10266549
v 2.53392911 0.75638097 0.10266549
v 2.51715588 0.68431097 0.1026525
v 2.51476907 0.75533402 0.1026415
v 2.88187503 0.58220499 0.1028795
v 2.92950606 0.52241998 0.1028795
v 2.89545202 0.61701297 0.1028795
v 2.95547294 0.62484902 0.1028795
v 2.81824898 0.53303802 0.10285349
v 2.83695602 0.45399001 0.1028545
v 2.88859391 0.48179298 0.1028795
v 2.86398005 0.56023502 0.1028795
v 2.63578009 0.52886098 0.1026965
v 2.65321898 0.451184 0.1026965
v 2.68134093 0.530344 0.1027355
v 2.69911003 0.45228698 0.1027355
v 2.72693991 0.53153401 0.1027745
v 2.74503111 0.453123 0.10277549
v 2.772578 0.53243398 0.1028145
v 2.7909801 0.45369198 0.1028145
v 2.5927701 0.43241199 0.10262449
v 2.54504609 0.45980799 0.10262449
v 2.60022711 0.52749198 0.10266549
v 2.61731195 0.45013499 0.10266549
v 2.56656408 0.50533902 0.1026525
v 2.60026907 0.44130998 0.1026415
v -2.95547294 -0.62485498 -0.10261349
v -2.92950606 -0.52241998 -0.10261349
v -2.88187503 -0.58220702 -0.10261349
v -2.89545106 -0.617015 -0.10261349
v -2.86402702 -0.56024801 -0.10261349
v -2.88864111 -0.48180499 -0.10261349
v -2.83709096 -0.454023 -0.10263949
v -2.81838297 -0.533073 -0.10263949
v -2.87774491 -0.68523001 -0.10261349
v -2.93579506 -0.70102602 -0.10261349
v -2.68151688 -0.530384 -0.10275749
v -2.69928598 -0.45232701 -0.10275749
v -2.65339493 -0.45122298 -0.10279749
v -2.63595604 -0.52890002 -0.10279749
v -2.7271161 -0.53157901 -0.1027185
v -2.74520707 -0.453166 -0.1027185
v -2.77275395 -0.53248101 -0.10267849
v -2.79115605 -0.45373299 -0.10267849
v -2.59282398 -0.43248799 -0.10286849
v -2.58969688 -0.396279 -0.10287949
v -2.54421401 -0.389153 -0.10287949
v -2.54510092 -0.45988699 -0.10286849
v -2.61745595 -0.450183 -0.1028275
v -2.60037207 -0.52754002 -0.1028275
v -2.60037493 -0.441399 -0.10285249
v -2.56642603 -0.50384002 -0.10284149
v -2.82892799 -0.77666097 -0.10261349
v -2.83967089 -0.85234898 -0.10261349
v -2.91399002 -0.777215 -0.10261349
v -2.85827589 -0.75354397 -0.10261349
v -2.80240988 -0.78654199 -0.10261349
v -2.78386306 -0.86663001 -0.10261349
v -2.74928998 -0.786825 -0.10263949
v -2.72533893 -0.86445301 -0.10263949
v -2.56558299 -0.77373802 -0.10279749
v -2.6056981 -0.796045 -0.10275749
v -2.62995696 -0.71974897 -0.10275749
v -2.58993101 -0.69793099 -0.10279749
v -2.64570498 -0.818605 -0.1027185
v -2.66986703 -0.74183702 -0.1027185
v -2.68559908 -0.84141701 -0.10267849
v -2.70965695 -0.76419997 -0.10267849
v -2.44000697 -0.77187997 -0.10287949
v -2.48282504 -0.788796 -0.10287949
v -2.50387501 -0.75917297 -0.10286849
v -2.47662711 -0.71136897 -0.10286849
v -2.53407788 -0.756415 -0.1028275
v -2.55857205 -0.68106901 -0.1028275
v -2.51490402 -0.75531697 -0.10285249
v -2.51831102 -0.68303901 -0.10284149
v -3.03130006 -0.16389399 -0.10261349
v -2.98995399 -0.06664799 -0.10261349
v -2.95203805 -0.133017 -0.10261349
v -2.97078204 -0.165341 -0.10261349
v -2.93103909 -0.11405 -0.10261349
v -2.94335603 -0.032783 -0.10261349
v -2.88815999 -0.013197 -0.10263949
v -2.8817749 -0.094182 -0.10263949
v -2.96373009 -0.23546899 -0.10261349
v -3.02351403 -0.24219299 -0.10261349
v -2.74610996 -0.11247699 -0.10275749
v -2.75171899 -0.03262199 -0.10275749
v -2.70619797 -0.038557 -0.10279749
v -2.70085692 -0.11798299 -0.10279749
v -2.79135608 -0.106678 -0.1027185
v -2.79722595 -0.02642799 -0.1027185
v -2.83659005 -0.10058099 -0.10267849
v -2.84272193 -0.019957 -0.10267849
v -2.67052793 -0.043021 -0.1028275
v -2.665488 -0.12209899 -0.1028275
v -2.65230107 -0.036981 -0.10285249
v -2.6434791 -0.029338 -0.10286849
v -2.60051298 -0.06369499 -0.10286849
v -2.62831306 -0.10386899 -0.10284149
v -2.92948389 -0.33329099 -0.10261349
v -2.95168805 -0.40643701 -0.10261349
v -3.01362991 -0.32081601 -0.10261349
v -2.95494604 -0.30595201 -0.10261349
v -2.90479111 -0.34711399 -0.10261349
v -2.89872288 -0.42909398 -0.10261349
v -2.85234308 -0.355522 -0.10263949
v -2.8405559 -0.43590199 -0.10263949
v -2.668792 -0.37071099 -0.10279749
v -2.71185493 -0.386615 -0.10275749
v -2.72414588 -0.30751699 -0.10275749
v -2.68125391 -0.292088 -0.10279749
v -2.75484299 -0.402787 -0.1027185
v -2.76696705 -0.32323598 -0.1027185
v -2.79775691 -0.41922199 -0.10267849
v -2.80971288 -0.33924001 -0.10267849
v -2.63501 -0.35841599 -0.1028275
v -2.64768004 -0.28020998 -0.1028275
v -2.57133889 -0.322694 -0.10286849
v -2.60558509 -0.36577698 -0.10286849
v -2.61589503 -0.360264 -0.10285249
v -2.60819697 -0.288329 -0.10284049
v -2.59967088 -1.48282802 -0.10261349
v -2.60581493 -1.37733304 -0.10261349
v -2.54236602 -1.41996097 -0.10261349
v -2.54480791 -1.45724296 -0.10261349
v -2.53197598 -1.39363503 -0.10261349
v -2.57910394 -1.326285 -0.10261349
v -2.53834295 -1.28423404 -0.10263949
v -2.49665689 -1.35396599 -0.10263949
v -2.50735092 -1.51693296 -0.10261349
v -2.55792808 -1.54950797 -0.10261349
v -2.36697888 -1.31010603 -0.10275749
v -2.40746998 -1.24104702 -0.10275749
v -2.36405205 -1.22614896 -0.10279749
v -2.32398891 -1.29494404 -0.10279749
v -2.41009497 -1.325006 -0.1027185
v -2.45099902 -1.25569701 -0.1027185
v -2.45333409 -1.33963298 -0.10267849
v -2.49463605 -1.27010297 -0.10267849
v -2.31195592 -1.19001305 -0.10286849
v -2.31989407 -1.15455603 -0.10287949
v -2.2786839 -1.13403499 -0.10287949
v -2.25819206 -1.20172905 -0.10286849
v -2.33010196 -1.21430897 -0.1028275
v -2.29047393 -1.28291702 -0.1028275
v -2.3164649 -1.20079302 -0.10285249
v -2.26526188 -1.25007498 -0.10284149
v -2.4332211 -1.58937895 -0.10261349
v -2.42063188 -1.66477894 -0.10261349
v -2.514153 -1.61556899 -0.10261349
v -2.46817588 -1.57618999 -0.10261349
v -2.4049561 -1.59080505 -0.10261349
v -2.36311411 -1.66156005 -0.10261349
v -2.35423111 -1.57504499 -0.10263949
v -2.30797505 -1.64182901 -0.10263949
v -2.18303108 -1.50713896 -0.10279749
v -2.21454691 -1.54051101 -0.10275749
v -2.26068997 -1.47508895 -0.10275749
v -2.2291131 -1.44222104 -0.10279749
v -2.24588203 -1.57409501 -0.1027185
v -2.29207706 -1.508201 -0.1027185
v -2.27703499 -1.607872 -0.10267849
v -2.32326793 -1.54152405 -0.10267849
v -2.06386494 -1.46748495 -0.10287949
v -2.09958601 -1.49652695 -0.10287949
v -2.1285901 -1.47463595 -0.10286849
v -2.11703491 -1.42084205 -0.10286849
v -2.1582179 -1.48111605 -0.1028275
v -2.20430588 -1.41667699 -0.1028275
v -2.14026999 -1.47429394 -0.10285249
v -2.16532111 -1.40641105 -0.10284049
v -2.8110311 -1.06622397 -0.10261349
v -2.80095195 -0.96103501 -0.10261349
v -2.74477911 -1.012874 -0.10261349
v -2.75289988 -1.04934597 -0.10261349
v -2.7304809 -0.98845601 -0.10261349
v -2.76674509 -0.91468501 -0.10261349
v -2.72002792 -0.87936502 -0.10263949
v -2.6895039 -0.95464897 -0.10263949
v -2.72502088 -1.11406898 -0.10261349
v -2.77998709 -1.13851499 -0.10261349
v -2.55464291 -0.931167 -0.10275749
v -2.58408188 -0.85672402 -0.10275749
v -2.53889393 -0.84864401 -0.10279749
v -2.5098381 -0.92276597 -0.10279749
v -2.59952807 -0.93928498 -0.1027185
v -2.62934207 -0.86453598 -0.1027185
v -2.64449596 -0.94711899 -0.10267849
v -2.67466807 -0.87208902 -0.10267849
v -2.50353407 -0.84214401 -0.1028275
v -2.47487592 -0.91600602 -0.1028275
v -2.48798799 -0.830868 -0.10285249
v -2.48187995 -0.82090902 -0.10286849
v -2.43054509 -0.84073001 -0.10286849
v -2.44493389 -0.88741201 -0.10284149
v -2.66285705 -1.19700205 -0.10261349
v -2.66195607 -1.27344596 -0.10261349
v -2.7468431 -1.21050095 -0.10261349
v -2.69538092 -1.17862296 -0.10261349
v -2.63514089 -1.20273697 -0.10261349
v -2.60462307 -1.27906894 -0.10261349
v -2.58259892 -1.19493198 -0.10263949
v -2.54711294 -1.26800894 -0.10263949
v -2.40302395 -1.15403103 -0.10279749
v -2.43927598 -1.18218803 -0.10275749
v -2.47486305 -1.110484 -0.10275749
v -2.4386239 -1.08282995 -0.10279749
v -2.47538304 -1.21058094 -0.1027185
v -2.51094698 -1.13838696 -0.1027185
v -2.51134109 -1.23918902 -0.10267849
v -2.54687094 -1.16654396 -0.10267849
v -2.37452197 -1.13212204 -0.1028275
v -2.41019892 -1.06137895 -0.1028275
v -2.32459402 -1.07885694 -0.10286849
v -2.34425091 -1.13025105 -0.10286849
v -2.35573792 -1.12811601 -0.10285249
v -2.37010288 -1.05720305 -0.10284149
v -2.00008988 -2.19478797 -0.10261349
v -2.03784203 -2.09608507 -0.10261349
v -1.964473 -2.11754107 -0.10261349
v -1.95553004 -2.15381693 -0.10261349
v -1.96252703 -2.08931303 -0.10261349
v -2.02781295 -2.03935909 -0.10261349
v -2.00167298 -1.98695004 -0.10263949
v -1.94085502 -2.04081392 -0.10263949
v -1.90177798 -2.19939494 -0.10261349
v -1.94014 -2.24573707 -0.10261349
v -1.83050394 -1.95980894 -0.10275749
v -1.88997697 -1.90622103 -0.10275749
v -1.85309398 -1.87888896 -0.10279749
v -1.79410898 -1.93235504 -0.10279749
v -1.86709904 -1.98705005 -0.1027185
v -1.92704105 -1.93334603 -0.1027185
v -1.90389204 -2.01405501 -0.10267849
v -1.96428203 -1.96026396 -0.10267849
v -1.81436097 -1.82870101 -0.10286849
v -1.83264994 -1.79729902 -0.10287949
v -1.79957103 -1.76527905 -0.10287949
v -1.75957 -1.82361304 -0.10286849
v -1.82431304 -1.85734796 -0.1028275
v -1.76579797 -1.910766 -0.1028275
v -1.81540203 -1.84033203 -0.10285249
v -1.75169599 -1.87182998 -0.10284149
v -1.80921495 -2.24604105 -0.10261349
v -1.77442097 -2.31410002 -0.10261349
v -1.87844204 -2.29547095 -0.10261349
v -1.84652304 -2.24404192 -0.10261349
v -1.78184294 -2.23885011 -0.10261349
v -1.72056794 -2.29364299 -0.10261349
v -1.73825502 -2.20849204 -0.10263949
v -1.67397201 -2.25817108 -0.10263949
v -1.59559595 -2.09200692 -0.10279749
v -1.61554694 -2.13334989 -0.10275749
v -1.67930996 -2.08494091 -0.10275749
v -1.65914797 -2.04405689 -0.10279749
v -1.63526403 -2.17482709 -0.1027185
v -1.69921994 -2.12598204 -0.1027185
v -1.65474796 -2.2164421 -0.10267849
v -1.71887695 -2.1671791 -0.10267849
v -1.49399399 -2.0181849 -0.10287949
v -1.51926505 -2.05666708 -0.10287949
v -1.55352795 -2.04456806 -0.10286849
v -1.558779 -1.98979902 -0.10286849
v -1.579813 -2.05970501 -0.1028275
v -1.64322495 -2.01220703 -0.1028275
v -1.564767 -2.04777407 -0.10285249
v -1.60916698 -1.99063694 -0.10284149
v -2.32750701 -1.86159002 -0.10261349
v -2.34970498 -1.75827097 -0.10261349
v -2.28048491 -1.79070699 -0.10261349
v -2.27719998 -1.82791698 -0.10261349
v -2.27423906 -1.76309895 -0.10261349
v -2.33110809 -1.70373797 -0.10261349
v -2.29725408 -1.65595901 -0.10263949
v -2.24539804 -1.71849095 -0.10263949
v -2.23105788 -1.88119304 -0.10261349
v -2.27606296 -1.92111003 -0.10261349
v -2.1239469 -1.65533399 -0.10275749
v -2.17451596 -1.59327495 -0.10275749
v -2.1338849 -1.571913 -0.10279749
v -2.08378005 -1.63377797 -0.10279749
v -2.16427993 -1.67664396 -0.1027185
v -2.21529603 -1.61440897 -0.1027185
v -2.2047739 -1.697703 -0.10267849
v -2.25622105 -1.635311 -0.10267849
v -2.10214591 -1.55502295 -0.1028275
v -2.05249691 -1.61677205 -0.1028275
v -2.090734 -1.53957796 -0.10285249
v -2.08792591 -1.52823996 -0.10286849
v -2.03300094 -1.53160798 -0.10286849
v -2.03260111 -1.58045899 -0.10284149
v -2.14672589 -1.94145202 -0.10261349
v -2.12276005 -2.01403689 -0.10261349
v -2.22270393 -1.97969698 -0.10261349
v -2.18328809 -1.93376004 -0.10261349
v -2.118577 -1.938537 -0.10261349
v -2.06641101 -2.00206494 -0.10261349
v -2.07085704 -1.91521394 -0.10263949
v -2.01493501 -1.97413897 -0.10263949
v -1.91204595 -1.82193195 -0.10279749
v -1.93808996 -1.85973799 -0.10275749
v -1.99369204 -1.80213797 -0.10275749
v -1.96750903 -1.76482105 -0.10279749
v -1.963925 -1.89771199 -0.1027185
v -2.01964902 -1.83965098 -0.1027185
v -1.98955094 -1.93586099 -0.10267849
v -2.04538202 -1.87734997 -0.10267849
v -1.89150297 -1.79243099 -0.1028275
v -1.94689798 -1.73578405 -0.1028275
v -1.86001694 -1.726565 -0.10286849
v -1.86321294 -1.78149902 -0.10286849
v -1.87480795 -1.78294098 -0.10285249
v -1.90994095 -1.71969294 -0.10284149
v -1.21311104 -2.69226408 -0.10261349
v -1.27894401 -2.60960388 -0.10261349
v -1.20252203 -2.60786891 -0.10261349
v -1.18302905 -2.63974094 -0.10261349
v -1.20920395 -2.58037209 -0.10261349
v -1.28653705 -2.552495 -0.10261349
v -1.27746701 -2.49464297 -0.10263949
v -1.20321202 -2.52758789 -0.10263949
v -1.11801004 -2.66692495 -0.10261349
v -1.14056205 -2.72269511 -0.10261349
v -1.12252199 -2.417001 -0.10275749
v -1.19541704 -2.38391089 -0.10275749
v -1.16852498 -2.34670996 -0.10279749
v -1.09613299 -2.37983393 -0.10279749
v -1.14916896 -2.45402002 -0.1027185
v -1.22254204 -2.42097592 -0.1027185
v -1.176072 -2.49089694 -0.10267849
v -1.24989903 -2.45789194 -0.10267849
v -1.14678394 -2.28714609 -0.10286849
v -1.17370998 -2.26275491 -0.10287949
v -1.15186202 -2.2222259 -0.10287949
v -1.09609401 -2.26573705 -0.10286849
v -1.14760601 -2.31746411 -0.1028275
v -1.07567894 -2.35068488 -0.1028275
v -1.14425694 -2.29855489 -0.10285249
v -1.07401001 -2.30930805 -0.10284049
v -1.01567697 -2.68339204 -0.10261349
v -0.96192902 -2.73775911 -0.10261349
v -1.06671404 -2.751446 -0.10261349
v -1.05184304 -2.69276404 -0.10261349
v -0.99176102 -2.66826295 -0.10261349
v -0.91678398 -2.70196294 -0.10261349
v -0.95939302 -2.62615609 -0.10263949
v -0.88309902 -2.65405106 -0.10263949
v -0.85863798 -2.47198009 -0.10279749
v -0.86515301 -2.517421 -0.10275749
v -0.94056898 -2.49054789 -0.10275749
v -0.93371397 -2.44548797 -0.10279749
v -0.87140399 -2.56291389 -0.1027185
v -0.94713598 -2.53569388 -0.1027185
v -0.87739002 -2.60848403 -0.10267849
v -0.95341497 -2.58090901 -0.10267849
v -0.78411603 -2.37089109 -0.10287949
v -0.79656702 -2.4152069 -0.10287949
v -0.832883 -2.414047 -0.10286849
v -0.85445201 -2.36341309 -0.10286849
v -0.85336101 -2.43641591 -0.1028275
v -0.92816698 -2.41032099 -0.1028275
v -0.842628 -2.42048192 -0.10285249
v -0.90222597 -2.37946391 -0.10284149
v -1.62595903 -2.47367596 -0.10261349
v -1.67836105 -2.38190102 -0.10261349
v -1.60257303 -2.39188289 -0.10261349
v -1.588189 -2.4263699 -0.10261349
v -1.60496795 -2.36368799 -0.10261349
v -1.67712295 -2.32430911 -0.10261349
v -1.65930402 -2.26851892 -0.10263949
v -1.59096705 -2.31244993 -0.10263949
v -1.52809798 -2.46319198 -0.10261349
v -1.55892396 -2.514853 -0.10261349
v -1.4943 -2.21552205 -0.10275749
v -1.56126904 -2.1716609 -0.10275749
v -1.52899801 -2.13901209 -0.10279749
v -1.46253204 -2.18282508 -0.10279749
v -1.52629995 -2.24802708 -0.1027185
v -1.59374797 -2.20412993 -0.1027185
v -1.55852997 -2.2803471 -0.10267849
v -1.62643396 -2.23643589 -0.10267849
v -1.50384998 -2.11332011 -0.1028275
v -1.43785595 -2.15715408 -0.1028275
v -1.49764502 -2.09514594 -0.10285249
v -1.49839699 -2.08348202 -0.10286849
v -1.44502604 -2.07008504 -0.10286849
v -1.42987299 -2.11651992 -0.10284049
v -1.42949295 -2.495126 -0.10261349
v -1.38469898 -2.55707311 -0.10261349
v -1.49034595 -2.55456209 -0.10261349
v -1.46666705 -2.49885702 -0.10261349
v -1.40354204 -2.48384189 -0.10261349
v -1.33460795 -2.52862 -0.10261349
v -1.36510801 -2.44717097 -0.10263949
v -1.29398703 -2.48643398 -0.10263949
v -1.24194002 -2.31024408 -0.10279749
v -1.25533402 -2.354146 -0.10275749
v -1.32574904 -2.31605911 -0.10275749
v -1.31207704 -2.27257108 -0.10279749
v -1.26847696 -2.39816093 -0.1027185
v -1.33914995 -2.35966992 -0.1027185
v -1.28136599 -2.44226408 -0.10267849
v -1.35227596 -2.40338206 -0.10267849
v -1.23128104 -2.27590394 -0.1028275
v -1.30121004 -2.23866701 -0.1028275
v -1.22118604 -2.20360207 -0.10286849
v -1.20762097 -2.25693392 -0.10286849
v -1.21823704 -2.26181006 -0.10285249
v -1.27085197 -2.21214103 -0.10284049
v -0.31196799 -2.92853498 -0.10261349
v -0.399728 -2.8696599 -0.10261349
v -0.32741299 -2.84488511 -0.10261349
v -0.299189 -2.86936092 -0.10261349
v -0.342103 -2.82069206 -0.10261349
v -0.42424398 -2.81752991 -0.10261349
v -0.433106 -2.75963902 -0.10263949
v -0.35236099 -2.76858496 -0.10263949
v -0.228992 -2.87560701 -0.10261349
v -0.233611 -2.93558597 -0.10261349
v -0.30891299 -2.63877105 -0.10275749
v -0.38840401 -2.62928104 -0.10275749
v -0.37402901 -2.58568 -0.10279749
v -0.295008 -2.59533906 -0.10279749
v -0.323109 -2.68211507 -0.1027185
v -0.40304499 -2.67280888 -0.1027185
v -0.33759298 -2.72539591 -0.10267849
v -0.41794699 -2.71627998 -0.10267849
v -0.37132799 -2.52233696 -0.10286849
v -0.40437498 -2.50722408 -0.10287949
v -0.39581298 -2.46198701 -0.10287949
v -0.32949399 -2.48658299 -0.10286849
v -0.362939 -2.551481 -0.1028275
v -0.284332 -2.561378 -0.1028275
v -0.36546701 -2.53244805 -0.10285249
v -0.29525899 -2.52143406 -0.10284149
v -0.12647199 -2.86034107 -0.10261349
v -0.058797 -2.89588499 -0.10261349
v -0.15452699 -2.94064307 -0.10261349
v -0.15810799 -2.88020801 -0.10261349
v -0.10825599 -2.83868098 -0.10261349
v -0.026597 -2.84811091 -0.10261349
v -0.090148 -2.78874492 -0.10263949
v -0.008986 -2.79226207 -0.10263949
v -0.040766 -2.61131691 -0.10279749
v -0.03322599 -2.65659499 -0.10275749
v -0.113233 -2.65381193 -0.10275749
v -0.120336 -2.60878109 -0.10279749
v -0.025416 -2.70185089 -0.1027185
v -0.105834 -2.69882607 -0.1027185
v -0.017336 -2.74708509 -0.10267849
v -0.098139 -2.74381089 -0.10267849
v -0.000324 -2.49240589 -0.10287949
v 0.00122 -2.538419 -0.10287949
v -0.033748 -2.54830098 -0.10286849
v -0.069623 -2.50657296 -0.10286849
v -0.046496 -2.57582402 -0.1028275
v -0.12569199 -2.57357692 -0.1028275
v -0.041085 -2.55738401 -0.10285249
v -0.11030399 -2.53631901 -0.10284149
v -0.77160602 -2.84510588 -0.10261349
v -0.84931898 -2.77348709 -0.10261349
v -0.77406299 -2.76006889 -0.10261349
v -0.74991899 -2.78857898 -0.10261349
v -0.784877 -2.73392701 -0.10261349
v -0.86556601 -2.71822094 -0.10261349
v -0.865462 -2.659657 -0.10263949
v -0.78703701 -2.68084693 -0.10263949
v -0.68150502 -2.80550003 -0.10261349
v -0.695252 -2.86406898 -0.10261349
v -0.72422802 -2.55921411 -0.10275749
v -0.80132997 -2.53766799 -0.10275749
v -0.780451 -2.49678897 -0.10279749
v -0.70384097 -2.51844596 -0.10279749
v -0.744892 -2.59988188 -0.1027185
v -0.822461 -2.57844901 -0.1027185
v -0.765832 -2.64043688 -0.10267849
v -0.84384298 -2.61911797 -0.10267849
v -0.764256 -2.4646871 -0.1028275
v -0.68809098 -2.48650693 -0.1028275
v -0.763839 -2.44548392 -0.10285249
v -0.76808297 -2.43460702 -0.10286849
v -0.72127002 -2.40568208 -0.10286849
v -0.69277501 -2.44536495 -0.10284049
v -0.577856 -2.80610609 -0.10261349
v -0.51641899 -2.85159111 -0.10261349
v -0.61787301 -2.88116908 -0.10261349
v -0.61216098 -2.8209021 -0.10261349
v -0.55653899 -2.78750109 -0.10261349
v -0.47728601 -2.80931496 -0.10261349
v -0.53100001 -2.74092292 -0.10263949
v -0.45133298 -2.75680995 -0.10263949
v -0.45503801 -2.57313799 -0.10279749
v -0.45451799 -2.61904096 -0.10275749
v -0.53315699 -2.604043 -0.10275749
v -0.53328299 -2.55845308 -0.10279749
v -0.453729 -2.6649549 -0.1027185
v -0.532736 -2.64965701 -0.1027185
v -0.45267 -2.71090006 -0.10267849
v -0.53201901 -2.69528889 -0.10267849
v -0.45526701 -2.537184 -0.1028275
v -0.53318697 -2.52284598 -0.1028275
v -0.46752199 -2.465209 -0.10286849
v -0.43845701 -2.51194405 -0.10286849
v -0.447099 -2.51980495 -0.10285249
v -0.51227599 -2.488384 -0.10284049
v 0.61787301 -2.88116908 -0.10261349
v 0.51641899 -2.85159111 -0.10261349
v 0.57785701 -2.80610609 -0.10261349
v 0.61216098 -2.8209021 -0.10261349
v 0.55653899 -2.78750109 -0.10261349
v 0.47728699 -2.80931496 -0.10261349
v 0.451334 -2.75680995 -0.10263949
v 0.53100001 -2.74092292 -0.10263949
v 0.68095898 -2.8056209 -0.10261349
v 0.69469499 -2.86419391 -0.10261349
v 0.533158 -2.604043 -0.10275749
v 0.454519 -2.61903595 -0.10275749
v 0.45503801 -2.57313799 -0.10279749
v 0.533284 -2.55845308 -0.10279749
v 0.532736 -2.64965701 -0.1027185
v 0.45372998 -2.6649549 -0.1027185
v 0.53201997 -2.69528889 -0.10267849
v 0.45267 -2.71090006 -0.10267849
v 0.438459 -2.511945 -0.10286849
v 0.40239 -2.50752592 -0.10287949
v 0.39687201 -2.46182608 -0.10287949
v 0.46752399 -2.46521091 -0.10286849
v 0.45526701 -2.53718304 -0.1028275
v 0.53318798 -2.52284503 -0.1028275
v 0.44710099 -2.519804 -0.10285249
v 0.51069498 -2.48808097 -0.10284149
v 0.77406299 -2.76006889 -0.10261349
v 0.84931898 -2.77348709 -0.10261349
v 0.77160602 -2.84510588 -0.10261349
v 0.74991899 -2.78857898 -0.10261349
v 0.784877 -2.73392701 -0.10261349
v 0.86556601 -2.71822094 -0.10261349
v 0.787036 -2.68084693 -0.10263949
v 0.865462 -2.659657 -0.10263949
v 0.780451 -2.49678897 -0.10279749
v 0.80132997 -2.53766799 -0.10275749
v 0.72422897 -2.55921411 -0.10275749
v 0.70384198 -2.51844596 -0.10279749
v 0.82246202 -2.57844901 -0.1027185
v 0.74489301 -2.59988188 -0.1027185
v 0.84384298 -2.61911797 -0.10267849
v 0.76583302 -2.64043688 -0.10267849
v 0.78304398 -2.37123203 -0.10287949
v 0.79843002 -2.41461896 -0.10287949
v 0.768085 -2.43460607 -0.10286849
v 0.72127199 -2.40568089 -0.10286849
v 0.76425701 -2.46468806 -0.1028275
v 0.68809199 -2.48650789 -0.1028275
v 0.76384198 -2.44548392 -0.10285249
v 0.691491 -2.44633197 -0.10284149
v 0.15452599 -2.94064307 -0.10261349
v 0.058796 -2.89588499 -0.10261349
v 0.12647199 -2.86034107 -0.10261349
v 0.15810699 -2.88020801 -0.10261349
v 0.10825499 -2.83868098 -0.10261349
v 0.026596 -2.84811091 -0.10261349
v 0.008986 -2.79226207 -0.10263949
v 0.090147 -2.78874492 -0.10263949
v 0.22843299 -2.8756411 -0.10261349
v 0.233041 -2.93562293 -0.10261349
v 0.113233 -2.65381193 -0.10275749
v 0.033225 -2.65659499 -0.10275749
v 0.04076499 -2.61131691 -0.10279749
v 0.120336 -2.60878109 -0.10279749
v 0.105834 -2.69882607 -0.1027185
v 0.025416 -2.70185089 -0.1027185
v 0.098139 -2.74381089 -0.10267849
v 0.017336 -2.74708604 -0.10267849
v 0.046495 -2.57582306 -0.1028275
v 0.12569199 -2.57357502 -0.1028275
v 0.04108599 -2.55738401 -0.10285249
v 0.03374899 -2.54830098 -0.10286849
v 0.06962499 -2.50657391 -0.10286849
v 0.108785 -2.53578591 -0.10284149
v 0.32741299 -2.84488511 -0.10261349
v 0.399728 -2.8696599 -0.10261349
v 0.31196901 -2.92853498 -0.10261349
v 0.29919001 -2.86936092 -0.10261349
v 0.342103 -2.82069206 -0.10261349
v 0.42424398 -2.817528 -0.10261349
v 0.352362 -2.76858496 -0.10263949
v 0.433106 -2.75963902 -0.10263949
v 0.37402999 -2.58568 -0.10279749
v 0.38840499 -2.62928104 -0.10275749
v 0.308914 -2.63877105 -0.10275749
v 0.29500898 -2.59533906 -0.10279749
v 0.40304499 -2.67280888 -0.1027185
v 0.323109 -2.68211507 -0.1027185
v 0.41794699 -2.71628093 -0.10267849
v 0.337594 -2.72539591 -0.10267849
v 0.36294001 -2.55148196 -0.1028275
v 0.28433299 -2.56137991 -0.1028275
v 0.32949501 -2.48658108 -0.10286849
v 0.37132901 -2.52233505 -0.10286849
v 0.365469 -2.53244805 -0.10285249
v 0.29384198 -2.52220106 -0.10284149
v 1.48789405 -2.55593609 -0.10261349
v 1.38224399 -2.55834293 -0.10261349
v 1.42709505 -2.49645209 -0.10261349
v 1.46426701 -2.50020599 -0.10261349
v 1.40115499 -2.48513007 -0.10261349
v 1.33218002 -2.52985405 -0.10261349
v 1.29159796 -2.48762202 -0.10263949
v 1.36275494 -2.44843411 -0.10263949
v 1.52524995 -2.46487903 -0.10261349
v 1.55601596 -2.51659011 -0.10261349
v 1.32351803 -2.31728911 -0.10275749
v 1.25306797 -2.3553071 -0.10275749
v 1.23971498 -2.31139397 -0.10279749
v 1.30988395 -2.27378106 -0.10279749
v 1.33687901 -2.36090302 -0.1027185
v 1.26616895 -2.39932107 -0.1027185
v 1.34996295 -2.40462899 -0.10267849
v 1.27901899 -2.4434421 -0.10267849
v 1.20544505 -2.25805211 -0.10286849
v 1.16972696 -2.26472997 -0.10287949
v 1.15067803 -2.22281408 -0.10287949
v 1.21905899 -2.20474004 -0.10286849
v 1.22908604 -2.27704596 -0.1028275
v 1.29904997 -2.23986101 -0.1028275
v 1.21605694 -2.26293611 -0.10285249
v 1.26711797 -2.21351194 -0.10284049
v 1.60027205 -2.3933649 -0.10261349
v 1.67606794 -2.38345193 -0.10261349
v 1.62358295 -2.4751749 -0.10261349
v 1.585855 -2.42782902 -0.10261349
v 1.60269296 -2.36516809 -0.10261349
v 1.67488396 -2.32585501 -0.10261349
v 1.58873903 -2.31392002 -0.10263949
v 1.657117 -2.2700541 -0.10263949
v 1.52692997 -2.14042091 -0.10279749
v 1.55917203 -2.17309808 -0.10275749
v 1.49215996 -2.21690011 -0.10275749
v 1.46042203 -2.18418192 -0.10279749
v 1.59161996 -2.20560503 -0.1027185
v 1.52413094 -2.249439 -0.1027185
v 1.62427699 -2.23793506 -0.10267849
v 1.55633199 -2.28178596 -0.10267849
v 1.491521 -2.01992607 -0.10287949
v 1.51928103 -2.05665493 -0.10287949
v 1.49637997 -2.08487296 -0.10286849
v 1.44302201 -2.07141494 -0.10286849
v 1.50180697 -2.11470603 -0.1028275
v 1.43577194 -2.15848588 -0.1028275
v 1.49561905 -2.09651994 -0.10285249
v 1.42689502 -2.11915803 -0.10284149
v 1.06407904 -2.75242996 -0.10261349
v 0.959306 -2.73863697 -0.10261349
v 1.01310503 -2.68433404 -0.10261349
v 1.04926204 -2.69373893 -0.10261349
v 0.98920202 -2.66918706 -0.10261349
v 0.914195 -2.7028079 -0.10261349
v 0.88055497 -2.65486693 -0.10263949
v 0.956873 -2.62702703 -0.10263949
v 1.11493396 -2.66817092 -0.10261349
v 1.13742399 -2.72396588 -0.10261349
v 0.93817502 -2.49143099 -0.10275749
v 0.86273402 -2.51821494 -0.10275749
v 0.85626202 -2.47276592 -0.10279749
v 0.93136102 -2.446352 -0.10279749
v 0.94470101 -2.53657293 -0.1027185
v 0.86894297 -2.56372189 -0.1027185
v 0.95093697 -2.5817871 -0.10267849
v 0.874888 -2.60928106 -0.10267849
v 0.85101699 -2.43719506 -0.1028275
v 0.925848 -2.4111731 -0.1028275
v 0.84030097 -2.42126011 -0.10285249
v 0.83056402 -2.41480803 -0.10286849
v 0.85217899 -2.36421108 -0.10286849
v 0.89832598 -2.38023304 -0.10284149
v 1.200019 -2.60898399 -0.10261349
v 1.27644097 -2.61077189 -0.10261349
v 1.21053195 -2.69339203 -0.10261349
v 1.18049705 -2.64082908 -0.10261349
v 1.20672798 -2.58148002 -0.10261349
v 1.28408694 -2.55368399 -0.10261349
v 1.20078504 -2.52869701 -0.10263949
v 1.27507197 -2.4958229 -0.10263949
v 1.16626501 -2.34778499 -0.10279749
v 1.19312298 -2.38501596 -0.10275749
v 1.12019705 -2.41803693 -0.10275749
v 1.09384203 -2.38084411 -0.10279749
v 1.220214 -2.42209696 -0.1027185
v 1.14681005 -2.45508098 -0.1027185
v 1.24753701 -2.45904588 -0.10267849
v 1.17367899 -2.49198198 -0.10267849
v 1.14537501 -2.31852388 -0.1028275
v 1.07341504 -2.35167789 -0.1028275
v 1.09390997 -2.26674389 -0.10286849
v 1.14457905 -2.28821492 -0.10286849
v 1.14204204 -2.29961109 -0.10285249
v 1.07066297 -2.31146192 -0.10284049
v 2.22062706 -1.98192799 -0.10261349
v 2.12065005 -2.01616191 -0.10261349
v 2.14468789 -1.94360005 -0.10261349
v 2.1812551 -1.93594098 -0.10261349
v 2.116539 -1.94065594 -0.10261349
v 2.06431293 -2.00412893 -0.10261349
v 2.01286292 -1.97615099 -0.10263949
v 2.06884288 -1.91727995 -0.10263949
v 2.22870588 -1.88383603 -0.10261349
v 2.27366304 -1.92381799 -0.10261349
v 1.99179005 -1.80413103 -0.10275749
v 1.93613195 -1.86167204 -0.10275749
v 1.91012704 -1.82384598 -0.10279749
v 1.96564602 -1.76679205 -0.10279749
v 2.01771211 -1.84166204 -0.1027185
v 1.96192896 -1.89966905 -0.1027185
v 2.04340696 -1.87939202 -0.10267849
v 1.98751699 -1.93783998 -0.10267849
v 1.86133599 -1.78337001 -0.10286849
v 1.82930803 -1.80052602 -0.10287949
v 1.79847896 -1.76634097 -0.10287949
v 1.85819399 -1.72842299 -0.10286849
v 1.88961303 -1.79431796 -0.1028275
v 1.94506299 -1.737733 -0.1028275
v 1.87292802 -1.78481495 -0.10285249
v 1.90665602 -1.72226202 -0.10284049
v 2.27859807 -1.79298603 -0.10261349
v 2.34784889 -1.76061797 -0.10261349
v 2.32554793 -1.86391496 -0.10261349
v 2.27527308 -1.83019197 -0.10261349
v 2.27237796 -1.76537096 -0.10261349
v 2.32930588 -1.70607304 -0.10261349
v 2.24358391 -1.720734 -0.10263949
v 2.29549908 -1.65825796 -0.10263949
v 2.13221502 -1.574041 -0.10279749
v 2.17282605 -1.59544897 -0.10275749
v 2.12219595 -1.65745496 -0.10275749
v 2.08204889 -1.63585805 -0.10279749
v 2.21358299 -1.61662197 -0.1027185
v 2.16250491 -1.67880499 -0.1027185
v 2.25448608 -1.63756394 -0.10267849
v 2.20297789 -1.69990897 -0.10267849
v 2.06203508 -1.46989297 -0.10287949
v 2.09959888 -1.496508 -0.10287949
v 2.08629894 -1.53032302 -0.10286849
v 2.03137302 -1.53363704 -0.10286849
v 2.10049295 -1.55712902 -0.1028275
v 2.05078291 -1.61881995 -0.1028275
v 2.08909797 -1.54167103 -0.10285249
v 2.03043389 -1.58401894 -0.10284049
v 1.87604796 -2.29734802 -0.10261349
v 1.77200901 -2.31588196 -0.10261349
v 1.80687201 -2.24784898 -0.10261349
v 1.84418094 -2.24587893 -0.10261349
v 1.77950704 -2.240628 -0.10261349
v 1.71817696 -2.29536294 -0.10261349
v 1.67161798 -2.25983595 -0.10263949
v 1.73594796 -2.21023106 -0.10263949
v 1.89904797 -2.20164609 -0.10261349
v 1.93735396 -2.24804091 -0.10261349
v 1.677127 -2.08661699 -0.10275749
v 1.61331605 -2.13495707 -0.10275749
v 1.59340703 -2.09360098 -0.10279749
v 1.65700602 -2.04571795 -0.10279749
v 1.69699704 -2.12768411 -0.1027185
v 1.63299095 -2.17646002 -0.1027185
v 1.71661198 -2.16889095 -0.10267849
v 1.65243303 -2.21810388 -0.10267849
v 1.577654 -2.06128406 -0.1028275
v 1.64111399 -2.01384806 -0.1028275
v 1.56262195 -2.04933404 -0.10285249
v 1.55138802 -2.04611992 -0.10286849
v 1.55669403 -1.99135398 -0.10286849
v 1.60552799 -1.99268305 -0.10284049
v 1.96225702 -2.11951088 -0.10261349
v 2.03564906 -2.09811902 -0.10261349
v 1.99779796 -2.19679093 -0.10261349
v 1.95327794 -2.15577793 -0.10261349
v 1.96033895 -2.09127092 -0.10261349
v 2.0256741 -2.04138493 -0.10261349
v 1.93871605 -2.04275798 -0.10263949
v 1.99958801 -1.98895502 -0.10263949
v 1.85111594 -1.88074302 -0.10279749
v 1.88797295 -1.90811705 -0.10275749
v 1.82844495 -1.96163904 -0.10275749
v 1.79207897 -1.93415296 -0.10279749
v 1.92500901 -1.93527197 -0.1027185
v 1.865013 -1.98890996 -0.1027185
v 1.962224 -1.96223104 -0.10267849
v 1.90178 -2.01596093 -0.10267849
v 1.82235896 -1.85917699 -0.1028275
v 1.76379096 -1.91252398 -0.1028275
v 1.75764799 -1.82537305 -0.10286849
v 1.81243503 -1.830513 -0.10286849
v 1.81346499 -1.84214901 -0.10285249
v 1.74900901 -1.87502205 -0.10284149
v 2.74563193 -1.21303796 -0.10261349
v 2.66068792 -1.27590799 -0.10261349
v 2.6616559 -1.199476 -0.10261349
v 2.69419908 -1.18111395 -0.10261349
v 2.63393807 -1.20517396 -0.10261349
v 2.60334992 -1.28147602 -0.10261349
v 2.54584908 -1.27036094 -0.10263949
v 2.58140397 -1.197317 -0.10263949
v 2.72367095 -1.11709904 -0.10261349
v 2.77861189 -1.14161205 -0.10261349
v 2.4737451 -1.11276602 -0.10275749
v 2.4380939 -1.18443894 -0.10275749
v 2.40186405 -1.15625596 -0.10279749
v 2.43753099 -1.08507895 -0.10279749
v 2.5098021 -1.14070594 -0.1027185
v 2.47417092 -1.21286499 -0.1027185
v 2.54570293 -1.16890096 -0.10267849
v 2.51010298 -1.24151003 -0.10267849
v 2.34311604 -1.13241696 -0.10286849
v 2.31777811 -1.15846705 -0.10287949
v 2.27805304 -1.13519299 -0.10287949
v 2.32350897 -1.08100295 -0.10286849
v 2.37338399 -1.13430905 -0.1028275
v 2.40912604 -1.06361103 -0.1028275
v 2.35460495 -1.13029396 -0.10285249
v 2.36784005 -1.06047499 -0.10284049
v 2.74375009 -1.015414 -0.10261349
v 2.79997396 -0.96361899 -0.10261349
v 2.80995297 -1.06882703 -0.10261349
v 2.75183701 -1.05188894 -0.10261349
v 2.72947597 -0.99096798 -0.10261349
v 2.7658081 -0.917243 -0.10261349
v 2.68853092 -0.95713698 -0.10263949
v 2.71912193 -0.88187998 -0.10263949
v 2.53801798 -0.85099697 -0.10279749
v 2.58319997 -0.85910898 -0.10275749
v 2.55368995 -0.93352198 -0.10275749
v 2.5088911 -0.92508202 -0.10279749
v 2.62844991 -0.86696702 -0.1027185
v 2.59856796 -0.94168597 -0.1027185
v 2.67377305 -0.87456399 -0.10267849
v 2.64352989 -0.94955802 -0.10267849
v 2.43963003 -0.77294397 -0.10287949
v 2.48348307 -0.78694897 -0.10287949
v 2.48103189 -0.82320302 -0.10286849
v 2.42967605 -0.84297001 -0.10286849
v 2.50266695 -0.84445601 -0.1028275
v 2.47393798 -0.91829901 -0.1028275
v 2.48712897 -0.833175 -0.10285249
v 2.44401907 -0.89127898 -0.10284049
v 2.51256895 -1.61789 -0.10261349
v 2.41900301 -1.66701602 -0.10261349
v 2.43166089 -1.59162604 -0.10261349
v 2.46662902 -1.57847094 -0.10261349
v 2.40339398 -1.59302699 -0.10261349
v 2.3614881 -1.66374898 -0.10261349
v 2.30636692 -1.64395499 -0.10263949
v 2.35268402 -1.57722103 -0.10263949
v 2.505553 -1.51972603 -0.10261349
v 2.55609488 -1.55235695 -0.10261349
v 2.25923705 -1.47718 -0.10275749
v 2.2130301 -1.54255497 -0.10275749
v 2.18154692 -1.50915002 -0.10279749
v 2.22768688 -1.44427502 -0.10279749
v 2.290591 -1.51030802 -0.1027185
v 2.24433708 -1.57616996 -0.1027185
v 2.32175302 -1.54366695 -0.10267849
v 2.27545809 -1.609972 -0.10267849
v 2.15675807 -1.48310804 -0.1028275
v 2.20290494 -1.41871404 -0.1028275
v 2.13881707 -1.47626698 -0.10285249
v 2.12714004 -1.47661304 -0.10286849
v 2.11563205 -1.42278897 -0.10286849
v 2.16258406 -1.409289 -0.10284149
v 2.54096388 -1.42230296 -0.10261349
v 2.60445189 -1.37973594 -0.10261349
v 2.59821009 -1.48522496 -0.10261349
v 2.54337191 -1.45959401 -0.10261349
v 2.53059697 -1.39598095 -0.10261349
v 2.57778811 -1.32867002 -0.10261349
v 2.49531388 -1.35627198 -0.10263949
v 2.53706598 -1.28657805 -0.10263949
v 2.36282706 -1.22833097 -0.10279749
v 2.40623092 -1.24326896 -0.10275749
v 2.36567807 -1.31229996 -0.10275749
v 2.32270193 -1.29709804 -0.10279749
v 2.44974589 -1.25796699 -0.1027185
v 2.4087789 -1.32723105 -0.1027185
v 2.49337196 -1.27240896 -0.10267849
v 2.45200395 -1.34188604 -0.10267849
v 2.32888889 -1.21646297 -0.1028275
v 2.28919696 -1.28503894 -0.1028275
v 2.25698804 -1.20381605 -0.10286849
v 2.31076288 -1.19215202 -0.10286849
v 2.31526398 -1.20292997 -0.10285249
v 2.263767 -1.25375604 -0.10284049
v 3.01362991 -0.32081601 -0.10261349
v 2.95168805 -0.406441 -0.10261349
v 2.92948389 -0.33329099 -0.10261349
v 2.95494699 -0.305954 -0.10261349
v 2.90479111 -0.347112 -0.10261349
v 2.89872288 -0.42909398 -0.10261349
v 2.8405559 -0.43590199 -0.10263949
v 2.85234308 -0.355526 -0.10263949
v 2.96366596 -0.23602099 -0.10261349
v 3.02344989 -0.24275599 -0.10261349
v 2.72414588 -0.30751699 -0.10275749
v 2.71185493 -0.386615 -0.10275749
v 2.668792 -0.37071099 -0.10279749
v 2.68125391 -0.292088 -0.10279749
v 2.76696705 -0.32323798 -0.1027185
v 2.75484299 -0.402787 -0.1027185
v 2.80971407 -0.33924001 -0.10267849
v 2.79775691 -0.41922199 -0.10267849
v 2.605587 -0.365776 -0.10286849
v 2.58931994 -0.39826199 -0.10287949
v 2.54441404 -0.388105 -0.10287949
v 2.57134103 -0.32269299 -0.10286849
v 2.63500905 -0.35841599 -0.1028275
v 2.64767909 -0.28020998 -0.1028275
v 2.61589503 -0.36026299 -0.10285249
v 2.60738396 -0.28971499 -0.10284149
v 2.95203805 -0.13303199 -0.10261349
v 2.98995494 -0.06664799 -0.10261349
v 3.03130006 -0.16389399 -0.10261349
v 2.97078204 -0.165351 -0.10261349
v 2.93103909 -0.11405099 -0.10261349
v 2.94335603 -0.032783 -0.10261349
v 2.8817749 -0.09418399 -0.10263949
v 2.88816094 -0.013197 -0.10263949
v 2.70619893 -0.038557 -0.10279749
v 2.75171899 -0.03262199 -0.10275749
v 2.74611091 -0.112479 -0.10275749
v 2.70085692 -0.11799299 -0.10279749
v 2.7972269 -0.02642799 -0.1027185
v 2.79135608 -0.10667599 -0.1027185
v 2.84272193 -0.019957 -0.10267849
v 2.836591 -0.10058099 -0.10267849
v 2.67052888 -0.043021 -0.1028275
v 2.66548895 -0.122101 -0.1028275
v 2.60051202 -0.063693 -0.10286849
v 2.6434791 -0.029336 -0.10286849
v 2.65230202 -0.036979 -0.10285249
v 2.6287961 -0.105393 -0.10284049
v 2.91399002 -0.777215 -0.10261349
v 2.83967208 -0.85234898 -0.10261349
v 2.82892894 -0.77666097 -0.10261349
v 2.85827589 -0.75354397 -0.10261349
v 2.80240893 -0.78654199 -0.10261349
v 2.78386306 -0.86663001 -0.10261349
v 2.72533893 -0.86445301 -0.10263949
v 2.74928998 -0.786825 -0.10263949
v 2.87759995 -0.68577098 -0.10261349
v 2.93564605 -0.70157599 -0.10261349
v 2.62995696 -0.71974897 -0.10275749
v 2.6056981 -0.79604297 -0.10275749
v 2.56558299 -0.77373802 -0.10279749
v 2.58993101 -0.69793099 -0.10279749
v 2.66986703 -0.74183702 -0.1027185
v 2.64570498 -0.818605 -0.1027185
v 2.70965695 -0.76419997 -0.10267849
v 2.68559908 -0.84141701 -0.10267849
v 2.53407788 -0.756415 -0.1028275
v 2.558573 -0.681068 -0.1028275
v 2.51490497 -0.75531297 -0.10285249
v 2.50387597 -0.759171 -0.10286849
v 2.47662806 -0.71136701 -0.10286849
v 2.51729202 -0.68429201 -0.10284049
v 2.88187503 -0.58220702 -0.10261349
v 2.92950606 -0.52241998 -0.10261349
v 2.95547294 -0.62485498 -0.10261349
v 2.89545202 -0.61701297 -0.10261349
v 2.86402702 -0.56024801 -0.10261349
v 2.88864111 -0.48180499 -0.10261349
v 2.81838393 -0.53307098 -0.10263949
v 2.83709096 -0.454023 -0.10263949
v 2.65339493 -0.45122298 -0.10279749
v 2.69928693 -0.45232701 -0.10275749
v 2.68151688 -0.530384 -0.10275749
v 2.63595604 -0.52890002 -0.10279749
v 2.74520707 -0.453166 -0.1027185
v 2.7271161 -0.53157901 -0.1027185
v 2.79115605 -0.45373299 -0.10267849
v 2.77275395 -0.53247499 -0.10267849
v 2.6174581 -0.450183 -0.1028275
v 2.60037303 -0.52754002 -0.1028275
v 2.54509997 -0.45988601 -0.10286849
v 2.59282302 -0.43248999 -0.10286849
v 2.60037589 -0.44139501 -0.10285249
v 2.56667089 -0.50542402 -0.10284149
v -2.88187503 0.58220499 -0.10261349
v -2.92950606 0.52241998 -0.10261349
v -2.95547294 0.62484902 -0.10261349
v -2.89545106 0.61701297 -0.10261349
v -2.86402702 0.56024801 -0.10261349
v -2.88864111 0.48180499 -0.10261349
v -2.81838297 0.533073 -0.10263949
v -2.83709096 0.454023 -0.10263949
v -2.87774491 0.68522602 -0.10261349
v -2.93579506 0.70102602 -0.10261349
v -2.65339493 0.45122098 -0.10279749
v -2.69928598 0.45232701 -0.10275749
v -2.68151688 0.530384 -0.10275749
v -2.63595604 0.52890002 -0.10279749
v -2.74520707 0.45316401 -0.1027185
v -2.7271161 0.53157502 -0.1027185
v -2.79115605 0.45373299 -0.10267849
v -2.77275395 0.53247702 -0.10267849
v -2.54421401 0.389153 -0.10287949
v -2.58969688 0.396279 -0.10287949
v -2.59282398 0.43248799 -0.10286849
v -2.54510092 0.45988699 -0.10286849
v -2.61745595 0.450183 -0.1028275
v -2.60037207 0.52754002 -0.1028275
v -2.60037493 0.44139701 -0.10285249
v -2.56642603 0.503838 -0.10284049
v -2.91399002 0.777215 -0.10261349
v -2.83967089 0.85234499 -0.10261349
v -2.82892799 0.77666097 -0.10261349
v -2.85827589 0.75354397 -0.10261349
v -2.80240988 0.78654199 -0.10261349
v -2.78386306 0.86663001 -0.10261349
v -2.72533893 0.86445099 -0.10263949
v -2.74928998 0.786825 -0.10263949
v -2.62995696 0.71974897 -0.10275749
v -2.6056981 0.796045 -0.10275749
v -2.56558299 0.773736 -0.10279749
v -2.58993101 0.69793099 -0.10279749
v -2.66986703 0.74183702 -0.1027185
v -2.64570498 0.818605 -0.1027185
v -2.70965695 0.764198 -0.10267849
v -2.68559908 0.84141498 -0.10267849
v -2.50387501 0.75916701 -0.10286849
v -2.48282504 0.788796 -0.10287949
v -2.44000697 0.77187502 -0.10287949
v -2.47662711 0.71136701 -0.10286849
v -2.53407788 0.75641298 -0.1028275
v -2.55857205 0.68106901 -0.1028275
v -2.51490306 0.75531697 -0.10285249
v -2.51831102 0.68303901 -0.10284049
v -2.95203805 0.133017 -0.10261349
v -2.98995399 0.06664799 -0.10261349
v -3.03130006 0.16389399 -0.10261349
v -2.97078204 0.16533599 -0.10261349
v -2.93103909 0.11405 -0.10261349
v -2.94335603 0.032783 -0.10261349
v -2.8817749 0.094182 -0.10263949
v -2.88815999 0.013197 -0.10263949
v -2.96373009 0.23546899 -0.10261349
v -3.02351403 0.24219299 -0.10261349
v -2.70619797 0.038557 -0.10279749
v -2.75171899 0.03262199 -0.10275749
v -2.74610996 0.11247699 -0.10275749
v -2.70085692 0.11798 -0.10279749
v -2.79722595 0.026426 -0.1027185
v -2.79135608 0.10667599 -0.1027185
v -2.84272193 0.019957 -0.10267849
v -2.83659005 0.10058099 -0.10267849
v -2.5888071 -0.006055 -0.10287949
v -2.63484501 -0.005976 -0.10287949
v -2.64347696 0.029332 -0.10286849
v -2.60051107 0.063689 -0.10286849
v -2.67052793 0.043021 -0.1028275
v -2.665488 0.122097 -0.1028275
v -2.65230107 0.036981 -0.10285249
v -2.62831306 0.10386899 -0.10284049
v -3.01362991 0.32081601 -0.10261349
v -2.95168805 0.40643701 -0.10261349
v -2.92948389 0.33328899 -0.10261349
v -2.95494604 0.30594798 -0.10261349
v -2.90479111 0.347112 -0.10261349
v -2.89872288 0.42909398 -0.10261349
v -2.8405559 0.43590199 -0.10263949
v -2.85234308 0.35552001 -0.10263949
v -2.72414588 0.30751699 -0.10275749
v -2.71185493 0.386615 -0.10275749
v -2.668792 0.370707 -0.10279749
v -2.68125391 0.292086 -0.10279749
v -2.76696705 0.32323598 -0.1027185
v -2.75484299 0.402787 -0.1027185
v -2.80971407 0.33924001 -0.10267849
v -2.79775691 0.41922199 -0.10267849
v -2.63501 0.35841599 -0.1028275
v -2.64768004 0.28020998 -0.1028275
v -2.61589503 0.360264 -0.10285249
v -2.60558509 0.36577698 -0.10286849
v -2.57133889 0.32269299 -0.10286849
v -2.60819697 0.28832501 -0.10284149
v -2.54236602 1.41996097 -0.10261349
v -2.60581493 1.37732696 -0.10261349
v -2.59967088 1.48282396 -0.10261349
v -2.54480791 1.45724105 -0.10261349
v -2.53197598 1.39363503 -0.10261349
v -2.57910394 1.326285 -0.10261349
v -2.49665689 1.35396194 -0.10263949
v -2.53834295 1.28423404 -0.10263949
v -2.50735092 1.51693296 -0.10261349
v -2.55792808 1.54950797 -0.10261349
v -2.36405205 1.22614896 -0.10279749
v -2.40746998 1.24104404 -0.10275749
v -2.36697888 1.31010496 -0.10275749
v -2.32398891 1.29494404 -0.10279749
v -2.45099902 1.25569701 -0.1027185
v -2.41009497 1.32500195 -0.1027185
v -2.49463605 1.27010202 -0.10267849
v -2.45333409 1.33962905 -0.10267849
v -2.2786839 1.13403499 -0.10287949
v -2.31989407 1.15455603 -0.10287949
v -2.31195592 1.19001305 -0.10286849
v -2.25819206 1.20172905 -0.10286849
v -2.33010196 1.21430897 -0.1028275
v -2.29047393 1.28291499 -0.1028275
v -2.3164649 1.20079302 -0.10285249
v -2.26526188 1.25007498 -0.10284149
v -2.514153 1.61556899 -0.10261349
v -2.42063188 1.66477704 -0.10261349
v -2.4332211 1.58937501 -0.10261349
v -2.46817588 1.57618999 -0.10261349
v -2.4049561 1.590806 -0.10261349
v -2.36311411 1.66155803 -0.10261349
v -2.30797505 1.64182901 -0.10263949
v -2.35423111 1.57504499 -0.10263949
v -2.26068997 1.47508895 -0.10275749
v -2.21454691 1.54051804 -0.10275749
v -2.18303108 1.50713801 -0.10279749
v -2.2291131 1.44222104 -0.10279749
v -2.29207706 1.508201 -0.1027185
v -2.24588203 1.57409405 -0.1027185
v -2.32326793 1.54152405 -0.10267849
v -2.27703499 1.60786998 -0.10267849
v -2.1285901 1.47463595 -0.10286849
v -2.09958601 1.49652695 -0.10287949
v -2.06386494 1.46748495 -0.10287949
v -2.11703491 1.42084205 -0.10286849
v -2.1582179 1.48111295 -0.1028275
v -2.20430588 1.41667497 -0.1028275
v -2.14027094 1.47429394 -0.10285249
v -2.16532206 1.40640997 -0.10284149
v -2.74477911 1.012874 -0.10261349
v -2.80095195 0.96103501 -0.10261349
v -2.8110311 1.06622397 -0.10261349
v -2.75289988 1.04934597 -0.10261349
v -2.7304809 0.98845601 -0.10261349
v -2.76674509 0.91468101 -0.10261349
v -2.6895039 0.95464897 -0.10263949
v -2.72002792 0.879363 -0.10263949
v -2.72502088 1.11406898 -0.10261349
v -2.77998709 1.13851499 -0.10261349
v -2.53889393 0.84864401 -0.10279749
v -2.58408188 0.85672402 -0.10275749
v -2.55464291 0.931167 -0.10275749
v -2.5098381 0.92276197 -0.10279749
v -2.62934207 0.86453598 -0.1027185
v -2.59952807 0.93928498 -0.1027185
v -2.67466807 0.87208902 -0.10267849
v -2.64449596 0.94711899 -0.10267849
v -2.50353407 0.84214401 -0.1028275
v -2.47487592 0.91600602 -0.1028275
v -2.43054509 0.84072798 -0.10286849
v -2.48187995 0.82090902 -0.10286849
v -2.48798799 0.830868 -0.10285249
v -2.44493389 0.88741201 -0.10284149
v -2.7468431 1.21050095 -0.10261349
v -2.66195607 1.27344405 -0.10261349
v -2.66285705 1.19700205 -0.10261349
v -2.69538092 1.17862296 -0.10261349
v -2.63514089 1.20273697 -0.10261349
v -2.60462307 1.27906894 -0.10261349
v -2.54711294 1.26800704 -0.10263949
v -2.58259892 1.19493198 -0.10263949
v -2.47486305 1.110484 -0.10275749
v -2.43927598 1.18218803 -0.10275749
v -2.40302395 1.15403103 -0.10279749
v -2.4386239 1.08282995 -0.10279749
v -2.51094698 1.13838601 -0.1027185
v -2.47538304 1.21058094 -0.1027185
v -2.54687094 1.16654396 -0.10267849
v -2.51134109 1.23918902 -0.10267849
v -2.37452197 1.13211906 -0.1028275
v -2.41019892 1.06137597 -0.1028275
v -2.35573792 1.12811601 -0.10285249
v -2.34425091 1.13024497 -0.10286849
v -2.32459402 1.07885694 -0.10286849
v -2.37010288 1.05720305 -0.10284149
v -1.964473 2.11754202 -0.10261349
v -2.03784203 2.09608507 -0.10261349
v -2.00008988 2.19478702 -0.10261349
v -1.95553004 2.15382003 -0.10261349
v -1.96252703 2.08931088 -0.10261349
v -2.02781295 2.03936195 -0.10261349
v -1.94085502 2.04081702 -0.10263949
v -2.00167298 1.98695194 -0.10263949
v -1.90177798 2.19939494 -0.10261349
v -1.94014 2.24573898 -0.10261349
v -1.85309398 1.87888896 -0.10279749
v -1.88997697 1.90622103 -0.10275749
v -1.83050394 1.95980501 -0.10275749
v -1.79410898 1.93235898 -0.10279749
v -1.92704105 1.93334603 -0.1027185
v -1.86709904 1.987046 -0.1027185
v -1.96428203 1.96026694 -0.10267849
v -1.90389204 2.01405191 -0.10267849
v -1.79957103 1.76527798 -0.10287949
v -1.83264994 1.797297 -0.10287949
v -1.81436097 1.82870101 -0.10286849
v -1.75957 1.82361304 -0.10286849
v -1.82431304 1.85734605 -0.1028275
v -1.76579797 1.910766 -0.1028275
v -1.81540203 1.84033596 -0.10285249
v -1.75169599 1.87182605 -0.10284149
v -1.87844204 2.29547095 -0.10261349
v -1.77442097 2.31410002 -0.10261349
v -1.80921495 2.24603796 -0.10261349
v -1.84652304 2.24403691 -0.10261349
v -1.78184294 2.23884511 -0.10261349
v -1.72056794 2.29364299 -0.10261349
v -1.67397201 2.25817108 -0.10263949
v -1.73825502 2.20849204 -0.10263949
v -1.67930996 2.08494091 -0.10275749
v -1.61554694 2.13334703 -0.10275749
v -1.59559595 2.09200406 -0.10279749
v -1.65914797 2.04405689 -0.10279749
v -1.69921994 2.12598204 -0.1027185
v -1.63526296 2.17482709 -0.1027185
v -1.71887695 2.16717791 -0.10267849
v -1.65474796 2.21644091 -0.10267849
v -1.55352795 2.04456806 -0.10286849
v -1.51926505 2.05666708 -0.10287949
v -1.49399399 2.01818299 -0.10287949
v -1.558779 1.98979902 -0.10286849
v -1.579813 2.05970501 -0.1028275
v -1.64322495 2.01220703 -0.1028275
v -1.564767 2.04777407 -0.10285249
v -1.60916698 1.99063694 -0.10284149
v -2.28048491 1.79070198 -0.10261349
v -2.34970498 1.75827097 -0.10261349
v -2.32750701 1.861588 -0.10261349
v -2.27719998 1.82791495 -0.10261349
v -2.27423906 1.763098 -0.10261349
v -2.33110809 1.70373797 -0.10261349
v -2.24539804 1.71849095 -0.10263949
v -2.29725408 1.65595495 -0.10263949
v -2.23105788 1.88118898 -0.10261349
v -2.27606296 1.92111003 -0.10261349
v -2.1338849 1.571913 -0.10279749
v -2.17451596 1.59327197 -0.10275749
v -2.1239469 1.65533804 -0.10275749
v -2.08378005 1.63377702 -0.10279749
v -2.21529603 1.61440897 -0.1027185
v -2.16427993 1.67664396 -0.1027185
v -2.25622105 1.635311 -0.10267849
v -2.2047739 1.697703 -0.10267849
v -2.10214591 1.55502498 -0.1028275
v -2.05249691 1.616768 -0.1028275
v -2.03300094 1.53160798 -0.10286849
v -2.08792591 1.52823996 -0.10286849
v -2.090734 1.539577 -0.10285249
v -2.03260111 1.58045494 -0.10284149
v -2.22270393 1.97969603 -0.10261349
v -2.12276005 2.01403689 -0.10261349
v -2.14672589 1.94145202 -0.10261349
v -2.18328809 1.93376004 -0.10261349
v -2.118577 1.93853294 -0.10261349
v -2.06641101 2.00206399 -0.10261349
v -2.01493501 1.97413694 -0.10263949
v -2.07085704 1.91521203 -0.10263949
v -1.99369204 1.80213594 -0.10275749
v -1.93808996 1.85973799 -0.10275749
v -1.91204595 1.82193195 -0.10279749
v -1.96750903 1.76482105 -0.10279749
v -2.01964902 1.83965098 -0.1027185
v -1.963925 1.89771199 -0.1027185
v -2.04538202 1.87734794 -0.10267849
v -1.98955094 1.93586099 -0.10267849
v -1.89150297 1.79243099 -0.1028275
v -1.94689798 1.73578405 -0.1028275
v -1.87480795 1.78294098 -0.10285249
v -1.86321294 1.78149294 -0.10286849
v -1.86001694 1.726565 -0.10286849
v -1.90994095 1.71968698 -0.10284049
v -1.20252203 2.60786199 -0.10261349
v -1.27894401 2.60960388 -0.10261349
v -1.21311104 2.69226002 -0.10261349
v -1.18302905 2.63974094 -0.10261349
v -1.20920395 2.58037209 -0.10261349
v -1.28653705 2.552495 -0.10261349
v -1.20321202 2.52758288 -0.10263949
v -1.27746701 2.49464297 -0.10263949
v -1.11801004 2.66692805 -0.10261349
v -1.14056205 2.72269511 -0.10261349
v -1.16852498 2.34670996 -0.10279749
v -1.19541704 2.38390898 -0.10275749
v -1.12252199 2.41699695 -0.10275749
v -1.09613299 2.37983393 -0.10279749
v -1.22254204 2.42097497 -0.1027185
v -1.14916896 2.45402002 -0.1027185
v -1.24989903 2.45789194 -0.10267849
v -1.176072 2.49090004 -0.10267849
v -1.15186202 2.22222495 -0.10287949
v -1.17370998 2.26274895 -0.10287949
v -1.14678394 2.28714489 -0.10286849
v -1.09609401 2.2657361 -0.10286849
v -1.14760601 2.31746411 -0.1028275
v -1.07567894 2.35068106 -0.1028275
v -1.14425694 2.29855704 -0.10285249
v -1.07401001 2.30930805 -0.10284149
v -1.06671404 2.751446 -0.10261349
v -0.96192902 2.7377491 -0.10261349
v -1.01567697 2.68339204 -0.10261349
v -1.05184304 2.6927669 -0.10261349
v -0.99176102 2.66826295 -0.10261349
v -0.91678398 2.70196294 -0.10261349
v -0.88309902 2.65405297 -0.10263949
v -0.95939302 2.62615609 -0.10263949
v -0.94056898 2.49055194 -0.10275749
v -0.86515301 2.5174179 -0.10275749
v -0.85863798 2.4719789 -0.10279749
v -0.93371397 2.44549202 -0.10279749
v -0.94713598 2.53569388 -0.1027185
v -0.87140399 2.56291389 -0.1027185
v -0.95341497 2.58091306 -0.10267849
v -0.87739002 2.60847806 -0.10267849
v -0.832883 2.41404008 -0.10286849
v -0.79656702 2.4152069 -0.10287949
v -0.78411603 2.37088608 -0.10287949
v -0.85445201 2.36340904 -0.10286849
v -0.85336101 2.43641591 -0.1028275
v -0.92816698 2.41031694 -0.1028275
v -0.842628 2.42048502 -0.10285249
v -0.90222597 2.37946009 -0.10284149
v -1.60257303 2.39188289 -0.10261349
v -1.67836105 2.38189911 -0.10261349
v -1.62595903 2.47367596 -0.10261349
v -1.588189 2.4263699 -0.10261349
v -1.60496795 2.36369109 -0.10261349
v -1.67712295 2.32430911 -0.10261349
v -1.59096705 2.31244993 -0.10263949
v -1.65930402 2.26851701 -0.10263949
v -1.52809798 2.46319198 -0.10261349
v -1.55892396 2.51485109 -0.10261349
v -1.52899801 2.13901209 -0.10279749
v -1.56126904 2.17165803 -0.10275749
v -1.4943 2.21551799 -0.10275749
v -1.46253204 2.1828289 -0.10279749
v -1.59374797 2.20412993 -0.1027185
v -1.52629995 2.24802589 -0.1027185
v -1.62643396 2.23643708 -0.10267849
v -1.55852997 2.2803471 -0.10267849
v -1.50384998 2.11331796 -0.1028275
v -1.43785595 2.15715408 -0.1028275
v -1.44502604 2.07008504 -0.10286849
v -1.49839699 2.08348298 -0.10286849
v -1.49764502 2.09514594 -0.10285249
v -1.42987299 2.11652588 -0.10284049
v -1.49034595 2.55456209 -0.10261349
v -1.38469898 2.55707311 -0.10261349
v -1.42949295 2.495126 -0.10261349
v -1.46666705 2.49885606 -0.10261349
v -1.40354204 2.48383688 -0.10261349
v -1.33460795 2.52862095 -0.10261349
v -1.29398703 2.48643398 -0.10263949
v -1.36510896 2.44717097 -0.10263949
v -1.32574904 2.31606292 -0.10275749
v -1.25533402 2.35414409 -0.10275749
v -1.24194002 2.31023907 -0.10279749
v -1.31207704 2.27257108 -0.10279749
v -1.33914995 2.35966897 -0.1027185
v -1.26847696 2.39815902 -0.1027185
v -1.35227596 2.40337896 -0.10267849
v -1.28136599 2.44226288 -0.10267849
v -1.23128104 2.27590394 -0.1028275
v -1.30121004 2.23866701 -0.1028275
v -1.21823704 2.26181006 -0.10285249
v -1.20762097 2.25693392 -0.10286849
v -1.22118604 2.20360207 -0.10286849
v -1.27085197 2.21214103 -0.10284149
v -0.32741299 2.84488105 -0.10261349
v -0.399728 2.8696599 -0.10261349
v -0.31196799 2.92853498 -0.10261349
v -0.299189 2.86936092 -0.10261349
v -0.342103 2.82068896 -0.10261349
v -0.42424398 2.81752991 -0.10261349
v -0.35236099 2.76857805 -0.10263949
v -0.433106 2.75963807 -0.10263949
v -0.228992 2.87560701 -0.10261349
v -0.233611 2.93558502 -0.10261349
v -0.37402901 2.58568406 -0.10279749
v -0.38840401 2.62928009 -0.10275749
v -0.30891299 2.638767 -0.10275749
v -0.295008 2.59534096 -0.10279749
v -0.40304499 2.67280101 -0.1027185
v -0.323109 2.68211388 -0.1027185
v -0.41794699 2.71627807 -0.10267849
v -0.33759298 2.72540211 -0.10267849
v -0.39581298 2.46199107 -0.10287949
v -0.40437498 2.50722599 -0.10287949
v -0.37132799 2.5223391 -0.10286849
v -0.32949399 2.48658204 -0.10286849
v -0.362939 2.55148792 -0.1028275
v -0.284332 2.561378 -0.1028275
v -0.36546701 2.53244805 -0.10285249
v -0.29525899 2.52143788 -0.10284049
v -0.15452699 2.94064307 -0.10261349
v -0.058797 2.89588403 -0.10261349
v -0.12647199 2.86033296 -0.10261349
v -0.15810799 2.88020801 -0.10261349
v -0.10825599 2.83868289 -0.10261349
v -0.026597 2.84810996 -0.10261349
v -0.008986 2.79226207 -0.10263949
v -0.090148 2.78874397 -0.10263949
v -0.113233 2.65381193 -0.10275749
v -0.03322599 2.65659093 -0.10275749
v -0.040766 2.61131405 -0.10279749
v -0.120336 2.60878109 -0.10279749
v -0.105834 2.69882607 -0.1027185
v -0.025416 2.70184588 -0.1027185
v -0.098139 2.74381089 -0.10267849
v -0.017336 2.7470889 -0.10267849
v -0.033748 2.54829907 -0.10286849
v 0.00122 2.538419 -0.10287949
v -0.000324 2.49240708 -0.10287949
v -0.069623 2.506567 -0.10286849
v -0.046496 2.57582402 -0.1028275
v -0.12569199 2.57358002 -0.1028275
v -0.041085 2.55738806 -0.10285249
v -0.11030399 2.53631711 -0.10284149
v -0.77406299 2.76006889 -0.10261349
v -0.84931898 2.77348709 -0.10261349
v -0.77160602 2.84510207 -0.10261349
v -0.74991899 2.78858304 -0.10261349
v -0.784877 2.73392701 -0.10261349
v -0.86556601 2.71822094 -0.10261349
v -0.78703701 2.68084693 -0.10263949
v -0.865462 2.6596589 -0.10263949
v -0.68150502 2.80549907 -0.10261349
v -0.695252 2.86406898 -0.10261349
v -0.780451 2.49679088 -0.10279749
v -0.80132997 2.53766799 -0.10275749
v -0.72422802 2.55921411 -0.10275749
v -0.70384097 2.51844596 -0.10279749
v -0.822461 2.57844901 -0.1027185
v -0.744892 2.59988188 -0.1027185
v -0.84384298 2.61911988 -0.10267849
v -0.765832 2.64043688 -0.10267849
v -0.764256 2.4646871 -0.1028275
v -0.68809098 2.48650288 -0.1028275
v -0.72127002 2.40568208 -0.10286849
v -0.76808297 2.43460989 -0.10286849
v -0.763839 2.44548392 -0.10285249
v -0.69277501 2.44536495 -0.10284049
v -0.61787301 2.88117098 -0.10261349
v -0.51641899 2.85159897 -0.10261349
v -0.577856 2.80610609 -0.10261349
v -0.61216098 2.82090401 -0.10261349
v -0.55653899 2.78749489 -0.10261349
v -0.47728601 2.80931496 -0.10261349
v -0.45133298 2.75680995 -0.10263949
v -0.53100001 2.74091911 -0.10263949
v -0.53315699 2.604043 -0.10275749
v -0.45451799 2.61904096 -0.10275749
v -0.45503801 2.57313704 -0.10279749
v -0.53328299 2.55844903 -0.10279749
v -0.532736 2.64965701 -0.1027185
v -0.453729 2.6649549 -0.1027185
v -0.53201901 2.69528889 -0.10267849
v -0.45267 2.71090006 -0.10267849
v -0.45526701 2.53718709 -0.1028275
v -0.53318697 2.52284503 -0.1028275
v -0.447099 2.51980495 -0.10285249
v -0.43845701 2.51194596 -0.10286849
v -0.46752199 2.46521496 -0.10286849
v -0.51227599 2.488384 -0.10284049
v 0.57785701 2.80610609 -0.10261349
v 0.51641899 2.85159897 -0.10261349
v 0.61787301 2.88117098 -0.10261349
v 0.61216098 2.8209021 -0.10261349
v 0.55653899 2.78749489 -0.10261349
v 0.47728699 2.80931496 -0.10261349
v 0.53100001 2.74091911 -0.10263949
v 0.451334 2.75680995 -0.10263949
v 0.68095898 2.8056209 -0.10261349
v 0.69469499 2.864192 -0.10261349
v 0.45503801 2.57313704 -0.10279749
v 0.454519 2.61904096 -0.10275749
v 0.533158 2.604043 -0.10275749
v 0.533284 2.55844903 -0.10279749
v 0.45372998 2.6649549 -0.1027185
v 0.532736 2.64965701 -0.1027185
v 0.45267 2.71090006 -0.10267849
v 0.53201997 2.69528889 -0.10267849
v 0.39687201 2.46182608 -0.10287949
v 0.40239 2.50752902 -0.10287949
v 0.438459 2.5119481 -0.10286849
v 0.46752399 2.46521592 -0.10286849
v 0.45526701 2.5371859 -0.1028275
v 0.53318798 2.52284407 -0.1028275
v 0.44710099 2.519804 -0.10285249
v 0.51069498 2.48808002 -0.10284149
v 0.77160602 2.84510207 -0.10261349
v 0.84931898 2.77348709 -0.10261349
v 0.77406299 2.76006889 -0.10261349
v 0.74991899 2.78858304 -0.10261349
v 0.784877 2.73392701 -0.10261349
v 0.86556601 2.71822094 -0.10261349
v 0.865462 2.6596589 -0.10263949
v 0.787036 2.68084693 -0.10263949
v 0.72422897 2.55921411 -0.10275749
v 0.80132997 2.53766799 -0.10275749
v 0.780451 2.49679088 -0.10279749
v 0.70384198 2.51844596 -0.10279749
v 0.74489301 2.59988188 -0.1027185
v 0.82246202 2.57844901 -0.1027185
v 0.76583302 2.64043688 -0.10267849
v 0.84384298 2.61911988 -0.10267849
v 0.768085 2.43460989 -0.10286849
v 0.79843002 2.41462111 -0.10287949
v 0.78304398 2.37122201 -0.10287949
v 0.72127199 2.40568089 -0.10286849
v 0.76425701 2.46468806 -0.1028275
v 0.68809199 2.48650407 -0.1028275
v 0.76384198 2.44548392 -0.10285249
v 0.691491 2.44633102 -0.10284049
v 0.12647199 2.86033296 -0.10261349
v 0.058796 2.89588689 -0.10261349
v 0.15452599 2.94064307 -0.10261349
v 0.15810699 2.88020801 -0.10261349
v 0.10825499 2.83868289 -0.10261349
v 0.026596 2.84810996 -0.10261349
v 0.090147 2.78874397 -0.10263949
v 0.008986 2.79226207 -0.10263949
v 0.22843299 2.87564492 -0.10261349
v 0.233041 2.93562698 -0.10261349
v 0.04076499 2.61131405 -0.10279749
v 0.033225 2.65659093 -0.10275749
v 0.113233 2.65381193 -0.10275749
v 0.120336 2.60878109 -0.10279749
v 0.025416 2.70184588 -0.1027185
v 0.105834 2.69882607 -0.1027185
v 0.017336 2.7470889 -0.10267849
v 0.098139 2.74381089 -0.10267849
v 0.046495 2.57582306 -0.1028275
v 0.12569199 2.57357907 -0.1028275
v 0.06962499 2.50656795 -0.10286849
v 0.03374899 2.54829907 -0.10286849
v 0.04108599 2.55738711 -0.10285249
v 0.108785 2.535784 -0.10284149
v 0.31196901 2.92853498 -0.10261349
v 0.399728 2.8696599 -0.10261349
v 0.32741299 2.84488105 -0.10261349
v 0.29919001 2.86936092 -0.10261349
v 0.342103 2.82068896 -0.10261349
v 0.42424398 2.81752991 -0.10261349
v 0.433106 2.75963807 -0.10263949
v 0.352362 2.76857805 -0.10263949
v 0.308914 2.638767 -0.10275749
v 0.38840499 2.62928009 -0.10275749
v 0.37402999 2.58568406 -0.10279749
v 0.295008 2.59534096 -0.10279749
v 0.323109 2.68211388 -0.1027185
v 0.40304499 2.67280101 -0.1027185
v 0.337594 2.72540211 -0.10267849
v 0.41794699 2.71627807 -0.10267849
v 0.36294001 2.55148911 -0.1028275
v 0.28433299 2.56137895 -0.1028275
v 0.365469 2.53244805 -0.10285249
v 0.37132901 2.52233696 -0.10286849
v 0.32949501 2.48658108 -0.10286849
v 0.29384198 2.52219891 -0.10284049
v 1.42709505 2.49644804 -0.10261349
v 1.38224399 2.55834293 -0.10261349
v 1.48789405 2.55593609 -0.10261349
v 1.46426701 2.50020504 -0.10261349
v 1.40115499 2.48513007 -0.10261349
v 1.33218002 2.52985906 -0.10261349
v 1.36275494 2.44843888 -0.10263949
v 1.29159796 2.48762202 -0.10263949
v 1.52524995 2.46488404 -0.10261349
v 1.55601596 2.51659011 -0.10261349
v 1.23971498 2.31139397 -0.10279749
v 1.25306797 2.35530495 -0.10275749
v 1.32351803 2.31728911 -0.10275749
v 1.30988395 2.27378106 -0.10279749
v 1.26616895 2.39932107 -0.1027185
v 1.33687901 2.36090302 -0.1027185
v 1.27901899 2.4434421 -0.10267849
v 1.34996295 2.40462899 -0.10267849
v 1.15067803 2.22281098 -0.10287949
v 1.16972696 2.26472902 -0.10287949
v 1.20544505 2.2580409 -0.10286849
v 1.21905899 2.20473909 -0.10286849
v 1.22908604 2.27704596 -0.1028275
v 1.29904997 2.23986101 -0.1028275
v 1.21605694 2.26293206 -0.10285249
v 1.26711797 2.21351504 -0.10284149
v 1.62358295 2.4751749 -0.10261349
v 1.67606794 2.38345098 -0.10261349
v 1.60027205 2.39336395 -0.10261349
v 1.585855 2.42782902 -0.10261349
v 1.60269296 2.3651669 -0.10261349
v 1.67488396 2.32585501 -0.10261349
v 1.657117 2.2700541 -0.10263949
v 1.58873903 2.31392002 -0.10263949
v 1.49215996 2.21690106 -0.10275749
v 1.55917203 2.17309689 -0.10275749
v 1.52692997 2.1404221 -0.10279749
v 1.46042203 2.18418192 -0.10279749
v 1.52413094 2.249439 -0.1027185
v 1.59161996 2.20560407 -0.1027185
v 1.55633199 2.28179192 -0.10267849
v 1.62427699 2.23793506 -0.10267849
v 1.49637997 2.08487296 -0.10286849
v 1.51928103 2.05665493 -0.10287949
v 1.491521 2.01992607 -0.10287949
v 1.44302201 2.07141494 -0.10286849
v 1.50180697 2.11470508 -0.1028275
v 1.43577194 2.15848588 -0.1028275
v 1.49561905 2.0965259 -0.10285249
v 1.42689502 2.11915803 -0.10284049
v 1.01310503 2.68433809 -0.10261349
v 0.959306 2.73863601 -0.10261349
v 1.06407904 2.7524259 -0.10261349
v 1.04926204 2.69373703 -0.10261349
v 0.98920202 2.66918611 -0.10261349
v 0.914195 2.70280408 -0.10261349
v 0.956873 2.62702703 -0.10263949
v 0.88055497 2.65486693 -0.10263949
v 1.11493396 2.66817092 -0.10261349
v 1.13742399 2.72397089 -0.10261349
v 0.85626202 2.47276997 -0.10279749
v 0.86273402 2.51821494 -0.10275749
v 0.93817502 2.49143099 -0.10275749
v 0.93136102 2.44634795 -0.10279749
v 0.86894297 2.56372189 -0.1027185
v 0.94470101 2.53657293 -0.1027185
v 0.874888 2.60928106 -0.10267849
v 0.95093697 2.5817871 -0.10267849
v 0.85101699 2.43719506 -0.1028275
v 0.925848 2.4111731 -0.1028275
v 0.85217899 2.36420989 -0.10286849
v 0.83056402 2.41480708 -0.10286849
v 0.84030097 2.42126393 -0.10285249
v 0.89832598 2.38023209 -0.10284149
v 1.21053195 2.69338989 -0.10261349
v 1.27644097 2.61077189 -0.10261349
v 1.200019 2.60897803 -0.10261349
v 1.18049705 2.64083099 -0.10261349
v 1.20672798 2.58147907 -0.10261349
v 1.28408694 2.55367898 -0.10261349
v 1.27507197 2.49581909 -0.10263949
v 1.20078504 2.52869606 -0.10263949
v 1.12019705 2.41803288 -0.10275749
v 1.19312298 2.38501596 -0.10275749
v 1.16626501 2.34778308 -0.10279749
v 1.09384203 2.38084197 -0.10279749
v 1.14681005 2.45508003 -0.1027185
v 1.220214 2.42209696 -0.1027185
v 1.17367899 2.49198007 -0.10267849
v 1.24753701 2.45905304 -0.10267849
v 1.14537501 2.31852388 -0.1028275
v 1.07341504 2.35167789 -0.1028275
v 1.14204204 2.29961109 -0.10285249
v 1.14457905 2.28821492 -0.10286849
v 1.09390997 2.26674509 -0.10286849
v 1.07066297 2.31146097 -0.10284049
v 2.14468789 1.94359803 -0.10261349
v 2.12065005 2.01616096 -0.10261349
v 2.22062706 1.98192799 -0.10261349
v 2.1812551 1.93594098 -0.10261349
v 2.116539 1.94065201 -0.10261349
v 2.06431293 2.00412893 -0.10261349
v 2.06884288 1.91727602 -0.10263949
v 2.01286292 1.97615099 -0.10263949
v 2.22870588 1.88383603 -0.10261349
v 2.27366304 1.92381405 -0.10261349
v 1.91012704 1.82384598 -0.10279749
v 1.93613195 1.86167204 -0.10275749
v 1.99179005 1.80412697 -0.10275749
v 1.96564602 1.76679205 -0.10279749
v 1.96192896 1.89966905 -0.1027185
v 2.01771211 1.84166204 -0.1027185
v 1.98751699 1.93783795 -0.10267849
v 2.04340696 1.87939202 -0.10267849
v 1.79847896 1.76634097 -0.10287949
v 1.82930803 1.80052602 -0.10287949
v 1.86133599 1.78336596 -0.10286849
v 1.85819399 1.72842299 -0.10286849
v 1.88961303 1.79431796 -0.1028275
v 1.94506299 1.737728 -0.1028275
v 1.87292802 1.78481495 -0.10285249
v 1.90665602 1.72226202 -0.10284049
v 2.32554793 1.86391305 -0.10261349
v 2.34784889 1.76061797 -0.10261349
v 2.27859807 1.792984 -0.10261349
v 2.27527308 1.83019495 -0.10261349
v 2.27237796 1.76537096 -0.10261349
v 2.32930588 1.70606696 -0.10261349
v 2.29549908 1.65825796 -0.10263949
v 2.24358391 1.720734 -0.10263949
v 2.12219595 1.65745496 -0.10275749
v 2.17282605 1.59544694 -0.10275749
v 2.13221502 1.574041 -0.10279749
v 2.08204889 1.63585805 -0.10279749
v 2.16250491 1.67880499 -0.1027185
v 2.21358299 1.61662197 -0.1027185
v 2.20297789 1.69990897 -0.10267849
v 2.25448608 1.63756394 -0.10267849
v 2.08629894 1.53031694 -0.10286849
v 2.09959888 1.496508 -0.10287949
v 2.06203508 1.46989703 -0.10287949
v 2.03137302 1.53363704 -0.10286849
v 2.10049295 1.55712902 -0.1028275
v 2.05078291 1.61881995 -0.1028275
v 2.08909797 1.54167103 -0.10285249
v 2.03043389 1.58401799 -0.10284049
v 1.80687201 2.24784803 -0.10261349
v 1.77200901 2.31588101 -0.10261349
v 1.87604796 2.29734802 -0.10261349
v 1.84418094 2.24587798 -0.10261349
v 1.77950704 2.24062609 -0.10261349
v 1.71817696 2.29536604 -0.10261349
v 1.73594796 2.21023106 -0.10263949
v 1.67161798 2.25983595 -0.10263949
v 1.89904797 2.20164799 -0.10261349
v 1.93735396 2.248039 -0.10261349
v 1.59340703 2.09360098 -0.10279749
v 1.61331605 2.13495707 -0.10275749
v 1.677127 2.08661603 -0.10275749
v 1.65700602 2.04571795 -0.10279749
v 1.63299095 2.17646002 -0.1027185
v 1.69699704 2.12768411 -0.1027185
v 1.65243303 2.21810293 -0.10267849
v 1.71661198 2.16889095 -0.10267849
v 1.577654 2.06128406 -0.1028275
v 1.64111399 2.01385188 -0.1028275
v 1.55669403 1.99135303 -0.10286849
v 1.55138802 2.04611992 -0.10286849
v 1.56262195 2.0493319 -0.10285249
v 1.60552799 1.992679 -0.10284149
v 1.99779796 2.19679093 -0.10261349
v 2.03564906 2.09811902 -0.10261349
v 1.96225702 2.11950993 -0.10261349
v 1.95327794 2.15577793 -0.10261349
v 1.96033895 2.09126901 -0.10261349
v 2.0256741 2.04138708 -0.10261349
v 1.99958801 1.98895502 -0.10263949
v 1.93871605 2.04275798 -0.10263949
v 1.82844495 1.96163904 -0.10275749
v 1.88797295 1.90811502 -0.10275749
v 1.85111594 1.88074302 -0.10279749
v 1.79207897 1.93415296 -0.10279749
v 1.865013 1.98890996 -0.1027185
v 1.92500901 1.93527102 -0.1027185
v 1.90178 2.01596093 -0.10267849
v 1.962224 1.96222794 -0.10267849
v 1.82235896 1.85917699 -0.1028275
v 1.76379096 1.91252398 -0.1028275
v 1.81346499 1.84214901 -0.10285249
v 1.81243503 1.830513 -0.10286849
v 1.75764799 1.82536995 -0.10286849
v 1.74900901 1.87502205 -0.10284149
v 2.6616559 1.19947505 -0.10261349
v 2.66068792 1.27590799 -0.10261349
v 2.74563193 1.21303796 -0.10261349
v 2.69419908 1.18111395 -0.10261349
v 2.63393807 1.20517301 -0.10261349
v 2.60334992 1.28147399 -0.10261349
v 2.58140397 1.197317 -0.10263949
v 2.54584908 1.27035999 -0.10263949
v 2.72367095 1.11709904 -0.10261349
v 2.77861189 1.141608 -0.10261349
v 2.40186405 1.15625596 -0.10279749
v 2.4380939 1.18443894 -0.10275749
v 2.4737451 1.11276602 -0.10275749
v 2.43753099 1.08507704 -0.10279749
v 2.47417092 1.21286404 -0.1027185
v 2.5098021 1.14070594 -0.1027185
v 2.51010298 1.24151003 -0.10267849
v 2.54570293 1.16889905 -0.10267849
v 2.27805304 1.13519299 -0.10287949
v 2.31777811 1.15846705 -0.10287949
v 2.34311604 1.13241303 -0.10286849
v 2.32350897 1.08100295 -0.10286849
v 2.37338399 1.13430905 -0.1028275
v 2.40912604 1.06361103 -0.1028275
v 2.35460495 1.13029205 -0.10285249
v 2.36784005 1.06047499 -0.10284049
v 2.80995297 1.06882703 -0.10261349
v 2.79997396 0.963615 -0.10261349
v 2.74375009 1.01541197 -0.10261349
v 2.75183701 1.05188894 -0.10261349
v 2.72947597 0.99096798 -0.10261349
v 2.7658081 0.917243 -0.10261349
v 2.71912193 0.88187998 -0.10263949
v 2.68853092 0.95713698 -0.10263949
v 2.55368995 0.93352198 -0.10275749
v 2.58319997 0.85910898 -0.10275749
v 2.53801798 0.850995 -0.10279749
v 2.5088911 0.92507797 -0.10279749
v 2.59856796 0.94168597 -0.1027185
v 2.62844991 0.86696702 -0.1027185
v 2.64352989 0.94955802 -0.10267849
v 2.67377305 0.87455999 -0.10267849
v 2.48103189 0.82320302 -0.10286849
v 2.48348307 0.78694897 -0.10287949
v 2.43963003 0.77294397 -0.10287949
v 2.42967605 0.84296798 -0.10286849
v 2.50266695 0.84445601 -0.1028275
v 2.47393798 0.91829699 -0.1028275
v 2.48712897 0.833175 -0.10285249
v 2.44401907 0.89127898 -0.10284049
v 2.43166089 1.59162497 -0.10261349
v 2.41900301 1.66701602 -0.10261349
v 2.51256895 1.61789 -0.10261349
v 2.46662902 1.57847094 -0.10261349
v 2.40339398 1.59302294 -0.10261349
v 2.3614881 1.66374504 -0.10261349
v 2.35268402 1.57722103 -0.10263949
v 2.30636692 1.64395499 -0.10263949
v 2.505553 1.51972401 -0.10261349
v 2.55609488 1.55235302 -0.10261349
v 2.18154692 1.50915002 -0.10279749
v 2.2130301 1.54255497 -0.10275749
v 2.25923705 1.47717905 -0.10275749
v 2.22768688 1.44427502 -0.10279749
v 2.24433708 1.57616996 -0.1027185
v 2.290591 1.51030802 -0.1027185
v 2.27545809 1.60997605 -0.10267849
v 2.32175302 1.54366695 -0.10267849
v 2.15675807 1.48310804 -0.1028275
v 2.20290494 1.41871404 -0.1028275
v 2.11563205 1.42278695 -0.10286849
v 2.12714004 1.47661304 -0.10286849
v 2.13881707 1.47626698 -0.10285249
v 2.16258406 1.40929102 -0.10284149
v 2.59821009 1.48522496 -0.10261349
v 2.60445189 1.37973594 -0.10261349
v 2.54096388 1.42230296 -0.10261349
v 2.54337191 1.45959401 -0.10261349
v 2.53059697 1.39597904 -0.10261349
v 2.57778811 1.32867002 -0.10261349
v 2.53706598 1.28657805 -0.10263949
v 2.49531388 1.35626804 -0.10263949
v 2.36567807 1.31230294 -0.10275749
v 2.40623092 1.24326896 -0.10275749
v 2.36282706 1.22833097 -0.10279749
v 2.32270193 1.29709804 -0.10279749
v 2.4087789 1.32722997 -0.1027185
v 2.44974589 1.25796496 -0.1027185
v 2.45200395 1.34188604 -0.10267849
v 2.49337196 1.27240896 -0.10267849
v 2.32888889 1.21646297 -0.1028275
v 2.28919696 1.28503894 -0.1028275
v 2.31526398 1.20292997 -0.10285249
v 2.31076288 1.19215202 -0.10286849
v 2.25698804 1.20381605 -0.10286849
v 2.263767 1.25375497 -0.10284149
v 2.92948389 0.33328899 -0.10261349
v 2.95168805 0.40643701 -0.10261349
v 3.01362991 0.32081601 -0.10261349
v 2.95494699 0.30595201 -0.10261349
v 2.90479111 0.347112 -0.10261349
v 2.89872288 0.42909398 -0.10261349
v 2.85234308 0.355522 -0.10263949
v 2.8405559 0.43590199 -0.10263949
v 2.96366596 0.23602099 -0.10261349
v 3.02344989 0.24275599 -0.10261349
v 2.668792 0.370707 -0.10279749
v 2.71185493 0.386615 -0.10275749
v 2.72414588 0.30751499 -0.10275749
v 2.68125391 0.292088 -0.10279749
v 2.75484299 0.40278101 -0.1027185
v 2.76696705 0.32323598 -0.1027185
v 2.79775691 0.41922199 -0.10267849
v 2.80971407 0.33924001 -0.10267849
v 2.54441404 0.388105 -0.10287949
v 2.58931994 0.39826199 -0.10287949
v 2.605587 0.365776 -0.10286849
v 2.57134103 0.32269299 -0.10286849
v 2.63500905 0.35841599 -0.1028275
v 2.64767909 0.28020998 -0.1028275
v 2.61589503 0.36026299 -0.10285249
v 2.60738396 0.28971499 -0.10284049
v 3.03130006 0.16389399 -0.10261349
v 2.98995494 0.06664799 -0.10261349
v 2.95203805 0.133028 -0.10261349
v 2.97078204 0.16534699 -0.10261349
v 2.93103909 0.11405 -0.10261349
v 2.94335603 0.032783 -0.10261349
v 2.88816094 0.013197 -0.10263949
v 2.8817749 0.094182 -0.10263949
v 2.74611091 0.11247699 -0.10275749
v 2.75171899 0.03262199 -0.10275749
v 2.70619893 0.038557 -0.10279749
v 2.70085692 0.11798699 -0.10279749
v 2.79135608 0.10667099 -0.1027185
v 2.7972269 0.026426 -0.1027185
v 2.836591 0.10058099 -0.10267849
v 2.84272193 0.019957 -0.10267849
v 2.64347696 0.02933 -0.10286849
v 2.63484501 -0.005976 -0.10287949
v 2.5888071 -0.006055 -0.10287949
v 2.60050988 0.063688 -0.10286849
v 2.67052888 0.043021 -0.1028275
v 2.66548895 0.12209899 -0.1028275
v 2.65230202 0.036979 -0.10285249
v 2.6287961 0.105393 -0.10284149
v 2.82892894 0.77666097 -0.10261349
v 2.83967208 0.85234499 -0.10261349
v 2.91399002 0.777215 -0.10261349
v 2.85827589 0.75354397 -0.10261349
v 2.80240893 0.78654199 -0.10261349
v 2.78386306 0.86663001 -0.10261349
v 2.74928998 0.786825 -0.10263949
v 2.72533893 0.86445099 -0.10263949
v 2.87759995 0.68576997 -0.10261349
v 2.93564605 0.70157402 -0.10261349
v 2.56558299 0.773736 -0.10279749
v 2.6056981 0.79604297 -0.10275749
v 2.62995696 0.71974897 -0.10275749
v 2.58993101 0.69793099 -0.10279749
v 2.64570498 0.818605 -0.1027185
v 2.66986703 0.74183702 -0.1027185
v 2.68559908 0.84141498 -0.10267849
v 2.70965695 0.764198 -0.10267849
v 2.53407788 0.75641298 -0.1028275
v 2.558573 0.681068 -0.1028275
v 2.47662806 0.71136599 -0.10286849
v 2.50387597 0.759166 -0.10286849
v 2.51490497 0.75531297 -0.10285249
v 2.51729202 0.684291 -0.10284149
v 2.95547294 0.62484902 -0.10261349
v 2.92950606 0.52241998 -0.10261349
v 2.88187503 0.58220499 -0.10261349
v 2.89545202 0.61701297 -0.10261349
v 2.86402702 0.56024801 -0.10261349
v 2.88864111 0.48180499 -0.10261349
v 2.83709096 0.454023 -0.10263949
v 2.81838393 0.53307098 -0.10263949
v 2.68151688 0.530384 -0.10275749
v 2.69928693 0.45232701 -0.10275749
v 2.65339493 0.45122298 -0.10279749
v 2.63595604 0.52890002 -0.10279749
v 2.7271161 0.53157502 -0.1027185
v 2.74520707 0.45316401 -0.1027185
v 2.77275395 0.53247499 -0.10267849
v 2.79115605 0.45373299 -0.10267849
v 2.6174581 0.450183 -0.1028275
v 2.60037303 0.52754002 -0.1028275
v 2.60037589 0.44139501 -0.10285249
v 2.59282302 0.43248999 -0.10286849
v 2.54509997 0.45988601 -0.10286849
v 2.56667089 0.50542402 -0.10284049
g Group32941
f 1924 1923 1922 1921
g Group32944
f 2 4 1921 1922
f 3 1 1923 1924
g Group13743
f 3 4 2 1
g Group32941
f 1926 1922 1923 1925
g Group32944
f 1 8 1925 1923
f 7 2 1922 1926
g Group13743
f 7 8 1 2
g Group32941
f 1925 1928 1927 1926
g Group32944
f 6 7 1926 1927
f 8 5 1928 1925
g Group13743
f 8 7 6 5
g Group32941
f 1930 1929 1924 1921
g Group32944
f 4 9 1930 1921
f 10 3 1924 1929
g Group13743
f 9 4 3 10
g Group32941
f 1934 1933 1932 1931
g Group32944
f 13 11 1934 1931
f 12 14 1932 1933
g Group13743
f 11 13 14 12
g Group32941
f 1931 1932 1936 1935
g Group32944
f 15 13 1931 1935
f 14 16 1936 1932
g Group13743
f 13 15 16 14
g Group32941
f 1935 1936 1938 1937
g Group32944
f 17 15 1935 1937
f 16 18 1938 1936
g Group13743
f 15 17 18 16
g Group32941
f 1937 1938 1927 1928
g Group32944
f 5 17 1937 1928
f 18 6 1927 1938
g Group13743
f 17 5 6 18
g Group32941
f 1942 1941 1940 1939
g Group32944
f 22 19 1939 1940
f 20 21 1941 1942
g Group13743
f 20 19 22 21
g Group32941
f 1944 1943 1933 1934
g Group32944
f 11 23 1944 1934
f 24 12 1933 1943
g Group13743
f 23 11 12 24
g Group32941
f 1946 1942 1939 1945
g Group32944
f 19 26 1945 1939
f 25 20 1942 1946
g Group13743
f 25 26 19 20
g Group32941
f 1944 1946 1945 1943
g Group32944
f 26 24 1943 1945
f 23 25 1946 1944
g Group13743
f 23 24 26 25
g Group32941
f 1950 1949 1948 1947
g Group32944
f 27 29 1950 1947
f 30 28 1948 1949
g Group13743
f 29 27 28 30
g Group32941
f 1952 1951 1947 1948
g Group32944
f 28 33 1952 1948
f 34 27 1947 1951
g Group13743
f 33 28 27 34
g Group32941
f 1951 1952 1954 1953
g Group32944
f 31 34 1951 1953
f 33 32 1954 1952
g Group13743
f 34 31 32 33
g Group32941
f 1958 1957 1956 1955
g Group32944
f 38 36 1955 1956
f 35 37 1957 1958
g Group13743
f 35 36 38 37
g Group32941
f 1957 1960 1959 1956
g Group32944
f 40 38 1956 1959
f 37 39 1960 1957
g Group13743
f 37 38 40 39
g Group32941
f 1960 1962 1961 1959
g Group32944
f 42 40 1959 1961
f 39 41 1962 1960
g Group13743
f 39 40 42 41
g Group32941
f 1962 1953 1954 1961
g Group32944
f 32 42 1961 1954
f 41 31 1953 1962
g Group13743
f 41 42 32 31
g Group32941
f 1966 1965 1964 1963
g Group32944
f 45 44 1966 1963
f 43 46 1964 1965
g Group13743
f 44 45 46 43
g Group32941
f 1968 1958 1955 1967
g Group32944
f 36 48 1967 1955
f 47 35 1958 1968
g Group13743
f 47 48 36 35
g Group32941
f 1970 1969 1965 1966
g Group32944
f 44 49 1970 1966
f 50 43 1965 1969
g Group13743
f 49 44 43 50
g Group32941
f 1968 1967 1969 1970
g Group32944
f 49 47 1968 1970
f 48 50 1969 1967
g Group13743
f 47 49 50 48
g Group32941
f 1950 1929 1930 1949
g Group32944
f 9 30 1949 1930
f 29 10 1929 1950
g Group13743
f 29 30 9 10
g Group32941
f 1974 1973 1972 1971
g Group32944
f 52 54 1971 1972
f 53 51 1973 1974
g Group13743
f 53 54 52 51
g Group32941
f 1976 1972 1973 1975
g Group32944
f 51 58 1975 1973
f 57 52 1972 1976
g Group13743
f 57 58 51 52
g Group32941
f 1975 1978 1977 1976
g Group32944
f 56 57 1976 1977
f 58 55 1978 1975
g Group13743
f 58 57 56 55
g Group32941
f 1980 1979 1974 1971
g Group32944
f 54 59 1980 1971
f 60 53 1974 1979
g Group13743
f 59 54 53 60
g Group32941
f 1984 1983 1982 1981
g Group32944
f 63 61 1984 1981
f 62 64 1982 1983
g Group13743
f 61 63 64 62
g Group32941
f 1981 1982 1986 1985
g Group32944
f 65 63 1981 1985
f 64 66 1986 1982
g Group13743
f 63 65 66 64
g Group32941
f 1985 1986 1988 1987
g Group32944
f 67 65 1985 1987
f 66 68 1988 1986
g Group13743
f 65 67 68 66
g Group32941
f 1987 1988 1977 1978
g Group32944
f 55 67 1987 1978
f 68 56 1977 1988
g Group13743
f 67 55 56 68
g Group32941
f 1990 1989 1983 1984
g Group32944
f 61 71 1990 1984
f 72 62 1983 1989
g Group13743
f 71 61 62 72
g Group32941
f 1994 1993 1992 1991
g Group32944
f 69 74 1991 1992
f 73 70 1993 1994
g Group13743
f 73 74 69 70
g Group32941
f 1990 1994 1991 1989
g Group32944
f 74 72 1989 1991
f 71 73 1994 1990
g Group13743
f 71 72 74 73
g Group32941
f 1998 1997 1996 1995
g Group32944
f 75 77 1998 1995
f 78 76 1996 1997
g Group13743
f 77 75 76 78
g Group32941
f 2000 1999 1995 1996
g Group32944
f 76 81 2000 1996
f 82 75 1995 1999
g Group13743
f 81 76 75 82
g Group32941
f 1999 2000 2002 2001
g Group32944
f 79 82 1999 2001
f 81 80 2002 2000
g Group13743
f 82 79 80 81
g Group32941
f 2006 2005 2004 2003
g Group32944
f 86 84 2003 2004
f 83 85 2005 2006
g Group13743
f 83 84 86 85
g Group32941
f 2005 2008 2007 2004
g Group32944
f 88 86 2004 2007
f 85 87 2008 2005
g Group13743
f 85 86 88 87
g Group32941
f 2008 2010 2009 2007
g Group32944
f 90 88 2007 2009
f 87 89 2010 2008
g Group13743
f 87 88 90 89
g Group32941
f 2010 2001 2002 2009
g Group32944
f 80 90 2009 2002
f 89 79 2001 2010
g Group13743
f 89 90 80 79
g Group32941
f 2012 2006 2003 2011
g Group32944
f 84 94 2011 2003
f 93 83 2006 2012
g Group13743
f 93 94 84 83
g Group32941
f 2016 2015 2014 2013
g Group32944
f 92 95 2016 2013
f 96 91 2014 2015
g Group13743
f 95 92 91 96
g Group32941
f 2012 2011 2015 2016
g Group32944
f 95 93 2012 2016
f 94 96 2015 2011
g Group13743
f 93 95 96 94
g Group32941
f 1998 1979 1980 1997
g Group32944
f 59 78 1997 1980
f 77 60 1979 1998
g Group13743
f 77 78 59 60
g Group32941
f 2014 1940 1941 2013
g Group32944
f 21 92 2013 1941
f 91 22 1940 2014
g Group13743
f 91 92 21 22
g Group32941
f 2020 2019 2018 2017
g Group32944
f 98 100 2017 2018
f 99 97 2019 2020
g Group13743
f 99 100 98 97
g Group32941
f 2022 2018 2019 2021
g Group32944
f 97 104 2021 2019
f 103 98 2018 2022
g Group13743
f 103 104 97 98
g Group32941
f 2021 2024 2023 2022
g Group32944
f 102 103 2022 2023
f 104 101 2024 2021
g Group13743
f 104 103 102 101
g Group32941
f 2026 2025 2020 2017
g Group32944
f 100 105 2026 2017
f 106 99 2020 2025
g Group13743
f 105 100 99 106
g Group32941
f 2030 2029 2028 2027
g Group32944
f 109 107 2030 2027
f 108 110 2028 2029
g Group13743
f 107 109 110 108
g Group32941
f 2027 2028 2032 2031
g Group32944
f 111 109 2027 2031
f 110 112 2032 2028
g Group13743
f 109 111 112 110
g Group32941
f 2031 2032 2034 2033
g Group32944
f 113 111 2031 2033
f 112 114 2034 2032
g Group13743
f 111 113 114 112
g Group32941
f 2033 2034 2023 2024
g Group32944
f 101 113 2033 2024
f 114 102 2023 2034
g Group13743
f 113 101 102 114
g Group32941
f 2038 2037 2036 2035
g Group32944
f 118 115 2035 2036
f 116 117 2037 2038
g Group13743
f 116 115 118 117
g Group32941
f 2040 2039 2029 2030
g Group32944
f 107 119 2040 2030
f 120 108 2029 2039
g Group13743
f 119 107 108 120
g Group32941
f 2042 2038 2035 2041
g Group32944
f 115 122 2041 2035
f 121 116 2038 2042
g Group13743
f 121 122 115 116
g Group32941
f 2040 2042 2041 2039
g Group32944
f 122 120 2039 2041
f 119 121 2042 2040
g Group13743
f 119 120 122 121
g Group32941
f 2046 2045 2044 2043
g Group32944
f 123 125 2046 2043
f 126 124 2044 2045
g Group13743
f 125 123 124 126
g Group32941
f 2048 2047 2043 2044
g Group32944
f 124 129 2048 2044
f 130 123 2043 2047
g Group13743
f 129 124 123 130
g Group32941
f 2047 2048 2050 2049
g Group32944
f 127 130 2047 2049
f 129 128 2050 2048
g Group13743
f 130 127 128 129
g Group32941
f 2054 2053 2052 2051
g Group32944
f 134 132 2051 2052
f 131 133 2053 2054
g Group13743
f 131 132 134 133
g Group32941
f 2053 2056 2055 2052
g Group32944
f 136 134 2052 2055
f 133 135 2056 2053
g Group13743
f 133 134 136 135
g Group32941
f 2056 2058 2057 2055
g Group32944
f 138 136 2055 2057
f 135 137 2058 2056
g Group13743
f 135 136 138 137
g Group32941
f 2058 2049 2050 2057
g Group32944
f 128 138 2057 2050
f 137 127 2049 2058
g Group13743
f 137 138 128 127
g Group32941
f 2062 2061 2060 2059
g Group32944
f 141 140 2062 2059
f 139 142 2060 2061
g Group13743
f 140 141 142 139
g Group32941
f 2064 2054 2051 2063
g Group32944
f 132 144 2063 2051
f 143 131 2054 2064
g Group13743
f 143 144 132 131
g Group32941
f 2066 2065 2061 2062
g Group32944
f 140 145 2066 2062
f 146 139 2061 2065
g Group13743
f 145 140 139 146
g Group32941
f 2064 2063 2065 2066
g Group32944
f 145 143 2064 2066
f 144 146 2065 2063
g Group13743
f 143 145 146 144
g Group32941
f 2046 2025 2026 2045
g Group32944
f 105 126 2045 2026
f 125 106 2025 2046
g Group13743
f 125 126 105 106
g Group32941
f 2070 2069 2068 2067
g Group32944
f 148 150 2067 2068
f 149 147 2069 2070
g Group13743
f 149 150 148 147
g Group32941
f 2072 2068 2069 2071
g Group32944
f 147 154 2071 2069
f 153 148 2068 2072
g Group13743
f 153 154 147 148
g Group32941
f 2071 2074 2073 2072
g Group32944
f 152 153 2072 2073
f 154 151 2074 2071
g Group13743
f 154 153 152 151
g Group32941
f 2076 2075 2070 2067
g Group32944
f 150 155 2076 2067
f 156 149 2070 2075
g Group13743
f 155 150 149 156
g Group32941
f 2080 2079 2078 2077
g Group32944
f 159 157 2080 2077
f 158 160 2078 2079
g Group13743
f 157 159 160 158
g Group32941
f 2077 2078 2082 2081
g Group32944
f 161 159 2077 2081
f 160 162 2082 2078
g Group13743
f 159 161 162 160
g Group32941
f 2081 2082 2084 2083
g Group32944
f 163 161 2081 2083
f 162 164 2084 2082
g Group13743
f 161 163 164 162
g Group32941
f 2083 2084 2073 2074
g Group32944
f 151 163 2083 2074
f 164 152 2073 2084
g Group13743
f 163 151 152 164
g Group32941
f 2086 2085 2079 2080
g Group32944
f 157 167 2086 2080
f 168 158 2079 2085
g Group13743
f 167 157 158 168
g Group32941
f 2090 2089 2088 2087
g Group32944
f 165 170 2087 2088
f 169 166 2089 2090
g Group13743
f 169 170 165 166
g Group32941
f 2086 2090 2087 2085
g Group32944
f 170 168 2085 2087
f 167 169 2090 2086
g Group13743
f 167 168 170 169
g Group32941
f 2094 2093 2092 2091
g Group32944
f 171 173 2094 2091
f 174 172 2092 2093
g Group13743
f 173 171 172 174
g Group32941
f 2096 2095 2091 2092
g Group32944
f 172 177 2096 2092
f 178 171 2091 2095
g Group13743
f 177 172 171 178
g Group32941
f 2095 2096 2098 2097
g Group32944
f 175 178 2095 2097
f 177 176 2098 2096
g Group13743
f 178 175 176 177
g Group32941
f 2102 2101 2100 2099
g Group32944
f 182 180 2099 2100
f 179 181 2101 2102
g Group13743
f 179 180 182 181
g Group32941
f 2101 2104 2103 2100
g Group32944
f 184 182 2100 2103
f 181 183 2104 2101
g Group13743
f 181 182 184 183
g Group32941
f 2104 2106 2105 2103
g Group32944
f 186 184 2103 2105
f 183 185 2106 2104
g Group13743
f 183 184 186 185
g Group32941
f 2106 2097 2098 2105
g Group32944
f 176 186 2105 2098
f 185 175 2097 2106
g Group13743
f 185 186 176 175
g Group32941
f 2108 2102 2099 2107
g Group32944
f 180 190 2107 2099
f 189 179 2102 2108
g Group13743
f 189 190 180 179
g Group32941
f 2112 2111 2110 2109
g Group32944
f 188 191 2112 2109
f 192 187 2110 2111
g Group13743
f 191 188 187 192
g Group32941
f 2108 2107 2111 2112
g Group32944
f 191 189 2108 2112
f 190 192 2111 2107
g Group13743
f 189 191 192 190
g Group32941
f 2094 2075 2076 2093
g Group32944
f 155 174 2093 2076
f 173 156 2075 2094
g Group13743
f 173 174 155 156
g Group32941
f 2110 2036 2037 2109
g Group32944
f 117 188 2109 2037
f 187 118 2036 2110
g Group13743
f 187 188 117 118
g Group32941
f 2116 2115 2114 2113
g Group32944
f 194 196 2113 2114
f 195 193 2115 2116
g Group13743
f 195 196 194 193
g Group32941
f 2118 2114 2115 2117
g Group32944
f 193 200 2117 2115
f 199 194 2114 2118
g Group13743
f 199 200 193 194
g Group32941
f 2117 2120 2119 2118
g Group32944
f 198 199 2118 2119
f 200 197 2120 2117
g Group13743
f 200 199 198 197
g Group32941
f 2122 2121 2116 2113
g Group32944
f 196 201 2122 2113
f 202 195 2116 2121
g Group13743
f 201 196 195 202
g Group32941
f 2126 2125 2124 2123
g Group32944
f 205 203 2126 2123
f 204 206 2124 2125
g Group13743
f 203 205 206 204
g Group32941
f 2123 2124 2128 2127
g Group32944
f 207 205 2123 2127
f 206 208 2128 2124
g Group13743
f 205 207 208 206
g Group32941
f 2127 2128 2130 2129
g Group32944
f 209 207 2127 2129
f 208 210 2130 2128
g Group13743
f 207 209 210 208
g Group32941
f 2129 2130 2119 2120
g Group32944
f 197 209 2129 2120
f 210 198 2119 2130
g Group13743
f 209 197 198 210
g Group32941
f 2134 2133 2132 2131
g Group32944
f 214 211 2131 2132
f 212 213 2133 2134
g Group13743
f 212 211 214 213
g Group32941
f 2136 2135 2125 2126
g Group32944
f 203 215 2136 2126
f 216 204 2125 2135
g Group13743
f 215 203 204 216
g Group32941
f 2138 2134 2131 2137
g Group32944
f 211 218 2137 2131
f 217 212 2134 2138
g Group13743
f 217 218 211 212
g Group32941
f 2136 2138 2137 2135
g Group32944
f 218 216 2135 2137
f 215 217 2138 2136
g Group13743
f 215 216 218 217
g Group32941
f 2142 2141 2140 2139
g Group32944
f 219 221 2142 2139
f 222 220 2140 2141
g Group13743
f 221 219 220 222
g Group32941
f 2144 2143 2139 2140
g Group32944
f 220 225 2144 2140
f 226 219 2139 2143
g Group13743
f 225 220 219 226
g Group32941
f 2143 2144 2146 2145
g Group32944
f 223 226 2143 2145
f 225 224 2146 2144
g Group13743
f 226 223 224 225
g Group32941
f 2150 2149 2148 2147
g Group32944
f 230 228 2147 2148
f 227 229 2149 2150
g Group13743
f 227 228 230 229
g Group32941
f 2149 2152 2151 2148
g Group32944
f 232 230 2148 2151
f 229 231 2152 2149
g Group13743
f 229 230 232 231
g Group32941
f 2152 2154 2153 2151
g Group32944
f 234 232 2151 2153
f 231 233 2154 2152
g Group13743
f 231 232 234 233
g Group32941
f 2154 2145 2146 2153
g Group32944
f 224 234 2153 2146
f 233 223 2145 2154
g Group13743
f 233 234 224 223
g Group32941
f 2158 2157 2156 2155
g Group32944
f 237 236 2158 2155
f 235 238 2156 2157
g Group13743
f 236 237 238 235
g Group32941
f 2160 2150 2147 2159
g Group32944
f 228 240 2159 2147
f 239 227 2150 2160
g Group13743
f 239 240 228 227
g Group32941
f 2162 2161 2157 2158
g Group32944
f 236 241 2162 2158
f 242 235 2157 2161
g Group13743
f 241 236 235 242
g Group32941
f 2160 2159 2161 2162
g Group32944
f 241 239 2160 2162
f 240 242 2161 2159
g Group13743
f 239 241 242 240
g Group32941
f 2142 2121 2122 2141
g Group32944
f 201 222 2141 2122
f 221 202 2121 2142
g Group13743
f 221 222 201 202
g Group32941
f 2166 2165 2164 2163
g Group32944
f 244 246 2163 2164
f 245 243 2165 2166
g Group13743
f 245 246 244 243
g Group32941
f 2168 2164 2165 2167
g Group32944
f 243 250 2167 2165
f 249 244 2164 2168
g Group13743
f 249 250 243 244
g Group32941
f 2167 2170 2169 2168
g Group32944
f 248 249 2168 2169
f 250 247 2170 2167
g Group13743
f 250 249 248 247
g Group32941
f 2172 2171 2166 2163
g Group32944
f 246 251 2172 2163
f 252 245 2166 2171
g Group13743
f 251 246 245 252
g Group32941
f 2176 2175 2174 2173
g Group32944
f 255 253 2176 2173
f 254 256 2174 2175
g Group13743
f 253 255 256 254
g Group32941
f 2173 2174 2178 2177
g Group32944
f 257 255 2173 2177
f 256 258 2178 2174
g Group13743
f 255 257 258 256
g Group32941
f 2177 2178 2180 2179
g Group32944
f 259 257 2177 2179
f 258 260 2180 2178
g Group13743
f 257 259 260 258
g Group32941
f 2179 2180 2169 2170
g Group32944
f 247 259 2179 2170
f 260 248 2169 2180
g Group13743
f 259 247 248 260
g Group32941
f 2182 2181 2175 2176
g Group32944
f 253 263 2182 2176
f 264 254 2175 2181
g Group13743
f 263 253 254 264
g Group32941
f 2186 2185 2184 2183
g Group32944
f 261 266 2183 2184
f 265 262 2185 2186
g Group13743
f 265 266 261 262
g Group32941
f 2182 2186 2183 2181
g Group32944
f 266 264 2181 2183
f 263 265 2186 2182
g Group13743
f 263 264 266 265
g Group32941
f 2190 2189 2188 2187
g Group32944
f 267 269 2190 2187
f 270 268 2188 2189
g Group13743
f 269 267 268 270
g Group32941
f 2192 2191 2187 2188
g Group32944
f 268 273 2192 2188
f 274 267 2187 2191
g Group13743
f 273 268 267 274
g Group32941
f 2191 2192 2194 2193
g Group32944
f 271 274 2191 2193
f 273 272 2194 2192
g Group13743
f 274 271 272 273
g Group32941
f 2198 2197 2196 2195
g Group32944
f 278 276 2195 2196
f 275 277 2197 2198
g Group13743
f 275 276 278 277
g Group32941
f 2197 2200 2199 2196
g Group32944
f 280 278 2196 2199
f 277 279 2200 2197
g Group13743
f 277 278 280 279
g Group32941
f 2200 2202 2201 2199
g Group32944
f 282 280 2199 2201
f 279 281 2202 2200
g Group13743
f 279 280 282 281
g Group32941
f 2202 2193 2194 2201
g Group32944
f 272 282 2201 2194
f 281 271 2193 2202
g Group13743
f 281 282 272 271
g Group32941
f 2204 2198 2195 2203
g Group32944
f 276 286 2203 2195
f 285 275 2198 2204
g Group13743
f 285 286 276 275
g Group32941
f 2208 2207 2206 2205
g Group32944
f 284 287 2208 2205
f 288 283 2206 2207
g Group13743
f 287 284 283 288
g Group32941
f 2204 2203 2207 2208
g Group32944
f 287 285 2204 2208
f 286 288 2207 2203
g Group13743
f 285 287 288 286
g Group32941
f 2190 2171 2172 2189
g Group32944
f 251 270 2189 2172
f 269 252 2171 2190
g Group13743
f 269 270 251 252
g Group32941
f 2206 2132 2133 2205
g Group32944
f 213 284 2205 2133
f 283 214 2132 2206
g Group13743
f 283 284 213 214
g Group32941
f 2212 2211 2210 2209
g Group32944
f 290 292 2209 2210
f 291 289 2211 2212
g Group13743
f 291 292 290 289
g Group32941
f 2214 2210 2211 2213
g Group32944
f 289 296 2213 2211
f 295 290 2210 2214
g Group13743
f 295 296 289 290
g Group32941
f 2213 2216 2215 2214
g Group32944
f 294 295 2214 2215
f 296 293 2216 2213
g Group13743
f 296 295 294 293
g Group32941
f 2218 2217 2212 2209
g Group32944
f 292 297 2218 2209
f 298 291 2212 2217
g Group13743
f 297 292 291 298
g Group32941
f 2222 2221 2220 2219
g Group32944
f 301 299 2222 2219
f 300 302 2220 2221
g Group13743
f 299 301 302 300
g Group32941
f 2219 2220 2224 2223
g Group32944
f 303 301 2219 2223
f 302 304 2224 2220
g Group13743
f 301 303 304 302
g Group32941
f 2223 2224 2226 2225
g Group32944
f 305 303 2223 2225
f 304 306 2226 2224
g Group13743
f 303 305 306 304
g Group32941
f 2225 2226 2215 2216
g Group32944
f 293 305 2225 2216
f 306 294 2215 2226
g Group13743
f 305 293 294 306
g Group32941
f 2230 2229 2228 2227
g Group32944
f 310 307 2227 2228
f 308 309 2229 2230
g Group13743
f 308 307 310 309
g Group32941
f 2232 2231 2221 2222
g Group32944
f 299 311 2232 2222
f 312 300 2221 2231
g Group13743
f 311 299 300 312
g Group32941
f 2234 2230 2227 2233
g Group32944
f 307 314 2233 2227
f 313 308 2230 2234
g Group13743
f 313 314 307 308
g Group32941
f 2232 2234 2233 2231
g Group32944
f 314 312 2231 2233
f 311 313 2234 2232
g Group13743
f 311 312 314 313
g Group32941
f 2238 2237 2236 2235
g Group32944
f 315 317 2238 2235
f 318 316 2236 2237
g Group13743
f 317 315 316 318
g Group32941
f 2240 2239 2235 2236
g Group32944
f 316 321 2240 2236
f 322 315 2235 2239
g Group13743
f 321 316 315 322
g Group32941
f 2239 2240 2242 2241
g Group32944
f 319 322 2239 2241
f 321 320 2242 2240
g Group13743
f 322 319 320 321
g Group32941
f 2246 2245 2244 2243
g Group32944
f 326 324 2243 2244
f 323 325 2245 2246
g Group13743
f 323 324 326 325
g Group32941
f 2245 2248 2247 2244
g Group32944
f 328 326 2244 2247
f 325 327 2248 2245
g Group13743
f 325 326 328 327
g Group32941
f 2248 2250 2249 2247
g Group32944
f 330 328 2247 2249
f 327 329 2250 2248
g Group13743
f 327 328 330 329
g Group32941
f 2250 2241 2242 2249
g Group32944
f 320 330 2249 2242
f 329 319 2241 2250
g Group13743
f 329 330 320 319
g Group32941
f 2254 2253 2252 2251
g Group32944
f 333 332 2254 2251
f 331 334 2252 2253
g Group13743
f 332 333 334 331
g Group32941
f 2256 2246 2243 2255
g Group32944
f 324 336 2255 2243
f 335 323 2246 2256
g Group13743
f 335 336 324 323
g Group32941
f 2258 2257 2253 2254
g Group32944
f 332 337 2258 2254
f 338 331 2253 2257
g Group13743
f 337 332 331 338
g Group32941
f 2256 2255 2257 2258
g Group32944
f 337 335 2256 2258
f 336 338 2257 2255
g Group13743
f 335 337 338 336
g Group32941
f 2238 2217 2218 2237
g Group32944
f 297 318 2237 2218
f 317 298 2217 2238
g Group13743
f 317 318 297 298
g Group32941
f 2262 2261 2260 2259
g Group32944
f 340 342 2259 2260
f 341 339 2261 2262
g Group13743
f 341 342 340 339
g Group32941
f 2264 2260 2261 2263
g Group32944
f 339 346 2263 2261
f 345 340 2260 2264
g Group13743
f 345 346 339 340
g Group32941
f 2263 2266 2265 2264
g Group32944
f 344 345 2264 2265
f 346 343 2266 2263
g Group13743
f 346 345 344 343
g Group32941
f 2268 2267 2262 2259
g Group32944
f 342 347 2268 2259
f 348 341 2262 2267
g Group13743
f 347 342 341 348
g Group32941
f 2272 2271 2270 2269
g Group32944
f 351 349 2272 2269
f 350 352 2270 2271
g Group13743
f 349 351 352 350
g Group32941
f 2269 2270 2274 2273
g Group32944
f 353 351 2269 2273
f 352 354 2274 2270
g Group13743
f 351 353 354 352
g Group32941
f 2273 2274 2276 2275
g Group32944
f 355 353 2273 2275
f 354 356 2276 2274
g Group13743
f 353 355 356 354
g Group32941
f 2275 2276 2265 2266
g Group32944
f 343 355 2275 2266
f 356 344 2265 2276
g Group13743
f 355 343 344 356
g Group32941
f 2278 2277 2271 2272
g Group32944
f 349 359 2278 2272
f 360 350 2271 2277
g Group13743
f 359 349 350 360
g Group32941
f 2282 2281 2280 2279
g Group32944
f 357 362 2279 2280
f 361 358 2281 2282
g Group13743
f 361 362 357 358
g Group32941
f 2278 2282 2279 2277
g Group32944
f 362 360 2277 2279
f 359 361 2282 2278
g Group13743
f 359 360 362 361
g Group32941
f 2286 2285 2284 2283
g Group32944
f 363 365 2286 2283
f 366 364 2284 2285
g Group13743
f 365 363 364 366
g Group32941
f 2288 2287 2283 2284
g Group32944
f 364 369 2288 2284
f 370 363 2283 2287
g Group13743
f 369 364 363 370
g Group32941
f 2287 2288 2290 2289
g Group32944
f 367 370 2287 2289
f 369 368 2290 2288
g Group13743
f 370 367 368 369
g Group32941
f 2294 2293 2292 2291
g Group32944
f 374 372 2291 2292
f 371 373 2293 2294
g Group13743
f 371 372 374 373
g Group32941
f 2293 2296 2295 2292
g Group32944
f 376 374 2292 2295
f 373 375 2296 2293
g Group13743
f 373 374 376 375
g Group32941
f 2296 2298 2297 2295
g Group32944
f 378 376 2295 2297
f 375 377 2298 2296
g Group13743
f 375 376 378 377
g Group32941
f 2298 2289 2290 2297
g Group32944
f 368 378 2297 2290
f 377 367 2289 2298
g Group13743
f 377 378 368 367
g Group32941
f 2300 2294 2291 2299
g Group32944
f 372 382 2299 2291
f 381 371 2294 2300
g Group13743
f 381 382 372 371
g Group32941
f 2304 2303 2302 2301
g Group32944
f 380 383 2304 2301
f 384 379 2302 2303
g Group13743
f 383 380 379 384
g Group32941
f 2300 2299 2303 2304
g Group32944
f 383 381 2300 2304
f 382 384 2303 2299
g Group13743
f 381 383 384 382
g Group32941
f 2286 2267 2268 2285
g Group32944
f 347 366 2285 2268
f 365 348 2267 2286
g Group13743
f 365 366 347 348
g Group32941
f 2302 2228 2229 2301
g Group32944
f 309 380 2301 2229
f 379 310 2228 2302
g Group13743
f 379 380 309 310
g Group32941
f 2308 2307 2306 2305
g Group32944
f 386 388 2305 2306
f 387 385 2307 2308
g Group13743
f 387 388 386 385
g Group32941
f 2310 2306 2307 2309
g Group32944
f 385 392 2309 2307
f 391 386 2306 2310
g Group13743
f 391 392 385 386
g Group32941
f 2309 2312 2311 2310
g Group32944
f 390 391 2310 2311
f 392 389 2312 2309
g Group13743
f 392 391 390 389
g Group32941
f 2314 2313 2308 2305
g Group32944
f 388 393 2314 2305
f 394 387 2308 2313
g Group13743
f 393 388 387 394
g Group32941
f 2318 2317 2316 2315
g Group32944
f 397 395 2318 2315
f 396 398 2316 2317
g Group13743
f 395 397 398 396
g Group32941
f 2315 2316 2320 2319
g Group32944
f 399 397 2315 2319
f 398 400 2320 2316
g Group13743
f 397 399 400 398
g Group32941
f 2319 2320 2322 2321
g Group32944
f 401 399 2319 2321
f 400 402 2322 2320
g Group13743
f 399 401 402 400
g Group32941
f 2321 2322 2311 2312
g Group32944
f 389 401 2321 2312
f 402 390 2311 2322
g Group13743
f 401 389 390 402
g Group32941
f 2326 2325 2324 2323
g Group32944
f 406 403 2323 2324
f 404 405 2325 2326
g Group13743
f 404 403 406 405
g Group32941
f 2328 2327 2317 2318
g Group32944
f 395 407 2328 2318
f 408 396 2317 2327
g Group13743
f 407 395 396 408
g Group32941
f 2330 2326 2323 2329
g Group32944
f 403 410 2329 2323
f 409 404 2326 2330
g Group13743
f 409 410 403 404
g Group32941
f 2328 2330 2329 2327
g Group32944
f 410 408 2327 2329
f 407 409 2330 2328
g Group13743
f 407 408 410 409
g Group32941
f 2334 2333 2332 2331
g Group32944
f 411 413 2334 2331
f 414 412 2332 2333
g Group13743
f 413 411 412 414
g Group32941
f 2336 2335 2331 2332
g Group32944
f 412 417 2336 2332
f 418 411 2331 2335
g Group13743
f 417 412 411 418
g Group32941
f 2335 2336 2338 2337
g Group32944
f 415 418 2335 2337
f 417 416 2338 2336
g Group13743
f 418 415 416 417
g Group32941
f 2342 2341 2340 2339
g Group32944
f 422 420 2339 2340
f 419 421 2341 2342
g Group13743
f 419 420 422 421
g Group32941
f 2341 2344 2343 2340
g Group32944
f 424 422 2340 2343
f 421 423 2344 2341
g Group13743
f 421 422 424 423
g Group32941
f 2344 2346 2345 2343
g Group32944
f 426 424 2343 2345
f 423 425 2346 2344
g Group13743
f 423 424 426 425
g Group32941
f 2346 2337 2338 2345
g Group32944
f 416 426 2345 2338
f 425 415 2337 2346
g Group13743
f 425 426 416 415
g Group32941
f 2350 2349 2348 2347
g Group32944
f 429 428 2350 2347
f 427 430 2348 2349
g Group13743
f 428 429 430 427
g Group32941
f 2352 2342 2339 2351
g Group32944
f 420 432 2351 2339
f 431 419 2342 2352
g Group13743
f 431 432 420 419
g Group32941
f 2354 2353 2349 2350
g Group32944
f 428 433 2354 2350
f 434 427 2349 2353
g Group13743
f 433 428 427 434
g Group32941
f 2352 2351 2353 2354
g Group32944
f 433 431 2352 2354
f 432 434 2353 2351
g Group13743
f 431 433 434 432
g Group32941
f 2334 2313 2314 2333
g Group32944
f 393 414 2333 2314
f 413 394 2313 2334
g Group13743
f 413 414 393 394
g Group32941
f 2358 2357 2356 2355
g Group32944
f 436 438 2355 2356
f 437 435 2357 2358
g Group13743
f 437 438 436 435
g Group32941
f 2360 2356 2357 2359
g Group32944
f 435 442 2359 2357
f 441 436 2356 2360
g Group13743
f 441 442 435 436
g Group32941
f 2359 2362 2361 2360
g Group32944
f 440 441 2360 2361
f 442 439 2362 2359
g Group13743
f 442 441 440 439
g Group32941
f 2364 2363 2358 2355
g Group32944
f 438 443 2364 2355
f 444 437 2358 2363
g Group13743
f 443 438 437 444
g Group32941
f 2368 2367 2366 2365
g Group32944
f 447 445 2368 2365
f 446 448 2366 2367
g Group13743
f 445 447 448 446
g Group32941
f 2365 2366 2370 2369
g Group32944
f 449 447 2365 2369
f 448 450 2370 2366
g Group13743
f 447 449 450 448
g Group32941
f 2369 2370 2372 2371
g Group32944
f 451 449 2369 2371
f 450 452 2372 2370
g Group13743
f 449 451 452 450
g Group32941
f 2371 2372 2361 2362
g Group32944
f 439 451 2371 2362
f 452 440 2361 2372
g Group13743
f 451 439 440 452
g Group32941
f 2374 2373 2367 2368
g Group32944
f 445 455 2374 2368
f 456 446 2367 2373
g Group13743
f 455 445 446 456
g Group32941
f 2378 2377 2376 2375
g Group32944
f 453 458 2375 2376
f 457 454 2377 2378
g Group13743
f 457 458 453 454
g Group32941
f 2374 2378 2375 2373
g Group32944
f 458 456 2373 2375
f 455 457 2378 2374
g Group13743
f 455 456 458 457
g Group32941
f 2382 2381 2380 2379
g Group32944
f 459 461 2382 2379
f 462 460 2380 2381
g Group13743
f 461 459 460 462
g Group32941
f 2384 2383 2379 2380
g Group32944
f 460 465 2384 2380
f 466 459 2379 2383
g Group13743
f 465 460 459 466
g Group32941
f 2383 2384 2386 2385
g Group32944
f 463 466 2383 2385
f 465 464 2386 2384
g Group13743
f 466 463 464 465
g Group32941
f 2390 2389 2388 2387
g Group32944
f 470 468 2387 2388
f 467 469 2389 2390
g Group13743
f 467 468 470 469
g Group32941
f 2389 2392 2391 2388
g Group32944
f 472 470 2388 2391
f 469 471 2392 2389
g Group13743
f 469 470 472 471
g Group32941
f 2392 2394 2393 2391
g Group32944
f 474 472 2391 2393
f 471 473 2394 2392
g Group13743
f 471 472 474 473
g Group32941
f 2394 2385 2386 2393
g Group32944
f 464 474 2393 2386
f 473 463 2385 2394
g Group13743
f 473 474 464 463
g Group32941
f 2396 2390 2387 2395
g Group32944
f 468 478 2395 2387
f 477 467 2390 2396
g Group13743
f 477 478 468 467
g Group32941
f 2400 2399 2398 2397
g Group32944
f 476 479 2400 2397
f 480 475 2398 2399
g Group13743
f 479 476 475 480
g Group32941
f 2396 2395 2399 2400
g Group32944
f 479 477 2396 2400
f 478 480 2399 2395
g Group13743
f 477 479 480 478
g Group32941
f 2382 2363 2364 2381
g Group32944
f 443 462 2381 2364
f 461 444 2363 2382
g Group13743
f 461 462 443 444
g Group32941
f 2398 2324 2325 2397
g Group32944
f 405 476 2397 2325
f 475 406 2324 2398
g Group13743
f 475 476 405 406
g Group32941
f 2185 2059 2060 2184
g Group32944
f 142 261 2184 2060
f 262 141 2059 2185
g Group13743
f 262 261 142 141
g Group32941
f 2281 2155 2156 2280
g Group32944
f 238 357 2280 2156
f 358 237 2155 2281
g Group13743
f 358 357 238 237
g Group32941
f 2377 2251 2252 2376
g Group32944
f 334 453 2376 2252
f 454 333 2251 2377
g Group13743
f 454 453 334 333
g Group32941
f 2089 1963 1964 2088
g Group32944
f 46 165 2088 1964
f 166 45 1963 2089
g Group13743
f 166 165 46 45
g Group32941
f 2404 2403 2402 2401
g Group32944
f 482 484 2401 2402
f 483 481 2403 2404
g Group13743
f 483 484 482 481
g Group32941
f 2406 2402 2403 2405
g Group32944
f 481 488 2405 2403
f 487 482 2402 2406
g Group13743
f 487 488 481 482
g Group32941
f 2405 2408 2407 2406
g Group32944
f 486 487 2406 2407
f 488 485 2408 2405
g Group13743
f 488 487 486 485
g Group32941
f 2410 2409 2404 2401
g Group32944
f 484 489 2410 2401
f 490 483 2404 2409
g Group13743
f 489 484 483 490
g Group32941
f 2414 2413 2412 2411
g Group32944
f 493 491 2414 2411
f 492 494 2412 2413
g Group13743
f 491 493 494 492
g Group32941
f 2411 2412 2416 2415
g Group32944
f 495 493 2411 2415
f 494 496 2416 2412
g Group13743
f 493 495 496 494
g Group32941
f 2415 2416 2418 2417
g Group32944
f 497 495 2415 2417
f 496 498 2418 2416
g Group13743
f 495 497 498 496
g Group32941
f 2417 2418 2407 2408
g Group32944
f 485 497 2417 2408
f 498 486 2407 2418
g Group13743
f 497 485 486 498
g Group32941
f 2422 2421 2420 2419
g Group32944
f 502 499 2419 2420
f 500 501 2421 2422
g Group13743
f 500 499 502 501
g Group32941
f 2424 2423 2413 2414
g Group32944
f 491 503 2424 2414
f 504 492 2413 2423
g Group13743
f 503 491 492 504
g Group32941
f 2426 2422 2419 2425
g Group32944
f 499 506 2425 2419
f 505 500 2422 2426
g Group13743
f 505 506 499 500
g Group32941
f 2424 2426 2425 2423
g Group32944
f 506 504 2423 2425
f 503 505 2426 2424
g Group13743
f 503 504 506 505
g Group32941
f 2430 2429 2428 2427
g Group32944
f 507 509 2430 2427
f 510 508 2428 2429
g Group13743
f 509 507 508 510
g Group32941
f 2432 2431 2427 2428
g Group32944
f 508 513 2432 2428
f 514 507 2427 2431
g Group13743
f 513 508 507 514
g Group32941
f 2431 2432 2434 2433
g Group32944
f 511 514 2431 2433
f 513 512 2434 2432
g Group13743
f 514 511 512 513
g Group32941
f 2438 2437 2436 2435
g Group32944
f 518 516 2435 2436
f 515 517 2437 2438
g Group13743
f 515 516 518 517
g Group32941
f 2437 2440 2439 2436
g Group32944
f 520 518 2436 2439
f 517 519 2440 2437
g Group13743
f 517 518 520 519
g Group32941
f 2440 2442 2441 2439
g Group32944
f 522 520 2439 2441
f 519 521 2442 2440
g Group13743
f 519 520 522 521
g Group32941
f 2442 2433 2434 2441
g Group32944
f 512 522 2441 2434
f 521 511 2433 2442
g Group13743
f 521 522 512 511
g Group32941
f 2446 2445 2444 2443
g Group32944
f 525 524 2446 2443
f 523 526 2444 2445
g Group13743
f 524 525 526 523
g Group32941
f 2448 2438 2435 2447
g Group32944
f 516 528 2447 2435
f 527 515 2438 2448
g Group13743
f 527 528 516 515
g Group32941
f 2450 2449 2445 2446
g Group32944
f 524 529 2450 2446
f 530 523 2445 2449
g Group13743
f 529 524 523 530
g Group32941
f 2448 2447 2449 2450
g Group32944
f 529 527 2448 2450
f 528 530 2449 2447
g Group13743
f 527 529 530 528
g Group32941
f 2430 2409 2410 2429
g Group32944
f 489 510 2429 2410
f 509 490 2409 2430
g Group13743
f 509 510 489 490
g Group32941
f 2454 2453 2452 2451
g Group32944
f 532 534 2451 2452
f 533 531 2453 2454
g Group13743
f 533 534 532 531
g Group32941
f 2456 2452 2453 2455
g Group32944
f 531 538 2455 2453
f 537 532 2452 2456
g Group13743
f 537 538 531 532
g Group32941
f 2455 2458 2457 2456
g Group32944
f 536 537 2456 2457
f 538 535 2458 2455
g Group13743
f 538 537 536 535
g Group32941
f 2460 2459 2454 2451
g Group32944
f 534 539 2460 2451
f 540 533 2454 2459
g Group13743
f 539 534 533 540
g Group32941
f 2464 2463 2462 2461
g Group32944
f 543 541 2464 2461
f 542 544 2462 2463
g Group13743
f 541 543 544 542
g Group32941
f 2461 2462 2466 2465
g Group32944
f 545 543 2461 2465
f 544 546 2466 2462
g Group13743
f 543 545 546 544
g Group32941
f 2465 2466 2468 2467
g Group32944
f 547 545 2465 2467
f 546 548 2468 2466
g Group13743
f 545 547 548 546
g Group32941
f 2467 2468 2457 2458
g Group32944
f 535 547 2467 2458
f 548 536 2457 2468
g Group13743
f 547 535 536 548
g Group32941
f 2470 2469 2463 2464
g Group32944
f 541 551 2470 2464
f 552 542 2463 2469
g Group13743
f 551 541 542 552
g Group32941
f 2474 2473 2472 2471
g Group32944
f 549 554 2471 2472
f 553 550 2473 2474
g Group13743
f 553 554 549 550
g Group32941
f 2470 2474 2471 2469
g Group32944
f 554 552 2469 2471
f 551 553 2474 2470
g Group13743
f 551 552 554 553
g Group32941
f 2478 2477 2476 2475
g Group32944
f 555 557 2478 2475
f 558 556 2476 2477
g Group13743
f 557 555 556 558
g Group32941
f 2480 2479 2475 2476
g Group32944
f 556 561 2480 2476
f 562 555 2475 2479
g Group13743
f 561 556 555 562
g Group32941
f 2479 2480 2482 2481
g Group32944
f 559 562 2479 2481
f 561 560 2482 2480
g Group13743
f 562 559 560 561
g Group32941
f 2486 2485 2484 2483
g Group32944
f 566 564 2483 2484
f 563 565 2485 2486
g Group13743
f 563 564 566 565
g Group32941
f 2485 2488 2487 2484
g Group32944
f 568 566 2484 2487
f 565 567 2488 2485
g Group13743
f 565 566 568 567
g Group32941
f 2488 2490 2489 2487
g Group32944
f 570 568 2487 2489
f 567 569 2490 2488
g Group13743
f 567 568 570 569
g Group32941
f 2490 2481 2482 2489
g Group32944
f 560 570 2489 2482
f 569 559 2481 2490
g Group13743
f 569 570 560 559
g Group32941
f 2492 2486 2483 2491
g Group32944
f 564 574 2491 2483
f 573 563 2486 2492
g Group13743
f 573 574 564 563
g Group32941
f 2496 2495 2494 2493
g Group32944
f 572 575 2496 2493
f 576 571 2494 2495
g Group13743
f 575 572 571 576
g Group32941
f 2492 2491 2495 2496
g Group32944
f 575 573 2492 2496
f 574 576 2495 2491
g Group13743
f 573 575 576 574
g Group32941
f 2478 2459 2460 2477
g Group32944
f 539 558 2477 2460
f 557 540 2459 2478
g Group13743
f 557 558 539 540
g Group32941
f 2494 2420 2421 2493
g Group32944
f 501 572 2493 2421
f 571 502 2420 2494
g Group13743
f 571 572 501 502
g Group32941
f 2500 2499 2498 2497
g Group32944
f 578 580 2497 2498
f 579 577 2499 2500
g Group13743
f 579 580 578 577
g Group32941
f 2502 2498 2499 2501
g Group32944
f 577 584 2501 2499
f 583 578 2498 2502
g Group13743
f 583 584 577 578
g Group32941
f 2501 2504 2503 2502
g Group32944
f 582 583 2502 2503
f 584 581 2504 2501
g Group13743
f 584 583 582 581
g Group32941
f 2506 2505 2500 2497
g Group32944
f 580 585 2506 2497
f 586 579 2500 2505
g Group13743
f 585 580 579 586
g Group32941
f 2510 2509 2508 2507
g Group32944
f 589 587 2510 2507
f 588 590 2508 2509
g Group13743
f 587 589 590 588
g Group32941
f 2507 2508 2512 2511
g Group32944
f 591 589 2507 2511
f 590 592 2512 2508
g Group13743
f 589 591 592 590
g Group32941
f 2511 2512 2514 2513
g Group32944
f 593 591 2511 2513
f 592 594 2514 2512
g Group13743
f 591 593 594 592
g Group32941
f 2513 2514 2503 2504
g Group32944
f 581 593 2513 2504
f 594 582 2503 2514
g Group13743
f 593 581 582 594
g Group32941
f 2518 2517 2516 2515
g Group32944
f 598 595 2515 2516
f 596 597 2517 2518
g Group13743
f 596 595 598 597
g Group32941
f 2520 2519 2509 2510
g Group32944
f 587 599 2520 2510
f 600 588 2509 2519
g Group13743
f 599 587 588 600
g Group32941
f 2522 2518 2515 2521
g Group32944
f 595 602 2521 2515
f 601 596 2518 2522
g Group13743
f 601 602 595 596
g Group32941
f 2520 2522 2521 2519
g Group32944
f 602 600 2519 2521
f 599 601 2522 2520
g Group13743
f 599 600 602 601
g Group32941
f 2526 2525 2524 2523
g Group32944
f 603 605 2526 2523
f 606 604 2524 2525
g Group13743
f 605 603 604 606
g Group32941
f 2528 2527 2523 2524
g Group32944
f 604 609 2528 2524
f 610 603 2523 2527
g Group13743
f 609 604 603 610
g Group32941
f 2527 2528 2530 2529
g Group32944
f 607 610 2527 2529
f 609 608 2530 2528
g Group13743
f 610 607 608 609
g Group32941
f 2534 2533 2532 2531
g Group32944
f 614 612 2531 2532
f 611 613 2533 2534
g Group13743
f 611 612 614 613
g Group32941
f 2533 2536 2535 2532
g Group32944
f 616 614 2532 2535
f 613 615 2536 2533
g Group13743
f 613 614 616 615
g Group32941
f 2536 2538 2537 2535
g Group32944
f 618 616 2535 2537
f 615 617 2538 2536
g Group13743
f 615 616 618 617
g Group32941
f 2538 2529 2530 2537
g Group32944
f 608 618 2537 2530
f 617 607 2529 2538
g Group13743
f 617 618 608 607
g Group32941
f 2542 2541 2540 2539
g Group32944
f 621 620 2542 2539
f 619 622 2540 2541
g Group13743
f 620 621 622 619
g Group32941
f 2544 2534 2531 2543
g Group32944
f 612 624 2543 2531
f 623 611 2534 2544
g Group13743
f 623 624 612 611
g Group32941
f 2546 2545 2541 2542
g Group32944
f 620 625 2546 2542
f 626 619 2541 2545
g Group13743
f 625 620 619 626
g Group32941
f 2544 2543 2545 2546
g Group32944
f 625 623 2544 2546
f 624 626 2545 2543
g Group13743
f 623 625 626 624
g Group32941
f 2526 2505 2506 2525
g Group32944
f 585 606 2525 2506
f 605 586 2505 2526
g Group13743
f 605 606 585 586
g Group32941
f 2550 2549 2548 2547
g Group32944
f 628 630 2547 2548
f 629 627 2549 2550
g Group13743
f 629 630 628 627
g Group32941
f 2552 2548 2549 2551
g Group32944
f 627 634 2551 2549
f 633 628 2548 2552
g Group13743
f 633 634 627 628
g Group32941
f 2551 2554 2553 2552
g Group32944
f 632 633 2552 2553
f 634 631 2554 2551
g Group13743
f 634 633 632 631
g Group32941
f 2556 2555 2550 2547
g Group32944
f 630 635 2556 2547
f 636 629 2550 2555
g Group13743
f 635 630 629 636
g Group32941
f 2560 2559 2558 2557
g Group32944
f 639 637 2560 2557
f 638 640 2558 2559
g Group13743
f 637 639 640 638
g Group32941
f 2557 2558 2562 2561
g Group32944
f 641 639 2557 2561
f 640 642 2562 2558
g Group13743
f 639 641 642 640
g Group32941
f 2561 2562 2564 2563
g Group32944
f 643 641 2561 2563
f 642 644 2564 2562
g Group13743
f 641 643 644 642
g Group32941
f 2563 2564 2553 2554
g Group32944
f 631 643 2563 2554
f 644 632 2553 2564
g Group13743
f 643 631 632 644
g Group32941
f 2566 2565 2559 2560
g Group32944
f 637 647 2566 2560
f 648 638 2559 2565
g Group13743
f 647 637 638 648
g Group32941
f 2570 2569 2568 2567
g Group32944
f 645 650 2567 2568
f 649 646 2569 2570
g Group13743
f 649 650 645 646
g Group32941
f 2566 2570 2567 2565
g Group32944
f 650 648 2565 2567
f 647 649 2570 2566
g Group13743
f 647 648 650 649
g Group32941
f 2574 2573 2572 2571
g Group32944
f 651 653 2574 2571
f 654 652 2572 2573
g Group13743
f 653 651 652 654
g Group32941
f 2576 2575 2571 2572
g Group32944
f 652 657 2576 2572
f 658 651 2571 2575
g Group13743
f 657 652 651 658
g Group32941
f 2575 2576 2578 2577
g Group32944
f 655 658 2575 2577
f 657 656 2578 2576
g Group13743
f 658 655 656 657
g Group32941
f 2582 2581 2580 2579
g Group32944
f 662 660 2579 2580
f 659 661 2581 2582
g Group13743
f 659 660 662 661
g Group32941
f 2581 2584 2583 2580
g Group32944
f 664 662 2580 2583
f 661 663 2584 2581
g Group13743
f 661 662 664 663
g Group32941
f 2584 2586 2585 2583
g Group32944
f 666 664 2583 2585
f 663 665 2586 2584
g Group13743
f 663 664 666 665
g Group32941
f 2586 2577 2578 2585
g Group32944
f 656 666 2585 2578
f 665 655 2577 2586
g Group13743
f 665 666 656 655
g Group32941
f 2588 2582 2579 2587
g Group32944
f 660 670 2587 2579
f 669 659 2582 2588
g Group13743
f 669 670 660 659
g Group32941
f 2592 2591 2590 2589
g Group32944
f 668 671 2592 2589
f 672 667 2590 2591
g Group13743
f 671 668 667 672
g Group32941
f 2588 2587 2591 2592
g Group32944
f 671 669 2588 2592
f 670 672 2591 2587
g Group13743
f 669 671 672 670
g Group32941
f 2574 2555 2556 2573
g Group32944
f 635 654 2573 2556
f 653 636 2555 2574
g Group13743
f 653 654 635 636
g Group32941
f 2590 2516 2517 2589
g Group32944
f 597 668 2589 2517
f 667 598 2516 2590
g Group13743
f 667 668 597 598
g Group32941
f 2596 2595 2594 2593
g Group32944
f 674 676 2593 2594
f 675 673 2595 2596
g Group13743
f 675 676 674 673
g Group32941
f 2598 2594 2595 2597
g Group32944
f 673 680 2597 2595
f 679 674 2594 2598
g Group13743
f 679 680 673 674
g Group32941
f 2597 2600 2599 2598
g Group32944
f 678 679 2598 2599
f 680 677 2600 2597
g Group13743
f 680 679 678 677
g Group32941
f 2602 2601 2596 2593
g Group32944
f 676 681 2602 2593
f 682 675 2596 2601
g Group13743
f 681 676 675 682
g Group32941
f 2606 2605 2604 2603
g Group32944
f 685 683 2606 2603
f 684 686 2604 2605
g Group13743
f 683 685 686 684
g Group32941
f 2603 2604 2608 2607
g Group32944
f 687 685 2603 2607
f 686 688 2608 2604
g Group13743
f 685 687 688 686
g Group32941
f 2607 2608 2610 2609
g Group32944
f 689 687 2607 2609
f 688 690 2610 2608
g Group13743
f 687 689 690 688
g Group32941
f 2609 2610 2599 2600
g Group32944
f 677 689 2609 2600
f 690 678 2599 2610
g Group13743
f 689 677 678 690
g Group32941
f 2614 2613 2612 2611
g Group32944
f 694 691 2611 2612
f 692 693 2613 2614
g Group13743
f 692 691 694 693
g Group32941
f 2616 2615 2605 2606
g Group32944
f 683 695 2616 2606
f 696 684 2605 2615
g Group13743
f 695 683 684 696
g Group32941
f 2618 2614 2611 2617
g Group32944
f 691 698 2617 2611
f 697 692 2614 2618
g Group13743
f 697 698 691 692
g Group32941
f 2616 2618 2617 2615
g Group32944
f 698 696 2615 2617
f 695 697 2618 2616
g Group13743
f 695 696 698 697
g Group32941
f 2622 2621 2620 2619
g Group32944
f 699 701 2622 2619
f 702 700 2620 2621
g Group13743
f 701 699 700 702
g Group32941
f 2624 2623 2619 2620
g Group32944
f 700 705 2624 2620
f 706 699 2619 2623
g Group13743
f 705 700 699 706
g Group32941
f 2623 2624 2626 2625
g Group32944
f 703 706 2623 2625
f 705 704 2626 2624
g Group13743
f 706 703 704 705
g Group32941
f 2630 2629 2628 2627
g Group32944
f 710 708 2627 2628
f 707 709 2629 2630
g Group13743
f 707 708 710 709
g Group32941
f 2629 2632 2631 2628
g Group32944
f 712 710 2628 2631
f 709 711 2632 2629
g Group13743
f 709 710 712 711
g Group32941
f 2632 2634 2633 2631
g Group32944
f 714 712 2631 2633
f 711 713 2634 2632
g Group13743
f 711 712 714 713
g Group32941
f 2634 2625 2626 2633
g Group32944
f 704 714 2633 2626
f 713 703 2625 2634
g Group13743
f 713 714 704 703
g Group32941
f 2638 2637 2636 2635
g Group32944
f 717 716 2638 2635
f 715 718 2636 2637
g Group13743
f 716 717 718 715
g Group32941
f 2640 2630 2627 2639
g Group32944
f 708 720 2639 2627
f 719 707 2630 2640
g Group13743
f 719 720 708 707
g Group32941
f 2642 2641 2637 2638
g Group32944
f 716 721 2642 2638
f 722 715 2637 2641
g Group13743
f 721 716 715 722
g Group32941
f 2640 2639 2641 2642
g Group32944
f 721 719 2640 2642
f 720 722 2641 2639
g Group13743
f 719 721 722 720
g Group32941
f 2622 2601 2602 2621
g Group32944
f 681 702 2621 2602
f 701 682 2601 2622
g Group13743
f 701 702 681 682
g Group32941
f 2646 2645 2644 2643
g Group32944
f 724 726 2643 2644
f 725 723 2645 2646
g Group13743
f 725 726 724 723
g Group32941
f 2648 2644 2645 2647
g Group32944
f 723 730 2647 2645
f 729 724 2644 2648
g Group13743
f 729 730 723 724
g Group32941
f 2647 2650 2649 2648
g Group32944
f 728 729 2648 2649
f 730 727 2650 2647
g Group13743
f 730 729 728 727
g Group32941
f 2652 2651 2646 2643
g Group32944
f 726 731 2652 2643
f 732 725 2646 2651
g Group13743
f 731 726 725 732
g Group32941
f 2656 2655 2654 2653
g Group32944
f 735 733 2656 2653
f 734 736 2654 2655
g Group13743
f 733 735 736 734
g Group32941
f 2653 2654 2658 2657
g Group32944
f 737 735 2653 2657
f 736 738 2658 2654
g Group13743
f 735 737 738 736
g Group32941
f 2657 2658 2660 2659
g Group32944
f 739 737 2657 2659
f 738 740 2660 2658
g Group13743
f 737 739 740 738
g Group32941
f 2659 2660 2649 2650
g Group32944
f 727 739 2659 2650
f 740 728 2649 2660
g Group13743
f 739 727 728 740
g Group32941
f 2662 2661 2655 2656
g Group32944
f 733 743 2662 2656
f 744 734 2655 2661
g Group13743
f 743 733 734 744
g Group32941
f 2666 2665 2664 2663
g Group32944
f 741 746 2663 2664
f 745 742 2665 2666
g Group13743
f 745 746 741 742
g Group32941
f 2662 2666 2663 2661
g Group32944
f 746 744 2661 2663
f 743 745 2666 2662
g Group13743
f 743 744 746 745
g Group32941
f 2670 2669 2668 2667
g Group32944
f 747 749 2670 2667
f 750 748 2668 2669
g Group13743
f 749 747 748 750
g Group32941
f 2672 2671 2667 2668
g Group32944
f 748 753 2672 2668
f 754 747 2667 2671
g Group13743
f 753 748 747 754
g Group32941
f 2671 2672 2674 2673
g Group32944
f 751 754 2671 2673
f 753 752 2674 2672
g Group13743
f 754 751 752 753
g Group32941
f 2678 2677 2676 2675
g Group32944
f 758 756 2675 2676
f 755 757 2677 2678
g Group13743
f 755 756 758 757
g Group32941
f 2677 2680 2679 2676
g Group32944
f 760 758 2676 2679
f 757 759 2680 2677
g Group13743
f 757 758 760 759
g Group32941
f 2680 2682 2681 2679
g Group32944
f 762 760 2679 2681
f 759 761 2682 2680
g Group13743
f 759 760 762 761
g Group32941
f 2682 2673 2674 2681
g Group32944
f 752 762 2681 2674
f 761 751 2673 2682
g Group13743
f 761 762 752 751
g Group32941
f 2684 2678 2675 2683
g Group32944
f 756 766 2683 2675
f 765 755 2678 2684
g Group13743
f 765 766 756 755
g Group32941
f 2688 2687 2686 2685
g Group32944
f 764 767 2688 2685
f 768 763 2686 2687
g Group13743
f 767 764 763 768
g Group32941
f 2684 2683 2687 2688
g Group32944
f 767 765 2684 2688
f 766 768 2687 2683
g Group13743
f 765 767 768 766
g Group32941
f 2670 2651 2652 2669
g Group32944
f 731 750 2669 2652
f 749 732 2651 2670
g Group13743
f 749 750 731 732
g Group32941
f 2686 2612 2613 2685
g Group32944
f 693 764 2685 2613
f 763 694 2612 2686
g Group13743
f 763 764 693 694
g Group32941
f 2692 2691 2690 2689
g Group32944
f 770 772 2689 2690
f 771 769 2691 2692
g Group13743
f 771 772 770 769
g Group32941
f 2694 2690 2691 2693
g Group32944
f 769 776 2693 2691
f 775 770 2690 2694
g Group13743
f 775 776 769 770
g Group32941
f 2693 2696 2695 2694
g Group32944
f 774 775 2694 2695
f 776 773 2696 2693
g Group13743
f 776 775 774 773
g Group32941
f 2698 2697 2692 2689
g Group32944
f 772 777 2698 2689
f 778 771 2692 2697
g Group13743
f 777 772 771 778
g Group32941
f 2702 2701 2700 2699
g Group32944
f 781 779 2702 2699
f 780 782 2700 2701
g Group13743
f 779 781 782 780
g Group32941
f 2699 2700 2704 2703
g Group32944
f 783 781 2699 2703
f 782 784 2704 2700
g Group13743
f 781 783 784 782
g Group32941
f 2703 2704 2706 2705
g Group32944
f 785 783 2703 2705
f 784 786 2706 2704
g Group13743
f 783 785 786 784
g Group32941
f 2705 2706 2695 2696
g Group32944
f 773 785 2705 2696
f 786 774 2695 2706
g Group13743
f 785 773 774 786
g Group32941
f 2710 2709 2708 2707
g Group32944
f 790 787 2707 2708
f 788 789 2709 2710
g Group13743
f 788 787 790 789
g Group32941
f 2712 2711 2701 2702
g Group32944
f 779 791 2712 2702
f 792 780 2701 2711
g Group13743
f 791 779 780 792
g Group32941
f 2714 2710 2707 2713
g Group32944
f 787 794 2713 2707
f 793 788 2710 2714
g Group13743
f 793 794 787 788
g Group32941
f 2712 2714 2713 2711
g Group32944
f 794 792 2711 2713
f 791 793 2714 2712
g Group13743
f 791 792 794 793
g Group32941
f 2718 2717 2716 2715
g Group32944
f 795 797 2718 2715
f 798 796 2716 2717
g Group13743
f 797 795 796 798
g Group32941
f 2720 2719 2715 2716
g Group32944
f 796 801 2720 2716
f 802 795 2715 2719
g Group13743
f 801 796 795 802
g Group32941
f 2719 2720 2722 2721
g Group32944
f 799 802 2719 2721
f 801 800 2722 2720
g Group13743
f 802 799 800 801
g Group32941
f 2726 2725 2724 2723
g Group32944
f 806 804 2723 2724
f 803 805 2725 2726
g Group13743
f 803 804 806 805
g Group32941
f 2725 2728 2727 2724
g Group32944
f 808 806 2724 2727
f 805 807 2728 2725
g Group13743
f 805 806 808 807
g Group32941
f 2728 2730 2729 2727
g Group32944
f 810 808 2727 2729
f 807 809 2730 2728
g Group13743
f 807 808 810 809
g Group32941
f 2730 2721 2722 2729
g Group32944
f 800 810 2729 2722
f 809 799 2721 2730
g Group13743
f 809 810 800 799
g Group32941
f 2734 2733 2732 2731
g Group32944
f 813 812 2734 2731
f 811 814 2732 2733
g Group13743
f 812 813 814 811
g Group32941
f 2736 2726 2723 2735
g Group32944
f 804 816 2735 2723
f 815 803 2726 2736
g Group13743
f 815 816 804 803
g Group32941
f 2738 2737 2733 2734
g Group32944
f 812 817 2738 2734
f 818 811 2733 2737
g Group13743
f 817 812 811 818
g Group32941
f 2736 2735 2737 2738
g Group32944
f 817 815 2736 2738
f 816 818 2737 2735
g Group13743
f 815 817 818 816
g Group32941
f 2718 2697 2698 2717
g Group32944
f 777 798 2717 2698
f 797 778 2697 2718
g Group13743
f 797 798 777 778
g Group32941
f 2742 2741 2740 2739
g Group32944
f 820 822 2739 2740
f 821 819 2741 2742
g Group13743
f 821 822 820 819
g Group32941
f 2744 2740 2741 2743
g Group32944
f 819 826 2743 2741
f 825 820 2740 2744
g Group13743
f 825 826 819 820
g Group32941
f 2743 2746 2745 2744
g Group32944
f 824 825 2744 2745
f 826 823 2746 2743
g Group13743
f 826 825 824 823
g Group32941
f 2748 2747 2742 2739
g Group32944
f 822 827 2748 2739
f 828 821 2742 2747
g Group13743
f 827 822 821 828
g Group32941
f 2752 2751 2750 2749
g Group32944
f 831 829 2752 2749
f 830 832 2750 2751
g Group13743
f 829 831 832 830
g Group32941
f 2749 2750 2754 2753
g Group32944
f 833 831 2749 2753
f 832 834 2754 2750
g Group13743
f 831 833 834 832
g Group32941
f 2753 2754 2756 2755
g Group32944
f 835 833 2753 2755
f 834 836 2756 2754
g Group13743
f 833 835 836 834
g Group32941
f 2755 2756 2745 2746
g Group32944
f 823 835 2755 2746
f 836 824 2745 2756
g Group13743
f 835 823 824 836
g Group32941
f 2758 2757 2751 2752
g Group32944
f 829 839 2758 2752
f 840 830 2751 2757
g Group13743
f 839 829 830 840
g Group32941
f 2762 2761 2760 2759
g Group32944
f 837 842 2759 2760
f 841 838 2761 2762
g Group13743
f 841 842 837 838
g Group32941
f 2758 2762 2759 2757
g Group32944
f 842 840 2757 2759
f 839 841 2762 2758
g Group13743
f 839 840 842 841
g Group32941
f 2766 2765 2764 2763
g Group32944
f 843 845 2766 2763
f 846 844 2764 2765
g Group13743
f 845 843 844 846
g Group32941
f 2768 2767 2763 2764
g Group32944
f 844 849 2768 2764
f 850 843 2763 2767
g Group13743
f 849 844 843 850
g Group32941
f 2767 2768 2770 2769
g Group32944
f 847 850 2767 2769
f 849 848 2770 2768
g Group13743
f 850 847 848 849
g Group32941
f 2774 2773 2772 2771
g Group32944
f 854 852 2771 2772
f 851 853 2773 2774
g Group13743
f 851 852 854 853
g Group32941
f 2773 2776 2775 2772
g Group32944
f 856 854 2772 2775
f 853 855 2776 2773
g Group13743
f 853 854 856 855
g Group32941
f 2776 2778 2777 2775
g Group32944
f 858 856 2775 2777
f 855 857 2778 2776
g Group13743
f 855 856 858 857
g Group32941
f 2778 2769 2770 2777
g Group32944
f 848 858 2777 2770
f 857 847 2769 2778
g Group13743
f 857 858 848 847
g Group32941
f 2780 2774 2771 2779
g Group32944
f 852 862 2779 2771
f 861 851 2774 2780
g Group13743
f 861 862 852 851
g Group32941
f 2784 2783 2782 2781
g Group32944
f 860 863 2784 2781
f 864 859 2782 2783
g Group13743
f 863 860 859 864
g Group32941
f 2780 2779 2783 2784
g Group32944
f 863 861 2780 2784
f 862 864 2783 2779
g Group13743
f 861 863 864 862
g Group32941
f 2766 2747 2748 2765
g Group32944
f 827 846 2765 2748
f 845 828 2747 2766
g Group13743
f 845 846 827 828
g Group32941
f 2782 2708 2709 2781
g Group32944
f 789 860 2781 2709
f 859 790 2708 2782
g Group13743
f 859 860 789 790
g Group32941
f 2788 2787 2786 2785
g Group32944
f 866 868 2785 2786
f 867 865 2787 2788
g Group13743
f 867 868 866 865
g Group32941
f 2790 2786 2787 2789
g Group32944
f 865 872 2789 2787
f 871 866 2786 2790
g Group13743
f 871 872 865 866
g Group32941
f 2789 2792 2791 2790
g Group32944
f 870 871 2790 2791
f 872 869 2792 2789
g Group13743
f 872 871 870 869
g Group32941
f 2794 2793 2788 2785
g Group32944
f 868 873 2794 2785
f 874 867 2788 2793
g Group13743
f 873 868 867 874
g Group32941
f 2798 2797 2796 2795
g Group32944
f 877 875 2798 2795
f 876 878 2796 2797
g Group13743
f 875 877 878 876
g Group32941
f 2795 2796 2800 2799
g Group32944
f 879 877 2795 2799
f 878 880 2800 2796
g Group13743
f 877 879 880 878
g Group32941
f 2799 2800 2802 2801
g Group32944
f 881 879 2799 2801
f 880 882 2802 2800
g Group13743
f 879 881 882 880
g Group32941
f 2801 2802 2791 2792
g Group32944
f 869 881 2801 2792
f 882 870 2791 2802
g Group13743
f 881 869 870 882
g Group32941
f 2806 2805 2804 2803
g Group32944
f 886 883 2803 2804
f 884 885 2805 2806
g Group13743
f 884 883 886 885
g Group32941
f 2808 2807 2797 2798
g Group32944
f 875 887 2808 2798
f 888 876 2797 2807
g Group13743
f 887 875 876 888
g Group32941
f 2810 2806 2803 2809
g Group32944
f 883 890 2809 2803
f 889 884 2806 2810
g Group13743
f 889 890 883 884
g Group32941
f 2808 2810 2809 2807
g Group32944
f 890 888 2807 2809
f 887 889 2810 2808
g Group13743
f 887 888 890 889
g Group32941
f 2814 2813 2812 2811
g Group32944
f 891 893 2814 2811
f 894 892 2812 2813
g Group13743
f 893 891 892 894
g Group32941
f 2816 2815 2811 2812
g Group32944
f 892 897 2816 2812
f 898 891 2811 2815
g Group13743
f 897 892 891 898
g Group32941
f 2815 2816 2818 2817
g Group32944
f 895 898 2815 2817
f 897 896 2818 2816
g Group13743
f 898 895 896 897
g Group32941
f 2822 2821 2820 2819
g Group32944
f 902 900 2819 2820
f 899 901 2821 2822
g Group13743
f 899 900 902 901
g Group32941
f 2821 2824 2823 2820
g Group32944
f 904 902 2820 2823
f 901 903 2824 2821
g Group13743
f 901 902 904 903
g Group32941
f 2824 2826 2825 2823
g Group32944
f 906 904 2823 2825
f 903 905 2826 2824
g Group13743
f 903 904 906 905
g Group32941
f 2826 2817 2818 2825
g Group32944
f 896 906 2825 2818
f 905 895 2817 2826
g Group13743
f 905 906 896 895
g Group32941
f 2828 2822 2819 2827
g Group32944
f 900 910 2827 2819
f 909 899 2822 2828
g Group13743
f 909 910 900 899
g Group32941
f 2832 2831 2830 2829
g Group32944
f 908 911 2832 2829
f 912 907 2830 2831
g Group13743
f 911 908 907 912
g Group32941
f 2828 2827 2831 2832
g Group32944
f 911 909 2828 2832
f 910 912 2831 2827
g Group13743
f 909 911 912 910
g Group32941
f 2814 2793 2794 2813
g Group32944
f 873 894 2813 2794
f 893 874 2793 2814
g Group13743
f 893 894 873 874
g Group32941
f 2836 2835 2834 2833
g Group32944
f 914 916 2833 2834
f 915 913 2835 2836
g Group13743
f 915 916 914 913
g Group32941
f 2838 2834 2835 2837
g Group32944
f 913 920 2837 2835
f 919 914 2834 2838
g Group13743
f 919 920 913 914
g Group32941
f 2837 2840 2839 2838
g Group32944
f 918 919 2838 2839
f 920 917 2840 2837
g Group13743
f 920 919 918 917
g Group32941
f 2842 2841 2836 2833
g Group32944
f 916 921 2842 2833
f 922 915 2836 2841
g Group13743
f 921 916 915 922
g Group32941
f 2846 2845 2844 2843
g Group32944
f 925 923 2846 2843
f 924 926 2844 2845
g Group13743
f 923 925 926 924
g Group32941
f 2843 2844 2848 2847
g Group32944
f 927 925 2843 2847
f 926 928 2848 2844
g Group13743
f 925 927 928 926
g Group32941
f 2847 2848 2850 2849
g Group32944
f 929 927 2847 2849
f 928 930 2850 2848
g Group13743
f 927 929 930 928
g Group32941
f 2849 2850 2839 2840
g Group32944
f 917 929 2849 2840
f 930 918 2839 2850
g Group13743
f 929 917 918 930
g Group32941
f 2852 2851 2845 2846
g Group32944
f 923 933 2852 2846
f 934 924 2845 2851
g Group13743
f 933 923 924 934
g Group32941
f 2856 2855 2854 2853
g Group32944
f 931 936 2853 2854
f 935 932 2855 2856
g Group13743
f 935 936 931 932
g Group32941
f 2852 2856 2853 2851
g Group32944
f 936 934 2851 2853
f 933 935 2856 2852
g Group13743
f 933 934 936 935
g Group32941
f 2860 2859 2858 2857
g Group32944
f 937 939 2860 2857
f 940 938 2858 2859
g Group13743
f 939 937 938 940
g Group32941
f 2862 2861 2857 2858
g Group32944
f 938 943 2862 2858
f 944 937 2857 2861
g Group13743
f 943 938 937 944
g Group32941
f 2861 2862 2864 2863
g Group32944
f 941 944 2861 2863
f 943 942 2864 2862
g Group13743
f 944 941 942 943
g Group32941
f 2868 2867 2866 2865
g Group32944
f 948 946 2865 2866
f 945 947 2867 2868
g Group13743
f 945 946 948 947
g Group32941
f 2867 2870 2869 2866
g Group32944
f 950 948 2866 2869
f 947 949 2870 2867
g Group13743
f 947 948 950 949
g Group32941
f 2870 2872 2871 2869
g Group32944
f 952 950 2869 2871
f 949 951 2872 2870
g Group13743
f 949 950 952 951
g Group32941
f 2872 2863 2864 2871
g Group32944
f 942 952 2871 2864
f 951 941 2863 2872
g Group13743
f 951 952 942 941
g Group32941
f 2874 2868 2865 2873
g Group32944
f 946 956 2873 2865
f 955 945 2868 2874
g Group13743
f 955 956 946 945
g Group32941
f 2878 2877 2876 2875
g Group32944
f 954 957 2878 2875
f 958 953 2876 2877
g Group13743
f 957 954 953 958
g Group32941
f 2874 2873 2877 2878
g Group32944
f 957 955 2874 2878
f 956 958 2877 2873
g Group13743
f 955 957 958 956
g Group32941
f 2860 2841 2842 2859
g Group32944
f 921 940 2859 2842
f 939 922 2841 2860
g Group13743
f 939 940 921 922
g Group32941
f 2876 2804 2805 2875
g Group32944
f 885 954 2875 2805
f 953 886 2804 2876
g Group13743
f 953 954 885 886
g Group32941
f 2665 2539 2540 2664
g Group32944
f 622 741 2664 2540
f 742 621 2539 2665
g Group13743
f 742 741 622 621
g Group32941
f 2761 2635 2636 2760
g Group32944
f 718 837 2760 2636
f 838 717 2635 2761
g Group13743
f 838 837 718 717
g Group32941
f 2855 2731 2732 2854
g Group32944
f 814 931 2854 2732
f 932 813 2731 2855
g Group13743
f 932 931 814 813
g Group32941
f 2569 2443 2444 2568
g Group32944
f 526 645 2568 2444
f 646 525 2443 2569
g Group13743
f 646 645 526 525
g Group32941
f 2473 2347 2348 2472
g Group32944
f 430 549 2472 2348
f 550 429 2347 2473
g Group13743
f 550 549 430 429
g Group32941
f 2882 2881 2880 2879
g Group32944
f 959 961 2882 2879
f 962 960 2880 2881
g Group13743
f 961 959 960 962
g Group32941
f 2884 2883 2879 2880
g Group32944
f 960 965 2884 2880
f 966 959 2879 2883
g Group13743
f 965 960 959 966
g Group32941
f 2883 2884 2886 2885
g Group32944
f 963 966 2883 2885
f 965 964 2886 2884
g Group13743
f 966 963 964 965
g Group32941
f 2888 2881 2882 2887
g Group32944
f 961 968 2887 2882
f 967 962 2881 2888
g Group13743
f 967 968 961 962
g Group32941
f 2892 2891 2890 2889
g Group32944
f 972 970 2889 2890
f 969 971 2891 2892
g Group13743
f 969 970 972 971
g Group32941
f 2891 2894 2893 2890
g Group32944
f 974 972 2890 2893
f 971 973 2894 2891
g Group13743
f 971 972 974 973
g Group32941
f 2894 2896 2895 2893
g Group32944
f 976 974 2893 2895
f 973 975 2896 2894
g Group13743
f 973 974 976 975
g Group32941
f 2896 2885 2886 2895
g Group32944
f 964 976 2895 2886
f 975 963 2885 2896
g Group13743
f 975 976 964 963
g Group32941
f 2900 2899 2898 2897
g Group32944
f 979 978 2900 2897
f 977 980 2898 2899
g Group13743
f 978 979 980 977
g Group32941
f 2902 2892 2889 2901
g Group32944
f 970 982 2901 2889
f 981 969 2892 2902
g Group13743
f 981 982 970 969
g Group32941
f 2904 2903 2899 2900
g Group32944
f 978 983 2904 2900
f 984 977 2899 2903
g Group13743
f 983 978 977 984
g Group32941
f 2902 2901 2903 2904
g Group32944
f 983 981 2902 2904
f 982 984 2903 2901
g Group13743
f 981 983 984 982
g Group32941
f 2908 2907 2906 2905
g Group32944
f 986 988 2905 2906
f 987 985 2907 2908
g Group13743
f 987 988 986 985
g Group32941
f 2910 2906 2907 2909
g Group32944
f 985 992 2909 2907
f 991 986 2906 2910
g Group13743
f 991 992 985 986
g Group32941
f 2909 2912 2911 2910
g Group32944
f 990 991 2910 2911
f 992 989 2912 2909
g Group13743
f 992 991 990 989
g Group32941
f 2916 2915 2914 2913
g Group32944
f 995 993 2916 2913
f 994 996 2914 2915
g Group13743
f 993 995 996 994
g Group32941
f 2913 2914 2918 2917
g Group32944
f 997 995 2913 2917
f 996 998 2918 2914
g Group13743
f 995 997 998 996
g Group32941
f 2917 2918 2920 2919
g Group32944
f 999 997 2917 2919
f 998 1000 2920 2918
g Group13743
f 997 999 1000 998
g Group32941
f 2919 2920 2911 2912
g Group32944
f 989 999 2919 2912
f 1000 990 2911 2920
g Group13743
f 999 989 990 1000
g Group32941
f 2924 2923 2922 2921
g Group32944
f 1004 1001 2921 2922
f 1002 1003 2923 2924
g Group13743
f 1002 1001 1004 1003
g Group32941
f 2926 2925 2915 2916
g Group32944
f 993 1005 2926 2916
f 1006 994 2915 2925
g Group13743
f 1005 993 994 1006
g Group32941
f 2928 2924 2921 2927
g Group32944
f 1001 1008 2927 2921
f 1007 1002 2924 2928
g Group13743
f 1007 1008 1001 1002
g Group32941
f 2926 2928 2927 2925
g Group32944
f 1008 1006 2925 2927
f 1005 1007 2928 2926
g Group13743
f 1005 1006 1008 1007
g Group32941
f 2908 2905 2888 2887
g Group32944
f 968 987 2908 2887
f 988 967 2888 2905
g Group13743
f 987 968 967 988
g Group32941
f 2932 2931 2930 2929
g Group32944
f 1009 1011 2932 2929
f 1012 1010 2930 2931
g Group13743
f 1011 1009 1010 1012
g Group32941
f 2934 2933 2929 2930
g Group32944
f 1010 1015 2934 2930
f 1016 1009 2929 2933
g Group13743
f 1015 1010 1009 1016
g Group32941
f 2933 2934 2936 2935
g Group32944
f 1013 1016 2933 2935
f 1015 1014 2936 2934
g Group13743
f 1016 1013 1014 1015
g Group32941
f 2938 2931 2932 2937
g Group32944
f 1011 1018 2937 2932
f 1017 1012 2931 2938
g Group13743
f 1017 1018 1011 1012
g Group32941
f 2942 2941 2940 2939
g Group32944
f 1022 1020 2939 2940
f 1019 1021 2941 2942
g Group13743
f 1019 1020 1022 1021
g Group32941
f 2941 2944 2943 2940
g Group32944
f 1024 1022 2940 2943
f 1021 1023 2944 2941
g Group13743
f 1021 1022 1024 1023
g Group32941
f 2944 2946 2945 2943
g Group32944
f 1026 1024 2943 2945
f 1023 1025 2946 2944
g Group13743
f 1023 1024 1026 1025
g Group32941
f 2946 2935 2936 2945
g Group32944
f 1014 1026 2945 2936
f 1025 1013 2935 2946
g Group13743
f 1025 1026 1014 1013
g Group32941
f 2950 2949 2948 2947
g Group32944
f 1029 1028 2950 2947
f 1027 1030 2948 2949
g Group13743
f 1028 1029 1030 1027
g Group32941
f 2952 2942 2939 2951
g Group32944
f 1020 1032 2951 2939
f 1031 1019 2942 2952
g Group13743
f 1031 1032 1020 1019
g Group32941
f 2954 2953 2949 2950
g Group32944
f 1028 1033 2954 2950
f 1034 1027 2949 2953
g Group13743
f 1033 1028 1027 1034
g Group32941
f 2952 2951 2953 2954
g Group32944
f 1033 1031 2952 2954
f 1032 1034 2953 2951
g Group13743
f 1031 1033 1034 1032
g Group32941
f 2958 2957 2956 2955
g Group32944
f 1036 1038 2955 2956
f 1037 1035 2957 2958
g Group13743
f 1037 1038 1036 1035
g Group32941
f 2960 2956 2957 2959
g Group32944
f 1035 1042 2959 2957
f 1041 1036 2956 2960
g Group13743
f 1041 1042 1035 1036
g Group32941
f 2959 2962 2961 2960
g Group32944
f 1040 1041 2960 2961
f 1042 1039 2962 2959
g Group13743
f 1042 1041 1040 1039
g Group32941
f 2966 2965 2964 2963
g Group32944
f 1045 1043 2966 2963
f 1044 1046 2964 2965
g Group13743
f 1043 1045 1046 1044
g Group32941
f 2963 2964 2968 2967
g Group32944
f 1047 1045 2963 2967
f 1046 1048 2968 2964
g Group13743
f 1045 1047 1048 1046
g Group32941
f 2967 2968 2970 2969
g Group32944
f 1049 1047 2967 2969
f 1048 1050 2970 2968
g Group13743
f 1047 1049 1050 1048
g Group32941
f 2969 2970 2961 2962
g Group32944
f 1039 1049 2969 2962
f 1050 1040 2961 2970
g Group13743
f 1049 1039 1040 1050
g Group32941
f 2972 2971 2965 2966
g Group32944
f 1043 1053 2972 2966
f 1054 1044 2965 2971
g Group13743
f 1053 1043 1044 1054
g Group32941
f 2976 2975 2974 2973
g Group32944
f 1051 1056 2973 2974
f 1055 1052 2975 2976
g Group13743
f 1055 1056 1051 1052
g Group32941
f 2972 2976 2973 2971
g Group32944
f 1056 1054 2971 2973
f 1053 1055 2976 2972
g Group13743
f 1053 1054 1056 1055
g Group32941
f 2958 2955 2938 2937
g Group32944
f 1018 1037 2958 2937
f 1038 1017 2938 2955
g Group13743
f 1037 1018 1017 1038
g Group32941
f 2974 2975 2897 2898
g Group32944
f 980 1051 2974 2898
f 1052 979 2897 2975
g Group13743
f 1051 980 979 1052
g Group32941
f 2980 2979 2978 2977
g Group32944
f 1057 1059 2980 2977
f 1060 1058 2978 2979
g Group13743
f 1059 1057 1058 1060
g Group32941
f 2982 2981 2977 2978
g Group32944
f 1058 1063 2982 2978
f 1064 1057 2977 2981
g Group13743
f 1063 1058 1057 1064
g Group32941
f 2981 2982 2984 2983
g Group32944
f 1061 1064 2981 2983
f 1063 1062 2984 2982
g Group13743
f 1064 1061 1062 1063
g Group32941
f 2986 2979 2980 2985
g Group32944
f 1059 1066 2985 2980
f 1065 1060 2979 2986
g Group13743
f 1065 1066 1059 1060
g Group32941
f 2990 2989 2988 2987
g Group32944
f 1070 1068 2987 2988
f 1067 1069 2989 2990
g Group13743
f 1067 1068 1070 1069
g Group32941
f 2989 2992 2991 2988
g Group32944
f 1072 1070 2988 2991
f 1069 1071 2992 2989
g Group13743
f 1069 1070 1072 1071
g Group32941
f 2992 2994 2993 2991
g Group32944
f 1074 1072 2991 2993
f 1071 1073 2994 2992
g Group13743
f 1071 1072 1074 1073
g Group32941
f 2994 2983 2984 2993
g Group32944
f 1062 1074 2993 2984
f 1073 1061 2983 2994
g Group13743
f 1073 1074 1062 1061
g Group32941
f 2998 2997 2996 2995
g Group32944
f 1077 1076 2998 2995
f 1075 1078 2996 2997
g Group13743
f 1076 1077 1078 1075
g Group32941
f 3000 2990 2987 2999
g Group32944
f 1068 1080 2999 2987
f 1079 1067 2990 3000
g Group13743
f 1079 1080 1068 1067
g Group32941
f 3002 3001 2997 2998
g Group32944
f 1076 1081 3002 2998
f 1082 1075 2997 3001
g Group13743
f 1081 1076 1075 1082
g Group32941
f 3000 2999 3001 3002
g Group32944
f 1081 1079 3000 3002
f 1080 1082 3001 2999
g Group13743
f 1079 1081 1082 1080
g Group32941
f 3006 3005 3004 3003
g Group32944
f 1084 1086 3003 3004
f 1085 1083 3005 3006
g Group13743
f 1085 1086 1084 1083
g Group32941
f 3008 3004 3005 3007
g Group32944
f 1083 1090 3007 3005
f 1089 1084 3004 3008
g Group13743
f 1089 1090 1083 1084
g Group32941
f 3007 3010 3009 3008
g Group32944
f 1088 1089 3008 3009
f 1090 1087 3010 3007
g Group13743
f 1090 1089 1088 1087
g Group32941
f 3014 3013 3012 3011
g Group32944
f 1093 1091 3014 3011
f 1092 1094 3012 3013
g Group13743
f 1091 1093 1094 1092
g Group32941
f 3011 3012 3016 3015
g Group32944
f 1095 1093 3011 3015
f 1094 1096 3016 3012
g Group13743
f 1093 1095 1096 1094
g Group32941
f 3015 3016 3018 3017
g Group32944
f 1097 1095 3015 3017
f 1096 1098 3018 3016
g Group13743
f 1095 1097 1098 1096
g Group32941
f 3017 3018 3009 3010
g Group32944
f 1087 1097 3017 3010
f 1098 1088 3009 3018
g Group13743
f 1097 1087 1088 1098
g Group32941
f 3022 3021 3020 3019
g Group32944
f 1102 1099 3019 3020
f 1100 1101 3021 3022
g Group13743
f 1100 1099 1102 1101
g Group32941
f 3024 3023 3013 3014
g Group32944
f 1091 1103 3024 3014
f 1104 1092 3013 3023
g Group13743
f 1103 1091 1092 1104
g Group32941
f 3026 3022 3019 3025
g Group32944
f 1099 1106 3025 3019
f 1105 1100 3022 3026
g Group13743
f 1105 1106 1099 1100
g Group32941
f 3024 3026 3025 3023
g Group32944
f 1106 1104 3023 3025
f 1103 1105 3026 3024
g Group13743
f 1103 1104 1106 1105
g Group32941
f 3006 3003 2986 2985
g Group32944
f 1066 1085 3006 2985
f 1086 1065 2986 3003
g Group13743
f 1085 1066 1065 1086
g Group32941
f 3030 3029 3028 3027
g Group32944
f 1107 1109 3030 3027
f 1110 1108 3028 3029
g Group13743
f 1109 1107 1108 1110
g Group32941
f 3032 3031 3027 3028
g Group32944
f 1108 1113 3032 3028
f 1114 1107 3027 3031
g Group13743
f 1113 1108 1107 1114
g Group32941
f 3031 3032 3034 3033
g Group32944
f 1111 1114 3031 3033
f 1113 1112 3034 3032
g Group13743
f 1114 1111 1112 1113
g Group32941
f 3036 3029 3030 3035
g Group32944
f 1109 1116 3035 3030
f 1115 1110 3029 3036
g Group13743
f 1115 1116 1109 1110
g Group32941
f 3040 3039 3038 3037
g Group32944
f 1120 1118 3037 3038
f 1117 1119 3039 3040
g Group13743
f 1117 1118 1120 1119
g Group32941
f 3039 3042 3041 3038
g Group32944
f 1122 1120 3038 3041
f 1119 1121 3042 3039
g Group13743
f 1119 1120 1122 1121
g Group32941
f 3042 3044 3043 3041
g Group32944
f 1124 1122 3041 3043
f 1121 1123 3044 3042
g Group13743
f 1121 1122 1124 1123
g Group32941
f 3044 3033 3034 3043
g Group32944
f 1112 1124 3043 3034
f 1123 1111 3033 3044
g Group13743
f 1123 1124 1112 1111
g Group32941
f 3046 3040 3037 3045
g Group32944
f 1118 1128 3045 3037
f 1127 1117 3040 3046
g Group13743
f 1127 1128 1118 1117
g Group32941
f 3050 3049 3048 3047
g Group32944
f 1126 1129 3050 3047
f 1130 1125 3048 3049
g Group13743
f 1129 1126 1125 1130
g Group32941
f 3046 3045 3049 3050
g Group32944
f 1129 1127 3046 3050
f 1128 1130 3049 3045
g Group13743
f 1127 1129 1130 1128
g Group32941
f 3054 3053 3052 3051
g Group32944
f 1132 1134 3051 3052
f 1133 1131 3053 3054
g Group13743
f 1133 1134 1132 1131
g Group32941
f 3056 3052 3053 3055
g Group32944
f 1131 1138 3055 3053
f 1137 1132 3052 3056
g Group13743
f 1137 1138 1131 1132
g Group32941
f 3055 3058 3057 3056
g Group32944
f 1136 1137 3056 3057
f 1138 1135 3058 3055
g Group13743
f 1138 1137 1136 1135
g Group32941
f 3062 3061 3060 3059
g Group32944
f 1141 1139 3062 3059
f 1140 1142 3060 3061
g Group13743
f 1139 1141 1142 1140
g Group32941
f 3059 3060 3064 3063
g Group32944
f 1143 1141 3059 3063
f 1142 1144 3064 3060
g Group13743
f 1141 1143 1144 1142
g Group32941
f 3063 3064 3066 3065
g Group32944
f 1145 1143 3063 3065
f 1144 1146 3066 3064
g Group13743
f 1143 1145 1146 1144
g Group32941
f 3065 3066 3057 3058
g Group32944
f 1135 1145 3065 3058
f 1146 1136 3057 3066
g Group13743
f 1145 1135 1136 1146
g Group32941
f 3068 3067 3061 3062
g Group32944
f 1139 1149 3068 3062
f 1150 1140 3061 3067
g Group13743
f 1149 1139 1140 1150
g Group32941
f 3072 3071 3070 3069
g Group32944
f 1147 1152 3069 3070
f 1151 1148 3071 3072
g Group13743
f 1151 1152 1147 1148
g Group32941
f 3068 3072 3069 3067
g Group32944
f 1152 1150 3067 3069
f 1149 1151 3072 3068
g Group13743
f 1149 1150 1152 1151
g Group32941
f 3054 3051 3036 3035
g Group32944
f 1116 1133 3054 3035
f 1134 1115 3036 3051
g Group13743
f 1133 1116 1115 1134
g Group32941
f 3070 3071 2995 2996
g Group32944
f 1078 1147 3070 2996
f 1148 1077 2995 3071
g Group13743
f 1147 1078 1077 1148
g Group32941
f 3076 3075 3074 3073
g Group32944
f 1153 1155 3076 3073
f 1156 1154 3074 3075
g Group13743
f 1155 1153 1154 1156
g Group32941
f 3078 3077 3073 3074
g Group32944
f 1154 1159 3078 3074
f 1160 1153 3073 3077
g Group13743
f 1159 1154 1153 1160
g Group32941
f 3077 3078 3080 3079
g Group32944
f 1157 1160 3077 3079
f 1159 1158 3080 3078
g Group13743
f 1160 1157 1158 1159
g Group32941
f 3082 3075 3076 3081
g Group32944
f 1155 1162 3081 3076
f 1161 1156 3075 3082
g Group13743
f 1161 1162 1155 1156
g Group32941
f 3086 3085 3084 3083
g Group32944
f 1166 1164 3083 3084
f 1163 1165 3085 3086
g Group13743
f 1163 1164 1166 1165
g Group32941
f 3085 3088 3087 3084
g Group32944
f 1168 1166 3084 3087
f 1165 1167 3088 3085
g Group13743
f 1165 1166 1168 1167
g Group32941
f 3088 3090 3089 3087
g Group32944
f 1170 1168 3087 3089
f 1167 1169 3090 3088
g Group13743
f 1167 1168 1170 1169
g Group32941
f 3090 3079 3080 3089
g Group32944
f 1158 1170 3089 3080
f 1169 1157 3079 3090
g Group13743
f 1169 1170 1158 1157
g Group32941
f 3094 3093 3092 3091
g Group32944
f 1173 1172 3094 3091
f 1171 1174 3092 3093
g Group13743
f 1172 1173 1174 1171
g Group32941
f 3096 3086 3083 3095
g Group32944
f 1164 1176 3095 3083
f 1175 1163 3086 3096
g Group13743
f 1175 1176 1164 1163
g Group32941
f 3098 3097 3093 3094
g Group32944
f 1172 1177 3098 3094
f 1178 1171 3093 3097
g Group13743
f 1177 1172 1171 1178
g Group32941
f 3096 3095 3097 3098
g Group32944
f 1177 1175 3096 3098
f 1176 1178 3097 3095
g Group13743
f 1175 1177 1178 1176
g Group32941
f 3102 3101 3100 3099
g Group32944
f 1180 1182 3099 3100
f 1181 1179 3101 3102
g Group13743
f 1181 1182 1180 1179
g Group32941
f 3104 3100 3101 3103
g Group32944
f 1179 1186 3103 3101
f 1185 1180 3100 3104
g Group13743
f 1185 1186 1179 1180
g Group32941
f 3103 3106 3105 3104
g Group32944
f 1184 1185 3104 3105
f 1186 1183 3106 3103
g Group13743
f 1186 1185 1184 1183
g Group32941
f 3110 3109 3108 3107
g Group32944
f 1189 1187 3110 3107
f 1188 1190 3108 3109
g Group13743
f 1187 1189 1190 1188
g Group32941
f 3107 3108 3112 3111
g Group32944
f 1191 1189 3107 3111
f 1190 1192 3112 3108
g Group13743
f 1189 1191 1192 1190
g Group32941
f 3111 3112 3114 3113
g Group32944
f 1193 1191 3111 3113
f 1192 1194 3114 3112
g Group13743
f 1191 1193 1194 1192
g Group32941
f 3113 3114 3105 3106
g Group32944
f 1183 1193 3113 3106
f 1194 1184 3105 3114
g Group13743
f 1193 1183 1184 1194
g Group32941
f 3118 3117 3116 3115
g Group32944
f 1198 1195 3115 3116
f 1196 1197 3117 3118
g Group13743
f 1196 1195 1198 1197
g Group32941
f 3120 3119 3109 3110
g Group32944
f 1187 1199 3120 3110
f 1200 1188 3109 3119
g Group13743
f 1199 1187 1188 1200
g Group32941
f 3122 3118 3115 3121
g Group32944
f 1195 1202 3121 3115
f 1201 1196 3118 3122
g Group13743
f 1201 1202 1195 1196
g Group32941
f 3120 3122 3121 3119
g Group32944
f 1202 1200 3119 3121
f 1199 1201 3122 3120
g Group13743
f 1199 1200 1202 1201
g Group32941
f 3102 3099 3082 3081
g Group32944
f 1162 1181 3102 3081
f 1182 1161 3082 3099
g Group13743
f 1181 1162 1161 1182
g Group32941
f 3126 3125 3124 3123
g Group32944
f 1203 1205 3126 3123
f 1206 1204 3124 3125
g Group13743
f 1205 1203 1204 1206
g Group32941
f 3128 3127 3123 3124
g Group32944
f 1204 1209 3128 3124
f 1210 1203 3123 3127
g Group13743
f 1209 1204 1203 1210
g Group32941
f 3127 3128 3130 3129
g Group32944
f 1207 1210 3127 3129
f 1209 1208 3130 3128
g Group13743
f 1210 1207 1208 1209
g Group32941
f 3132 3125 3126 3131
g Group32944
f 1205 1212 3131 3126
f 1211 1206 3125 3132
g Group13743
f 1211 1212 1205 1206
g Group32941
f 3136 3135 3134 3133
g Group32944
f 1216 1214 3133 3134
f 1213 1215 3135 3136
g Group13743
f 1213 1214 1216 1215
g Group32941
f 3135 3138 3137 3134
g Group32944
f 1218 1216 3134 3137
f 1215 1217 3138 3135
g Group13743
f 1215 1216 1218 1217
g Group32941
f 3138 3140 3139 3137
g Group32944
f 1220 1218 3137 3139
f 1217 1219 3140 3138
g Group13743
f 1217 1218 1220 1219
g Group32941
f 3140 3129 3130 3139
g Group32944
f 1208 1220 3139 3130
f 1219 1207 3129 3140
g Group13743
f 1219 1220 1208 1207
g Group32941
f 3142 3136 3133 3141
g Group32944
f 1214 1224 3141 3133
f 1223 1213 3136 3142
g Group13743
f 1223 1224 1214 1213
g Group32941
f 3146 3145 3144 3143
g Group32944
f 1222 1225 3146 3143
f 1226 1221 3144 3145
g Group13743
f 1225 1222 1221 1226
g Group32941
f 3142 3141 3145 3146
g Group32944
f 1225 1223 3142 3146
f 1224 1226 3145 3141
g Group13743
f 1223 1225 1226 1224
g Group32941
f 3150 3149 3148 3147
g Group32944
f 1228 1230 3147 3148
f 1229 1227 3149 3150
g Group13743
f 1229 1230 1228 1227
g Group32941
f 3152 3148 3149 3151
g Group32944
f 1227 1234 3151 3149
f 1233 1228 3148 3152
g Group13743
f 1233 1234 1227 1228
g Group32941
f 3151 3154 3153 3152
g Group32944
f 1232 1233 3152 3153
f 1234 1231 3154 3151
g Group13743
f 1234 1233 1232 1231
g Group32941
f 3158 3157 3156 3155
g Group32944
f 1237 1235 3158 3155
f 1236 1238 3156 3157
g Group13743
f 1235 1237 1238 1236
g Group32941
f 3155 3156 3160 3159
g Group32944
f 1239 1237 3155 3159
f 1238 1240 3160 3156
g Group13743
f 1237 1239 1240 1238
g Group32941
f 3159 3160 3162 3161
g Group32944
f 1241 1239 3159 3161
f 1240 1242 3162 3160
g Group13743
f 1239 1241 1242 1240
g Group32941
f 3161 3162 3153 3154
g Group32944
f 1231 1241 3161 3154
f 1242 1232 3153 3162
g Group13743
f 1241 1231 1232 1242
g Group32941
f 3164 3163 3157 3158
g Group32944
f 1235 1245 3164 3158
f 1246 1236 3157 3163
g Group13743
f 1245 1235 1236 1246
g Group32941
f 3168 3167 3166 3165
g Group32944
f 1243 1248 3165 3166
f 1247 1244 3167 3168
g Group13743
f 1247 1248 1243 1244
g Group32941
f 3164 3168 3165 3163
g Group32944
f 1248 1246 3163 3165
f 1245 1247 3168 3164
g Group13743
f 1245 1246 1248 1247
g Group32941
f 3150 3147 3132 3131
g Group32944
f 1212 1229 3150 3131
f 1230 1211 3132 3147
g Group13743
f 1229 1212 1211 1230
g Group32941
f 3166 3167 3091 3092
g Group32944
f 1174 1243 3166 3092
f 1244 1173 3091 3167
g Group13743
f 1243 1174 1173 1244
g Group32941
f 3172 3171 3170 3169
g Group32944
f 1249 1251 3172 3169
f 1252 1250 3170 3171
g Group13743
f 1251 1249 1250 1252
g Group32941
f 3174 3173 3169 3170
g Group32944
f 1250 1255 3174 3170
f 1256 1249 3169 3173
g Group13743
f 1255 1250 1249 1256
g Group32941
f 3173 3174 3176 3175
g Group32944
f 1253 1256 3173 3175
f 1255 1254 3176 3174
g Group13743
f 1256 1253 1254 1255
g Group32941
f 3178 3171 3172 3177
g Group32944
f 1251 1258 3177 3172
f 1257 1252 3171 3178
g Group13743
f 1257 1258 1251 1252
g Group32941
f 3182 3181 3180 3179
g Group32944
f 1262 1260 3179 3180
f 1259 1261 3181 3182
g Group13743
f 1259 1260 1262 1261
g Group32941
f 3181 3184 3183 3180
g Group32944
f 1264 1262 3180 3183
f 1261 1263 3184 3181
g Group13743
f 1261 1262 1264 1263
g Group32941
f 3184 3186 3185 3183
g Group32944
f 1266 1264 3183 3185
f 1263 1265 3186 3184
g Group13743
f 1263 1264 1266 1265
g Group32941
f 3186 3175 3176 3185
g Group32944
f 1254 1266 3185 3176
f 1265 1253 3175 3186
g Group13743
f 1265 1266 1254 1253
g Group32941
f 3190 3189 3188 3187
g Group32944
f 1269 1268 3190 3187
f 1267 1270 3188 3189
g Group13743
f 1268 1269 1270 1267
g Group32941
f 3192 3182 3179 3191
g Group32944
f 1260 1272 3191 3179
f 1271 1259 3182 3192
g Group13743
f 1271 1272 1260 1259
g Group32941
f 3194 3193 3189 3190
g Group32944
f 1268 1273 3194 3190
f 1274 1267 3189 3193
g Group13743
f 1273 1268 1267 1274
g Group32941
f 3192 3191 3193 3194
g Group32944
f 1273 1271 3192 3194
f 1272 1274 3193 3191
g Group13743
f 1271 1273 1274 1272
g Group32941
f 3198 3197 3196 3195
g Group32944
f 1276 1278 3195 3196
f 1277 1275 3197 3198
g Group13743
f 1277 1278 1276 1275
g Group32941
f 3200 3196 3197 3199
g Group32944
f 1275 1282 3199 3197
f 1281 1276 3196 3200
g Group13743
f 1281 1282 1275 1276
g Group32941
f 3199 3202 3201 3200
g Group32944
f 1280 1281 3200 3201
f 1282 1279 3202 3199
g Group13743
f 1282 1281 1280 1279
g Group32941
f 3206 3205 3204 3203
g Group32944
f 1285 1283 3206 3203
f 1284 1286 3204 3205
g Group13743
f 1283 1285 1286 1284
g Group32941
f 3203 3204 3208 3207
g Group32944
f 1287 1285 3203 3207
f 1286 1288 3208 3204
g Group13743
f 1285 1287 1288 1286
g Group32941
f 3207 3208 3210 3209
g Group32944
f 1289 1287 3207 3209
f 1288 1290 3210 3208
g Group13743
f 1287 1289 1290 1288
g Group32941
f 3209 3210 3201 3202
g Group32944
f 1279 1289 3209 3202
f 1290 1280 3201 3210
g Group13743
f 1289 1279 1280 1290
g Group32941
f 3214 3213 3212 3211
g Group32944
f 1294 1291 3211 3212
f 1292 1293 3213 3214
g Group13743
f 1292 1291 1294 1293
g Group32941
f 3216 3215 3205 3206
g Group32944
f 1283 1295 3216 3206
f 1296 1284 3205 3215
g Group13743
f 1295 1283 1284 1296
g Group32941
f 3218 3214 3211 3217
g Group32944
f 1291 1298 3217 3211
f 1297 1292 3214 3218
g Group13743
f 1297 1298 1291 1292
g Group32941
f 3216 3218 3217 3215
g Group32944
f 1298 1296 3215 3217
f 1295 1297 3218 3216
g Group13743
f 1295 1296 1298 1297
g Group32941
f 3198 3195 3178 3177
g Group32944
f 1258 1277 3198 3177
f 1278 1257 3178 3195
g Group13743
f 1277 1258 1257 1278
g Group32941
f 3222 3221 3220 3219
g Group32944
f 1299 1301 3222 3219
f 1302 1300 3220 3221
g Group13743
f 1301 1299 1300 1302
g Group32941
f 3224 3223 3219 3220
g Group32944
f 1300 1305 3224 3220
f 1306 1299 3219 3223
g Group13743
f 1305 1300 1299 1306
g Group32941
f 3223 3224 3226 3225
g Group32944
f 1303 1306 3223 3225
f 1305 1304 3226 3224
g Group13743
f 1306 1303 1304 1305
g Group32941
f 3228 3221 3222 3227
g Group32944
f 1301 1308 3227 3222
f 1307 1302 3221 3228
g Group13743
f 1307 1308 1301 1302
g Group32941
f 3232 3231 3230 3229
g Group32944
f 1312 1310 3229 3230
f 1309 1311 3231 3232
g Group13743
f 1309 1310 1312 1311
g Group32941
f 3231 3234 3233 3230
g Group32944
f 1314 1312 3230 3233
f 1311 1313 3234 3231
g Group13743
f 1311 1312 1314 1313
g Group32941
f 3234 3236 3235 3233
g Group32944
f 1316 1314 3233 3235
f 1313 1315 3236 3234
g Group13743
f 1313 1314 1316 1315
g Group32941
f 3236 3225 3226 3235
g Group32944
f 1304 1316 3235 3226
f 1315 1303 3225 3236
g Group13743
f 1315 1316 1304 1303
g Group32941
f 3238 3232 3229 3237
g Group32944
f 1310 1320 3237 3229
f 1319 1309 3232 3238
g Group13743
f 1319 1320 1310 1309
g Group32941
f 3242 3241 3240 3239
g Group32944
f 1318 1321 3242 3239
f 1322 1317 3240 3241
g Group13743
f 1321 1318 1317 1322
g Group32941
f 3238 3237 3241 3242
g Group32944
f 1321 1319 3238 3242
f 1320 1322 3241 3237
g Group13743
f 1319 1321 1322 1320
g Group32941
f 3246 3245 3244 3243
g Group32944
f 1324 1326 3243 3244
f 1325 1323 3245 3246
g Group13743
f 1325 1326 1324 1323
g Group32941
f 3248 3244 3245 3247
g Group32944
f 1323 1330 3247 3245
f 1329 1324 3244 3248
g Group13743
f 1329 1330 1323 1324
g Group32941
f 3247 3250 3249 3248
g Group32944
f 1328 1329 3248 3249
f 1330 1327 3250 3247
g Group13743
f 1330 1329 1328 1327
g Group32941
f 3254 3253 3252 3251
g Group32944
f 1333 1331 3254 3251
f 1332 1334 3252 3253
g Group13743
f 1331 1333 1334 1332
g Group32941
f 3251 3252 3256 3255
g Group32944
f 1335 1333 3251 3255
f 1334 1336 3256 3252
g Group13743
f 1333 1335 1336 1334
g Group32941
f 3255 3256 3258 3257
g Group32944
f 1337 1335 3255 3257
f 1336 1338 3258 3256
g Group13743
f 1335 1337 1338 1336
g Group32941
f 3257 3258 3249 3250
g Group32944
f 1327 1337 3257 3250
f 1338 1328 3249 3258
g Group13743
f 1337 1327 1328 1338
g Group32941
f 3260 3259 3253 3254
g Group32944
f 1331 1341 3260 3254
f 1342 1332 3253 3259
g Group13743
f 1341 1331 1332 1342
g Group32941
f 3264 3263 3262 3261
g Group32944
f 1339 1344 3261 3262
f 1343 1340 3263 3264
g Group13743
f 1343 1344 1339 1340
g Group32941
f 3260 3264 3261 3259
g Group32944
f 1344 1342 3259 3261
f 1341 1343 3264 3260
g Group13743
f 1341 1342 1344 1343
g Group32941
f 3246 3243 3228 3227
g Group32944
f 1308 1325 3246 3227
f 1326 1307 3228 3243
g Group13743
f 1325 1308 1307 1326
g Group32941
f 3262 3263 3187 3188
g Group32944
f 1270 1339 3262 3188
f 1340 1269 3187 3263
g Group13743
f 1339 1270 1269 1340
g Group32941
f 3268 3267 3266 3265
g Group32944
f 1345 1347 3268 3265
f 1348 1346 3266 3267
g Group13743
f 1347 1345 1346 1348
g Group32941
f 3270 3269 3265 3266
g Group32944
f 1346 1351 3270 3266
f 1352 1345 3265 3269
g Group13743
f 1351 1346 1345 1352
g Group32941
f 3269 3270 3272 3271
g Group32944
f 1349 1352 3269 3271
f 1351 1350 3272 3270
g Group13743
f 1352 1349 1350 1351
g Group32941
f 3274 3267 3268 3273
g Group32944
f 1347 1354 3273 3268
f 1353 1348 3267 3274
g Group13743
f 1353 1354 1347 1348
g Group32941
f 3278 3277 3276 3275
g Group32944
f 1358 1356 3275 3276
f 1355 1357 3277 3278
g Group13743
f 1355 1356 1358 1357
g Group32941
f 3277 3280 3279 3276
g Group32944
f 1360 1358 3276 3279
f 1357 1359 3280 3277
g Group13743
f 1357 1358 1360 1359
g Group32941
f 3280 3282 3281 3279
g Group32944
f 1362 1360 3279 3281
f 1359 1361 3282 3280
g Group13743
f 1359 1360 1362 1361
g Group32941
f 3282 3271 3272 3281
g Group32944
f 1350 1362 3281 3272
f 1361 1349 3271 3282
g Group13743
f 1361 1362 1350 1349
g Group32941
f 3286 3285 3284 3283
g Group32944
f 1365 1364 3286 3283
f 1363 1366 3284 3285
g Group13743
f 1364 1365 1366 1363
g Group32941
f 3288 3278 3275 3287
g Group32944
f 1356 1368 3287 3275
f 1367 1355 3278 3288
g Group13743
f 1367 1368 1356 1355
g Group32941
f 3290 3289 3285 3286
g Group32944
f 1364 1369 3290 3286
f 1370 1363 3285 3289
g Group13743
f 1369 1364 1363 1370
g Group32941
f 3288 3287 3289 3290
g Group32944
f 1369 1367 3288 3290
f 1368 1370 3289 3287
g Group13743
f 1367 1369 1370 1368
g Group32941
f 3294 3293 3292 3291
g Group32944
f 1372 1374 3291 3292
f 1373 1371 3293 3294
g Group13743
f 1373 1374 1372 1371
g Group32941
f 3296 3292 3293 3295
g Group32944
f 1371 1378 3295 3293
f 1377 1372 3292 3296
g Group13743
f 1377 1378 1371 1372
g Group32941
f 3295 3298 3297 3296
g Group32944
f 1376 1377 3296 3297
f 1378 1375 3298 3295
g Group13743
f 1378 1377 1376 1375
g Group32941
f 3302 3301 3300 3299
g Group32944
f 1381 1379 3302 3299
f 1380 1382 3300 3301
g Group13743
f 1379 1381 1382 1380
g Group32941
f 3299 3300 3304 3303
g Group32944
f 1383 1381 3299 3303
f 1382 1384 3304 3300
g Group13743
f 1381 1383 1384 1382
g Group32941
f 3303 3304 3306 3305
g Group32944
f 1385 1383 3303 3305
f 1384 1386 3306 3304
g Group13743
f 1383 1385 1386 1384
g Group32941
f 3305 3306 3297 3298
g Group32944
f 1375 1385 3305 3298
f 1386 1376 3297 3306
g Group13743
f 1385 1375 1376 1386
g Group32941
f 3310 3309 3308 3307
g Group32944
f 1390 1387 3307 3308
f 1388 1389 3309 3310
g Group13743
f 1388 1387 1390 1389
g Group32941
f 3312 3311 3301 3302
g Group32944
f 1379 1391 3312 3302
f 1392 1380 3301 3311
g Group13743
f 1391 1379 1380 1392
g Group32941
f 3314 3310 3307 3313
g Group32944
f 1387 1394 3313 3307
f 1393 1388 3310 3314
g Group13743
f 1393 1394 1387 1388
g Group32941
f 3312 3314 3313 3311
g Group32944
f 1394 1392 3311 3313
f 1391 1393 3314 3312
g Group13743
f 1391 1392 1394 1393
g Group32941
f 3294 3291 3274 3273
g Group32944
f 1354 1373 3294 3273
f 1374 1353 3274 3291
g Group13743
f 1373 1354 1353 1374
g Group32941
f 3318 3317 3316 3315
g Group32944
f 1395 1397 3318 3315
f 1398 1396 3316 3317
g Group13743
f 1397 1395 1396 1398
g Group32941
f 3320 3319 3315 3316
g Group32944
f 1396 1401 3320 3316
f 1402 1395 3315 3319
g Group13743
f 1401 1396 1395 1402
g Group32941
f 3319 3320 3322 3321
g Group32944
f 1399 1402 3319 3321
f 1401 1400 3322 3320
g Group13743
f 1402 1399 1400 1401
g Group32941
f 3324 3317 3318 3323
g Group32944
f 1397 1404 3323 3318
f 1403 1398 3317 3324
g Group13743
f 1403 1404 1397 1398
g Group32941
f 3328 3327 3326 3325
g Group32944
f 1408 1406 3325 3326
f 1405 1407 3327 3328
g Group13743
f 1405 1406 1408 1407
g Group32941
f 3327 3330 3329 3326
g Group32944
f 1410 1408 3326 3329
f 1407 1409 3330 3327
g Group13743
f 1407 1408 1410 1409
g Group32941
f 3330 3332 3331 3329
g Group32944
f 1412 1410 3329 3331
f 1409 1411 3332 3330
g Group13743
f 1409 1410 1412 1411
g Group32941
f 3332 3321 3322 3331
g Group32944
f 1400 1412 3331 3322
f 1411 1399 3321 3332
g Group13743
f 1411 1412 1400 1399
g Group32941
f 3334 3328 3325 3333
g Group32944
f 1406 1416 3333 3325
f 1415 1405 3328 3334
g Group13743
f 1415 1416 1406 1405
g Group32941
f 3338 3337 3336 3335
g Group32944
f 1414 1417 3338 3335
f 1418 1413 3336 3337
g Group13743
f 1417 1414 1413 1418
g Group32941
f 3334 3333 3337 3338
g Group32944
f 1417 1415 3334 3338
f 1416 1418 3337 3333
g Group13743
f 1415 1417 1418 1416
g Group32941
f 3342 3341 3340 3339
g Group32944
f 1420 1422 3339 3340
f 1421 1419 3341 3342
g Group13743
f 1421 1422 1420 1419
g Group32941
f 3344 3340 3341 3343
g Group32944
f 1419 1426 3343 3341
f 1425 1420 3340 3344
g Group13743
f 1425 1426 1419 1420
g Group32941
f 3343 3346 3345 3344
g Group32944
f 1424 1425 3344 3345
f 1426 1423 3346 3343
g Group13743
f 1426 1425 1424 1423
g Group32941
f 3350 3349 3348 3347
g Group32944
f 1429 1427 3350 3347
f 1428 1430 3348 3349
g Group13743
f 1427 1429 1430 1428
g Group32941
f 3347 3348 3352 3351
g Group32944
f 1431 1429 3347 3351
f 1430 1432 3352 3348
g Group13743
f 1429 1431 1432 1430
g Group32941
f 3351 3352 3354 3353
g Group32944
f 1433 1431 3351 3353
f 1432 1434 3354 3352
g Group13743
f 1431 1433 1434 1432
g Group32941
f 3353 3354 3345 3346
g Group32944
f 1423 1433 3353 3346
f 1434 1424 3345 3354
g Group13743
f 1433 1423 1424 1434
g Group32941
f 3356 3355 3349 3350
g Group32944
f 1427 1437 3356 3350
f 1438 1428 3349 3355
g Group13743
f 1437 1427 1428 1438
g Group32941
f 3360 3359 3358 3357
g Group32944
f 1435 1440 3357 3358
f 1439 1436 3359 3360
g Group13743
f 1439 1440 1435 1436
g Group32941
f 3356 3360 3357 3355
g Group32944
f 1440 1438 3355 3357
f 1437 1439 3360 3356
g Group13743
f 1437 1438 1440 1439
g Group32941
f 3342 3339 3324 3323
g Group32944
f 1404 1421 3342 3323
f 1422 1403 3324 3339
g Group13743
f 1421 1404 1403 1422
g Group32941
f 3358 3359 3283 3284
g Group32944
f 1366 1435 3358 3284
f 1436 1365 3283 3359
g Group13743
f 1435 1366 1365 1436
g Group32941
f 3143 3144 3020 3021
g Group32944
f 1101 1222 3143 3021
f 1221 1102 3020 3144
g Group13743
f 1222 1101 1102 1221
g Group32941
f 3239 3240 3116 3117
g Group32944
f 1197 1318 3239 3117
f 1317 1198 3116 3240
g Group13743
f 1318 1197 1198 1317
g Group32941
f 3335 3336 3212 3213
g Group32944
f 1293 1414 3335 3213
f 1413 1294 3212 3336
g Group13743
f 1414 1293 1294 1413
g Group32941
f 3047 3048 2922 2923
g Group32944
f 1003 1126 3047 2923
f 1125 1004 2922 3048
g Group13743
f 1126 1003 1004 1125
g Group32941
f 3364 3363 3362 3361
g Group32944
f 1441 1443 3364 3361
f 1444 1442 3362 3363
g Group13743
f 1443 1441 1442 1444
g Group32941
f 3366 3365 3361 3362
g Group32944
f 1442 1447 3366 3362
f 1448 1441 3361 3365
g Group13743
f 1447 1442 1441 1448
g Group32941
f 3365 3366 3368 3367
g Group32944
f 1445 1448 3365 3367
f 1447 1446 3368 3366
g Group13743
f 1448 1445 1446 1447
g Group32941
f 3370 3363 3364 3369
g Group32944
f 1443 1450 3369 3364
f 1449 1444 3363 3370
g Group13743
f 1449 1450 1443 1444
g Group32941
f 3374 3373 3372 3371
g Group32944
f 1454 1452 3371 3372
f 1451 1453 3373 3374
g Group13743
f 1451 1452 1454 1453
g Group32941
f 3373 3376 3375 3372
g Group32944
f 1456 1454 3372 3375
f 1453 1455 3376 3373
g Group13743
f 1453 1454 1456 1455
g Group32941
f 3376 3378 3377 3375
g Group32944
f 1458 1456 3375 3377
f 1455 1457 3378 3376
g Group13743
f 1455 1456 1458 1457
g Group32941
f 3378 3367 3368 3377
g Group32944
f 1446 1458 3377 3368
f 1457 1445 3367 3378
g Group13743
f 1457 1458 1446 1445
g Group32941
f 3382 3381 3380 3379
g Group32944
f 1461 1460 3382 3379
f 1459 1462 3380 3381
g Group13743
f 1460 1461 1462 1459
g Group32941
f 3384 3374 3371 3383
g Group32944
f 1452 1464 3383 3371
f 1463 1451 3374 3384
g Group13743
f 1463 1464 1452 1451
g Group32941
f 3386 3385 3381 3382
g Group32944
f 1460 1465 3386 3382
f 1466 1459 3381 3385
g Group13743
f 1465 1460 1459 1466
g Group32941
f 3384 3383 3385 3386
g Group32944
f 1465 1463 3384 3386
f 1464 1466 3385 3383
g Group13743
f 1463 1465 1466 1464
g Group32941
f 3390 3389 3388 3387
g Group32944
f 1468 1470 3387 3388
f 1469 1467 3389 3390
g Group13743
f 1469 1470 1468 1467
g Group32941
f 3392 3388 3389 3391
g Group32944
f 1467 1474 3391 3389
f 1473 1468 3388 3392
g Group13743
f 1473 1474 1467 1468
g Group32941
f 3391 3394 3393 3392
g Group32944
f 1472 1473 3392 3393
f 1474 1471 3394 3391
g Group13743
f 1474 1473 1472 1471
g Group32941
f 3398 3397 3396 3395
g Group32944
f 1477 1475 3398 3395
f 1476 1478 3396 3397
g Group13743
f 1475 1477 1478 1476
g Group32941
f 3395 3396 3400 3399
g Group32944
f 1479 1477 3395 3399
f 1478 1480 3400 3396
g Group13743
f 1477 1479 1480 1478
g Group32941
f 3399 3400 3402 3401
g Group32944
f 1481 1479 3399 3401
f 1480 1482 3402 3400
g Group13743
f 1479 1481 1482 1480
g Group32941
f 3401 3402 3393 3394
g Group32944
f 1471 1481 3401 3394
f 1482 1472 3393 3402
g Group13743
f 1481 1471 1472 1482
g Group32941
f 3406 3405 3404 3403
g Group32944
f 1486 1483 3403 3404
f 1484 1485 3405 3406
g Group13743
f 1484 1483 1486 1485
g Group32941
f 3408 3407 3397 3398
g Group32944
f 1475 1487 3408 3398
f 1488 1476 3397 3407
g Group13743
f 1487 1475 1476 1488
g Group32941
f 3410 3406 3403 3409
g Group32944
f 1483 1490 3409 3403
f 1489 1484 3406 3410
g Group13743
f 1489 1490 1483 1484
g Group32941
f 3408 3410 3409 3407
g Group32944
f 1490 1488 3407 3409
f 1487 1489 3410 3408
g Group13743
f 1487 1488 1490 1489
g Group32941
f 3390 3387 3370 3369
g Group32944
f 1450 1469 3390 3369
f 1470 1449 3370 3387
g Group13743
f 1469 1450 1449 1470
g Group32941
f 3414 3413 3412 3411
g Group32944
f 1491 1493 3414 3411
f 1494 1492 3412 3413
g Group13743
f 1493 1491 1492 1494
g Group32941
f 3416 3415 3411 3412
g Group32944
f 1492 1497 3416 3412
f 1498 1491 3411 3415
g Group13743
f 1497 1492 1491 1498
g Group32941
f 3415 3416 3418 3417
g Group32944
f 1495 1498 3415 3417
f 1497 1496 3418 3416
g Group13743
f 1498 1495 1496 1497
g Group32941
f 3420 3413 3414 3419
g Group32944
f 1493 1500 3419 3414
f 1499 1494 3413 3420
g Group13743
f 1499 1500 1493 1494
g Group32941
f 3424 3423 3422 3421
g Group32944
f 1504 1502 3421 3422
f 1501 1503 3423 3424
g Group13743
f 1501 1502 1504 1503
g Group32941
f 3423 3426 3425 3422
g Group32944
f 1506 1504 3422 3425
f 1503 1505 3426 3423
g Group13743
f 1503 1504 1506 1505
g Group32941
f 3426 3428 3427 3425
g Group32944
f 1508 1506 3425 3427
f 1505 1507 3428 3426
g Group13743
f 1505 1506 1508 1507
g Group32941
f 3428 3417 3418 3427
g Group32944
f 1496 1508 3427 3418
f 1507 1495 3417 3428
g Group13743
f 1507 1508 1496 1495
g Group32941
f 3430 3424 3421 3429
g Group32944
f 1502 1512 3429 3421
f 1511 1501 3424 3430
g Group13743
f 1511 1512 1502 1501
g Group32941
f 3434 3433 3432 3431
g Group32944
f 1510 1513 3434 3431
f 1514 1509 3432 3433
g Group13743
f 1513 1510 1509 1514
g Group32941
f 3430 3429 3433 3434
g Group32944
f 1513 1511 3430 3434
f 1512 1514 3433 3429
g Group13743
f 1511 1513 1514 1512
g Group32941
f 3438 3437 3436 3435
g Group32944
f 1516 1518 3435 3436
f 1517 1515 3437 3438
g Group13743
f 1517 1518 1516 1515
g Group32941
f 3440 3436 3437 3439
g Group32944
f 1515 1522 3439 3437
f 1521 1516 3436 3440
g Group13743
f 1521 1522 1515 1516
g Group32941
f 3439 3442 3441 3440
g Group32944
f 1520 1521 3440 3441
f 1522 1519 3442 3439
g Group13743
f 1522 1521 1520 1519
g Group32941
f 3446 3445 3444 3443
g Group32944
f 1525 1523 3446 3443
f 1524 1526 3444 3445
g Group13743
f 1523 1525 1526 1524
g Group32941
f 3443 3444 3448 3447
g Group32944
f 1527 1525 3443 3447
f 1526 1528 3448 3444
g Group13743
f 1525 1527 1528 1526
g Group32941
f 3447 3448 3450 3449
g Group32944
f 1529 1527 3447 3449
f 1528 1530 3450 3448
g Group13743
f 1527 1529 1530 1528
g Group32941
f 3449 3450 3441 3442
g Group32944
f 1519 1529 3449 3442
f 1530 1520 3441 3450
g Group13743
f 1529 1519 1520 1530
g Group32941
f 3452 3451 3445 3446
g Group32944
f 1523 1533 3452 3446
f 1534 1524 3445 3451
g Group13743
f 1533 1523 1524 1534
g Group32941
f 3456 3455 3454 3453
g Group32944
f 1531 1536 3453 3454
f 1535 1532 3455 3456
g Group13743
f 1535 1536 1531 1532
g Group32941
f 3452 3456 3453 3451
g Group32944
f 1536 1534 3451 3453
f 1533 1535 3456 3452
g Group13743
f 1533 1534 1536 1535
g Group32941
f 3438 3435 3420 3419
g Group32944
f 1500 1517 3438 3419
f 1518 1499 3420 3435
g Group13743
f 1517 1500 1499 1518
g Group32941
f 3454 3455 3379 3380
g Group32944
f 1462 1531 3454 3380
f 1532 1461 3379 3455
g Group13743
f 1531 1462 1461 1532
g Group32941
f 3460 3459 3458 3457
g Group32944
f 1537 1539 3460 3457
f 1540 1538 3458 3459
g Group13743
f 1539 1537 1538 1540
g Group32941
f 3462 3461 3457 3458
g Group32944
f 1538 1543 3462 3458
f 1544 1537 3457 3461
g Group13743
f 1543 1538 1537 1544
g Group32941
f 3461 3462 3464 3463
g Group32944
f 1541 1544 3461 3463
f 1543 1542 3464 3462
g Group13743
f 1544 1541 1542 1543
g Group32941
f 3466 3459 3460 3465
g Group32944
f 1539 1546 3465 3460
f 1545 1540 3459 3466
g Group13743
f 1545 1546 1539 1540
g Group32941
f 3470 3469 3468 3467
g Group32944
f 1550 1548 3467 3468
f 1547 1549 3469 3470
g Group13743
f 1547 1548 1550 1549
g Group32941
f 3469 3472 3471 3468
g Group32944
f 1552 1550 3468 3471
f 1549 1551 3472 3469
g Group13743
f 1549 1550 1552 1551
g Group32941
f 3472 3474 3473 3471
g Group32944
f 1554 1552 3471 3473
f 1551 1553 3474 3472
g Group13743
f 1551 1552 1554 1553
g Group32941
f 3474 3463 3464 3473
g Group32944
f 1542 1554 3473 3464
f 1553 1541 3463 3474
g Group13743
f 1553 1554 1542 1541
g Group32941
f 3478 3477 3476 3475
g Group32944
f 1557 1556 3478 3475
f 1555 1558 3476 3477
g Group13743
f 1556 1557 1558 1555
g Group32941
f 3480 3470 3467 3479
g Group32944
f 1548 1560 3479 3467
f 1559 1547 3470 3480
g Group13743
f 1559 1560 1548 1547
g Group32941
f 3482 3481 3477 3478
g Group32944
f 1556 1561 3482 3478
f 1562 1555 3477 3481
g Group13743
f 1561 1556 1555 1562
g Group32941
f 3480 3479 3481 3482
g Group32944
f 1561 1559 3480 3482
f 1560 1562 3481 3479
g Group13743
f 1559 1561 1562 1560
g Group32941
f 3486 3485 3484 3483
g Group32944
f 1564 1566 3483 3484
f 1565 1563 3485 3486
g Group13743
f 1565 1566 1564 1563
g Group32941
f 3488 3484 3485 3487
g Group32944
f 1563 1570 3487 3485
f 1569 1564 3484 3488
g Group13743
f 1569 1570 1563 1564
g Group32941
f 3487 3490 3489 3488
g Group32944
f 1568 1569 3488 3489
f 1570 1567 3490 3487
g Group13743
f 1570 1569 1568 1567
g Group32941
f 3494 3493 3492 3491
g Group32944
f 1573 1571 3494 3491
f 1572 1574 3492 3493
g Group13743
f 1571 1573 1574 1572
g Group32941
f 3491 3492 3496 3495
g Group32944
f 1575 1573 3491 3495
f 1574 1576 3496 3492
g Group13743
f 1573 1575 1576 1574
g Group32941
f 3495 3496 3498 3497
g Group32944
f 1577 1575 3495 3497
f 1576 1578 3498 3496
g Group13743
f 1575 1577 1578 1576
g Group32941
f 3497 3498 3489 3490
g Group32944
f 1567 1577 3497 3490
f 1578 1568 3489 3498
g Group13743
f 1577 1567 1568 1578
g Group32941
f 3502 3501 3500 3499
g Group32944
f 1582 1579 3499 3500
f 1580 1581 3501 3502
g Group13743
f 1580 1579 1582 1581
g Group32941
f 3504 3503 3493 3494
g Group32944
f 1571 1583 3504 3494
f 1584 1572 3493 3503
g Group13743
f 1583 1571 1572 1584
g Group32941
f 3506 3502 3499 3505
g Group32944
f 1579 1586 3505 3499
f 1585 1580 3502 3506
g Group13743
f 1585 1586 1579 1580
g Group32941
f 3504 3506 3505 3503
g Group32944
f 1586 1584 3503 3505
f 1583 1585 3506 3504
g Group13743
f 1583 1584 1586 1585
g Group32941
f 3486 3483 3466 3465
g Group32944
f 1546 1565 3486 3465
f 1566 1545 3466 3483
g Group13743
f 1565 1546 1545 1566
g Group32941
f 3510 3509 3508 3507
g Group32944
f 1587 1589 3510 3507
f 1590 1588 3508 3509
g Group13743
f 1589 1587 1588 1590
g Group32941
f 3512 3511 3507 3508
g Group32944
f 1588 1593 3512 3508
f 1594 1587 3507 3511
g Group13743
f 1593 1588 1587 1594
g Group32941
f 3511 3512 3514 3513
g Group32944
f 1591 1594 3511 3513
f 1593 1592 3514 3512
g Group13743
f 1594 1591 1592 1593
g Group32941
f 3516 3509 3510 3515
g Group32944
f 1589 1596 3515 3510
f 1595 1590 3509 3516
g Group13743
f 1595 1596 1589 1590
g Group32941
f 3520 3519 3518 3517
g Group32944
f 1600 1598 3517 3518
f 1597 1599 3519 3520
g Group13743
f 1597 1598 1600 1599
g Group32941
f 3519 3522 3521 3518
g Group32944
f 1602 1600 3518 3521
f 1599 1601 3522 3519
g Group13743
f 1599 1600 1602 1601
g Group32941
f 3522 3524 3523 3521
g Group32944
f 1604 1602 3521 3523
f 1601 1603 3524 3522
g Group13743
f 1601 1602 1604 1603
g Group32941
f 3524 3513 3514 3523
g Group32944
f 1592 1604 3523 3514
f 1603 1591 3513 3524
g Group13743
f 1603 1604 1592 1591
g Group32941
f 3526 3520 3517 3525
g Group32944
f 1598 1608 3525 3517
f 1607 1597 3520 3526
g Group13743
f 1607 1608 1598 1597
g Group32941
f 3530 3529 3528 3527
g Group32944
f 1606 1609 3530 3527
f 1610 1605 3528 3529
g Group13743
f 1609 1606 1605 1610
g Group32941
f 3526 3525 3529 3530
g Group32944
f 1609 1607 3526 3530
f 1608 1610 3529 3525
g Group13743
f 1607 1609 1610 1608
g Group32941
f 3534 3533 3532 3531
g Group32944
f 1612 1614 3531 3532
f 1613 1611 3533 3534
g Group13743
f 1613 1614 1612 1611
g Group32941
f 3536 3532 3533 3535
g Group32944
f 1611 1618 3535 3533
f 1617 1612 3532 3536
g Group13743
f 1617 1618 1611 1612
g Group32941
f 3535 3538 3537 3536
g Group32944
f 1616 1617 3536 3537
f 1618 1615 3538 3535
g Group13743
f 1618 1617 1616 1615
g Group32941
f 3542 3541 3540 3539
g Group32944
f 1621 1619 3542 3539
f 1620 1622 3540 3541
g Group13743
f 1619 1621 1622 1620
g Group32941
f 3539 3540 3544 3543
g Group32944
f 1623 1621 3539 3543
f 1622 1624 3544 3540
g Group13743
f 1621 1623 1624 1622
g Group32941
f 3543 3544 3546 3545
g Group32944
f 1625 1623 3543 3545
f 1624 1626 3546 3544
g Group13743
f 1623 1625 1626 1624
g Group32941
f 3545 3546 3537 3538
g Group32944
f 1615 1625 3545 3538
f 1626 1616 3537 3546
g Group13743
f 1625 1615 1616 1626
g Group32941
f 3548 3547 3541 3542
g Group32944
f 1619 1629 3548 3542
f 1630 1620 3541 3547
g Group13743
f 1629 1619 1620 1630
g Group32941
f 3552 3551 3550 3549
g Group32944
f 1627 1632 3549 3550
f 1631 1628 3551 3552
g Group13743
f 1631 1632 1627 1628
g Group32941
f 3548 3552 3549 3547
g Group32944
f 1632 1630 3547 3549
f 1629 1631 3552 3548
g Group13743
f 1629 1630 1632 1631
g Group32941
f 3534 3531 3516 3515
g Group32944
f 1596 1613 3534 3515
f 1614 1595 3516 3531
g Group13743
f 1613 1596 1595 1614
g Group32941
f 3550 3551 3475 3476
g Group32944
f 1558 1627 3550 3476
f 1628 1557 3475 3551
g Group13743
f 1627 1558 1557 1628
g Group32941
f 3556 3555 3554 3553
g Group32944
f 1633 1635 3556 3553
f 1636 1634 3554 3555
g Group13743
f 1635 1633 1634 1636
g Group32941
f 3558 3557 3553 3554
g Group32944
f 1634 1639 3558 3554
f 1640 1633 3553 3557
g Group13743
f 1639 1634 1633 1640
g Group32941
f 3557 3558 3560 3559
g Group32944
f 1637 1640 3557 3559
f 1639 1638 3560 3558
g Group13743
f 1640 1637 1638 1639
g Group32941
f 3562 3555 3556 3561
g Group32944
f 1635 1642 3561 3556
f 1641 1636 3555 3562
g Group13743
f 1641 1642 1635 1636
g Group32941
f 3566 3565 3564 3563
g Group32944
f 1646 1644 3563 3564
f 1643 1645 3565 3566
g Group13743
f 1643 1644 1646 1645
g Group32941
f 3565 3568 3567 3564
g Group32944
f 1648 1646 3564 3567
f 1645 1647 3568 3565
g Group13743
f 1645 1646 1648 1647
g Group32941
f 3568 3570 3569 3567
g Group32944
f 1650 1648 3567 3569
f 1647 1649 3570 3568
g Group13743
f 1647 1648 1650 1649
g Group32941
f 3570 3559 3560 3569
g Group32944
f 1638 1650 3569 3560
f 1649 1637 3559 3570
g Group13743
f 1649 1650 1638 1637
g Group32941
f 3574 3573 3572 3571
g Group32944
f 1653 1652 3574 3571
f 1651 1654 3572 3573
g Group13743
f 1652 1653 1654 1651
g Group32941
f 3576 3566 3563 3575
g Group32944
f 1644 1656 3575 3563
f 1655 1643 3566 3576
g Group13743
f 1655 1656 1644 1643
g Group32941
f 3578 3577 3573 3574
g Group32944
f 1652 1657 3578 3574
f 1658 1651 3573 3577
g Group13743
f 1657 1652 1651 1658
g Group32941
f 3576 3575 3577 3578
g Group32944
f 1657 1655 3576 3578
f 1656 1658 3577 3575
g Group13743
f 1655 1657 1658 1656
g Group32941
f 3582 3581 3580 3579
g Group32944
f 1660 1662 3579 3580
f 1661 1659 3581 3582
g Group13743
f 1661 1662 1660 1659
g Group32941
f 3584 3580 3581 3583
g Group32944
f 1659 1666 3583 3581
f 1665 1660 3580 3584
g Group13743
f 1665 1666 1659 1660
g Group32941
f 3583 3586 3585 3584
g Group32944
f 1664 1665 3584 3585
f 1666 1663 3586 3583
g Group13743
f 1666 1665 1664 1663
g Group32941
f 3590 3589 3588 3587
g Group32944
f 1669 1667 3590 3587
f 1668 1670 3588 3589
g Group13743
f 1667 1669 1670 1668
g Group32941
f 3587 3588 3592 3591
g Group32944
f 1671 1669 3587 3591
f 1670 1672 3592 3588
g Group13743
f 1669 1671 1672 1670
g Group32941
f 3591 3592 3594 3593
g Group32944
f 1673 1671 3591 3593
f 1672 1674 3594 3592
g Group13743
f 1671 1673 1674 1672
g Group32941
f 3593 3594 3585 3586
g Group32944
f 1663 1673 3593 3586
f 1674 1664 3585 3594
g Group13743
f 1673 1663 1664 1674
g Group32941
f 3598 3597 3596 3595
g Group32944
f 1678 1675 3595 3596
f 1676 1677 3597 3598
g Group13743
f 1676 1675 1678 1677
g Group32941
f 3600 3599 3589 3590
g Group32944
f 1667 1679 3600 3590
f 1680 1668 3589 3599
g Group13743
f 1679 1667 1668 1680
g Group32941
f 3602 3598 3595 3601
g Group32944
f 1675 1682 3601 3595
f 1681 1676 3598 3602
g Group13743
f 1681 1682 1675 1676
g Group32941
f 3600 3602 3601 3599
g Group32944
f 1682 1680 3599 3601
f 1679 1681 3602 3600
g Group13743
f 1679 1680 1682 1681
g Group32941
f 3582 3579 3562 3561
g Group32944
f 1642 1661 3582 3561
f 1662 1641 3562 3579
g Group13743
f 1661 1642 1641 1662
g Group32941
f 3606 3605 3604 3603
g Group32944
f 1683 1685 3606 3603
f 1686 1684 3604 3605
g Group13743
f 1685 1683 1684 1686
g Group32941
f 3608 3607 3603 3604
g Group32944
f 1684 1689 3608 3604
f 1690 1683 3603 3607
g Group13743
f 1689 1684 1683 1690
g Group32941
f 3607 3608 3610 3609
g Group32944
f 1687 1690 3607 3609
f 1689 1688 3610 3608
g Group13743
f 1690 1687 1688 1689
g Group32941
f 3612 3605 3606 3611
g Group32944
f 1685 1692 3611 3606
f 1691 1686 3605 3612
g Group13743
f 1691 1692 1685 1686
g Group32941
f 3616 3615 3614 3613
g Group32944
f 1696 1694 3613 3614
f 1693 1695 3615 3616
g Group13743
f 1693 1694 1696 1695
g Group32941
f 3615 3618 3617 3614
g Group32944
f 1698 1696 3614 3617
f 1695 1697 3618 3615
g Group13743
f 1695 1696 1698 1697
g Group32941
f 3618 3620 3619 3617
g Group32944
f 1700 1698 3617 3619
f 1697 1699 3620 3618
g Group13743
f 1697 1698 1700 1699
g Group32941
f 3620 3609 3610 3619
g Group32944
f 1688 1700 3619 3610
f 1699 1687 3609 3620
g Group13743
f 1699 1700 1688 1687
g Group32941
f 3622 3616 3613 3621
g Group32944
f 1694 1704 3621 3613
f 1703 1693 3616 3622
g Group13743
f 1703 1704 1694 1693
g Group32941
f 3626 3625 3624 3623
g Group32944
f 1702 1705 3626 3623
f 1706 1701 3624 3625
g Group13743
f 1705 1702 1701 1706
g Group32941
f 3622 3621 3625 3626
g Group32944
f 1705 1703 3622 3626
f 1704 1706 3625 3621
g Group13743
f 1703 1705 1706 1704
g Group32941
f 3630 3629 3628 3627
g Group32944
f 1708 1710 3627 3628
f 1709 1707 3629 3630
g Group13743
f 1709 1710 1708 1707
g Group32941
f 3632 3628 3629 3631
g Group32944
f 1707 1714 3631 3629
f 1713 1708 3628 3632
g Group13743
f 1713 1714 1707 1708
g Group32941
f 3631 3634 3633 3632
g Group32944
f 1712 1713 3632 3633
f 1714 1711 3634 3631
g Group13743
f 1714 1713 1712 1711
g Group32941
f 3638 3637 3636 3635
g Group32944
f 1717 1715 3638 3635
f 1716 1718 3636 3637
g Group13743
f 1715 1717 1718 1716
g Group32941
f 3635 3636 3640 3639
g Group32944
f 1719 1717 3635 3639
f 1718 1720 3640 3636
g Group13743
f 1717 1719 1720 1718
g Group32941
f 3639 3640 3642 3641
g Group32944
f 1721 1719 3639 3641
f 1720 1722 3642 3640
g Group13743
f 1719 1721 1722 1720
g Group32941
f 3641 3642 3633 3634
g Group32944
f 1711 1721 3641 3634
f 1722 1712 3633 3642
g Group13743
f 1721 1711 1712 1722
g Group32941
f 3644 3643 3637 3638
g Group32944
f 1715 1725 3644 3638
f 1726 1716 3637 3643
g Group13743
f 1725 1715 1716 1726
g Group32941
f 3648 3647 3646 3645
g Group32944
f 1723 1728 3645 3646
f 1727 1724 3647 3648
g Group13743
f 1727 1728 1723 1724
g Group32941
f 3644 3648 3645 3643
g Group32944
f 1728 1726 3643 3645
f 1725 1727 3648 3644
g Group13743
f 1725 1726 1728 1727
g Group32941
f 3630 3627 3612 3611
g Group32944
f 1692 1709 3630 3611
f 1710 1691 3612 3627
g Group13743
f 1709 1692 1691 1710
g Group32941
f 3646 3647 3571 3572
g Group32944
f 1654 1723 3646 3572
f 1724 1653 3571 3647
g Group13743
f 1723 1654 1653 1724
g Group32941
f 3652 3651 3650 3649
g Group32944
f 1729 1731 3652 3649
f 1732 1730 3650 3651
g Group13743
f 1731 1729 1730 1732
g Group32941
f 3654 3653 3649 3650
g Group32944
f 1730 1735 3654 3650
f 1736 1729 3649 3653
g Group13743
f 1735 1730 1729 1736
g Group32941
f 3653 3654 3656 3655
g Group32944
f 1733 1736 3653 3655
f 1735 1734 3656 3654
g Group13743
f 1736 1733 1734 1735
g Group32941
f 3658 3651 3652 3657
g Group32944
f 1731 1738 3657 3652
f 1737 1732 3651 3658
g Group13743
f 1737 1738 1731 1732
g Group32941
f 3662 3661 3660 3659
g Group32944
f 1742 1740 3659 3660
f 1739 1741 3661 3662
g Group13743
f 1739 1740 1742 1741
g Group32941
f 3661 3664 3663 3660
g Group32944
f 1744 1742 3660 3663
f 1741 1743 3664 3661
g Group13743
f 1741 1742 1744 1743
g Group32941
f 3664 3666 3665 3663
g Group32944
f 1746 1744 3663 3665
f 1743 1745 3666 3664
g Group13743
f 1743 1744 1746 1745
g Group32941
f 3666 3655 3656 3665
g Group32944
f 1734 1746 3665 3656
f 1745 1733 3655 3666
g Group13743
f 1745 1746 1734 1733
g Group32941
f 3670 3669 3668 3667
g Group32944
f 1749 1748 3670 3667
f 1747 1750 3668 3669
g Group13743
f 1748 1749 1750 1747
g Group32941
f 3672 3662 3659 3671
g Group32944
f 1740 1752 3671 3659
f 1751 1739 3662 3672
g Group13743
f 1751 1752 1740 1739
g Group32941
f 3674 3673 3669 3670
g Group32944
f 1748 1753 3674 3670
f 1754 1747 3669 3673
g Group13743
f 1753 1748 1747 1754
g Group32941
f 3672 3671 3673 3674
g Group32944
f 1753 1751 3672 3674
f 1752 1754 3673 3671
g Group13743
f 1751 1753 1754 1752
g Group32941
f 3678 3677 3676 3675
g Group32944
f 1756 1758 3675 3676
f 1757 1755 3677 3678
g Group13743
f 1757 1758 1756 1755
g Group32941
f 3680 3676 3677 3679
g Group32944
f 1755 1762 3679 3677
f 1761 1756 3676 3680
g Group13743
f 1761 1762 1755 1756
g Group32941
f 3679 3682 3681 3680
g Group32944
f 1760 1761 3680 3681
f 1762 1759 3682 3679
g Group13743
f 1762 1761 1760 1759
g Group32941
f 3686 3685 3684 3683
g Group32944
f 1765 1763 3686 3683
f 1764 1766 3684 3685
g Group13743
f 1763 1765 1766 1764
g Group32941
f 3683 3684 3688 3687
g Group32944
f 1767 1765 3683 3687
f 1766 1768 3688 3684
g Group13743
f 1765 1767 1768 1766
g Group32941
f 3687 3688 3690 3689
g Group32944
f 1769 1767 3687 3689
f 1768 1770 3690 3688
g Group13743
f 1767 1769 1770 1768
g Group32941
f 3689 3690 3681 3682
g Group32944
f 1759 1769 3689 3682
f 1770 1760 3681 3690
g Group13743
f 1769 1759 1760 1770
g Group32941
f 3694 3693 3692 3691
g Group32944
f 1774 1771 3691 3692
f 1772 1773 3693 3694
g Group13743
f 1772 1771 1774 1773
g Group32941
f 3696 3695 3685 3686
g Group32944
f 1763 1775 3696 3686
f 1776 1764 3685 3695
g Group13743
f 1775 1763 1764 1776
g Group32941
f 3698 3694 3691 3697
g Group32944
f 1771 1778 3697 3691
f 1777 1772 3694 3698
g Group13743
f 1777 1778 1771 1772
g Group32941
f 3696 3698 3697 3695
g Group32944
f 1778 1776 3695 3697
f 1775 1777 3698 3696
g Group13743
f 1775 1776 1778 1777
g Group32941
f 3678 3675 3658 3657
g Group32944
f 1738 1757 3678 3657
f 1758 1737 3658 3675
g Group13743
f 1757 1738 1737 1758
g Group32941
f 3702 3701 3700 3699
g Group32944
f 1779 1781 3702 3699
f 1782 1780 3700 3701
g Group13743
f 1781 1779 1780 1782
g Group32941
f 3704 3703 3699 3700
g Group32944
f 1780 1785 3704 3700
f 1786 1779 3699 3703
g Group13743
f 1785 1780 1779 1786
g Group32941
f 3703 3704 3706 3705
g Group32944
f 1783 1786 3703 3705
f 1785 1784 3706 3704
g Group13743
f 1786 1783 1784 1785
g Group32941
f 3708 3701 3702 3707
g Group32944
f 1781 1788 3707 3702
f 1787 1782 3701 3708
g Group13743
f 1787 1788 1781 1782
g Group32941
f 3712 3711 3710 3709
g Group32944
f 1792 1790 3709 3710
f 1789 1791 3711 3712
g Group13743
f 1789 1790 1792 1791
g Group32941
f 3711 3714 3713 3710
g Group32944
f 1794 1792 3710 3713
f 1791 1793 3714 3711
g Group13743
f 1791 1792 1794 1793
g Group32941
f 3714 3716 3715 3713
g Group32944
f 1796 1794 3713 3715
f 1793 1795 3716 3714
g Group13743
f 1793 1794 1796 1795
g Group32941
f 3716 3705 3706 3715
g Group32944
f 1784 1796 3715 3706
f 1795 1783 3705 3716
g Group13743
f 1795 1796 1784 1783
g Group32941
f 3718 3712 3709 3717
g Group32944
f 1790 1800 3717 3709
f 1799 1789 3712 3718
g Group13743
f 1799 1800 1790 1789
g Group32941
f 3722 3721 3720 3719
g Group32944
f 1798 1801 3722 3719
f 1802 1797 3720 3721
g Group13743
f 1801 1798 1797 1802
g Group32941
f 3718 3717 3721 3722
g Group32944
f 1801 1799 3718 3722
f 1800 1802 3721 3717
g Group13743
f 1799 1801 1802 1800
g Group32941
f 3726 3725 3724 3723
g Group32944
f 1804 1806 3723 3724
f 1805 1803 3725 3726
g Group13743
f 1805 1806 1804 1803
g Group32941
f 3728 3724 3725 3727
g Group32944
f 1803 1810 3727 3725
f 1809 1804 3724 3728
g Group13743
f 1809 1810 1803 1804
g Group32941
f 3727 3730 3729 3728
g Group32944
f 1808 1809 3728 3729
f 1810 1807 3730 3727
g Group13743
f 1810 1809 1808 1807
g Group32941
f 3734 3733 3732 3731
g Group32944
f 1813 1811 3734 3731
f 1812 1814 3732 3733
g Group13743
f 1811 1813 1814 1812
g Group32941
f 3731 3732 3736 3735
g Group32944
f 1815 1813 3731 3735
f 1814 1816 3736 3732
g Group13743
f 1813 1815 1816 1814
g Group32941
f 3735 3736 3738 3737
g Group32944
f 1817 1815 3735 3737
f 1816 1818 3738 3736
g Group13743
f 1815 1817 1818 1816
g Group32941
f 3737 3738 3729 3730
g Group32944
f 1807 1817 3737 3730
f 1818 1808 3729 3738
g Group13743
f 1817 1807 1808 1818
g Group32941
f 3740 3739 3733 3734
g Group32944
f 1811 1821 3740 3734
f 1822 1812 3733 3739
g Group13743
f 1821 1811 1812 1822
g Group32941
f 3744 3743 3742 3741
g Group32944
f 1819 1824 3741 3742
f 1823 1820 3743 3744
g Group13743
f 1823 1824 1819 1820
g Group32941
f 3740 3744 3741 3739
g Group32944
f 1824 1822 3739 3741
f 1821 1823 3744 3740
g Group13743
f 1821 1822 1824 1823
g Group32941
f 3726 3723 3708 3707
g Group32944
f 1788 1805 3726 3707
f 1806 1787 3708 3723
g Group13743
f 1805 1788 1787 1806
g Group32941
f 3742 3743 3667 3668
g Group32944
f 1750 1819 3742 3668
f 1820 1749 3667 3743
g Group13743
f 1819 1750 1749 1820
g Group32941
f 3748 3747 3746 3745
g Group32944
f 1825 1827 3748 3745
f 1828 1826 3746 3747
g Group13743
f 1827 1825 1826 1828
g Group32941
f 3750 3749 3745 3746
g Group32944
f 1826 1831 3750 3746
f 1832 1825 3745 3749
g Group13743
f 1831 1826 1825 1832
g Group32941
f 3749 3750 3752 3751
g Group32944
f 1829 1832 3749 3751
f 1831 1830 3752 3750
g Group13743
f 1832 1829 1830 1831
g Group32941
f 3754 3747 3748 3753
g Group32944
f 1827 1834 3753 3748
f 1833 1828 3747 3754
g Group13743
f 1833 1834 1827 1828
g Group32941
f 3758 3757 3756 3755
g Group32944
f 1838 1836 3755 3756
f 1835 1837 3757 3758
g Group13743
f 1835 1836 1838 1837
g Group32941
f 3757 3760 3759 3756
g Group32944
f 1840 1838 3756 3759
f 1837 1839 3760 3757
g Group13743
f 1837 1838 1840 1839
g Group32941
f 3760 3762 3761 3759
g Group32944
f 1842 1840 3759 3761
f 1839 1841 3762 3760
g Group13743
f 1839 1840 1842 1841
g Group32941
f 3762 3751 3752 3761
g Group32944
f 1830 1842 3761 3752
f 1841 1829 3751 3762
g Group13743
f 1841 1842 1830 1829
g Group32941
f 3766 3765 3764 3763
g Group32944
f 1845 1844 3766 3763
f 1843 1846 3764 3765
g Group13743
f 1844 1845 1846 1843
g Group32941
f 3768 3758 3755 3767
g Group32944
f 1836 1848 3767 3755
f 1847 1835 3758 3768
g Group13743
f 1847 1848 1836 1835
g Group32941
f 3770 3769 3765 3766
g Group32944
f 1844 1849 3770 3766
f 1850 1843 3765 3769
g Group13743
f 1849 1844 1843 1850
g Group32941
f 3768 3767 3769 3770
g Group32944
f 1849 1847 3768 3770
f 1848 1850 3769 3767
g Group13743
f 1847 1849 1850 1848
g Group32941
f 3774 3773 3772 3771
g Group32944
f 1852 1854 3771 3772
f 1853 1851 3773 3774
g Group13743
f 1853 1854 1852 1851
g Group32941
f 3776 3772 3773 3775
g Group32944
f 1851 1858 3775 3773
f 1857 1852 3772 3776
g Group13743
f 1857 1858 1851 1852
g Group32941
f 3775 3778 3777 3776
g Group32944
f 1856 1857 3776 3777
f 1858 1855 3778 3775
g Group13743
f 1858 1857 1856 1855
g Group32941
f 3782 3781 3780 3779
g Group32944
f 1861 1859 3782 3779
f 1860 1862 3780 3781
g Group13743
f 1859 1861 1862 1860
g Group32941
f 3779 3780 3784 3783
g Group32944
f 1863 1861 3779 3783
f 1862 1864 3784 3780
g Group13743
f 1861 1863 1864 1862
g Group32941
f 3783 3784 3786 3785
g Group32944
f 1865 1863 3783 3785
f 1864 1866 3786 3784
g Group13743
f 1863 1865 1866 1864
g Group32941
f 3785 3786 3777 3778
g Group32944
f 1855 1865 3785 3778
f 1866 1856 3777 3786
g Group13743
f 1865 1855 1856 1866
g Group32941
f 3790 3789 3788 3787
g Group32944
f 1870 1867 3787 3788
f 1868 1869 3789 3790
g Group13743
f 1868 1867 1870 1869
g Group32941
f 3792 3791 3781 3782
g Group32944
f 1859 1871 3792 3782
f 1872 1860 3781 3791
g Group13743
f 1871 1859 1860 1872
g Group32941
f 3794 3790 3787 3793
g Group32944
f 1867 1874 3793 3787
f 1873 1868 3790 3794
g Group13743
f 1873 1874 1867 1868
g Group32941
f 3792 3794 3793 3791
g Group32944
f 1874 1872 3791 3793
f 1871 1873 3794 3792
g Group13743
f 1871 1872 1874 1873
g Group32941
f 3774 3771 3754 3753
g Group32944
f 1834 1853 3774 3753
f 1854 1833 3754 3771
g Group13743
f 1853 1834 1833 1854
g Group32941
f 3798 3797 3796 3795
g Group32944
f 1875 1877 3798 3795
f 1878 1876 3796 3797
g Group13743
f 1877 1875 1876 1878
g Group32941
f 3800 3799 3795 3796
g Group32944
f 1876 1881 3800 3796
f 1882 1875 3795 3799
g Group13743
f 1881 1876 1875 1882
g Group32941
f 3799 3800 3802 3801
g Group32944
f 1879 1882 3799 3801
f 1881 1880 3802 3800
g Group13743
f 1882 1879 1880 1881
g Group32941
f 3804 3797 3798 3803
g Group32944
f 1877 1884 3803 3798
f 1883 1878 3797 3804
g Group13743
f 1883 1884 1877 1878
g Group32941
f 3808 3807 3806 3805
g Group32944
f 1888 1886 3805 3806
f 1885 1887 3807 3808
g Group13743
f 1885 1886 1888 1887
g Group32941
f 3807 3810 3809 3806
g Group32944
f 1890 1888 3806 3809
f 1887 1889 3810 3807
g Group13743
f 1887 1888 1890 1889
g Group32941
f 3810 3812 3811 3809
g Group32944
f 1892 1890 3809 3811
f 1889 1891 3812 3810
g Group13743
f 1889 1890 1892 1891
g Group32941
f 3812 3801 3802 3811
g Group32944
f 1880 1892 3811 3802
f 1891 1879 3801 3812
g Group13743
f 1891 1892 1880 1879
g Group32941
f 3814 3808 3805 3813
g Group32944
f 1886 1896 3813 3805
f 1895 1885 3808 3814
g Group13743
f 1895 1896 1886 1885
g Group32941
f 3818 3817 3816 3815
g Group32944
f 1894 1897 3818 3815
f 1898 1893 3816 3817
g Group13743
f 1897 1894 1893 1898
g Group32941
f 3814 3813 3817 3818
g Group32944
f 1897 1895 3814 3818
f 1896 1898 3817 3813
g Group13743
f 1895 1897 1898 1896
g Group32941
f 3822 3821 3820 3819
g Group32944
f 1900 1902 3819 3820
f 1901 1899 3821 3822
g Group13743
f 1901 1902 1900 1899
g Group32941
f 3824 3820 3821 3823
g Group32944
f 1899 1906 3823 3821
f 1905 1900 3820 3824
g Group13743
f 1905 1906 1899 1900
g Group32941
f 3823 3826 3825 3824
g Group32944
f 1904 1905 3824 3825
f 1906 1903 3826 3823
g Group13743
f 1906 1905 1904 1903
g Group32941
f 3830 3829 3828 3827
g Group32944
f 1909 1907 3830 3827
f 1908 1910 3828 3829
g Group13743
f 1907 1909 1910 1908
g Group32941
f 3827 3828 3832 3831
g Group32944
f 1911 1909 3827 3831
f 1910 1912 3832 3828
g Group13743
f 1909 1911 1912 1910
g Group32941
f 3831 3832 3834 3833
g Group32944
f 1913 1911 3831 3833
f 1912 1914 3834 3832
g Group13743
f 1911 1913 1914 1912
g Group32941
f 3833 3834 3825 3826
g Group32944
f 1903 1913 3833 3826
f 1914 1904 3825 3834
g Group13743
f 1913 1903 1904 1914
g Group32941
f 3836 3835 3829 3830
g Group32944
f 1907 1917 3836 3830
f 1918 1908 3829 3835
g Group13743
f 1917 1907 1908 1918
g Group32941
f 3840 3839 3838 3837
g Group32944
f 1915 1920 3837 3838
f 1919 1916 3839 3840
g Group13743
f 1919 1920 1915 1916
g Group32941
f 3836 3840 3837 3835
g Group32944
f 1920 1918 3835 3837
f 1917 1919 3840 3836
g Group13743
f 1917 1918 1920 1919
g Group32941
f 3822 3819 3804 3803
g Group32944
f 1884 1901 3822 3803
f 1902 1883 3804 3819
g Group13743
f 1901 1884 1883 1902
g Group32941
f 3838 3839 3763 3764
g Group32944
f 1846 1915 3838 3764
f 1916 1845 3763 3839
g Group13743
f 1915 1846 1845 1916
g Group32941
f 3623 3624 3500 3501
g Group32944
f 1581 1702 3623 3501
f 1701 1582 3500 3624
g Group13743
f 1702 1581 1582 1701
g Group32941
f 3719 3720 3596 3597
g Group32944
f 1677 1798 3719 3597
f 1797 1678 3596 3720
g Group13743
f 1798 1677 1678 1797
g Group32941
f 3815 3816 3692 3693
g Group32944
f 1773 1894 3815 3693
f 1893 1774 3692 3816
g Group13743
f 1894 1773 1774 1893
g Group32941
f 3527 3528 3404 3405
g Group32944
f 1485 1606 3527 3405
f 1605 1486 3404 3528
g Group13743
f 1606 1485 1486 1605
g Group32941
f 3431 3432 3308 3309
g Group32944
f 1389 1510 3431 3309
f 1509 1390 3308 3432
g Group13743
f 1510 1389 1390 1509
g Group32941
f 3788 3789 2829 2830
g Group32944
f 907 1870 3788 2830
f 1869 908 2829 3789
g Group13743
f 1870 907 908 1869
g Group32941
f 2947 2948 1992 1993
g Group32944
f 70 1029 2947 1993
f 1030 69 1992 2948
g Group13743
f 1029 70 69 1030

 